optimizer,architecture,seed,direction,direction_label,learning_rate,beta1,beta2,adam_eps,memory_component,tangent_model,state_parameterization,nominal_memory,step_offset,horizon,radius_scale,radius_base,coordinate_norm,alpha,rms_change_fraction,max_abs_log_rms_change,rms_log_change_l2_layer_space,rms_direction_nonzero,tangent_norm,true_endpoint_norm,centered_fd_norm,endpoint_error,endpoint_cosine,centered_error,centered_cosine,v_plus_nonnegative,v_minus_nonnegative
adam,smallcnn,0,0,random_m_0,0.0003,0.9,0.999,1e-08,m,full_coupled,additive_first_moment,inherited,480,1,1e-06,0.9001141786575317,0.9001141786575317,,,,,140069,2947.3974609375,0.002947397530078888,2947.397216796875,0.00011372813605703413,1.0,7.245749293360859e-05,1.0,True,True
adam,smallcnn,0,0,random_m_0,0.0003,0.9,0.999,1e-08,m,restricted_no_dv,additive_first_moment,inherited,480,1,1e-06,0.9001141786575317,0.9001141786575317,,,,,140069,2947.3974609375,0.002947397530078888,2947.397216796875,0.00011372813605703413,1.0,7.245749293360859e-05,1.0,True,True
adam,smallcnn,0,0,random_m_0,0.0003,0.9,0.999,1e-08,m,full_coupled,additive_first_moment,inherited,480,5,1e-06,0.9001141786575317,0.9001141786575317,,,,,140069,12024.8798828125,0.012024685740470886,12109.345703125,0.00036854625795967877,0.9999998807907104,0.10665883868932724,0.9942964315414429,True,True
adam,smallcnn,0,0,random_m_0,0.0003,0.9,0.999,1e-08,m,restricted_no_dv,additive_first_moment,inherited,480,5,1e-06,0.9001141786575317,0.9001141786575317,,,,,140069,12027.02734375,0.012024685740470886,12109.345703125,0.009334593079984188,0.9999564290046692,0.10708016157150269,0.994251012802124,True,True
adam,smallcnn,0,0,random_m_0,0.0003,0.9,0.999,1e-08,m,full_coupled,additive_first_moment,inherited,480,10,1e-06,0.9001141786575317,0.9001141786575317,,,,,140069,18911.466796875,0.019265316426753998,19310.62890625,0.1791500598192215,0.9838241338729858,0.2047511637210846,0.9788141846656799,True,True
adam,smallcnn,0,0,random_m_0,0.0003,0.9,0.999,1e-08,m,restricted_no_dv,additive_first_moment,inherited,480,10,1e-06,0.9001141786575317,0.9001141786575317,,,,,140069,18945.03125,0.019265316426753998,19310.62890625,0.1811348795890808,0.9834582209587097,0.20861759781837463,0.9780019521713257,True,True
adam,smallcnn,0,0,random_m_0,0.0003,0.9,0.999,1e-08,m,full_coupled,additive_first_moment,inherited,480,20,1e-06,0.9001141786575317,0.9001141786575317,,,,,140069,24691.388671875,0.05509575828909874,39890.83203125,0.8961638808250427,0.44374510645866394,0.7885400652885437,0.6149961948394775,True,True
adam,smallcnn,0,0,random_m_0,0.0003,0.9,0.999,1e-08,m,restricted_no_dv,additive_first_moment,inherited,480,20,1e-06,0.9001141786575317,0.9001141786575317,,,,,140069,29187.513671875,0.05509575828909874,39890.83203125,0.934729814529419,0.38406607508659363,0.8700206875801086,0.5319412350654602,True,True
adam,smallcnn,0,0,random_m_0,0.0003,0.9,0.999,1e-08,m,full_coupled,additive_first_moment,inherited,480,40,1e-06,0.9001141786575317,0.9001141786575317,,,,,140069,27675.21484375,0.1532185971736908,103979.3671875,0.9906283617019653,0.14195354282855988,0.9741095900535583,0.22909468412399292,True,True
adam,smallcnn,0,0,random_m_0,0.0003,0.9,0.999,1e-08,m,restricted_no_dv,additive_first_moment,inherited,480,40,1e-06,0.9001141786575317,0.9001141786575317,,,,,140069,405355.8125,0.1532185971736908,103979.3671875,2.988083839416504,-0.17565394937992096,4.175046443939209,-0.15817801654338837,True,True
adam,smallcnn,0,0,random_m_0,0.0003,0.9,0.999,1e-08,m,full_coupled,additive_first_moment,inherited,480,1,3e-06,0.9001141786575317,0.9001141786575317,,,,,140069,2947.3974609375,0.008842194452881813,2947.398193359375,4.572936813929118e-05,1.0,2.6987363526131958e-05,1.0,True,True
adam,smallcnn,0,0,random_m_0,0.0003,0.9,0.999,1e-08,m,restricted_no_dv,additive_first_moment,inherited,480,1,3e-06,0.9001141786575317,0.9001141786575317,,,,,140069,2947.3974609375,0.008842194452881813,2947.398193359375,4.572936813929118e-05,1.0,2.6987363526131958e-05,1.0,True,True
adam,smallcnn,0,0,random_m_0,0.0003,0.9,0.999,1e-08,m,full_coupled,additive_first_moment,inherited,480,5,3e-06,0.9001141786575317,0.9001141786575317,,,,,140069,12024.8798828125,0.0360729917883873,12038.8017578125,0.0010713044321164489,0.9999993443489075,0.0366591177880764,0.9993278980255127,True,True
adam,smallcnn,0,0,random_m_0,0.0003,0.9,0.999,1e-08,m,restricted_no_dv,additive_first_moment,inherited,480,5,3e-06,0.9001141786575317,0.9001141786575317,,,,,140069,12027.02734375,0.0360729917883873,12038.8017578125,0.009602689184248447,0.9999539256095886,0.03780834376811981,0.9992850422859192,True,True
adam,smallcnn,0,0,random_m_0,0.0003,0.9,0.999,1e-08,m,full_coupled,additive_first_moment,inherited,480,10,3e-06,0.9001141786575317,0.9001141786575317,,,,,140069,18911.466796875,0.056858692318201065,18956.427734375,0.06995418667793274,0.9975501894950867,0.0706985741853714,0.9974977374076843,True,True
adam,smallcnn,0,0,random_m_0,0.0003,0.9,0.999,1e-08,m,restricted_no_dv,additive_first_moment,inherited,480,10,3e-06,0.9001141786575317,0.9001141786575317,,,,,140069,18945.03125,0.056858692318201065,18956.427734375,0.08289181441068649,0.9965631365776062,0.08292043954133987,0.9965602159500122,True,True
adam,smallcnn,0,0,random_m_0,0.0003,0.9,0.999,1e-08,m,full_coupled,additive_first_moment,inherited,480,20,3e-06,0.9001141786575317,0.9001141786575317,,,,,140069,24691.388671875,0.09313234686851501,26032.25,0.627126157283783,0.7790877819061279,0.35833269357681274,0.9337108731269836,True,True
adam,smallcnn,0,0,random_m_0,0.0003,0.9,0.999,1e-08,m,restricted_no_dv,additive_first_moment,inherited,480,20,3e-06,0.9001141786575317,0.9001141786575317,,,,,140069,29187.513671875,0.09313234686851501,26032.25,0.7890454530715942,0.6708043217658997,0.6947690844535828,0.7912901639938354,True,True
adam,smallcnn,0,0,random_m_0,0.0003,0.9,0.999,1e-08,m,full_coupled,additive_first_moment,inherited,480,40,3e-06,0.9001141786575317,0.9001141786575317,,,,,140069,27675.21484375,0.212660014629364,48075.3125,0.9485582709312439,0.32358023524284363,0.8514139652252197,0.5267683863639832,True,True
adam,smallcnn,0,0,random_m_0,0.0003,0.9,0.999,1e-08,m,restricted_no_dv,additive_first_moment,inherited,480,40,3e-06,0.9001141786575317,0.9001141786575317,,,,,140069,405355.8125,0.212660014629364,48075.3125,5.916592121124268,-0.11422574520111084,8.436491966247559,0.05448994040489197,True,True
adam,smallcnn,0,0,random_m_0,0.0003,0.9,0.999,1e-08,m,full_coupled,additive_first_moment,inherited,480,1,1e-05,0.9001141786575317,0.9001141786575317,,,,,140069,2947.3974609375,0.02947397343814373,2947.3974609375,1.5306713976315223e-05,1.0000001192092896,8.513038665114436e-06,1.0,True,True
adam,smallcnn,0,0,random_m_0,0.0003,0.9,0.999,1e-08,m,restricted_no_dv,additive_first_moment,inherited,480,1,1e-05,0.9001141786575317,0.9001141786575317,,,,,140069,2947.3974609375,0.02947397343814373,2947.3974609375,1.5306713976315223e-05,1.0000001192092896,8.513038665114436e-06,1.0,True,True
adam,smallcnn,0,0,random_m_0,0.0003,0.9,0.999,1e-08,m,full_coupled,additive_first_moment,inherited,480,5,1e-05,0.9001141786575317,0.9001141786575317,,,,,140069,12024.8798828125,0.12023086100816727,12028.28125,0.0030349534936249256,0.9999954700469971,0.012163965962827206,0.999925971031189,True,True
adam,smallcnn,0,0,random_m_0,0.0003,0.9,0.999,1e-08,m,restricted_no_dv,additive_first_moment,inherited,480,5,1e-05,0.9001141786575317,0.9001141786575317,,,,,140069,12027.02734375,0.12023086100816727,12028.28125,0.010612082667648792,0.9999437928199768,0.015005878172814846,0.9998874068260193,True,True
adam,smallcnn,0,0,random_m_0,0.0003,0.9,0.999,1e-08,m,full_coupled,additive_first_moment,inherited,480,10,1e-05,0.9001141786575317,0.9001141786575317,,,,,140069,18911.466796875,0.1899968534708023,18922.2578125,0.11449359357357025,0.9934259653091431,0.06345825642347336,0.9979855418205261,True,True
adam,smallcnn,0,0,random_m_0,0.0003,0.9,0.999,1e-08,m,restricted_no_dv,additive_first_moment,inherited,480,10,1e-05,0.9001141786575317,0.9001141786575317,,,,,140069,18945.03125,0.1899968534708023,18922.2578125,0.12204379588365555,0.9925353527069092,0.07832065969705582,0.9969373345375061,True,True
adam,smallcnn,0,0,random_m_0,0.0003,0.9,0.999,1e-08,m,full_coupled,additive_first_moment,inherited,480,20,1e-05,0.9001141786575317,0.9001141786575317,,,,,140069,24691.388671875,0.2824676036834717,25387.265625,0.5164270997047424,0.8565123677253723,0.3202827274799347,0.9476503133773804,True,True
adam,smallcnn,0,0,random_m_0,0.0003,0.9,0.999,1e-08,m,restricted_no_dv,additive_first_moment,inherited,480,20,1e-05,0.9001141786575317,0.9001141786575317,,,,,140069,29187.513671875,0.2824676036834717,25387.265625,0.7534292340278625,0.725857138633728,0.686063826084137,0.805044949054718,True,True
adam,smallcnn,0,0,random_m_0,0.0003,0.9,0.999,1e-08,m,full_coupled,additive_first_moment,inherited,480,40,1e-05,0.9001141786575317,0.9001141786575317,,,,,140069,27675.21484375,0.4519885778427124,33658.2265625,0.8440712690353394,0.5409561395645142,0.6565588712692261,0.7570838928222656,True,True
adam,smallcnn,0,0,random_m_0,0.0003,0.9,0.999,1e-08,m,restricted_no_dv,additive_first_moment,inherited,480,40,1e-05,0.9001141786575317,0.9001141786575317,,,,,140069,405355.8125,0.4519885778427124,33658.2265625,9.081889152526855,-0.058581799268722534,11.842728614807129,0.24040935933589935,True,True
adam,smallcnn,0,0,random_m_0,0.0003,0.9,0.999,1e-08,m,full_coupled,additive_first_moment,inherited,480,1,3e-05,0.9001141786575317,0.9001141786575317,,,,,140069,2947.3974609375,0.08842191845178604,2947.397216796875,5.282895017444389e-06,1.0000001192092896,2.894613089665654e-06,1.0000001192092896,True,True
adam,smallcnn,0,0,random_m_0,0.0003,0.9,0.999,1e-08,m,restricted_no_dv,additive_first_moment,inherited,480,1,3e-05,0.9001141786575317,0.9001141786575317,,,,,140069,2947.3974609375,0.08842191845178604,2947.397216796875,5.282895017444389e-06,1.0000001192092896,2.894613089665654e-06,1.0000001192092896,True,True
adam,smallcnn,0,0,random_m_0,0.0003,0.9,0.999,1e-08,m,full_coupled,additive_first_moment,inherited,480,5,3e-05,0.9001141786575317,0.9001141786575317,,,,,140069,12024.8798828125,0.36076462268829346,12028.15625,0.02001909539103508,0.9997996091842651,0.011476981453597546,0.999934196472168,True,True
adam,smallcnn,0,0,random_m_0,0.0003,0.9,0.999,1e-08,m,restricted_no_dv,additive_first_moment,inherited,480,5,3e-05,0.9001141786575317,0.9001141786575317,,,,,140069,12027.02734375,0.36076462268829346,12028.15625,0.02308180369436741,0.9997336268424988,0.01304350234568119,0.999914824962616,True,True
adam,smallcnn,0,0,random_m_0,0.0003,0.9,0.999,1e-08,m,full_coupled,additive_first_moment,inherited,480,10,3e-05,0.9001141786575317,0.9001141786575317,,,,,140069,18911.466796875,0.565729022026062,18882.162109375,0.073917917907238,0.997279942035675,0.04523690417408943,0.9989795684814453,True,True
adam,smallcnn,0,0,random_m_0,0.0003,0.9,0.999,1e-08,m,restricted_no_dv,additive_first_moment,inherited,480,10,3e-05,0.9001141786575317,0.9001141786575317,,,,,140069,18945.03125,0.565729022026062,18882.162109375,0.08967223763465881,0.9960086345672607,0.0584716834127903,0.9983018040657043,True,True
adam,smallcnn,0,0,random_m_0,0.0003,0.9,0.999,1e-08,m,full_coupled,additive_first_moment,inherited,480,20,3e-05,0.9001141786575317,0.9001141786575317,,,,,140069,24691.388671875,0.7549573183059692,24845.498046875,0.28252112865448,0.9595057368278503,0.18891622126102448,0.982063353061676,True,True
adam,smallcnn,0,0,random_m_0,0.0003,0.9,0.999,1e-08,m,restricted_no_dv,additive_first_moment,inherited,480,20,3e-05,0.9001141786575317,0.9001141786575317,,,,,140069,29187.513671875,0.7549573183059692,24845.498046875,0.6640112996101379,0.8209381699562073,0.5835570693016052,0.8680593371391296,True,True
adam,smallcnn,0,0,random_m_0,0.0003,0.9,0.999,1e-08,m,full_coupled,additive_first_moment,inherited,480,40,3e-05,0.9001141786575317,0.9001141786575317,,,,,140069,27675.21484375,1.0409603118896484,30392.400390625,0.7298667430877686,0.691736102104187,0.5588093400001526,0.8329254984855652,True,True
adam,smallcnn,0,0,random_m_0,0.0003,0.9,0.999,1e-08,m,restricted_no_dv,additive_first_moment,inherited,480,40,3e-05,0.9001141786575317,0.9001141786575317,,,,,140069,405355.8125,1.0409603118896484,30392.400390625,11.80868148803711,-0.08439791947603226,13.297425270080566,0.07741018384695053,True,True
adam,smallcnn,0,0,random_m_0,0.0003,0.9,0.999,1e-08,m,full_coupled,additive_first_moment,inherited,480,1,0.0001,0.9001141786575317,0.9001141786575317,,,,,140069,2947.3974609375,0.2947397530078888,2947.3974609375,1.613187009752437e-06,1.0,8.798432418188895e-07,1.0,True,True
adam,smallcnn,0,0,random_m_0,0.0003,0.9,0.999,1e-08,m,restricted_no_dv,additive_first_moment,inherited,480,1,0.0001,0.9001141786575317,0.9001141786575317,,,,,140069,2947.3974609375,0.2947397530078888,2947.3974609375,1.613187009752437e-06,1.0,8.798432418188895e-07,1.0,True,True
adam,smallcnn,0,0,random_m_0,0.0003,0.9,0.999,1e-08,m,full_coupled,additive_first_moment,inherited,480,5,0.0001,0.9001141786575317,0.9001141786575317,,,,,140069,12024.8798828125,1.1938025951385498,11981.3779296875,0.059071242809295654,0.9982941746711731,0.032475829124450684,0.9994811415672302,True,True
adam,smallcnn,0,0,random_m_0,0.0003,0.9,0.999,1e-08,m,restricted_no_dv,additive_first_moment,inherited,480,5,0.0001,0.9001141786575317,0.9001141786575317,,,,,140069,12027.02734375,1.1938025951385498,11981.3779296875,0.06166961044073105,0.9981400966644287,0.03558838367462158,0.9993764162063599,True,True
adam,smallcnn,0,0,random_m_0,0.0003,0.9,0.999,1e-08,m,full_coupled,additive_first_moment,inherited,480,10,0.0001,0.9001141786575317,0.9001141786575317,,,,,140069,18911.466796875,1.8514808416366577,18581.9296875,0.12563997507095337,0.9924975037574768,0.0774940773844719,0.997204065322876,True,True
adam,smallcnn,0,0,random_m_0,0.0003,0.9,0.999,1e-08,m,restricted_no_dv,additive_first_moment,inherited,480,10,0.0001,0.9001141786575317,0.9001141786575317,,,,,140069,18945.03125,1.8514808416366577,18581.9296875,0.14384718239307404,0.9901527166366577,0.0979301854968071,0.9954841136932373,True,True
adam,smallcnn,0,0,random_m_0,0.0003,0.9,0.999,1e-08,m,full_coupled,additive_first_moment,inherited,480,20,0.0001,0.9001141786575317,0.9001141786575317,,,,,140069,24691.388671875,2.4114911556243896,23983.7109375,0.24243485927581787,0.9715777635574341,0.17660294473171234,0.9852755665779114,True,True
adam,smallcnn,0,0,random_m_0,0.0003,0.9,0.999,1e-08,m,restricted_no_dv,additive_first_moment,inherited,480,20,0.0001,0.9001141786575317,0.9001141786575317,,,,,140069,29187.513671875,2.4114911556243896,23983.7109375,0.7120833396911621,0.8088096380233765,0.6535069346427917,0.8438772559165955,True,True
adam,smallcnn,0,0,random_m_0,0.0003,0.9,0.999,1e-08,m,full_coupled,additive_first_moment,inherited,480,40,0.0001,0.9001141786575317,0.9001141786575317,,,,,140069,27675.21484375,2.7909395694732666,26981.935546875,0.5230504274368286,0.8620872497558594,0.4108700454235077,0.9180290699005127,True,True
adam,smallcnn,0,0,random_m_0,0.0003,0.9,0.999,1e-08,m,restricted_no_dv,additive_first_moment,inherited,480,40,0.0001,0.9001141786575317,0.9001141786575317,,,,,140069,405355.8125,2.7909395694732666,26981.935546875,14.619953155517578,-0.06185300275683403,14.962587356567383,0.09380188584327698,True,True
adam,smallcnn,0,0,random_m_0,0.0003,0.9,0.999,1e-08,m,full_coupled,additive_first_moment,inherited,480,1,0.0003,0.9001141786575317,0.9001141786575317,,,,,140069,2947.3974609375,0.884219229221344,2947.3974609375,5.50665561149799e-07,1.0000001192092896,3.046517633720214e-07,1.0,True,True
adam,smallcnn,0,0,random_m_0,0.0003,0.9,0.999,1e-08,m,restricted_no_dv,additive_first_moment,inherited,480,1,0.0003,0.9001141786575317,0.9001141786575317,,,,,140069,2947.3974609375,0.884219229221344,2947.3974609375,5.50665561149799e-07,1.0000001192092896,3.046517633720214e-07,1.0,True,True
adam,smallcnn,0,0,random_m_0,0.0003,0.9,0.999,1e-08,m,full_coupled,additive_first_moment,inherited,480,5,0.0003,0.9001141786575317,0.9001141786575317,,,,,140069,12024.8798828125,3.4651482105255127,11582.1728515625,0.15502363443374634,0.9892680644989014,0.10166032612323761,0.9957264065742493,True,True
adam,smallcnn,0,0,random_m_0,0.0003,0.9,0.999,1e-08,m,restricted_no_dv,additive_first_moment,inherited,480,5,0.0003,0.9001141786575317,0.9001141786575317,,,,,140069,12027.02734375,3.4651482105255127,11582.1728515625,0.1558810919523239,0.9891492128372192,0.10256049782037735,0.9956455230712891,True,True
adam,smallcnn,0,0,random_m_0,0.0003,0.9,0.999,1e-08,m,full_coupled,additive_first_moment,inherited,480,10,0.0003,0.9001141786575317,0.9001141786575317,,,,,140069,18911.466796875,5.164981365203857,17382.251953125,0.24573951959609985,0.9769234657287598,0.18644532561302185,0.9875814318656921,True,True
adam,smallcnn,0,0,random_m_0,0.0003,0.9,0.999,1e-08,m,restricted_no_dv,additive_first_moment,inherited,480,10,0.0003,0.9001141786575317,0.9001141786575317,,,,,140069,18945.03125,5.164981365203857,17382.251953125,0.25514277815818787,0.975000262260437,0.19683559238910675,0.9859341382980347,True,True
adam,smallcnn,0,0,random_m_0,0.0003,0.9,0.999,1e-08,m,full_coupled,additive_first_moment,inherited,480,20,0.0003,0.9001141786575317,0.9001141786575317,,,,,140069,24691.388671875,6.393588542938232,21472.1875,0.35139086842536926,0.9575636386871338,0.2897332012653351,0.973272979259491,True,True
adam,smallcnn,0,0,random_m_0,0.0003,0.9,0.999,1e-08,m,restricted_no_dv,additive_first_moment,inherited,480,20,0.0003,0.9001141786575317,0.9001141786575317,,,,,140069,29187.513671875,6.393588542938232,21472.1875,0.8153083324432373,0.8071718215942383,0.7704026699066162,0.829174816608429,True,True
adam,smallcnn,0,0,random_m_0,0.0003,0.9,0.999,1e-08,m,full_coupled,additive_first_moment,inherited,480,40,0.0003,0.9001141786575317,0.9001141786575317,,,,,140069,27675.21484375,6.955235481262207,22870.580078125,0.5520341992378235,0.8880735039710999,0.47320953011512756,0.9257097244262695,True,True
adam,smallcnn,0,0,random_m_0,0.0003,0.9,0.999,1e-08,m,restricted_no_dv,additive_first_moment,inherited,480,40,0.0003,0.9001141786575317,0.9001141786575317,,,,,140069,405355.8125,6.955235481262207,22870.580078125,17.486202239990234,0.026598704978823662,17.677650451660156,0.07439622282981873,True,True
adam,smallcnn,0,0,random_m_0,0.0003,0.9,0.999,1e-08,m,full_coupled,additive_first_moment,inherited,480,1,0.001,0.9001141786575317,0.9001141786575317,,,,,140069,2947.3974609375,2.9473977088928223,2947.397705078125,1.8190146988672495e-07,1.0,1.26286636259465e-07,0.9999998807907104,True,True
adam,smallcnn,0,0,random_m_0,0.0003,0.9,0.999,1e-08,m,restricted_no_dv,additive_first_moment,inherited,480,1,0.001,0.9001141786575317,0.9001141786575317,,,,,140069,2947.3974609375,2.9473977088928223,2947.397705078125,1.8190146988672495e-07,1.0,1.26286636259465e-07,0.9999998807907104,True,True
adam,smallcnn,0,0,random_m_0,0.0003,0.9,0.999,1e-08,m,full_coupled,additive_first_moment,inherited,480,5,0.001,0.9001141786575317,0.9001141786575317,,,,,140069,12024.8798828125,9.649969100952148,9800.65234375,0.48735669255256653,0.9289993047714233,0.4066423177719116,0.953603208065033,True,True
adam,smallcnn,0,0,random_m_0,0.0003,0.9,0.999,1e-08,m,restricted_no_dv,additive_first_moment,inherited,480,5,0.001,0.9001141786575317,0.9001141786575317,,,,,140069,12027.02734375,9.649969100952148,9800.65234375,0.48783066868782043,0.9288706183433533,0.4071842432022095,0.9534722566604614,True,True
adam,smallcnn,0,0,random_m_0,0.0003,0.9,0.999,1e-08,m,full_coupled,additive_first_moment,inherited,480,10,0.001,0.9001141786575317,0.9001141786575317,,,,,140069,18911.466796875,13.635245323181152,13768.4541015625,0.6732589602470398,0.8905719518661499,0.59427809715271,0.9222308993339539,True,True
adam,smallcnn,0,0,random_m_0,0.0003,0.9,0.999,1e-08,m,restricted_no_dv,additive_first_moment,inherited,480,10,0.001,0.9001141786575317,0.9001141786575317,,,,,140069,18945.03125,13.635245323181152,13768.4541015625,0.6781895756721497,0.889055609703064,0.599895179271698,0.9205951690673828,True,True
adam,smallcnn,0,0,random_m_0,0.0003,0.9,0.999,1e-08,m,full_coupled,additive_first_moment,inherited,480,20,0.001,0.9001141786575317,0.9001141786575317,,,,,140069,24691.388671875,16.15631866455078,16077.6572265625,0.8253912329673767,0.868417501449585,0.7600709795951843,0.9053654074668884,True,True
adam,smallcnn,0,0,random_m_0,0.0003,0.9,0.999,1e-08,m,restricted_no_dv,additive_first_moment,inherited,480,20,0.001,0.9001141786575317,0.9001141786575317,,,,,140069,29187.513671875,16.15631866455078,16077.6572265625,1.2641109228134155,0.7377842664718628,1.2275820970535278,0.7680778503417969,True,True
adam,smallcnn,0,0,random_m_0,0.0003,0.9,0.999,1e-08,m,full_coupled,additive_first_moment,inherited,480,40,0.001,0.9001141786575317,0.9001141786575317,,,,,140069,27675.21484375,16.981725692749023,16722.083984375,0.9797987341880798,0.8271233439445496,0.9303250908851624,0.8681376576423645,True,True
adam,smallcnn,0,0,random_m_0,0.0003,0.9,0.999,1e-08,m,restricted_no_dv,additive_first_moment,inherited,480,40,0.001,0.9001141786575317,0.9001141786575317,,,,,140069,405355.8125,16.981725692749023,16722.083984375,23.840431213378906,0.05061829835176468,24.198528289794922,0.06280776858329773,True,True
adam,smallcnn,0,0,random_m_0,0.0003,0.9,0.999,1e-08,m,full_coupled,additive_first_moment,inherited,480,1,0.003,0.9001141786575317,0.9001141786575317,,,,,140069,2947.3974609375,8.842192649841309,2947.3974609375,9.361634312199385e-08,1.0,8.769537629405022e-08,1.0,True,True
adam,smallcnn,0,0,random_m_0,0.0003,0.9,0.999,1e-08,m,restricted_no_dv,additive_first_moment,inherited,480,1,0.003,0.9001141786575317,0.9001141786575317,,,,,140069,2947.3974609375,8.842192649841309,2947.3974609375,9.361634312199385e-08,1.0,8.769537629405022e-08,1.0,True,True
adam,smallcnn,0,0,random_m_0,0.0003,0.9,0.999,1e-08,m,full_coupled,additive_first_moment,inherited,480,5,0.003,0.9001141786575317,0.9001141786575317,,,,,140069,12024.8798828125,22.857139587402344,7493.10693359375,0.8649148941040039,0.8689426779747009,0.844559371471405,0.891728401184082,True,True
adam,smallcnn,0,0,random_m_0,0.0003,0.9,0.999,1e-08,m,restricted_no_dv,additive_first_moment,inherited,480,5,0.003,0.9001141786575317,0.9001141786575317,,,,,140069,12027.02734375,22.857139587402344,7493.10693359375,0.8653588891029358,0.8688259124755859,0.8450400829315186,0.8916026949882507,True,True
adam,smallcnn,0,0,random_m_0,0.0003,0.9,0.999,1e-08,m,full_coupled,additive_first_moment,inherited,480,10,0.003,0.9001141786575317,0.9001141786575317,,,,,140069,18911.466796875,29.32464027404785,9544.9921875,1.2565104961395264,0.8177617192268372,1.2508646249771118,0.8481505513191223,True,True
adam,smallcnn,0,0,random_m_0,0.0003,0.9,0.999,1e-08,m,restricted_no_dv,additive_first_moment,inherited,480,10,0.003,0.9001141786575317,0.9001141786575317,,,,,140069,18945.03125,29.32464027404785,9544.9921875,1.261731505393982,0.8163517117500305,1.2564164400100708,0.8466544151306152,True,True
adam,smallcnn,0,0,random_m_0,0.0003,0.9,0.999,1e-08,m,full_coupled,additive_first_moment,inherited,480,20,0.003,0.9001141786575317,0.9001141786575317,,,,,140069,24691.388671875,32.58890151977539,10573.5087890625,1.6022745370864868,0.7917307019233704,1.6102097034454346,0.8265718817710876,True,True
adam,smallcnn,0,0,random_m_0,0.0003,0.9,0.999,1e-08,m,restricted_no_dv,additive_first_moment,inherited,480,20,0.003,0.9001141786575317,0.9001141786575317,,,,,140069,29187.513671875,32.58890151977539,10573.5087890625,2.147027015686035,0.6717099547386169,2.1796584129333496,0.7008140683174133,True,True
adam,smallcnn,0,0,random_m_0,0.0003,0.9,0.999,1e-08,m,full_coupled,additive_first_moment,inherited,480,40,0.003,0.9001141786575317,0.9001141786575317,,,,,140069,27675.21484375,33.65719223022461,10896.6025390625,1.83089280128479,0.7566366791725159,1.8495465517044067,0.7933240532875061,True,True
adam,smallcnn,0,0,random_m_0,0.0003,0.9,0.999,1e-08,m,restricted_no_dv,additive_first_moment,inherited,480,40,0.003,0.9001141786575317,0.9001141786575317,,,,,140069,405355.8125,33.65719223022461,10896.6025390625,36.09199523925781,0.0528060607612133,37.15365219116211,0.059962812811136246,True,True
adam,smallcnn,0,0,random_m_0,0.0003,0.9,0.999,1e-08,m,full_coupled,additive_first_moment,inherited,480,1,0.01,0.9001141786575317,0.9001141786575317,,,,,140069,2947.3974609375,29.47397232055664,2947.3974609375,7.57500870918193e-08,1.0000001192092896,7.496754506064462e-08,1.0,True,True
adam,smallcnn,0,0,random_m_0,0.0003,0.9,0.999,1e-08,m,restricted_no_dv,additive_first_moment,inherited,480,1,0.01,0.9001141786575317,0.9001141786575317,,,,,140069,2947.3974609375,29.47397232055664,2947.3974609375,7.57500870918193e-08,1.0000001192092896,7.496754506064462e-08,1.0,True,True
adam,smallcnn,0,0,random_m_0,0.0003,0.9,0.999,1e-08,m,full_coupled,additive_first_moment,inherited,480,5,0.01,0.9001141786575317,0.9001141786575317,,,,,140069,12024.8798828125,40.91722869873047,3947.09716796875,2.1137094497680664,0.8794240951538086,2.1733880043029785,0.9121285080909729,True,True
adam,smallcnn,0,0,random_m_0,0.0003,0.9,0.999,1e-08,m,restricted_no_dv,additive_first_moment,inherited,480,5,0.01,0.9001141786575317,0.9001141786575317,,,,,140069,12027.02734375,40.91722869873047,3947.09716796875,2.1143460273742676,0.8793340921401978,2.1740596294403076,0.9120306372642517,True,True
adam,smallcnn,0,0,random_m_0,0.0003,0.9,0.999,1e-08,m,full_coupled,additive_first_moment,inherited,480,10,0.01,0.9001141786575317,0.9001141786575317,,,,,140069,18911.466796875,47.840179443359375,4474.43896484375,3.2080307006835938,0.8012987375259399,3.4132585525512695,0.8533473610877991,True,True
adam,smallcnn,0,0,random_m_0,0.0003,0.9,0.999,1e-08,m,restricted_no_dv,additive_first_moment,inherited,480,10,0.01,0.9001141786575317,0.9001141786575317,,,,,140069,18945.03125,47.840179443359375,4474.43896484375,3.2166905403137207,0.7998641729354858,3.422581195831299,0.8518045544624329,True,True
adam,smallcnn,0,0,random_m_0,0.0003,0.9,0.999,1e-08,m,full_coupled,additive_first_moment,inherited,480,20,0.01,0.9001141786575317,0.9001141786575317,,,,,140069,24691.388671875,53.69532012939453,4869.70751953125,3.9135682582855225,0.7425903081893921,4.301023483276367,0.8096199631690979,True,True
adam,smallcnn,0,0,random_m_0,0.0003,0.9,0.999,1e-08,m,restricted_no_dv,additive_first_moment,inherited,480,20,0.01,0.9001141786575317,0.9001141786575317,,,,,140069,29187.513671875,53.69532012939453,4869.70751953125,4.868832588195801,0.6293513178825378,5.3562703132629395,0.6869457364082336,True,True
adam,smallcnn,0,0,random_m_0,0.0003,0.9,0.999,1e-08,m,full_coupled,additive_first_moment,inherited,480,40,0.01,0.9001141786575317,0.9001141786575317,,,,,140069,27675.21484375,56.40781784057617,5044.31982421875,4.274705410003662,0.6928278803825378,4.7666916847229,0.7636463642120361,True,True
adam,smallcnn,0,0,random_m_0,0.0003,0.9,0.999,1e-08,m,restricted_no_dv,additive_first_moment,inherited,480,40,0.01,0.9001141786575317,0.9001141786575317,,,,,140069,405355.8125,56.40781784057617,5044.31982421875,71.8203353881836,0.048254791647195816,80.30528259277344,0.05978657305240631,True,True
adam,smallcnn,0,1,random_m_1,0.0003,0.9,0.999,1e-08,m,full_coupled,additive_first_moment,inherited,480,1,1e-06,0.9001141786575317,0.9001141786575317,,,,,140069,2959.90673828125,0.0029599061235785484,2959.906005859375,0.00011395125329727307,1.0,7.224247383419424e-05,1.0000001192092896,True,True
adam,smallcnn,0,1,random_m_1,0.0003,0.9,0.999,1e-08,m,restricted_no_dv,additive_first_moment,inherited,480,1,1e-06,0.9001141786575317,0.9001141786575317,,,,,140069,2959.90673828125,0.0029599061235785484,2959.906005859375,0.00011395125329727307,1.0,7.224247383419424e-05,1.0000001192092896,True,True
adam,smallcnn,0,1,random_m_1,0.0003,0.9,0.999,1e-08,m,full_coupled,additive_first_moment,inherited,480,5,1e-06,0.9001141786575317,0.9001141786575317,,,,,140069,12071.90234375,0.012357672676444054,12147.462890625,0.20832809805870056,0.9780596494674683,0.10596677660942078,0.9943696856498718,True,True
adam,smallcnn,0,1,random_m_1,0.0003,0.9,0.999,1e-08,m,restricted_no_dv,additive_first_moment,inherited,480,5,1e-06,0.9001141786575317,0.9001141786575317,,,,,140069,12072.341796875,0.012357672676444054,12147.462890625,0.20840315520763397,0.9780436754226685,0.10611759126186371,0.994353711605072,True,True
adam,smallcnn,0,1,random_m_1,0.0003,0.9,0.999,1e-08,m,full_coupled,additive_first_moment,inherited,480,10,1e-06,0.9001141786575317,0.9001141786575317,,,,,140069,18949.17578125,0.01957499049603939,19204.34375,0.24341575801372528,0.9699240326881409,0.15989147126674652,0.9871346354484558,True,True
adam,smallcnn,0,1,random_m_1,0.0003,0.9,0.999,1e-08,m,restricted_no_dv,additive_first_moment,inherited,480,10,1e-06,0.9001141786575317,0.9001141786575317,,,,,140069,18952.705078125,0.01957499049603939,19204.34375,0.24394851922988892,0.969789445400238,0.16093289852142334,0.9869652986526489,True,True
adam,smallcnn,0,1,random_m_1,0.0003,0.9,0.999,1e-08,m,full_coupled,additive_first_moment,inherited,480,20,1e-06,0.9001141786575317,0.9001141786575317,,,,,140069,24567.94140625,0.03172341361641884,38231.43359375,0.6444745063781738,0.7646880149841309,0.750341534614563,0.6613149046897888,True,True
adam,smallcnn,0,1,random_m_1,0.0003,0.9,0.999,1e-08,m,restricted_no_dv,additive_first_moment,inherited,480,20,1e-06,0.9001141786575317,0.9001141786575317,,,,,140069,25852.4609375,0.03172341361641884,38231.43359375,0.6897060871124268,0.7291528582572937,0.7681246995925903,0.6412537097930908,True,True
adam,smallcnn,0,1,random_m_1,0.0003,0.9,0.999,1e-08,m,full_coupled,additive_first_moment,inherited,480,40,1e-06,0.9001141786575317,0.9001141786575317,,,,,140069,26853.791015625,0.10707125067710876,94532.4765625,0.98357093334198,0.19036923348903656,0.9699693322181702,0.24616293609142303,True,True
adam,smallcnn,0,1,random_m_1,0.0003,0.9,0.999,1e-08,m,restricted_no_dv,additive_first_moment,inherited,480,40,1e-06,0.9001141786575317,0.9001141786575317,,,,,140069,198609.796875,0.10707125067710876,94532.4765625,2.261780261993408,-0.1819153130054474,2.5653092861175537,-0.27766743302345276,True,True
adam,smallcnn,0,1,random_m_1,0.0003,0.9,0.999,1e-08,m,full_coupled,additive_first_moment,inherited,480,1,3e-06,0.9001141786575317,0.9001141786575317,,,,,140069,2959.90673828125,0.008879720233380795,2959.90673828125,4.518545756582171e-05,1.0,2.680305806279648e-05,1.0000001192092896,True,True
adam,smallcnn,0,1,random_m_1,0.0003,0.9,0.999,1e-08,m,restricted_no_dv,additive_first_moment,inherited,480,1,3e-06,0.9001141786575317,0.9001141786575317,,,,,140069,2959.90673828125,0.008879720233380795,2959.90673828125,4.518545756582171e-05,1.0,2.680305806279648e-05,1.0000001192092896,True,True
adam,smallcnn,0,1,random_m_1,0.0003,0.9,0.999,1e-08,m,full_coupled,additive_first_moment,inherited,480,5,3e-06,0.9001141786575317,0.9001141786575317,,,,,140069,12071.90234375,0.036328110843896866,12082.341796875,0.07207822799682617,0.997399091720581,0.03611767292022705,0.9993475079536438,True,True
adam,smallcnn,0,1,random_m_1,0.0003,0.9,0.999,1e-08,m,restricted_no_dv,additive_first_moment,inherited,480,5,3e-06,0.9001141786575317,0.9001141786575317,,,,,140069,12072.341796875,0.036328110843896866,12082.341796875,0.07228382676839828,0.9973841905593872,0.03654925897717476,0.9993318915367126,True,True
adam,smallcnn,0,1,random_m_1,0.0003,0.9,0.999,1e-08,m,full_coupled,additive_first_moment,inherited,480,10,3e-06,0.9001141786575317,0.9001141786575317,,,,,140069,18949.17578125,0.05721312761306763,18995.72265625,0.12075287848711014,0.9926829934120178,0.0908726304769516,0.9958639740943909,True,True
adam,smallcnn,0,1,random_m_1,0.0003,0.9,0.999,1e-08,m,restricted_no_dv,additive_first_moment,inherited,480,10,3e-06,0.9001141786575317,0.9001141786575317,,,,,140069,18952.705078125,0.05721312761306763,18995.72265625,0.12067560106515884,0.9926926493644714,0.09172000735998154,0.9957867860794067,True,True
adam,smallcnn,0,1,random_m_1,0.0003,0.9,0.999,1e-08,m,full_coupled,additive_first_moment,inherited,480,20,3e-06,0.9001141786575317,0.9001141786575317,,,,,140069,24567.94140625,0.08115113526582718,27434.150390625,0.43771475553512573,0.8991597294807434,0.44638925790786743,0.8948391675949097,True,True
adam,smallcnn,0,1,random_m_1,0.0003,0.9,0.999,1e-08,m,restricted_no_dv,additive_first_moment,inherited,480,20,3e-06,0.9001141786575317,0.9001141786575317,,,,,140069,25852.4609375,0.08115113526582718,27434.150390625,0.5212549567222595,0.8588777184486389,0.5174986124038696,0.8596688508987427,True,True
adam,smallcnn,0,1,random_m_1,0.0003,0.9,0.999,1e-08,m,full_coupled,additive_first_moment,inherited,480,40,3e-06,0.9001141786575317,0.9001141786575317,,,,,140069,26853.791015625,0.19200396537780762,45805.22265625,0.9032594561576843,0.42920243740081787,0.8261030316352844,0.5639600157737732,True,True
adam,smallcnn,0,1,random_m_1,0.0003,0.9,0.999,1e-08,m,restricted_no_dv,additive_first_moment,inherited,480,40,3e-06,0.9001141786575317,0.9001141786575317,,,,,140069,198609.796875,0.19200396537780762,45805.22265625,3.182410717010498,0.08091624081134796,4.509337902069092,-0.06152554601430893,True,True
adam,smallcnn,0,1,random_m_1,0.0003,0.9,0.999,1e-08,m,full_coupled,additive_first_moment,inherited,480,1,1e-05,0.9001141786575317,0.9001141786575317,,,,,140069,2959.90673828125,0.029599066823720932,2959.906494140625,1.5197419088508468e-05,1.0000001192092896,8.464154234388843e-06,1.0000001192092896,True,True
adam,smallcnn,0,1,random_m_1,0.0003,0.9,0.999,1e-08,m,restricted_no_dv,additive_first_moment,inherited,480,1,1e-05,0.9001141786575317,0.9001141786575317,,,,,140069,2959.90673828125,0.029599066823720932,2959.906494140625,1.5197419088508468e-05,1.0000001192092896,8.464154234388843e-06,1.0000001192092896,True,True
adam,smallcnn,0,1,random_m_1,0.0003,0.9,0.999,1e-08,m,full_coupled,additive_first_moment,inherited,480,5,1e-05,0.9001141786575317,0.9001141786575317,,,,,140069,12071.90234375,0.12080375850200653,12073.87890625,0.02380579151213169,0.9997166395187378,0.011829388327896595,0.9999299645423889,True,True
adam,smallcnn,0,1,random_m_1,0.0003,0.9,0.999,1e-08,m,restricted_no_dv,additive_first_moment,inherited,480,5,1e-05,0.9001141786575317,0.9001141786575317,,,,,140069,12072.341796875,0.12080375850200653,12073.87890625,0.024290597066283226,0.9997049570083618,0.013025561347603798,0.9999150633811951,True,True
adam,smallcnn,0,1,random_m_1,0.0003,0.9,0.999,1e-08,m,full_coupled,additive_first_moment,inherited,480,10,1e-05,0.9001141786575317,0.9001141786575317,,,,,140069,18949.17578125,0.18984529376029968,18947.99609375,0.07367343455553055,0.9972828030586243,0.046762339770793915,0.9989067912101746,True,True
adam,smallcnn,0,1,random_m_1,0.0003,0.9,0.999,1e-08,m,restricted_no_dv,additive_first_moment,inherited,480,10,1e-05,0.9001141786575317,0.9001141786575317,,,,,140069,18952.705078125,0.18984529376029968,18947.99609375,0.0745333805680275,0.9972191452980042,0.049373235553503036,0.9987816214561462,True,True
adam,smallcnn,0,1,random_m_1,0.0003,0.9,0.999,1e-08,m,full_coupled,additive_first_moment,inherited,480,20,1e-05,0.9001141786575317,0.9001141786575317,,,,,140069,24567.94140625,0.25562989711761475,25113.400390625,0.29945284128189087,0.9541363716125488,0.2252393513917923,0.9743114709854126,True,True
adam,smallcnn,0,1,random_m_1,0.0003,0.9,0.999,1e-08,m,restricted_no_dv,additive_first_moment,inherited,480,20,1e-05,0.9001141786575317,0.9001141786575317,,,,,140069,25852.4609375,0.25562989711761475,25113.400390625,0.4253423810005188,0.9106181859970093,0.3807283043861389,0.9300155639648438,True,True
adam,smallcnn,0,1,random_m_1,0.0003,0.9,0.999,1e-08,m,full_coupled,additive_first_moment,inherited,480,40,1e-05,0.9001141786575317,0.9001141786575317,,,,,140069,26853.791015625,0.377348929643631,33454.59375,0.7015840411186218,0.7125875353813171,0.6220404505729675,0.7832272052764893,True,True
adam,smallcnn,0,1,random_m_1,0.0003,0.9,0.999,1e-08,m,restricted_no_dv,additive_first_moment,inherited,480,40,1e-05,0.9001141786575317,0.9001141786575317,,,,,140069,198609.796875,0.377348929643631,33454.59375,5.208338260650635,0.14966537058353424,6.098677635192871,-0.07996836304664612,True,True
adam,smallcnn,0,1,random_m_1,0.0003,0.9,0.999,1e-08,m,full_coupled,additive_first_moment,inherited,480,1,3e-05,0.9001141786575317,0.9001141786575317,,,,,140069,2959.90673828125,0.0887972041964531,2959.90673828125,5.269318080536323e-06,1.0,2.8965960154891945e-06,1.0,True,True
adam,smallcnn,0,1,random_m_1,0.0003,0.9,0.999,1e-08,m,restricted_no_dv,additive_first_moment,inherited,480,1,3e-05,0.9001141786575317,0.9001141786575317,,,,,140069,2959.90673828125,0.0887972041964531,2959.90673828125,5.269318080536323e-06,1.0,2.8965960154891945e-06,1.0,True,True
adam,smallcnn,0,1,random_m_1,0.0003,0.9,0.999,1e-08,m,full_coupled,additive_first_moment,inherited,480,5,3e-05,0.9001141786575317,0.9001141786575317,,,,,140069,12071.90234375,0.3626094460487366,12074.123046875,0.020017707720398903,0.9998002052307129,0.009463350288569927,0.9999552369117737,True,True
adam,smallcnn,0,1,random_m_1,0.0003,0.9,0.999,1e-08,m,restricted_no_dv,additive_first_moment,inherited,480,5,3e-05,0.9001141786575317,0.9001141786575317,,,,,140069,12072.341796875,0.3626094460487366,12074.123046875,0.020032832399010658,0.9997998476028442,0.010560669004917145,0.9999442100524902,True,True
adam,smallcnn,0,1,random_m_1,0.0003,0.9,0.999,1e-08,m,full_coupled,additive_first_moment,inherited,480,10,3e-05,0.9001141786575317,0.9001141786575317,,,,,140069,18949.17578125,0.5690910220146179,18914.236328125,0.06060778349637985,0.9981619119644165,0.044752154499292374,0.9990022778511047,True,True
adam,smallcnn,0,1,random_m_1,0.0003,0.9,0.999,1e-08,m,restricted_no_dv,additive_first_moment,inherited,480,10,3e-05,0.9001141786575317,0.9001141786575317,,,,,140069,18952.705078125,0.5690910220146179,18914.236328125,0.06120666116476059,0.9981256723403931,0.0486949123442173,0.9988189935684204,True,True
adam,smallcnn,0,1,random_m_1,0.0003,0.9,0.999,1e-08,m,full_coupled,additive_first_moment,inherited,480,20,3e-05,0.9001141786575317,0.9001141786575317,,,,,140069,24567.94140625,0.7459204792976379,24505.384765625,0.20391899347305298,0.979029655456543,0.1546420305967331,0.9880767464637756,True,True
adam,smallcnn,0,1,random_m_1,0.0003,0.9,0.999,1e-08,m,restricted_no_dv,additive_first_moment,inherited,480,20,3e-05,0.9001141786575317,0.9001141786575317,,,,,140069,25852.4609375,0.7459204792976379,24505.384765625,0.36235278844833374,0.9376202821731567,0.3518848419189453,0.942746639251709,True,True
adam,smallcnn,0,1,random_m_1,0.0003,0.9,0.999,1e-08,m,full_coupled,additive_first_moment,inherited,480,40,3e-05,0.9001141786575317,0.9001141786575317,,,,,140069,26853.791015625,0.8747440576553345,27259.38671875,0.4903174340724945,0.8728702068328857,0.3675602078437805,0.9315418601036072,True,True
adam,smallcnn,0,1,random_m_1,0.0003,0.9,0.999,1e-08,m,restricted_no_dv,additive_first_moment,inherited,480,40,3e-05,0.9001141786575317,0.9001141786575317,,,,,140069,198609.796875,0.8747440576553345,27259.38671875,6.798030376434326,0.08683284372091293,7.250644683837891,0.10381864756345749,True,True
adam,smallcnn,0,1,random_m_1,0.0003,0.9,0.999,1e-08,m,full_coupled,additive_first_moment,inherited,480,1,0.0001,0.9001141786575317,0.9001141786575317,,,,,140069,2959.90673828125,0.2959906756877899,2959.90673828125,1.6119204246933805e-06,1.0,8.799831903161248e-07,1.0,True,True
adam,smallcnn,0,1,random_m_1,0.0003,0.9,0.999,1e-08,m,restricted_no_dv,additive_first_moment,inherited,480,1,0.0001,0.9001141786575317,0.9001141786575317,,,,,140069,2959.90673828125,0.2959906756877899,2959.90673828125,1.6119204246933805e-06,1.0,8.799831903161248e-07,1.0,True,True
adam,smallcnn,0,1,random_m_1,0.0003,0.9,0.999,1e-08,m,full_coupled,additive_first_moment,inherited,480,5,0.0001,0.9001141786575317,0.9001141786575317,,,,,140069,12071.90234375,1.2066019773483276,12034.1875,0.03890987113118172,0.9992435574531555,0.02205447293817997,0.9997624158859253,True,True
adam,smallcnn,0,1,random_m_1,0.0003,0.9,0.999,1e-08,m,restricted_no_dv,additive_first_moment,inherited,480,5,0.0001,0.9001141786575317,0.9001141786575317,,,,,140069,12072.341796875,1.2066019773483276,12034.1875,0.03930758312344551,0.9992280006408691,0.023031536489725113,0.9997407793998718,True,True
adam,smallcnn,0,1,random_m_1,0.0003,0.9,0.999,1e-08,m,full_coupled,additive_first_moment,inherited,480,10,0.0001,0.9001141786575317,0.9001141786575317,,,,,140069,18949.17578125,1.863469123840332,18480.78515625,0.0975174531340599,0.9954639673233032,0.08100267499685287,0.9971136450767517,True,True
adam,smallcnn,0,1,random_m_1,0.0003,0.9,0.999,1e-08,m,restricted_no_dv,additive_first_moment,inherited,480,10,0.0001,0.9001141786575317,0.9001141786575317,,,,,140069,18952.705078125,1.863469123840332,18480.78515625,0.1000051349401474,0.9952264428138733,0.08439479768276215,0.9968454837799072,True,True
adam,smallcnn,0,1,random_m_1,0.0003,0.9,0.999,1e-08,m,full_coupled,additive_first_moment,inherited,480,20,0.0001,0.9001141786575317,0.9001141786575317,,,,,140069,24567.94140625,2.3970654010772705,23531.744140625,0.19717107713222504,0.9813372492790222,0.1711798757314682,0.9868951439857483,True,True
adam,smallcnn,0,1,random_m_1,0.0003,0.9,0.999,1e-08,m,restricted_no_dv,additive_first_moment,inherited,480,20,0.0001,0.9001141786575317,0.9001141786575317,,,,,140069,25852.4609375,2.3970654010772705,23531.744140625,0.37273624539375305,0.9384474158287048,0.38131606578826904,0.9382515549659729,True,True
adam,smallcnn,0,1,random_m_1,0.0003,0.9,0.999,1e-08,m,full_coupled,additive_first_moment,inherited,480,40,0.0001,0.9001141786575317,0.9001141786575317,,,,,140069,26853.791015625,2.7026994228363037,25746.787109375,0.393350750207901,0.9221592545509338,0.3272397518157959,0.9495505094528198,True,True
adam,smallcnn,0,1,random_m_1,0.0003,0.9,0.999,1e-08,m,restricted_no_dv,additive_first_moment,inherited,480,40,0.0001,0.9001141786575317,0.9001141786575317,,,,,140069,198609.796875,2.7026994228363037,25746.787109375,7.21293830871582,0.2024216502904892,7.68710470199585,0.09163052588701248,True,True
adam,smallcnn,0,1,random_m_1,0.0003,0.9,0.999,1e-08,m,full_coupled,additive_first_moment,inherited,480,1,0.0003,0.9001141786575317,0.9001141786575317,,,,,140069,2959.90673828125,0.8879721164703369,2959.906982421875,5.492310037880088e-07,1.0,3.0454057764472964e-07,1.0,True,True
adam,smallcnn,0,1,random_m_1,0.0003,0.9,0.999,1e-08,m,restricted_no_dv,additive_first_moment,inherited,480,1,0.0003,0.9001141786575317,0.9001141786575317,,,,,140069,2959.90673828125,0.8879721164703369,2959.906982421875,5.492310037880088e-07,1.0,3.0454057764472964e-07,1.0,True,True
adam,smallcnn,0,1,random_m_1,0.0003,0.9,0.999,1e-08,m,full_coupled,additive_first_moment,inherited,480,5,0.0003,0.9001141786575317,0.9001141786575317,,,,,140069,12071.90234375,3.364455461502075,11341.0126953125,0.21099190413951874,0.9820343255996704,0.1440270096063614,0.9922069311141968,True,True
adam,smallcnn,0,1,random_m_1,0.0003,0.9,0.999,1e-08,m,restricted_no_dv,additive_first_moment,inherited,480,5,0.0003,0.9001141786575317,0.9001141786575317,,,,,140069,12072.341796875,3.364455461502075,11341.0126953125,0.2112596333026886,0.9819852113723755,0.14433979988098145,0.9921673536300659,True,True
adam,smallcnn,0,1,random_m_1,0.0003,0.9,0.999,1e-08,m,full_coupled,additive_first_moment,inherited,480,10,0.0003,0.9001141786575317,0.9001141786575317,,,,,140069,18949.17578125,5.0467939376831055,16772.57421875,0.3131665289402008,0.9635593295097351,0.25489097833633423,0.978699803352356,True,True
adam,smallcnn,0,1,random_m_1,0.0003,0.9,0.999,1e-08,m,restricted_no_dv,additive_first_moment,inherited,480,10,0.0003,0.9001141786575317,0.9001141786575317,,,,,140069,18952.705078125,5.0467939376831055,16772.57421875,0.3141331374645233,0.9633206725120544,0.2561100423336029,0.9784523248672485,True,True
adam,smallcnn,0,1,random_m_1,0.0003,0.9,0.999,1e-08,m,full_coupled,additive_first_moment,inherited,480,20,0.0003,0.9001141786575317,0.9001141786575317,,,,,140069,24567.94140625,6.277616500854492,20578.69921875,0.3985086679458618,0.9452728629112244,0.3509327471256256,0.9641602039337158,True,True
adam,smallcnn,0,1,random_m_1,0.0003,0.9,0.999,1e-08,m,restricted_no_dv,additive_first_moment,inherited,480,20,0.0003,0.9001141786575317,0.9001141786575317,,,,,140069,25852.4609375,6.277616500854492,20578.69921875,0.5443263053894043,0.9025260210037231,0.5203804969787598,0.9183615446090698,True,True
adam,smallcnn,0,1,random_m_1,0.0003,0.9,0.999,1e-08,m,full_coupled,additive_first_moment,inherited,480,40,0.0003,0.9001141786575317,0.9001141786575317,,,,,140069,26853.791015625,6.7855987548828125,21848.599609375,0.5026606917381287,0.9083552360534668,0.44209542870521545,0.9418396353721619,True,True
adam,smallcnn,0,1,random_m_1,0.0003,0.9,0.999,1e-08,m,restricted_no_dv,additive_first_moment,inherited,480,40,0.0003,0.9001141786575317,0.9001141786575317,,,,,140069,198609.796875,6.7855987548828125,21848.599609375,8.664596557617188,0.17237097024917603,9.003589630126953,0.141276553273201,True,True
adam,smallcnn,0,1,random_m_1,0.0003,0.9,0.999,1e-08,m,full_coupled,additive_first_moment,inherited,480,1,0.001,0.9001141786575317,0.9001141786575317,,,,,140069,2959.90673828125,2.959907054901123,2959.906982421875,1.827033884183038e-07,0.9999998807907104,1.2510099622886628e-07,1.0,True,True
adam,smallcnn,0,1,random_m_1,0.0003,0.9,0.999,1e-08,m,restricted_no_dv,additive_first_moment,inherited,480,1,0.001,0.9001141786575317,0.9001141786575317,,,,,140069,2959.90673828125,2.959907054901123,2959.906982421875,1.827033884183038e-07,0.9999998807907104,1.2510099622886628e-07,1.0,True,True
adam,smallcnn,0,1,random_m_1,0.0003,0.9,0.999,1e-08,m,full_coupled,additive_first_moment,inherited,480,5,0.001,0.9001141786575317,0.9001141786575317,,,,,140069,12071.90234375,9.64250373840332,9626.4091796875,0.49920904636383057,0.9258225560188293,0.44780775904655457,0.9457770586013794,True,True
adam,smallcnn,0,1,random_m_1,0.0003,0.9,0.999,1e-08,m,restricted_no_dv,additive_first_moment,inherited,480,5,0.001,0.9001141786575317,0.9001141786575317,,,,,140069,12072.341796875,9.64250373840332,9626.4091796875,0.49935680627822876,0.9257755875587463,0.4479513466358185,0.9457369446754456,True,True
adam,smallcnn,0,1,random_m_1,0.0003,0.9,0.999,1e-08,m,full_coupled,additive_first_moment,inherited,480,10,0.001,0.9001141786575317,0.9001141786575317,,,,,140069,18949.17578125,13.559850692749023,13424.44921875,0.6850948333740234,0.8885859251022339,0.6441399455070496,0.91302090883255,True,True
adam,smallcnn,0,1,random_m_1,0.0003,0.9,0.999,1e-08,m,restricted_no_dv,additive_first_moment,inherited,480,10,0.001,0.9001141786575317,0.9001141786575317,,,,,140069,18952.705078125,13.559850692749023,13424.44921875,0.6856952905654907,0.8883863091468811,0.6447533369064331,0.9128338098526001,True,True
adam,smallcnn,0,1,random_m_1,0.0003,0.9,0.999,1e-08,m,full_coupled,additive_first_moment,inherited,480,20,0.001,0.9001141786575317,0.9001141786575317,,,,,140069,24567.94140625,15.813607215881348,15493.6201171875,0.8532453179359436,0.864327609539032,0.8182229995727539,0.8970579504966736,True,True
adam,smallcnn,0,1,random_m_1,0.0003,0.9,0.999,1e-08,m,restricted_no_dv,additive_first_moment,inherited,480,20,0.001,0.9001141786575317,0.9001141786575317,,,,,140069,25852.4609375,15.813607215881348,15493.6201171875,0.9929106831550598,0.8217329978942871,0.9677618145942688,0.8533027172088623,True,True
adam,smallcnn,0,1,random_m_1,0.0003,0.9,0.999,1e-08,m,full_coupled,additive_first_moment,inherited,480,40,0.001,0.9001141786575317,0.9001141786575317,,,,,140069,26853.791015625,16.67365837097168,16191.9521484375,0.9443407654762268,0.8388733863830566,0.9188544154167175,0.8761757612228394,True,True
adam,smallcnn,0,1,random_m_1,0.0003,0.9,0.999,1e-08,m,restricted_no_dv,additive_first_moment,inherited,480,40,0.001,0.9001141786575317,0.9001141786575317,,,,,140069,198609.796875,16.67365837097168,16191.9521484375,11.8491792678833,0.10422533005475998,12.204727172851562,0.10184039175510406,True,True
adam,smallcnn,0,1,random_m_1,0.0003,0.9,0.999,1e-08,m,full_coupled,additive_first_moment,inherited,480,1,0.003,0.9001141786575317,0.9001141786575317,,,,,140069,2959.90673828125,8.879720687866211,2959.906982421875,9.361213670899815e-08,0.9999998807907104,8.865357159493215e-08,1.0,True,True
adam,smallcnn,0,1,random_m_1,0.0003,0.9,0.999,1e-08,m,restricted_no_dv,additive_first_moment,inherited,480,1,0.003,0.9001141786575317,0.9001141786575317,,,,,140069,2959.90673828125,8.879720687866211,2959.906982421875,9.361213670899815e-08,0.9999998807907104,8.865357159493215e-08,1.0,True,True
adam,smallcnn,0,1,random_m_1,0.0003,0.9,0.999,1e-08,m,full_coupled,additive_first_moment,inherited,480,5,0.003,0.9001141786575317,0.9001141786575317,,,,,140069,12071.90234375,21.83793830871582,7065.32470703125,0.948479413986206,0.8594588041305542,0.9535984992980957,0.8808335065841675,True,True
adam,smallcnn,0,1,random_m_1,0.0003,0.9,0.999,1e-08,m,restricted_no_dv,additive_first_moment,inherited,480,5,0.003,0.9001141786575317,0.9001141786575317,,,,,140069,12072.341796875,21.83793830871582,7065.32470703125,0.9485968947410583,0.859420657157898,0.9537163376808167,0.8807979822158813,True,True
adam,smallcnn,0,1,random_m_1,0.0003,0.9,0.999,1e-08,m,full_coupled,additive_first_moment,inherited,480,10,0.003,0.9001141786575317,0.9001141786575317,,,,,140069,18949.17578125,28.47540855407715,8914.140625,1.3348438739776611,0.8023792505264282,1.4040766954421997,0.8343796133995056,True,True
adam,smallcnn,0,1,random_m_1,0.0003,0.9,0.999,1e-08,m,restricted_no_dv,additive_first_moment,inherited,480,10,0.003,0.9001141786575317,0.9001141786575317,,,,,140069,18952.705078125,28.47540855407715,8914.140625,1.3354579210281372,0.8021910190582275,1.4047352075576782,0.8341853022575378,True,True
adam,smallcnn,0,1,random_m_1,0.0003,0.9,0.999,1e-08,m,full_coupled,additive_first_moment,inherited,480,20,0.003,0.9001141786575317,0.9001141786575317,,,,,140069,24567.94140625,32.223079681396484,9897.00390625,1.6447951793670654,0.7708625197410583,1.7709474563598633,0.8108938932418823,True,True
adam,smallcnn,0,1,random_m_1,0.0003,0.9,0.999,1e-08,m,restricted_no_dv,additive_first_moment,inherited,480,20,0.003,0.9001141786575317,0.9001141786575317,,,,,140069,25852.4609375,32.223079681396484,9897.00390625,1.807737946510315,0.73231440782547,1.9488036632537842,0.7705322504043579,True,True
adam,smallcnn,0,1,random_m_1,0.0003,0.9,0.999,1e-08,m,full_coupled,additive_first_moment,inherited,480,40,0.003,0.9001141786575317,0.9001141786575317,,,,,140069,26853.791015625,33.26259231567383,10205.8583984375,1.7971479892730713,0.7506772875785828,1.938079833984375,0.7918649911880493,True,True
adam,smallcnn,0,1,random_m_1,0.0003,0.9,0.999,1e-08,m,restricted_no_dv,additive_first_moment,inherited,480,40,0.003,0.9001141786575317,0.9001141786575317,,,,,140069,198609.796875,33.26259231567383,10205.8583984375,17.84394645690918,0.09673050791025162,19.39070701599121,0.09523314982652664,True,True
adam,smallcnn,0,1,random_m_1,0.0003,0.9,0.999,1e-08,m,full_coupled,additive_first_moment,inherited,480,1,0.01,0.9001141786575317,0.9001141786575317,,,,,140069,2959.90673828125,29.59906768798828,2959.90673828125,7.696025505765647e-08,1.0000001192092896,7.625523323895322e-08,1.0,True,True
adam,smallcnn,0,1,random_m_1,0.0003,0.9,0.999,1e-08,m,restricted_no_dv,additive_first_moment,inherited,480,1,0.01,0.9001141786575317,0.9001141786575317,,,,,140069,2959.90673828125,29.59906768798828,2959.90673828125,7.696025505765647e-08,1.0000001192092896,7.625523323895322e-08,1.0,True,True
adam,smallcnn,0,1,random_m_1,0.0003,0.9,0.999,1e-08,m,full_coupled,additive_first_moment,inherited,480,5,0.01,0.9001141786575317,0.9001141786575317,,,,,140069,12071.90234375,39.17814636230469,3782.562744140625,2.2393136024475098,0.8892053961753845,2.320708751678467,0.9086330533027649,True,True
adam,smallcnn,0,1,random_m_1,0.0003,0.9,0.999,1e-08,m,restricted_no_dv,additive_first_moment,inherited,480,5,0.01,0.9001141786575317,0.9001141786575317,,,,,140069,12072.341796875,39.17814636230469,3782.562744140625,2.2394766807556152,0.8891667127609253,2.3208744525909424,0.9085958003997803,True,True
adam,smallcnn,0,1,random_m_1,0.0003,0.9,0.999,1e-08,m,full_coupled,additive_first_moment,inherited,480,10,0.01,0.9001141786575317,0.9001141786575317,,,,,140069,18949.17578125,43.90041732788086,4216.20361328125,3.5331954956054688,0.8279861211776733,3.6823954582214355,0.8498765826225281,True,True
adam,smallcnn,0,1,random_m_1,0.0003,0.9,0.999,1e-08,m,restricted_no_dv,additive_first_moment,inherited,480,10,0.01,0.9001141786575317,0.9001141786575317,,,,,140069,18952.705078125,43.90041732788086,4216.20361328125,3.5343024730682373,0.8277295827865601,3.6835412979125977,0.8496167063713074,True,True
adam,smallcnn,0,1,random_m_1,0.0003,0.9,0.999,1e-08,m,full_coupled,additive_first_moment,inherited,480,20,0.01,0.9001141786575317,0.9001141786575317,,,,,140069,24567.94140625,45.94086837768555,4443.96484375,4.5857696533203125,0.8011757135391235,4.7447662353515625,0.8185231685638428,True,True
adam,smallcnn,0,1,random_m_1,0.0003,0.9,0.999,1e-08,m,restricted_no_dv,additive_first_moment,inherited,480,20,0.01,0.9001141786575317,0.9001141786575317,,,,,140069,25852.4609375,45.94086837768555,4443.96484375,4.907293796539307,0.7628259062767029,5.077457904815674,0.7788596153259277,True,True
adam,smallcnn,0,1,random_m_1,0.0003,0.9,0.999,1e-08,m,full_coupled,additive_first_moment,inherited,480,40,0.01,0.9001141786575317,0.9001141786575317,,,,,140069,26853.791015625,46.54031753540039,4521.96484375,5.029408931732178,0.7797232866287231,5.180048942565918,0.7942334413528442,True,True
adam,smallcnn,0,1,random_m_1,0.0003,0.9,0.999,1e-08,m,restricted_no_dv,additive_first_moment,inherited,480,40,0.01,0.9001141786575317,0.9001141786575317,,,,,140069,198609.796875,46.54031753540039,4521.96484375,42.5798225402832,0.10657208412885666,43.83024597167969,0.10217338055372238,True,True
adam,smallcnn,0,2,random_m_2,0.0003,0.9,0.999,1e-08,m,full_coupled,additive_first_moment,inherited,480,1,1e-06,0.9001141786575317,0.9001141786575317,,,,,140069,2946.732177734375,0.002946732100099325,2946.732177734375,0.00011377135524526238,0.9999998807907104,7.245434971991926e-05,0.9999997615814209,True,True
adam,smallcnn,0,2,random_m_2,0.0003,0.9,0.999,1e-08,m,restricted_no_dv,additive_first_moment,inherited,480,1,1e-06,0.9001141786575317,0.9001141786575317,,,,,140069,2946.732177734375,0.002946732100099325,2946.732177734375,0.00011377135524526238,0.9999998807907104,7.245434971991926e-05,0.9999997615814209,True,True
adam,smallcnn,0,2,random_m_2,0.0003,0.9,0.999,1e-08,m,full_coupled,additive_first_moment,inherited,480,5,1e-06,0.9001141786575317,0.9001141786575317,,,,,140069,12023.8427734375,0.012297989800572395,12094.5498046875,0.2076927125453949,0.9781943559646606,0.1055929958820343,0.994409441947937,True,True
adam,smallcnn,0,2,random_m_2,0.0003,0.9,0.999,1e-08,m,restricted_no_dv,additive_first_moment,inherited,480,5,1e-06,0.9001141786575317,0.9001141786575317,,,,,140069,12027.4228515625,0.012297989800572395,12094.5498046875,0.2079879343509674,0.9781314730644226,0.10616222023963928,0.9943488836288452,True,True
adam,smallcnn,0,2,random_m_2,0.0003,0.9,0.999,1e-08,m,full_coupled,additive_first_moment,inherited,480,10,1e-06,0.9001141786575317,0.9001141786575317,,,,,140069,18932.830078125,0.02068101242184639,19435.611328125,0.379263699054718,0.9253413677215576,0.20299892127513885,0.9791920185089111,True,True
adam,smallcnn,0,2,random_m_2,0.0003,0.9,0.999,1e-08,m,restricted_no_dv,additive_first_moment,inherited,480,10,1e-06,0.9001141786575317,0.9001141786575317,,,,,140069,19041.029296875,0.02068101242184639,19435.611328125,0.37501949071884155,0.9270386099815369,0.2038072943687439,0.9790112376213074,True,True
adam,smallcnn,0,2,random_m_2,0.0003,0.9,0.999,1e-08,m,full_coupled,additive_first_moment,inherited,480,20,1e-06,0.9001141786575317,0.9001141786575317,,,,,140069,25314.63671875,0.09127870202064514,48004.0625,0.9523674249649048,0.3063279688358307,0.8576762676239014,0.5143540501594543,True,True
adam,smallcnn,0,2,random_m_2,0.0003,0.9,0.999,1e-08,m,restricted_no_dv,additive_first_moment,inherited,480,20,1e-06,0.9001141786575317,0.9001141786575317,,,,,140069,38801.69140625,0.09127870202064514,48004.0625,1.025034785270691,0.1529148668050766,1.1053885221481323,0.26689672470092773,True,True
adam,smallcnn,0,2,random_m_2,0.0003,0.9,0.999,1e-08,m,full_coupled,additive_first_moment,inherited,480,40,1e-06,0.9001141786575317,0.9001141786575317,,,,,140069,30020.0546875,0.2795317769050598,131295.96875,0.998659074306488,0.06617401540279388,0.9935799241065979,0.1423104703426361,True,True
adam,smallcnn,0,2,random_m_2,0.0003,0.9,0.999,1e-08,m,restricted_no_dv,additive_first_moment,inherited,480,40,1e-06,0.9001141786575317,0.9001141786575317,,,,,140069,766307.625,0.2795317769050598,131295.96875,3.2688608169555664,-0.39581888914108276,6.260644435882568,-0.3538987636566162,True,True
adam,smallcnn,0,2,random_m_2,0.0003,0.9,0.999,1e-08,m,full_coupled,additive_first_moment,inherited,480,1,3e-06,0.9001141786575317,0.9001141786575317,,,,,140069,2946.732177734375,0.008840197697281837,2946.732666015625,4.5143930037738755e-05,1.0,2.6824411179404706e-05,0.9999997615814209,True,True
adam,smallcnn,0,2,random_m_2,0.0003,0.9,0.999,1e-08,m,restricted_no_dv,additive_first_moment,inherited,480,1,3e-06,0.9001141786575317,0.9001141786575317,,,,,140069,2946.732177734375,0.008840197697281837,2946.732666015625,4.5143930037738755e-05,1.0,2.6824411179404706e-05,0.9999997615814209,True,True
adam,smallcnn,0,2,random_m_2,0.0003,0.9,0.999,1e-08,m,full_coupled,additive_first_moment,inherited,480,5,3e-06,0.9001141786575317,0.9001141786575317,,,,,140069,12023.8427734375,0.036168310791254044,12032.7255859375,0.07079143077135086,0.9974910616874695,0.03546229749917984,0.9993710517883301,True,True
adam,smallcnn,0,2,random_m_2,0.0003,0.9,0.999,1e-08,m,restricted_no_dv,additive_first_moment,inherited,480,5,3e-06,0.9001141786575317,0.9001141786575317,,,,,140069,12027.4228515625,0.036168310791254044,12032.7255859375,0.0716792494058609,0.9974277019500732,0.03708809241652489,0.9993121027946472,True,True
adam,smallcnn,0,2,random_m_2,0.0003,0.9,0.999,1e-08,m,full_coupled,additive_first_moment,inherited,480,10,3e-06,0.9001141786575317,0.9001141786575317,,,,,140069,18932.830078125,0.057616546750068665,18969.603515625,0.15589603781700134,0.9877753853797913,0.09973941743373871,0.9950181841850281,True,True
adam,smallcnn,0,2,random_m_2,0.0003,0.9,0.999,1e-08,m,restricted_no_dv,additive_first_moment,inherited,480,10,3e-06,0.9001141786575317,0.9001141786575317,,,,,140069,19041.029296875,0.057616546750068665,18969.603515625,0.16053995490074158,0.9870390892028809,0.12499929964542389,0.9922239780426025,True,True
adam,smallcnn,0,2,random_m_2,0.0003,0.9,0.999,1e-08,m,full_coupled,additive_first_moment,inherited,480,20,3e-06,0.9001141786575317,0.9001141786575317,,,,,140069,25314.63671875,0.11931850016117096,26180.615234375,0.76877361536026,0.639528214931488,0.435471773147583,0.9025045037269592,True,True
adam,smallcnn,0,2,random_m_2,0.0003,0.9,0.999,1e-08,m,restricted_no_dv,additive_first_moment,inherited,480,20,3e-06,0.9001141786575317,0.9001141786575317,,,,,140069,38801.69140625,0.11931850016117096,26180.615234375,1.0627962350845337,0.42140236496925354,1.1703736782073975,0.6162898540496826,True,True
adam,smallcnn,0,2,random_m_2,0.0003,0.9,0.999,1e-08,m,full_coupled,additive_first_moment,inherited,480,40,3e-06,0.9001141786575317,0.9001141786575317,,,,,140069,30020.0546875,0.3053567409515381,39691.64453125,0.9789384603500366,0.21812620759010315,0.8404961824417114,0.5722382664680481,True,True
adam,smallcnn,0,2,random_m_2,0.0003,0.9,0.999,1e-08,m,restricted_no_dv,additive_first_moment,inherited,480,40,3e-06,0.9001141786575317,0.9001141786575317,,,,,140069,766307.625,0.3053567409515381,39691.64453125,7.94733190536499,-0.3639150559902191,19.238893508911133,0.09340815991163254,True,True
adam,smallcnn,0,2,random_m_2,0.0003,0.9,0.999,1e-08,m,full_coupled,additive_first_moment,inherited,480,1,1e-05,0.9001141786575317,0.9001141786575317,,,,,140069,2946.732177734375,0.029467320069670677,2946.732177734375,1.5231791621772572e-05,1.0,8.498044735461008e-06,0.9999998807907104,True,True
adam,smallcnn,0,2,random_m_2,0.0003,0.9,0.999,1e-08,m,restricted_no_dv,additive_first_moment,inherited,480,1,1e-05,0.9001141786575317,0.9001141786575317,,,,,140069,2946.732177734375,0.029467320069670677,2946.732177734375,1.5231791621772572e-05,1.0,8.498044735461008e-06,0.9999998807907104,True,True
adam,smallcnn,0,2,random_m_2,0.0003,0.9,0.999,1e-08,m,full_coupled,additive_first_moment,inherited,480,5,1e-05,0.9001141786575317,0.9001141786575317,,,,,140069,12023.8427734375,0.12038908898830414,12029.212890625,0.04560352489352226,0.9989596605300903,0.022777557373046875,0.9997406005859375,True,True
adam,smallcnn,0,2,random_m_2,0.0003,0.9,0.999,1e-08,m,restricted_no_dv,additive_first_moment,inherited,480,5,1e-05,0.9001141786575317,0.9001141786575317,,,,,140069,12027.4228515625,0.12038908898830414,12029.212890625,0.04698760807514191,0.9988954663276672,0.024961331859230995,0.999688446521759,True,True
adam,smallcnn,0,2,random_m_2,0.0003,0.9,0.999,1e-08,m,full_coupled,additive_first_moment,inherited,480,10,1e-05,0.9001141786575317,0.9001141786575317,,,,,140069,18932.830078125,0.19220803678035736,18971.85546875,0.18019099533557892,0.9836326837539673,0.0904548317193985,0.9959025382995605,True,True
adam,smallcnn,0,2,random_m_2,0.0003,0.9,0.999,1e-08,m,restricted_no_dv,additive_first_moment,inherited,480,10,1e-05,0.9001141786575317,0.9001141786575317,,,,,140069,19041.029296875,0.19220803678035736,18971.85546875,0.1827276647090912,0.9831917881965637,0.1044187843799591,0.9945746660232544,True,True
adam,smallcnn,0,2,random_m_2,0.0003,0.9,0.999,1e-08,m,full_coupled,additive_first_moment,inherited,480,20,1e-05,0.9001141786575317,0.9001141786575317,,,,,140069,25314.63671875,0.2773875594139099,25541.169921875,0.4905812740325928,0.8723259568214417,0.36648187041282654,0.9322841763496399,True,True
adam,smallcnn,0,2,random_m_2,0.0003,0.9,0.999,1e-08,m,restricted_no_dv,additive_first_moment,inherited,480,20,1e-05,0.9001141786575317,0.9001141786575317,,,,,140069,38801.69140625,0.2773875594139099,25541.169921875,1.0826044082641602,0.6379212737083435,1.147849678993225,0.6550747156143188,True,True
adam,smallcnn,0,2,random_m_2,0.0003,0.9,0.999,1e-08,m,full_coupled,additive_first_moment,inherited,480,40,1e-05,0.9001141786575317,0.9001141786575317,,,,,140069,30020.0546875,0.516859233379364,34479.1015625,0.885664701461792,0.476007342338562,0.737982451915741,0.6968482732772827,True,True
adam,smallcnn,0,2,random_m_2,0.0003,0.9,0.999,1e-08,m,restricted_no_dv,additive_first_moment,inherited,480,40,1e-05,0.9001141786575317,0.9001141786575317,,,,,140069,766307.625,0.516859233379364,34479.1015625,14.89763355255127,-0.037847645580768585,22.210681915283203,0.03708907589316368,True,True
adam,smallcnn,0,2,random_m_2,0.0003,0.9,0.999,1e-08,m,full_coupled,additive_first_moment,inherited,480,1,3e-05,0.9001141786575317,0.9001141786575317,,,,,140069,2946.732177734375,0.08840195834636688,2946.731689453125,5.279081506159855e-06,0.9999998807907104,2.9066884508210933e-06,1.0,True,True
adam,smallcnn,0,2,random_m_2,0.0003,0.9,0.999,1e-08,m,restricted_no_dv,additive_first_moment,inherited,480,1,3e-05,0.9001141786575317,0.9001141786575317,,,,,140069,2946.732177734375,0.08840195834636688,2946.731689453125,5.279081506159855e-06,0.9999998807907104,2.9066884508210933e-06,1.0,True,True
adam,smallcnn,0,2,random_m_2,0.0003,0.9,0.999,1e-08,m,full_coupled,additive_first_moment,inherited,480,5,3e-05,0.9001141786575317,0.9001141786575317,,,,,140069,12023.8427734375,0.35983872413635254,12009.8017578125,0.03595716878771782,0.999358057975769,0.018693149089813232,0.9998261332511902,True,True
adam,smallcnn,0,2,random_m_2,0.0003,0.9,0.999,1e-08,m,restricted_no_dv,additive_first_moment,inherited,480,5,3e-05,0.9001141786575317,0.9001141786575317,,,,,140069,12027.4228515625,0.35983872413635254,12009.8017578125,0.040205929428339005,0.9991976618766785,0.022495856508612633,0.9997484683990479,True,True
adam,smallcnn,0,2,random_m_2,0.0003,0.9,0.999,1e-08,m,full_coupled,additive_first_moment,inherited,480,10,3e-05,0.9001141786575317,0.9001141786575317,,,,,140069,18932.830078125,0.5634381771087646,18818.1015625,0.11995626986026764,0.9928951859474182,0.08091047406196594,0.9967650771141052,True,True
adam,smallcnn,0,2,random_m_2,0.0003,0.9,0.999,1e-08,m,restricted_no_dv,additive_first_moment,inherited,480,10,3e-05,0.9001141786575317,0.9001141786575317,,,,,140069,19041.029296875,0.5634381771087646,18818.1015625,0.15493765473365784,0.9882553219795227,0.11011829972267151,0.9940773844718933,True,True
adam,smallcnn,0,2,random_m_2,0.0003,0.9,0.999,1e-08,m,full_coupled,additive_first_moment,inherited,480,20,3e-05,0.9001141786575317,0.9001141786575317,,,,,140069,25314.63671875,0.7461987137794495,24750.005859375,0.3512871563434601,0.9395291209220886,0.30332207679748535,0.9552783966064453,True,True
adam,smallcnn,0,2,random_m_2,0.0003,0.9,0.999,1e-08,m,restricted_no_dv,additive_first_moment,inherited,480,20,3e-05,0.9001141786575317,0.9001141786575317,,,,,140069,38801.69140625,0.7461987137794495,24750.005859375,1.2287020683288574,0.6166163086891174,1.149432897567749,0.6814334988594055,True,True
adam,smallcnn,0,2,random_m_2,0.0003,0.9,0.999,1e-08,m,full_coupled,additive_first_moment,inherited,480,40,3e-05,0.9001141786575317,0.9001141786575317,,,,,140069,30020.0546875,0.925824761390686,31301.609375,0.735234797000885,0.7225265502929688,0.6644642353057861,0.7706934809684753,True,True
adam,smallcnn,0,2,random_m_2,0.0003,0.9,0.999,1e-08,m,restricted_no_dv,additive_first_moment,inherited,480,40,3e-05,0.9001141786575317,0.9001141786575317,,,,,140069,766307.625,0.925824761390686,31301.609375,24.90683937072754,-0.0557401143014431,24.387283325195312,0.11437102407217026,True,True
adam,smallcnn,0,2,random_m_2,0.0003,0.9,0.999,1e-08,m,full_coupled,additive_first_moment,inherited,480,1,0.0001,0.9001141786575317,0.9001141786575317,,,,,140069,2946.732177734375,0.2946731746196747,2946.731689453125,1.6271707181658712e-06,1.0000001192092896,8.812130545265973e-07,1.0,True,True
adam,smallcnn,0,2,random_m_2,0.0003,0.9,0.999,1e-08,m,restricted_no_dv,additive_first_moment,inherited,480,1,0.0001,0.9001141786575317,0.9001141786575317,,,,,140069,2946.732177734375,0.2946731746196747,2946.731689453125,1.6271707181658712e-06,1.0000001192092896,8.812130545265973e-07,1.0,True,True
adam,smallcnn,0,2,random_m_2,0.0003,0.9,0.999,1e-08,m,full_coupled,additive_first_moment,inherited,480,5,0.0001,0.9001141786575317,0.9001141786575317,,,,,140069,12023.8427734375,1.1836373805999756,11884.01171875,0.06284286081790924,0.9981797337532043,0.041629813611507416,0.9992119073867798,True,True
adam,smallcnn,0,2,random_m_2,0.0003,0.9,0.999,1e-08,m,restricted_no_dv,additive_first_moment,inherited,480,5,0.0001,0.9001141786575317,0.9001141786575317,,,,,140069,12027.4228515625,1.1836373805999756,11884.01171875,0.06582783162593842,0.9979959726333618,0.045108288526535034,0.9990667700767517,True,True
adam,smallcnn,0,2,random_m_2,0.0003,0.9,0.999,1e-08,m,full_coupled,additive_first_moment,inherited,480,10,0.0001,0.9001141786575317,0.9001141786575317,,,,,140069,18932.830078125,1.7747396230697632,18014.431640625,0.19867397844791412,0.9835910201072693,0.13724304735660553,0.9922755360603333,True,True
adam,smallcnn,0,2,random_m_2,0.0003,0.9,0.999,1e-08,m,restricted_no_dv,additive_first_moment,inherited,480,10,0.0001,0.9001141786575317,0.9001141786575317,,,,,140069,19041.029296875,1.7747396230697632,18014.431640625,0.22848094999790192,0.978147566318512,0.1712397187948227,0.9876652956008911,True,True
adam,smallcnn,0,2,random_m_2,0.0003,0.9,0.999,1e-08,m,full_coupled,additive_first_moment,inherited,480,20,0.0001,0.9001141786575317,0.9001141786575317,,,,,140069,25314.63671875,2.268702983856201,22914.603515625,0.41310882568359375,0.9295384287834167,0.3272548317909241,0.9564939141273499,True,True
adam,smallcnn,0,2,random_m_2,0.0003,0.9,0.999,1e-08,m,restricted_no_dv,additive_first_moment,inherited,480,20,0.0001,0.9001141786575317,0.9001141786575317,,,,,140069,38801.69140625,2.268702983856201,22914.603515625,1.3383032083511353,0.6238895654678345,1.2889405488967896,0.6513710021972656,True,True
adam,smallcnn,0,2,random_m_2,0.0003,0.9,0.999,1e-08,m,full_coupled,additive_first_moment,inherited,480,40,0.0001,0.9001141786575317,0.9001141786575317,,,,,140069,30020.0546875,2.668951988220215,25871.390625,0.6476069092750549,0.8204894661903381,0.5702818036079407,0.8709419369697571,True,True
adam,smallcnn,0,2,random_m_2,0.0003,0.9,0.999,1e-08,m,restricted_no_dv,additive_first_moment,inherited,480,40,0.0001,0.9001141786575317,0.9001141786575317,,,,,140069,766307.625,2.668951988220215,25871.390625,28.57689666748047,0.15212999284267426,29.460010528564453,0.17632094025611877,True,True
adam,smallcnn,0,2,random_m_2,0.0003,0.9,0.999,1e-08,m,full_coupled,additive_first_moment,inherited,480,1,0.0003,0.9001141786575317,0.9001141786575317,,,,,140069,2946.732177734375,0.8840196132659912,2946.732177734375,5.511308813765936e-07,1.0,3.051549128940678e-07,0.9999998807907104,True,True
adam,smallcnn,0,2,random_m_2,0.0003,0.9,0.999,1e-08,m,restricted_no_dv,additive_first_moment,inherited,480,1,0.0003,0.9001141786575317,0.9001141786575317,,,,,140069,2946.732177734375,0.8840196132659912,2946.732177734375,5.511308813765936e-07,1.0,3.051549128940678e-07,0.9999998807907104,True,True
adam,smallcnn,0,2,random_m_2,0.0003,0.9,0.999,1e-08,m,full_coupled,additive_first_moment,inherited,480,5,0.0003,0.9001141786575317,0.9001141786575317,,,,,140069,12023.8427734375,3.352944850921631,11181.2373046875,0.21011993288993835,0.9821521639823914,0.1749335080385208,0.9884117841720581,True,True
adam,smallcnn,0,2,random_m_2,0.0003,0.9,0.999,1e-08,m,restricted_no_dv,additive_first_moment,inherited,480,5,0.0003,0.9001141786575317,0.9001141786575317,,,,,140069,12027.4228515625,3.352944850921631,11181.2373046875,0.21154339611530304,0.9819010496139526,0.1765369474887848,0.9881758093833923,True,True
adam,smallcnn,0,2,random_m_2,0.0003,0.9,0.999,1e-08,m,full_coupled,additive_first_moment,inherited,480,10,0.0003,0.9001141786575317,0.9001141786575317,,,,,140069,18932.830078125,4.918834209442139,16434.525390625,0.3445783257484436,0.9589519500732422,0.3032190501689911,0.9701249599456787,True,True
adam,smallcnn,0,2,random_m_2,0.0003,0.9,0.999,1e-08,m,restricted_no_dv,additive_first_moment,inherited,480,10,0.0003,0.9001141786575317,0.9001141786575317,,,,,140069,19041.029296875,4.918834209442139,16434.525390625,0.3650878667831421,0.9538164734840393,0.3260418474674225,0.9649794697761536,True,True
adam,smallcnn,0,2,random_m_2,0.0003,0.9,0.999,1e-08,m,full_coupled,additive_first_moment,inherited,480,20,0.0003,0.9001141786575317,0.9001141786575317,,,,,140069,25314.63671875,6.111635208129883,20258.421875,0.5295568704605103,0.910845160484314,0.4875026047229767,0.9298305511474609,True,True
adam,smallcnn,0,2,random_m_2,0.0003,0.9,0.999,1e-08,m,restricted_no_dv,additive_first_moment,inherited,480,20,0.0003,0.9001141786575317,0.9001141786575317,,,,,140069,38801.69140625,6.111635208129883,20258.421875,1.5275471210479736,0.6022849678993225,1.5169264078140259,0.6180241107940674,True,True
adam,smallcnn,0,2,random_m_2,0.0003,0.9,0.999,1e-08,m,full_coupled,additive_first_moment,inherited,480,40,0.0003,0.9001141786575317,0.9001141786575317,,,,,140069,30020.0546875,6.654800891876221,21770.724609375,0.7733795642852783,0.8251373767852783,0.7492898106575012,0.8484841585159302,True,True
adam,smallcnn,0,2,random_m_2,0.0003,0.9,0.999,1e-08,m,restricted_no_dv,additive_first_moment,inherited,480,40,0.0003,0.9001141786575317,0.9001141786575317,,,,,140069,766307.625,6.654800891876221,21770.724609375,34.48786163330078,0.0718916803598404,35.12409973144531,0.08901898562908173,True,True
adam,smallcnn,0,2,random_m_2,0.0003,0.9,0.999,1e-08,m,full_coupled,additive_first_moment,inherited,480,1,0.001,0.9001141786575317,0.9001141786575317,,,,,140069,2946.732177734375,2.9467320442199707,2946.732177734375,1.81720437808508e-07,1.0000001192092896,1.2562223616896517e-07,0.9999998807907104,True,True
adam,smallcnn,0,2,random_m_2,0.0003,0.9,0.999,1e-08,m,restricted_no_dv,additive_first_moment,inherited,480,1,0.001,0.9001141786575317,0.9001141786575317,,,,,140069,2946.732177734375,2.9467320442199707,2946.732177734375,1.81720437808508e-07,1.0000001192092896,1.2562223616896517e-07,0.9999998807907104,True,True
adam,smallcnn,0,2,random_m_2,0.0003,0.9,0.999,1e-08,m,full_coupled,additive_first_moment,inherited,480,5,0.001,0.9001141786575317,0.9001141786575317,,,,,140069,12023.8427734375,9.594874382019043,9553.94921875,0.5094828605651855,0.9220020771026611,0.48572513461112976,0.9328194856643677,True,True
adam,smallcnn,0,2,random_m_2,0.0003,0.9,0.999,1e-08,m,restricted_no_dv,additive_first_moment,inherited,480,5,0.001,0.9001141786575317,0.9001141786575317,,,,,140069,12027.4228515625,9.594874382019043,9553.94921875,0.5102353692054749,0.9217947721481323,0.4865473806858063,0.9325991272926331,True,True
adam,smallcnn,0,2,random_m_2,0.0003,0.9,0.999,1e-08,m,full_coupled,additive_first_moment,inherited,480,10,0.001,0.9001141786575317,0.9001141786575317,,,,,140069,18932.830078125,13.510022163391113,13464.64453125,0.6984959244728088,0.88340824842453,0.6668003797531128,0.9005436301231384,True,True
adam,smallcnn,0,2,random_m_2,0.0003,0.9,0.999,1e-08,m,restricted_no_dv,additive_first_moment,inherited,480,10,0.001,0.9001141786575317,0.9001141786575317,,,,,140069,19041.029296875,13.510022163391113,13464.64453125,0.7135056257247925,0.8788557052612305,0.6829694509506226,0.8957229256629944,True,True
adam,smallcnn,0,2,random_m_2,0.0003,0.9,0.999,1e-08,m,full_coupled,additive_first_moment,inherited,480,20,0.001,0.9001141786575317,0.9001141786575317,,,,,140069,25314.63671875,15.799592971801758,15673.1064453125,0.9341658353805542,0.8408533930778503,0.904779314994812,0.8637292981147766,True,True
adam,smallcnn,0,2,random_m_2,0.0003,0.9,0.999,1e-08,m,restricted_no_dv,additive_first_moment,inherited,480,20,0.001,0.9001141786575317,0.9001141786575317,,,,,140069,38801.69140625,15.799592971801758,15673.1064453125,2.075650930404663,0.5543776154518127,2.0753862857818604,0.5699013471603394,True,True
adam,smallcnn,0,2,random_m_2,0.0003,0.9,0.999,1e-08,m,full_coupled,additive_first_moment,inherited,480,40,0.001,0.9001141786575317,0.9001141786575317,,,,,140069,30020.0546875,16.55556869506836,16385.736328125,1.2349088191986084,0.7618808746337891,1.216372013092041,0.7851638197898865,True,True
adam,smallcnn,0,2,random_m_2,0.0003,0.9,0.999,1e-08,m,restricted_no_dv,additive_first_moment,inherited,480,40,0.001,0.9001141786575317,0.9001141786575317,,,,,140069,766307.625,16.55556869506836,16385.736328125,46.2587776184082,0.039018046110868454,46.727481842041016,0.049942415207624435,True,True
adam,smallcnn,0,2,random_m_2,0.0003,0.9,0.999,1e-08,m,full_coupled,additive_first_moment,inherited,480,1,0.003,0.9001141786575317,0.9001141786575317,,,,,140069,2946.732177734375,8.840195655822754,2946.732177734375,9.361278330288769e-08,1.000000238418579,8.821752572885089e-08,0.9999998807907104,True,True
adam,smallcnn,0,2,random_m_2,0.0003,0.9,0.999,1e-08,m,restricted_no_dv,additive_first_moment,inherited,480,1,0.003,0.9001141786575317,0.9001141786575317,,,,,140069,2946.732177734375,8.840195655822754,2946.732177734375,9.361278330288769e-08,1.000000238418579,8.821752572885089e-08,0.9999998807907104,True,True
adam,smallcnn,0,2,random_m_2,0.0003,0.9,0.999,1e-08,m,full_coupled,additive_first_moment,inherited,480,5,0.003,0.9001141786575317,0.9001141786575317,,,,,140069,12023.8427734375,21.671493530273438,7299.8056640625,0.9459165334701538,0.8638486266136169,0.8967382907867432,0.8830273747444153,True,True
adam,smallcnn,0,2,random_m_2,0.0003,0.9,0.999,1e-08,m,restricted_no_dv,additive_first_moment,inherited,480,5,0.003,0.9001141786575317,0.9001141786575317,,,,,140069,12027.4228515625,21.671493530273438,7299.8056640625,0.9466464519500732,0.8636723160743713,0.8975100517272949,0.8828347325325012,True,True
adam,smallcnn,0,2,random_m_2,0.0003,0.9,0.999,1e-08,m,full_coupled,additive_first_moment,inherited,480,10,0.003,0.9001141786575317,0.9001141786575317,,,,,140069,18932.830078125,27.576271057128906,9312.6962890625,1.3815505504608154,0.8092560768127441,1.3171221017837524,0.8357866406440735,True,True
adam,smallcnn,0,2,random_m_2,0.0003,0.9,0.999,1e-08,m,restricted_no_dv,additive_first_moment,inherited,480,10,0.003,0.9001141786575317,0.9001141786575317,,,,,140069,19041.029296875,27.576271057128906,9312.6962890625,1.398368000984192,0.805110514163971,1.3343645334243774,0.8314428329467773,True,True
adam,smallcnn,0,2,random_m_2,0.0003,0.9,0.999,1e-08,m,full_coupled,additive_first_moment,inherited,480,20,0.003,0.9001141786575317,0.9001141786575317,,,,,140069,25314.63671875,30.885112762451172,10319.61328125,1.8167927265167236,0.761622965335846,1.7675288915634155,0.7935695052146912,True,True
adam,smallcnn,0,2,random_m_2,0.0003,0.9,0.999,1e-08,m,restricted_no_dv,additive_first_moment,inherited,480,20,0.003,0.9001141786575317,0.9001141786575317,,,,,140069,38801.69140625,30.885112762451172,10319.61328125,3.381636381149292,0.5000932216644287,3.3491549491882324,0.5213732123374939,True,True
adam,smallcnn,0,2,random_m_2,0.0003,0.9,0.999,1e-08,m,full_coupled,additive_first_moment,inherited,480,40,0.003,0.9001141786575317,0.9001141786575317,,,,,140069,30020.0546875,31.966604232788086,10649.1181640625,2.253302574157715,0.6850343346595764,2.214071750640869,0.7174037098884583,True,True
adam,smallcnn,0,2,random_m_2,0.0003,0.9,0.999,1e-08,m,restricted_no_dv,additive_first_moment,inherited,480,40,0.003,0.9001141786575317,0.9001141786575317,,,,,140069,766307.625,31.966604232788086,10649.1181640625,71.89893341064453,0.024404941126704216,71.93421173095703,0.03246203064918518,True,True
adam,smallcnn,0,2,random_m_2,0.0003,0.9,0.999,1e-08,m,full_coupled,additive_first_moment,inherited,480,1,0.01,0.9001141786575317,0.9001141786575317,,,,,140069,2946.732177734375,29.46731948852539,2946.731689453125,7.489538944582819e-08,1.0,7.402068291639807e-08,1.0,True,True
adam,smallcnn,0,2,random_m_2,0.0003,0.9,0.999,1e-08,m,restricted_no_dv,additive_first_moment,inherited,480,1,0.01,0.9001141786575317,0.9001141786575317,,,,,140069,2946.732177734375,29.46731948852539,2946.731689453125,7.489538944582819e-08,1.0,7.402068291639807e-08,1.0,True,True
adam,smallcnn,0,2,random_m_2,0.0003,0.9,0.999,1e-08,m,full_coupled,additive_first_moment,inherited,480,5,0.01,0.9001141786575317,0.9001141786575317,,,,,140069,12023.8427734375,38.46112823486328,3813.032958984375,2.2747321128845215,0.8954745531082153,2.2731900215148926,0.9158898591995239,True,True
adam,smallcnn,0,2,random_m_2,0.0003,0.9,0.999,1e-08,m,restricted_no_dv,additive_first_moment,inherited,480,5,0.01,0.9001141786575317,0.9001141786575317,,,,,140069,12027.4228515625,38.46112823486328,3813.032958984375,2.275832414627075,0.8953380584716797,2.2743163108825684,0.9157439470291138,True,True
adam,smallcnn,0,2,random_m_2,0.0003,0.9,0.999,1e-08,m,full_coupled,additive_first_moment,inherited,480,10,0.01,0.9001141786575317,0.9001141786575317,,,,,140069,18932.830078125,45.41509246826172,4361.228515625,3.4164633750915527,0.8044219017028809,3.535665273666382,0.8459494709968567,True,True
adam,smallcnn,0,2,random_m_2,0.0003,0.9,0.999,1e-08,m,restricted_no_dv,additive_first_moment,inherited,480,10,0.01,0.9001141786575317,0.9001141786575317,,,,,140069,19041.029296875,45.41509246826172,4361.228515625,3.444683790206909,0.8005167245864868,3.565220355987549,0.8418470025062561,True,True
adam,smallcnn,0,2,random_m_2,0.0003,0.9,0.999,1e-08,m,full_coupled,additive_first_moment,inherited,480,20,0.01,0.9001141786575317,0.9001141786575317,,,,,140069,25314.63671875,51.13636016845703,4761.8935546875,4.285422325134277,0.7213325500488281,4.581492900848389,0.7778931260108948,True,True
adam,smallcnn,0,2,random_m_2,0.0003,0.9,0.999,1e-08,m,restricted_no_dv,additive_first_moment,inherited,480,20,0.01,0.9001141786575317,0.9001141786575317,,,,,140069,38801.69140625,51.13636016845703,4761.8935546875,7.168675422668457,0.4735257625579834,7.683703899383545,0.5127834677696228,True,True
adam,smallcnn,0,2,random_m_2,0.0003,0.9,0.999,1e-08,m,full_coupled,additive_first_moment,inherited,480,40,0.01,0.9001141786575317,0.9001141786575317,,,,,140069,30020.0546875,53.56049346923828,4919.8642578125,5.03029203414917,0.6343503594398499,5.458241939544678,0.69156813621521,True,True
adam,smallcnn,0,2,random_m_2,0.0003,0.9,0.999,1e-08,m,restricted_no_dv,additive_first_moment,inherited,480,40,0.01,0.9001141786575317,0.9001141786575317,,,,,140069,766307.625,53.56049346923828,4919.8642578125,143.05532836914062,0.02144312486052513,155.731689453125,0.02939981035888195,True,True
adam,smallcnn,0,3,random_m_3,0.0003,0.9,0.999,1e-08,m,full_coupled,additive_first_moment,inherited,480,1,1e-06,0.9001141786575317,0.9001141786575317,,,,,140069,2994.656005859375,0.0029946567956358194,2994.65625,0.00011163620365550742,1.0,7.149900193326175e-05,0.9999998807907104,True,True
adam,smallcnn,0,3,random_m_3,0.0003,0.9,0.999,1e-08,m,restricted_no_dv,additive_first_moment,inherited,480,1,1e-06,0.9001141786575317,0.9001141786575317,,,,,140069,2994.656005859375,0.0029946567956358194,2994.65625,0.00011163620365550742,1.0,7.149900193326175e-05,0.9999998807907104,True,True
adam,smallcnn,0,3,random_m_3,0.0003,0.9,0.999,1e-08,m,full_coupled,additive_first_moment,inherited,480,5,1e-06,0.9001141786575317,0.9001141786575317,,,,,140069,12215.94140625,0.012215682305395603,12215.94140625,0.0003279658267274499,0.9999998807907104,0.00024357014626730233,1.0,True,True
adam,smallcnn,0,3,random_m_3,0.0003,0.9,0.999,1e-08,m,restricted_no_dv,additive_first_moment,inherited,480,5,1e-06,0.9001141786575317,0.9001141786575317,,,,,140069,12216.5498046875,0.012215682305395603,12215.94140625,0.0059104375541210175,0.9999825358390808,0.005845868494361639,0.9999828338623047,True,True
adam,smallcnn,0,3,random_m_3,0.0003,0.9,0.999,1e-08,m,full_coupled,additive_first_moment,inherited,480,10,1e-06,0.9001141786575317,0.9001141786575317,,,,,140069,19199.15625,0.01920018531382084,19209.755859375,0.015384900383651257,0.9998816251754761,0.029503172263503075,0.9995647072792053,True,True
adam,smallcnn,0,3,random_m_3,0.0003,0.9,0.999,1e-08,m,restricted_no_dv,additive_first_moment,inherited,480,10,1e-06,0.9001141786575317,0.9001141786575317,,,,,140069,19202.94140625,0.01920018531382084,19209.755859375,0.021789012476801872,0.9997626543045044,0.03342186659574509,0.9994413256645203,True,True
adam,smallcnn,0,3,random_m_3,0.0003,0.9,0.999,1e-08,m,full_coupled,additive_first_moment,inherited,480,20,1e-06,0.9001141786575317,0.9001141786575317,,,,,140069,24890.4765625,0.03085394762456417,28901.306640625,0.5959417819976807,0.8030360341072083,0.5113479495048523,0.8593758940696716,True,True
adam,smallcnn,0,3,random_m_3,0.0003,0.9,0.999,1e-08,m,restricted_no_dv,additive_first_moment,inherited,480,20,1e-06,0.9001141786575317,0.9001141786575317,,,,,140069,25323.328125,0.03085394762456417,28901.306640625,0.6107211112976074,0.7923546433448792,0.5367160439491272,0.8443633913993835,True,True
adam,smallcnn,0,3,random_m_3,0.0003,0.9,0.999,1e-08,m,full_coupled,additive_first_moment,inherited,480,40,1e-06,0.9001141786575317,0.9001141786575317,,,,,140069,27241.81640625,0.11046358942985535,95246.546875,0.9608398675918579,0.2789890468120575,0.9488009214401245,0.3174334168434143,True,True
adam,smallcnn,0,3,random_m_3,0.0003,0.9,0.999,1e-08,m,restricted_no_dv,additive_first_moment,inherited,480,40,1e-06,0.9001141786575317,0.9001141786575317,,,,,140069,74763.984375,0.11046358942985535,95246.546875,1.1558047533035278,0.09027574956417084,1.1716902256011963,0.15497244894504547,True,True
adam,smallcnn,0,3,random_m_3,0.0003,0.9,0.999,1e-08,m,full_coupled,additive_first_moment,inherited,480,1,3e-06,0.9001141786575317,0.9001141786575317,,,,,140069,2994.656005859375,0.008983967825770378,2994.65576171875,4.499074202612974e-05,0.9999998807907104,2.6410751161165535e-05,0.9999998807907104,True,True
adam,smallcnn,0,3,random_m_3,0.0003,0.9,0.999,1e-08,m,restricted_no_dv,additive_first_moment,inherited,480,1,3e-06,0.9001141786575317,0.9001141786575317,,,,,140069,2994.656005859375,0.008983967825770378,2994.65576171875,4.499074202612974e-05,0.9999998807907104,2.6410751161165535e-05,0.9999998807907104,True,True
adam,smallcnn,0,3,random_m_3,0.0003,0.9,0.999,1e-08,m,full_coupled,additive_first_moment,inherited,480,5,3e-06,0.9001141786575317,0.9001141786575317,,,,,140069,12215.94140625,0.03664557635784149,12215.94921875,0.0008065082947723567,0.9999995827674866,0.0002639946178533137,0.9999998807907104,True,True
adam,smallcnn,0,3,random_m_3,0.0003,0.9,0.999,1e-08,m,restricted_no_dv,additive_first_moment,inherited,480,5,3e-06,0.9001141786575317,0.9001141786575317,,,,,140069,12216.5498046875,0.03664557635784149,12215.94921875,0.006063268985599279,0.9999816417694092,0.0058154454454779625,0.9999830722808838,True,True
adam,smallcnn,0,3,random_m_3,0.0003,0.9,0.999,1e-08,m,full_coupled,additive_first_moment,inherited,480,10,3e-06,0.9001141786575317,0.9001141786575317,,,,,140069,19199.15625,0.05814700201153755,19268.34765625,0.13092701137065887,0.9913923144340515,0.07811113446950912,0.9969448447227478,True,True
adam,smallcnn,0,3,random_m_3,0.0003,0.9,0.999,1e-08,m,restricted_no_dv,additive_first_moment,inherited,480,10,3e-06,0.9001141786575317,0.9001141786575317,,,,,140069,19202.94140625,0.05814700201153755,19268.34765625,0.13269634544849396,0.9911569356918335,0.08034933358430862,0.9967668056488037,True,True
adam,smallcnn,0,3,random_m_3,0.0003,0.9,0.999,1e-08,m,full_coupled,additive_first_moment,inherited,480,20,3e-06,0.9001141786575317,0.9001141786575317,,,,,140069,24890.4765625,0.09108550101518631,26746.361328125,0.5661451816558838,0.8243178725242615,0.36852291226387024,0.929619312286377,True,True
adam,smallcnn,0,3,random_m_3,0.0003,0.9,0.999,1e-08,m,restricted_no_dv,additive_first_moment,inherited,480,20,3e-06,0.9001141786575317,0.9001141786575317,,,,,140069,25323.328125,0.09108550101518631,26746.361328125,0.5600821375846863,0.828455924987793,0.38474586606025696,0.9233209490776062,True,True
adam,smallcnn,0,3,random_m_3,0.0003,0.9,0.999,1e-08,m,full_coupled,additive_first_moment,inherited,480,40,3e-06,0.9001141786575317,0.9001141786575317,,,,,140069,27241.81640625,0.1936320662498474,48385.4296875,0.9052084684371948,0.42497777938842773,0.8393131494522095,0.5439813733100891,True,True
adam,smallcnn,0,3,random_m_3,0.0003,0.9,0.999,1e-08,m,restricted_no_dv,additive_first_moment,inherited,480,40,3e-06,0.9001141786575317,0.9001141786575317,,,,,140069,74763.984375,0.1936320662498474,48385.4296875,1.2721221446990967,0.31228241324424744,1.539095401763916,0.3296561539173126,True,True
adam,smallcnn,0,3,random_m_3,0.0003,0.9,0.999,1e-08,m,full_coupled,additive_first_moment,inherited,480,1,1e-05,0.9001141786575317,0.9001141786575317,,,,,140069,2994.656005859375,0.02994655631482601,2994.655517578125,1.4951829143683426e-05,1.0,8.374557182833087e-06,0.9999998807907104,True,True
adam,smallcnn,0,3,random_m_3,0.0003,0.9,0.999,1e-08,m,restricted_no_dv,additive_first_moment,inherited,480,1,1e-05,0.9001141786575317,0.9001141786575317,,,,,140069,2994.656005859375,0.02994655631482601,2994.655517578125,1.4951829143683426e-05,1.0,8.374557182833087e-06,0.9999998807907104,True,True
adam,smallcnn,0,3,random_m_3,0.0003,0.9,0.999,1e-08,m,full_coupled,additive_first_moment,inherited,480,5,1e-05,0.9001141786575317,0.9001141786575317,,,,,140069,12215.94140625,0.12216305732727051,12221.6455078125,0.021179990842938423,0.9997755885124207,0.02266034670174122,0.9997431039810181,True,True
adam,smallcnn,0,3,random_m_3,0.0003,0.9,0.999,1e-08,m,restricted_no_dv,additive_first_moment,inherited,480,5,1e-05,0.9001141786575317,0.9001141786575317,,,,,140069,12216.5498046875,0.12216305732727051,12221.6455078125,0.022144688293337822,0.9997547268867493,0.023634109646081924,0.9997206330299377,True,True
adam,smallcnn,0,3,random_m_3,0.0003,0.9,0.999,1e-08,m,full_coupled,additive_first_moment,inherited,480,10,1e-05,0.9001141786575317,0.9001141786575317,,,,,140069,19199.15625,0.1924363076686859,19223.025390625,0.0808694064617157,0.9967251420021057,0.05947626382112503,0.9982299208641052,True,True
adam,smallcnn,0,3,random_m_3,0.0003,0.9,0.999,1e-08,m,restricted_no_dv,additive_first_moment,inherited,480,10,1e-05,0.9001141786575317,0.9001141786575317,,,,,140069,19202.94140625,0.1924363076686859,19223.025390625,0.08210090547800064,0.996624767780304,0.061883360147476196,0.9980838298797607,True,True
adam,smallcnn,0,3,random_m_3,0.0003,0.9,0.999,1e-08,m,full_coupled,additive_first_moment,inherited,480,20,1e-05,0.9001141786575317,0.9001141786575317,,,,,140069,24890.4765625,0.262014776468277,25589.3671875,0.339126318693161,0.9407857060432434,0.25859901309013367,0.9660079479217529,True,True
adam,smallcnn,0,3,random_m_3,0.0003,0.9,0.999,1e-08,m,restricted_no_dv,additive_first_moment,inherited,480,20,1e-05,0.9001141786575317,0.9001141786575317,,,,,140069,25323.328125,0.262014776468277,25589.3671875,0.3717292249202728,0.9290940761566162,0.30235952138900757,0.953863799571991,True,True
adam,smallcnn,0,3,random_m_3,0.0003,0.9,0.999,1e-08,m,full_coupled,additive_first_moment,inherited,480,40,1e-05,0.9001141786575317,0.9001141786575317,,,,,140069,27241.81640625,0.46341830492019653,35168.41796875,0.8216363787651062,0.570282518863678,0.6423598527908325,0.7664466500282288,True,True
adam,smallcnn,0,3,random_m_3,0.0003,0.9,0.999,1e-08,m,restricted_no_dv,additive_first_moment,inherited,480,40,1e-05,0.9001141786575317,0.9001141786575317,,,,,140069,74763.984375,0.46341830492019653,35168.41796875,1.817444086074829,0.09287825971841812,2.0396006107330322,0.3197289705276489,True,True
adam,smallcnn,0,3,random_m_3,0.0003,0.9,0.999,1e-08,m,full_coupled,additive_first_moment,inherited,480,1,3e-05,0.9001141786575317,0.9001141786575317,,,,,140069,2994.656005859375,0.08983967453241348,2994.655517578125,5.187993792787893e-06,0.9999998807907104,2.857449544535484e-06,0.9999998807907104,True,True
adam,smallcnn,0,3,random_m_3,0.0003,0.9,0.999,1e-08,m,restricted_no_dv,additive_first_moment,inherited,480,1,3e-05,0.9001141786575317,0.9001141786575317,,,,,140069,2994.656005859375,0.08983967453241348,2994.655517578125,5.187993792787893e-06,0.9999998807907104,2.857449544535484e-06,0.9999998807907104,True,True
adam,smallcnn,0,3,random_m_3,0.0003,0.9,0.999,1e-08,m,full_coupled,additive_first_moment,inherited,480,5,3e-05,0.9001141786575317,0.9001141786575317,,,,,140069,12215.94140625,0.36591485142707825,12211.517578125,0.02322850376367569,0.9997319579124451,0.014183693565428257,0.9998995065689087,True,True
adam,smallcnn,0,3,random_m_3,0.0003,0.9,0.999,1e-08,m,restricted_no_dv,additive_first_moment,inherited,480,5,3e-05,0.9001141786575317,0.9001141786575317,,,,,140069,12216.5498046875,0.36591485142707825,12211.517578125,0.02459101751446724,0.9996994137763977,0.015462497249245644,0.9998806118965149,True,True
adam,smallcnn,0,3,random_m_3,0.0003,0.9,0.999,1e-08,m,full_coupled,additive_first_moment,inherited,480,10,3e-05,0.9001141786575317,0.9001141786575317,,,,,140069,19199.15625,0.5750534534454346,19158.17578125,0.07287415862083435,0.9973501563072205,0.052327487617731094,0.9986361265182495,True,True
adam,smallcnn,0,3,random_m_3,0.0003,0.9,0.999,1e-08,m,restricted_no_dv,additive_first_moment,inherited,480,10,3e-05,0.9001141786575317,0.9001141786575317,,,,,140069,19202.94140625,0.5750534534454346,19158.17578125,0.07764901965856552,0.9969922304153442,0.056621138006448746,0.9984035491943359,True,True
adam,smallcnn,0,3,random_m_3,0.0003,0.9,0.999,1e-08,m,full_coupled,additive_first_moment,inherited,480,20,3e-05,0.9001141786575317,0.9001141786575317,,,,,140069,24890.4765625,0.770021378993988,25118.90625,0.2399998903274536,0.9707733988761902,0.1560829132795334,0.9877490997314453,True,True
adam,smallcnn,0,3,random_m_3,0.0003,0.9,0.999,1e-08,m,restricted_no_dv,additive_first_moment,inherited,480,20,3e-05,0.9001141786575317,0.9001141786575317,,,,,140069,25323.328125,0.770021378993988,25118.90625,0.3322901129722595,0.9441326260566711,0.24248036742210388,0.9708718657493591,True,True
adam,smallcnn,0,3,random_m_3,0.0003,0.9,0.999,1e-08,m,full_coupled,additive_first_moment,inherited,480,40,3e-05,0.9001141786575317,0.9001141786575317,,,,,140069,27241.81640625,1.0934451818466187,30035.306640625,0.6781370043754578,0.7350396513938904,0.4772636592388153,0.8791996240615845,True,True
adam,smallcnn,0,3,random_m_3,0.0003,0.9,0.999,1e-08,m,restricted_no_dv,additive_first_moment,inherited,480,40,3e-05,0.9001141786575317,0.9001141786575317,,,,,140069,74763.984375,1.0934451818466187,30035.306640625,2.293976306915283,-0.013342431746423244,2.518759250640869,0.1711360067129135,True,True
adam,smallcnn,0,3,random_m_3,0.0003,0.9,0.999,1e-08,m,full_coupled,additive_first_moment,inherited,480,1,0.0001,0.9001141786575317,0.9001141786575317,,,,,140069,2994.656005859375,0.2994655668735504,2994.655517578125,1.5801608697074698e-06,1.0,8.62056822370505e-07,1.0,True,True
adam,smallcnn,0,3,random_m_3,0.0003,0.9,0.999,1e-08,m,restricted_no_dv,additive_first_moment,inherited,480,1,0.0001,0.9001141786575317,0.9001141786575317,,,,,140069,2994.656005859375,0.2994655668735504,2994.655517578125,1.5801608697074698e-06,1.0,8.62056822370505e-07,1.0,True,True
adam,smallcnn,0,3,random_m_3,0.0003,0.9,0.999,1e-08,m,full_coupled,additive_first_moment,inherited,480,5,0.0001,0.9001141786575317,0.9001141786575317,,,,,140069,12215.94140625,1.212770938873291,12164.9013671875,0.04956556484103203,0.9988067150115967,0.02699984982609749,0.9996457695960999,True,True
adam,smallcnn,0,3,random_m_3,0.0003,0.9,0.999,1e-08,m,restricted_no_dv,additive_first_moment,inherited,480,5,0.0001,0.9001141786575317,0.9001141786575317,,,,,140069,12216.5498046875,1.212770938873291,12164.9013671875,0.05032744258642197,0.9987695217132568,0.02801513485610485,0.9996182322502136,True,True
adam,smallcnn,0,3,random_m_3,0.0003,0.9,0.999,1e-08,m,full_coupled,additive_first_moment,inherited,480,10,0.0001,0.9001141786575317,0.9001141786575317,,,,,140069,19199.15625,1.863471269607544,18736.873046875,0.11701186001300812,0.993800699710846,0.08293555676937103,0.9969406723976135,True,True
adam,smallcnn,0,3,random_m_3,0.0003,0.9,0.999,1e-08,m,restricted_no_dv,additive_first_moment,inherited,480,10,0.0001,0.9001141786575317,0.9001141786575317,,,,,140069,19202.94140625,1.863471269607544,18736.873046875,0.12024547904729843,0.9934355020523071,0.08557841181755066,0.9967288970947266,True,True
adam,smallcnn,0,3,random_m_3,0.0003,0.9,0.999,1e-08,m,full_coupled,additive_first_moment,inherited,480,20,0.0001,0.9001141786575317,0.9001141786575317,,,,,140069,24890.4765625,2.37803316116333,23717.224609375,0.2624672055244446,0.968132734298706,0.1659417301416397,0.9880466461181641,True,True
adam,smallcnn,0,3,random_m_3,0.0003,0.9,0.999,1e-08,m,restricted_no_dv,additive_first_moment,inherited,480,20,0.0001,0.9001141786575317,0.9001141786575317,,,,,140069,25323.328125,2.37803316116333,23717.224609375,0.34578078985214233,0.9458372592926025,0.2532083988189697,0.9721235036849976,True,True
adam,smallcnn,0,3,random_m_3,0.0003,0.9,0.999,1e-08,m,full_coupled,additive_first_moment,inherited,480,40,0.0001,0.9001141786575317,0.9001141786575317,,,,,140069,27241.81640625,2.8193092346191406,26121.7109375,0.5264059901237488,0.8571992516517639,0.342273473739624,0.9447144269943237,True,True
adam,smallcnn,0,3,random_m_3,0.0003,0.9,0.999,1e-08,m,restricted_no_dv,additive_first_moment,inherited,480,40,0.0001,0.9001141786575317,0.9001141786575317,,,,,140069,74763.984375,2.8193092346191406,26121.7109375,2.64218807220459,0.1981963813304901,2.6699719429016113,0.360411137342453,True,True
adam,smallcnn,0,3,random_m_3,0.0003,0.9,0.999,1e-08,m,full_coupled,additive_first_moment,inherited,480,1,0.0003,0.9001141786575317,0.9001141786575317,,,,,140069,2994.656005859375,0.8983967900276184,2994.656005859375,5.388296244746016e-07,1.0,3.006726387866365e-07,0.9999997615814209,True,True
adam,smallcnn,0,3,random_m_3,0.0003,0.9,0.999,1e-08,m,restricted_no_dv,additive_first_moment,inherited,480,1,0.0003,0.9001141786575317,0.9001141786575317,,,,,140069,2994.656005859375,0.8983967900276184,2994.656005859375,5.388296244746016e-07,1.0,3.006726387866365e-07,0.9999997615814209,True,True
adam,smallcnn,0,3,random_m_3,0.0003,0.9,0.999,1e-08,m,full_coupled,additive_first_moment,inherited,480,5,0.0003,0.9001141786575317,0.9001141786575317,,,,,140069,12215.94140625,3.444103479385376,11648.9111328125,0.1879338026046753,0.9853329658508301,0.11522026360034943,0.9948000311851501,True,True
adam,smallcnn,0,3,random_m_3,0.0003,0.9,0.999,1e-08,m,restricted_no_dv,additive_first_moment,inherited,480,5,0.0003,0.9001141786575317,0.9001141786575317,,,,,140069,12216.5498046875,3.444103479385376,11648.9111328125,0.18829242885112762,0.9852735996246338,0.11569532752037048,0.9947503805160522,True,True
adam,smallcnn,0,3,random_m_3,0.0003,0.9,0.999,1e-08,m,full_coupled,additive_first_moment,inherited,480,10,0.0003,0.9001141786575317,0.9001141786575317,,,,,140069,19199.15625,5.079831123352051,17114.138671875,0.3126715123653412,0.9647884964942932,0.23024944961071014,0.9829866290092468,True,True
adam,smallcnn,0,3,random_m_3,0.0003,0.9,0.999,1e-08,m,restricted_no_dv,additive_first_moment,inherited,480,10,0.0003,0.9001141786575317,0.9001141786575317,,,,,140069,19202.94140625,5.079831123352051,17114.138671875,0.3141518235206604,0.9644128084182739,0.23193888366222382,0.9826661348342896,True,True
adam,smallcnn,0,3,random_m_3,0.0003,0.9,0.999,1e-08,m,full_coupled,additive_first_moment,inherited,480,20,0.0003,0.9001141786575317,0.9001141786575317,,,,,140069,24890.4765625,6.3088579177856445,21062.935546875,0.4004689157009125,0.9464904069900513,0.31363287568092346,0.9723523855209351,True,True
adam,smallcnn,0,3,random_m_3,0.0003,0.9,0.999,1e-08,m,restricted_no_dv,additive_first_moment,inherited,480,20,0.0003,0.9001141786575317,0.9001141786575317,,,,,140069,25323.328125,6.3088579177856445,21062.935546875,0.45779722929000854,0.9302889704704285,0.3769952654838562,0.9579078555107117,True,True
adam,smallcnn,0,3,random_m_3,0.0003,0.9,0.999,1e-08,m,full_coupled,additive_first_moment,inherited,480,40,0.0003,0.9001141786575317,0.9001141786575317,,,,,140069,27241.81640625,6.879849910736084,22505.875,0.5161961317062378,0.9027045369148254,0.4177927076816559,0.9461889266967773,True,True
adam,smallcnn,0,3,random_m_3,0.0003,0.9,0.999,1e-08,m,restricted_no_dv,additive_first_moment,inherited,480,40,0.0003,0.9001141786575317,0.9001141786575317,,,,,140069,74763.984375,6.879849910736084,22505.875,3.1204776763916016,0.29002848267555237,3.103269577026367,0.36202049255371094,True,True
adam,smallcnn,0,3,random_m_3,0.0003,0.9,0.999,1e-08,m,full_coupled,additive_first_moment,inherited,480,1,0.001,0.9001141786575317,0.9001141786575317,,,,,140069,2994.656005859375,2.9946558475494385,2994.656005859375,1.7964291032512847e-07,1.0000001192092896,1.240894675902382e-07,0.9999998807907104,True,True
adam,smallcnn,0,3,random_m_3,0.0003,0.9,0.999,1e-08,m,restricted_no_dv,additive_first_moment,inherited,480,1,0.001,0.9001141786575317,0.9001141786575317,,,,,140069,2994.656005859375,2.9946558475494385,2994.656005859375,1.7964291032512847e-07,1.0000001192092896,1.240894675902382e-07,0.9999998807907104,True,True
adam,smallcnn,0,3,random_m_3,0.0003,0.9,0.999,1e-08,m,full_coupled,additive_first_moment,inherited,480,5,0.001,0.9001141786575317,0.9001141786575317,,,,,140069,12215.94140625,9.637765884399414,9826.0673828125,0.5174580812454224,0.922603189945221,0.40964069962501526,0.9563026428222656,True,True
adam,smallcnn,0,3,random_m_3,0.0003,0.9,0.999,1e-08,m,restricted_no_dv,additive_first_moment,inherited,480,5,0.001,0.9001141786575317,0.9001141786575317,,,,,140069,12216.5498046875,9.637765884399414,9826.0673828125,0.5175964832305908,0.9225637316703796,0.40980973839759827,0.9562613368034363,True,True
adam,smallcnn,0,3,random_m_3,0.0003,0.9,0.999,1e-08,m,full_coupled,additive_first_moment,inherited,480,10,0.001,0.9001141786575317,0.9001141786575317,,,,,140069,19199.15625,13.490266799926758,13664.865234375,0.7151774168014526,0.8832224011421204,0.6153810620307922,0.9236058592796326,True,True
adam,smallcnn,0,3,random_m_3,0.0003,0.9,0.999,1e-08,m,restricted_no_dv,additive_first_moment,inherited,480,10,0.001,0.9001141786575317,0.9001141786575317,,,,,140069,19202.94140625,13.490266799926758,13664.865234375,0.7157711386680603,0.8830304145812988,0.6161320805549622,0.9233717918395996,True,True
adam,smallcnn,0,3,random_m_3,0.0003,0.9,0.999,1e-08,m,full_coupled,additive_first_moment,inherited,480,20,0.001,0.9001141786575317,0.9001141786575317,,,,,140069,24890.4765625,15.545854568481445,15715.244140625,0.8851209878921509,0.8681790232658386,0.7891022562980652,0.9110361933708191,True,True
adam,smallcnn,0,3,random_m_3,0.0003,0.9,0.999,1e-08,m,restricted_no_dv,additive_first_moment,inherited,480,20,0.001,0.9001141786575317,0.9001141786575317,,,,,140069,25323.328125,15.545854568481445,15715.244140625,0.9335470199584961,0.8539116978645325,0.8402702212333679,0.8969021439552307,True,True
adam,smallcnn,0,3,random_m_3,0.0003,0.9,0.999,1e-08,m,full_coupled,additive_first_moment,inherited,480,40,0.001,0.9001141786575317,0.9001141786575317,,,,,140069,27241.81640625,16.252029418945312,16390.998046875,0.9883175492286682,0.8450340032577515,0.8929649591445923,0.8919541835784912,True,True
adam,smallcnn,0,3,random_m_3,0.0003,0.9,0.999,1e-08,m,restricted_no_dv,additive_first_moment,inherited,480,40,0.001,0.9001141786575317,0.9001141786575317,,,,,140069,74763.984375,16.252029418945312,16390.998046875,4.425182342529297,0.2804602384567261,4.344115257263184,0.32161664962768555,True,True
adam,smallcnn,0,3,random_m_3,0.0003,0.9,0.999,1e-08,m,full_coupled,additive_first_moment,inherited,480,1,0.003,0.9001141786575317,0.9001141786575317,,,,,140069,2994.656005859375,8.983967781066895,2994.656005859375,9.324261185383875e-08,0.9999998807907104,8.675923623968629e-08,0.9999998807907104,True,True
adam,smallcnn,0,3,random_m_3,0.0003,0.9,0.999,1e-08,m,restricted_no_dv,additive_first_moment,inherited,480,1,0.003,0.9001141786575317,0.9001141786575317,,,,,140069,2994.656005859375,8.983967781066895,2994.656005859375,9.324261185383875e-08,0.9999998807907104,8.675923623968629e-08,0.9999998807907104,True,True
adam,smallcnn,0,3,random_m_3,0.0003,0.9,0.999,1e-08,m,full_coupled,additive_first_moment,inherited,480,5,0.003,0.9001141786575317,0.9001141786575317,,,,,140069,12215.94140625,21.86427116394043,7197.3759765625,0.9620000123977661,0.8603159189224243,0.9323949813842773,0.887123703956604,True,True
adam,smallcnn,0,3,random_m_3,0.0003,0.9,0.999,1e-08,m,restricted_no_dv,additive_first_moment,inherited,480,5,0.003,0.9001141786575317,0.9001141786575317,,,,,140069,12216.5498046875,21.86427116394043,7197.3759765625,0.9621398448944092,0.8602762222290039,0.9325339198112488,0.8870875835418701,True,True
adam,smallcnn,0,3,random_m_3,0.0003,0.9,0.999,1e-08,m,full_coupled,additive_first_moment,inherited,480,10,0.003,0.9001141786575317,0.9001141786575317,,,,,140069,19199.15625,27.629985809326172,9049.7021484375,1.410871982574463,0.8047100901603699,1.3905385732650757,0.8407318592071533,True,True
adam,smallcnn,0,3,random_m_3,0.0003,0.9,0.999,1e-08,m,restricted_no_dv,additive_first_moment,inherited,480,10,0.003,0.9001141786575317,0.9001141786575317,,,,,140069,19202.94140625,27.629985809326172,9049.7021484375,1.4115475416183472,0.8045052886009216,1.391228199005127,0.8405322432518005,True,True
adam,smallcnn,0,3,random_m_3,0.0003,0.9,0.999,1e-08,m,full_coupled,additive_first_moment,inherited,480,20,0.003,0.9001141786575317,0.9001141786575317,,,,,140069,24890.4765625,30.52341079711914,9974.0224609375,1.7793081998825073,0.7804983854293823,1.7676842212677002,0.8220627903938293,True,True
adam,smallcnn,0,3,random_m_3,0.0003,0.9,0.999,1e-08,m,restricted_no_dv,additive_first_moment,inherited,480,20,0.003,0.9001141786575317,0.9001141786575317,,,,,140069,25323.328125,30.52341079711914,9974.0224609375,1.836889386177063,0.7675058841705322,1.8270047903060913,0.8090442419052124,True,True
adam,smallcnn,0,3,random_m_3,0.0003,0.9,0.999,1e-08,m,full_coupled,additive_first_moment,inherited,480,40,0.003,0.9001141786575317,0.9001141786575317,,,,,140069,27241.81640625,31.446340560913086,10257.5166015625,1.9498261213302612,0.7603999972343445,1.943892240524292,0.8047522902488708,True,True
adam,smallcnn,0,3,random_m_3,0.0003,0.9,0.999,1e-08,m,restricted_no_dv,additive_first_moment,inherited,480,40,0.003,0.9001141786575317,0.9001141786575317,,,,,140069,74763.984375,31.446340560913086,10257.5166015625,6.936234474182129,0.26369598507881165,7.0613532066345215,0.2924037575721741,True,True
adam,smallcnn,0,3,random_m_3,0.0003,0.9,0.999,1e-08,m,full_coupled,additive_first_moment,inherited,480,1,0.01,0.9001141786575317,0.9001141786575317,,,,,140069,2994.656005859375,29.946556091308594,2994.655517578125,7.634022125557749e-08,1.0000001192092896,7.549241587412325e-08,1.0,True,True
adam,smallcnn,0,3,random_m_3,0.0003,0.9,0.999,1e-08,m,restricted_no_dv,additive_first_moment,inherited,480,1,0.01,0.9001141786575317,0.9001141786575317,,,,,140069,2994.656005859375,29.946556091308594,2994.655517578125,7.634022125557749e-08,1.0000001192092896,7.549241587412325e-08,1.0,True,True
adam,smallcnn,0,3,random_m_3,0.0003,0.9,0.999,1e-08,m,full_coupled,additive_first_moment,inherited,480,5,0.01,0.9001141786575317,0.9001141786575317,,,,,140069,12215.94140625,42.9961051940918,3958.468017578125,2.0293569564819336,0.871819257736206,2.2126317024230957,0.9118238091468811,True,True
adam,smallcnn,0,3,random_m_3,0.0003,0.9,0.999,1e-08,m,restricted_no_dv,additive_first_moment,inherited,480,5,0.01,0.9001141786575317,0.9001141786575317,,,,,140069,12216.5498046875,42.9961051940918,3958.468017578125,2.0295474529266357,0.8717811107635498,2.2128376960754395,0.9117844700813293,True,True
adam,smallcnn,0,3,random_m_3,0.0003,0.9,0.999,1e-08,m,full_coupled,additive_first_moment,inherited,480,10,0.01,0.9001141786575317,0.9001141786575317,,,,,140069,19199.15625,49.65481948852539,4461.37744140625,3.122572183609009,0.8016954660415649,3.4882006645202637,0.8541858792304993,True,True
adam,smallcnn,0,3,random_m_3,0.0003,0.9,0.999,1e-08,m,restricted_no_dv,additive_first_moment,inherited,480,10,0.01,0.9001141786575317,0.9001141786575317,,,,,140069,19202.94140625,49.65481948852539,4461.37744140625,3.1235694885253906,0.8014945387840271,3.489311933517456,0.8539652824401855,True,True
adam,smallcnn,0,3,random_m_3,0.0003,0.9,0.999,1e-08,m,full_coupled,additive_first_moment,inherited,480,20,0.01,0.9001141786575317,0.9001141786575317,,,,,140069,24890.4765625,53.13325881958008,4739.9951171875,3.968837261199951,0.767763078212738,4.464029312133789,0.8233548402786255,True,True
adam,smallcnn,0,3,random_m_3,0.0003,0.9,0.999,1e-08,m,restricted_no_dv,additive_first_moment,inherited,480,20,0.01,0.9001141786575317,0.9001141786575317,,,,,140069,25323.328125,53.13325881958008,4739.9951171875,4.064097881317139,0.7551289796829224,4.570086479187012,0.810148298740387,True,True
adam,smallcnn,0,3,random_m_3,0.0003,0.9,0.999,1e-08,m,full_coupled,additive_first_moment,inherited,480,40,0.01,0.9001141786575317,0.9001141786575317,,,,,140069,27241.81640625,54.40395736694336,4828.95703125,4.3156843185424805,0.7437257766723633,4.878250598907471,0.8001150488853455,True,True
adam,smallcnn,0,3,random_m_3,0.0003,0.9,0.999,1e-08,m,restricted_no_dv,additive_first_moment,inherited,480,40,0.01,0.9001141786575317,0.9001141786575317,,,,,140069,74763.984375,54.40395736694336,4828.95703125,13.511971473693848,0.26486271619796753,15.22037410736084,0.29213374853134155,True,True
adam,smallcnn,0,0,all_parameters,0.0003,0.9,0.999,1e-08,rms_global,full_coupled,multiplicative_rms_memory,inherited,480,1,0.001,1.0,374.2579345703125,0.001,0.001,0.001,,140069,0.04053112864494324,4.051990254083648e-05,0.0405326671898365,0.011378368362784386,0.9999354481697083,0.005718122236430645,0.9999837279319763,True,True
adam,smallcnn,0,0,all_parameters,0.0003,0.9,0.999,1e-08,rms_global,full_coupled,multiplicative_rms_memory,inherited,480,5,0.001,1.0,374.2579345703125,0.001,0.001,0.001,,140069,0.27225181460380554,0.00028639871743507683,0.27971360087394714,0.3768671154975891,0.9265788793563843,0.34183648228645325,0.940338134765625,True,True
adam,smallcnn,0,0,all_parameters,0.0003,0.9,0.999,1e-08,rms_global,full_coupled,multiplicative_rms_memory,inherited,480,10,0.001,1.0,374.2579345703125,0.001,0.001,0.001,,140069,0.525132417678833,0.0013912356225773692,1.389072299003601,0.9399821758270264,0.34296292066574097,0.9369530081748962,0.3505365252494812,True,True
adam,smallcnn,0,0,all_parameters,0.0003,0.9,0.999,1e-08,rms_global,full_coupled,multiplicative_rms_memory,inherited,480,20,0.001,1.0,374.2579345703125,0.001,0.001,0.001,,140069,0.9521996974945068,0.014041255228221416,15.804634094238281,0.9971731901168823,0.07553276419639587,1.0000381469726562,0.029490219429135323,True,True
adam,smallcnn,0,0,all_parameters,0.0003,0.9,0.999,1e-08,rms_global,full_coupled,multiplicative_rms_memory,inherited,480,40,0.001,1.0,374.2579345703125,0.001,0.001,0.001,,140069,1.8851159811019897,0.08533300459384918,72.88200378417969,0.9992164969444275,0.046497274190187454,1.0002108812332153,0.004779817070811987,True,True
adam,smallcnn,0,0,all_parameters,0.0003,0.9,0.999,1e-08,rms_global,full_coupled,multiplicative_rms_memory,inherited,480,1,0.003,1.0,374.2579345703125,0.003,0.003,0.003,,140069,0.04053112864494324,0.00012145987420808524,0.0405312106013298,0.003980651032179594,0.9999926090240479,0.0019029101822525263,0.999998152256012,True,True
adam,smallcnn,0,0,all_parameters,0.0003,0.9,0.999,1e-08,rms_global,full_coupled,multiplicative_rms_memory,inherited,480,5,0.003,1.0,374.2579345703125,0.003,0.003,0.003,,140069,0.27225181460380554,0.0008279209723696113,0.27058205008506775,0.28059831261634827,0.9601863622665405,0.22379431128501892,0.975130558013916,True,True
adam,smallcnn,0,0,all_parameters,0.0003,0.9,0.999,1e-08,rms_global,full_coupled,multiplicative_rms_memory,inherited,480,10,0.003,1.0,374.2579345703125,0.003,0.003,0.003,,140069,0.525132417678833,0.004723658319562674,1.0121053457260132,0.9530792236328125,0.30414238572120667,0.8820602297782898,0.47333088517189026,True,True
adam,smallcnn,0,0,all_parameters,0.0003,0.9,0.999,1e-08,rms_global,full_coupled,multiplicative_rms_memory,inherited,480,20,0.003,1.0,374.2579345703125,0.003,0.003,0.003,,140069,0.9521996974945068,0.044902361929416656,7.772980213165283,1.0089309215545654,-0.10920033603906631,1.0183660984039307,-0.09005201607942581,True,True
adam,smallcnn,0,0,all_parameters,0.0003,0.9,0.999,1e-08,rms_global,full_coupled,multiplicative_rms_memory,inherited,480,40,0.003,1.0,374.2579345703125,0.003,0.003,0.003,,140069,1.8851159811019897,0.17098280787467957,28.290651321411133,1.0023212432861328,-0.05372233688831329,1.0085740089416504,-0.09590932726860046,True,True
adam,smallcnn,0,0,all_parameters,0.0003,0.9,0.999,1e-08,rms_global,full_coupled,multiplicative_rms_memory,inherited,480,1,0.01,1.0,374.2579345703125,0.01,0.01,0.01,,140069,0.04053112864494324,0.00040381395956501365,0.04053150862455368,0.004170136991888285,0.999998152256012,0.0005750463460572064,0.9999997615814209,True,True
adam,smallcnn,0,0,all_parameters,0.0003,0.9,0.999,1e-08,rms_global,full_coupled,multiplicative_rms_memory,inherited,480,5,0.01,1.0,374.2579345703125,0.01,0.01,0.01,,140069,0.27225181460380554,0.0027980313170701265,0.27346667647361755,0.3145994544029236,0.9495152831077576,0.21293479204177856,0.977238118648529,True,True
adam,smallcnn,0,0,all_parameters,0.0003,0.9,0.999,1e-08,rms_global,full_coupled,multiplicative_rms_memory,inherited,480,10,0.01,1.0,374.2579345703125,0.01,0.01,0.01,,140069,0.525132417678833,0.012036681175231934,0.7404896020889282,0.9338838458061218,0.3646748960018158,0.778839647769928,0.6319575905799866,True,True
adam,smallcnn,0,0,all_parameters,0.0003,0.9,0.999,1e-08,rms_global,full_coupled,multiplicative_rms_memory,inherited,480,20,0.01,1.0,374.2579345703125,0.01,0.01,0.01,,140069,0.9521996974945068,0.09711812436580658,3.2538323402404785,1.0063871145248413,-0.016329234465956688,1.0116701126098633,0.10620852559804916,True,True
adam,smallcnn,0,0,all_parameters,0.0003,0.9,0.999,1e-08,rms_global,full_coupled,multiplicative_rms_memory,inherited,480,40,0.01,1.0,374.2579345703125,0.01,0.01,0.01,,140069,1.8851159811019897,0.3300270140171051,11.897438049316406,1.0006989240646362,0.01631947048008442,1.0062181949615479,0.0398576520383358,True,True
adam,smallcnn,0,0,all_parameters,0.0003,0.9,0.999,1e-08,rms_global,full_coupled,multiplicative_rms_memory,inherited,480,1,0.03,1.0,374.2579345703125,0.03,0.03,0.03,,140069,0.04053112864494324,0.0012024597963318229,0.04053255170583725,0.01210226584225893,0.9999896287918091,0.00021995537099428475,1.0,True,True
adam,smallcnn,0,0,all_parameters,0.0003,0.9,0.999,1e-08,rms_global,full_coupled,multiplicative_rms_memory,inherited,480,5,0.03,1.0,374.2579345703125,0.03,0.03,0.03,,140069,0.27225181460380554,0.00852458830922842,0.2777518332004547,0.3516610860824585,0.9363797903060913,0.26247018575668335,0.9650586843490601,True,True
adam,smallcnn,0,0,all_parameters,0.0003,0.9,0.999,1e-08,rms_global,full_coupled,multiplicative_rms_memory,inherited,480,10,0.03,1.0,374.2579345703125,0.03,0.03,0.03,,140069,0.525132417678833,0.022094452753663063,0.63150954246521,0.7714879512786865,0.6403782367706299,0.6471779942512512,0.7652191519737244,True,True
adam,smallcnn,0,0,all_parameters,0.0003,0.9,0.999,1e-08,rms_global,full_coupled,multiplicative_rms_memory,inherited,480,20,0.03,1.0,374.2579345703125,0.03,0.03,0.03,,140069,0.9521996974945068,0.0978129431605339,2.431264877319336,1.0170197486877441,0.08725016564130783,1.0000953674316406,0.1955804079771042,True,True
adam,smallcnn,0,0,all_parameters,0.0003,0.9,0.999,1e-08,rms_global,full_coupled,multiplicative_rms_memory,inherited,480,40,0.03,1.0,374.2579345703125,0.03,0.03,0.03,,140069,1.8851159811019897,0.2927625775337219,8.252148628234863,1.002710223197937,0.0825367197394371,0.9964397549629211,0.1297774314880371,True,True
adam,smallcnn,0,0,all_parameters,0.0003,0.9,0.999,1e-08,rms_global,full_coupled,multiplicative_rms_memory,inherited,480,1,0.1,1.0,374.2579345703125,0.1,0.1,0.1,,140069,0.04053112864494324,0.0039048723410815,0.040546778589487076,0.040910907089710236,0.9998880624771118,0.0019442499615252018,0.999998152256012,True,True
adam,smallcnn,0,0,all_parameters,0.0003,0.9,0.999,1e-08,rms_global,full_coupled,multiplicative_rms_memory,inherited,480,5,0.1,1.0,374.2579345703125,0.1,0.1,0.1,,140069,0.27225181460380554,0.026562372222542763,0.2690981328487396,0.16420234739780426,0.9871509075164795,0.12366259843111038,0.992510199546814,True,True
adam,smallcnn,0,0,all_parameters,0.0003,0.9,0.999,1e-08,rms_global,full_coupled,multiplicative_rms_memory,inherited,480,10,0.1,1.0,374.2579345703125,0.1,0.1,0.1,,140069,0.525132417678833,0.053909268230199814,0.5168153643608093,0.5088072419166565,0.8674607276916504,0.4219449460506439,0.9125186204910278,True,True
adam,smallcnn,0,0,all_parameters,0.0003,0.9,0.999,1e-08,rms_global,full_coupled,multiplicative_rms_memory,inherited,480,20,0.1,1.0,374.2579345703125,0.1,0.1,0.1,,140069,0.9521996974945068,0.15773527324199677,1.2659318447113037,0.9477187991142273,0.3861764967441559,0.8844257593154907,0.5208609700202942,True,True
adam,smallcnn,0,0,all_parameters,0.0003,0.9,0.999,1e-08,rms_global,full_coupled,multiplicative_rms_memory,inherited,480,40,0.1,1.0,374.2579345703125,0.1,0.1,0.1,,140069,1.8851159811019897,0.44634589552879333,4.000194072723389,1.0092271566390991,0.18922387063503265,0.9950698614120483,0.24606391787528992,True,True
adam,smallcnn,0,0,features.0.weight,0.0003,0.9,0.999,1e-08,rms_layerwise,full_coupled,multiplicative_rms_memory,inherited,480,1,0.001,1.0,29.393877029418945,0.001,0.001,0.001,,864,0.0037265100982040167,3.733435505637317e-06,0.0037284158170223236,0.03198729828000069,0.9994891881942749,0.015707356855273247,0.9998767375946045,True,True
adam,smallcnn,0,0,features.0.weight,0.0003,0.9,0.999,1e-08,rms_layerwise,full_coupled,multiplicative_rms_memory,inherited,480,5,0.001,1.0,29.393877029418945,0.001,0.001,0.001,,864,0.02393547259271145,0.00012172570859547704,0.06705514341592789,0.9793817400932312,0.20209169387817383,0.9405806064605713,0.33999356627464294,True,True
adam,smallcnn,0,0,features.0.weight,0.0003,0.9,0.999,1e-08,rms_layerwise,full_coupled,multiplicative_rms_memory,inherited,480,10,0.001,1.0,29.393877029418945,0.001,0.001,0.001,,864,0.05341062694787979,0.0002460504765622318,0.15271419286727905,0.9763691425323486,0.21611186861991882,0.944271981716156,0.32977184653282166,True,True
adam,smallcnn,0,0,features.0.weight,0.0003,0.9,0.999,1e-08,rms_layerwise,full_coupled,multiplicative_rms_memory,inherited,480,20,0.001,1.0,29.393877029418945,0.001,0.001,0.001,,864,0.11129800975322723,0.007971934974193573,2.9427688121795654,1.000381588935852,-0.0203547440469265,1.0000849962234497,0.01666279509663582,True,True
adam,smallcnn,0,0,features.0.weight,0.0003,0.9,0.999,1e-08,rms_layerwise,full_coupled,multiplicative_rms_memory,inherited,480,40,0.001,1.0,29.393877029418945,0.001,0.001,0.001,,864,0.2698782682418823,0.08236901462078094,27.37126350402832,1.000020146369934,-0.004502367228269577,0.9999615550041199,0.008832086808979511,True,True
adam,smallcnn,0,0,features.0.weight,0.0003,0.9,0.999,1e-08,rms_layerwise,full_coupled,multiplicative_rms_memory,inherited,480,1,0.003,1.0,29.393877029418945,0.003,0.003,0.003,,864,0.0037265100982040167,1.1173031452926807e-05,0.003726542927324772,0.010855075903236866,0.9999412298202515,0.005275957752019167,0.9999859929084778,True,True
adam,smallcnn,0,0,features.0.weight,0.0003,0.9,0.999,1e-08,rms_layerwise,full_coupled,multiplicative_rms_memory,inherited,480,5,0.003,1.0,29.393877029418945,0.003,0.003,0.003,,864,0.02393547259271145,0.00016359605069737881,0.038070354610681534,0.8852980136871338,0.4657999873161316,0.7825562357902527,0.6226098537445068,True,True
adam,smallcnn,0,0,features.0.weight,0.0003,0.9,0.999,1e-08,rms_layerwise,full_coupled,multiplicative_rms_memory,inherited,480,10,0.003,1.0,29.393877029418945,0.003,0.003,0.003,,864,0.05341062694787979,0.00047189483302645385,0.3363891541957855,0.9351258873939514,0.3546367883682251,0.9870625138282776,0.1603439301252365,True,True
adam,smallcnn,0,0,features.0.weight,0.0003,0.9,0.999,1e-08,rms_layerwise,full_coupled,multiplicative_rms_memory,inherited,480,20,0.003,1.0,29.393877029418945,0.003,0.003,0.003,,864,0.11129800975322723,0.009867205284535885,4.931829452514648,0.999239981174469,0.03937089070677757,0.9993161559104919,0.04157526046037674,True,True
adam,smallcnn,0,0,features.0.weight,0.0003,0.9,0.999,1e-08,rms_layerwise,full_coupled,multiplicative_rms_memory,inherited,480,40,0.003,1.0,29.393877029418945,0.003,0.003,0.003,,864,0.2698782682418823,0.08077001571655273,21.061145782470703,1.0000265836715698,0.0023524160496890545,1.0003618001937866,-0.02182942070066929,True,True
adam,smallcnn,0,0,features.0.weight,0.0003,0.9,0.999,1e-08,rms_layerwise,full_coupled,multiplicative_rms_memory,inherited,480,1,0.01,1.0,29.393877029418945,0.01,0.01,0.01,,864,0.0037265100982040167,3.711849785759114e-05,0.003726658644154668,0.005146033596247435,0.9999946355819702,0.0016164359403774142,0.9999986290931702,True,True
adam,smallcnn,0,0,features.0.weight,0.0003,0.9,0.999,1e-08,rms_layerwise,full_coupled,multiplicative_rms_memory,inherited,480,5,0.01,1.0,29.393877029418945,0.01,0.01,0.01,,864,0.02393547259271145,0.00033329278812743723,0.02880576066672802,0.658383309841156,0.7535131573677063,0.5504447817802429,0.8348809480667114,True,True
adam,smallcnn,0,0,features.0.weight,0.0003,0.9,0.999,1e-08,rms_layerwise,full_coupled,multiplicative_rms_memory,inherited,480,10,0.01,1.0,29.393877029418945,0.01,0.01,0.01,,864,0.05341062694787979,0.00140134256798774,0.17312368750572205,0.9267452955245972,0.3757292330265045,0.9526687860488892,0.304042786359787,True,True
adam,smallcnn,0,0,features.0.weight,0.0003,0.9,0.999,1e-08,rms_layerwise,full_coupled,multiplicative_rms_memory,inherited,480,20,0.01,1.0,29.393877029418945,0.01,0.01,0.01,,864,0.11129800975322723,0.02095281518995762,2.091876983642578,1.0008182525634766,0.01114839781075716,0.9978650808334351,0.06668602675199509,True,True
adam,smallcnn,0,0,features.0.weight,0.0003,0.9,0.999,1e-08,rms_layerwise,full_coupled,multiplicative_rms_memory,inherited,480,40,0.01,1.0,29.393877029418945,0.01,0.01,0.01,,864,0.2698782682418823,0.10829214006662369,6.480635166168213,1.0018585920333862,-0.0621897354722023,1.005294680595398,-0.10665703564882278,True,True
adam,smallcnn,0,0,features.0.weight,0.0003,0.9,0.999,1e-08,rms_layerwise,full_coupled,multiplicative_rms_memory,inherited,480,1,0.03,1.0,29.393877029418945,0.03,0.03,0.03,,864,0.0037265100982040167,0.00011041757534258068,0.0037266938015818596,0.012889428995549679,0.9999948740005493,0.0005387604469433427,0.9999998211860657,True,True
adam,smallcnn,0,0,features.0.weight,0.0003,0.9,0.999,1e-08,rms_layerwise,full_coupled,multiplicative_rms_memory,inherited,480,5,0.03,1.0,29.393877029418945,0.03,0.03,0.03,,864,0.02393547259271145,0.0008276861044578254,0.025730369612574577,0.4859556257724762,0.8740074634552002,0.3687376081943512,0.9295337796211243,True,True
adam,smallcnn,0,0,features.0.weight,0.0003,0.9,0.999,1e-08,rms_layerwise,full_coupled,multiplicative_rms_memory,inherited,480,10,0.03,1.0,29.393877029418945,0.03,0.03,0.03,,864,0.05341062694787979,0.00573313795030117,0.13893066346645355,0.9621482491493225,0.27261343598365784,0.9250890016555786,0.37977880239486694,True,True
adam,smallcnn,0,0,features.0.weight,0.0003,0.9,0.999,1e-08,rms_layerwise,full_coupled,multiplicative_rms_memory,inherited,480,20,0.03,1.0,29.393877029418945,0.03,0.03,0.03,,864,0.11129800975322723,0.030764535069465637,0.7460224628448486,0.9964874982833862,0.08657311648130417,0.9889018535614014,0.1485716551542282,True,True
adam,smallcnn,0,0,features.0.weight,0.0003,0.9,0.999,1e-08,rms_layerwise,full_coupled,multiplicative_rms_memory,inherited,480,40,0.03,1.0,29.393877029418945,0.03,0.03,0.03,,864,0.2698782682418823,0.13613536953926086,2.9910545349121094,1.0027445554733276,-0.01647372357547283,1.0045193433761597,-0.005085863173007965,True,True
adam,smallcnn,0,0,features.0.weight,0.0003,0.9,0.999,1e-08,rms_layerwise,full_coupled,multiplicative_rms_memory,inherited,480,1,0.1,1.0,29.393877029418945,0.1,0.1,0.1,,864,0.0037265100982040167,0.00035750927054323256,0.003729149466380477,0.04351406171917915,0.9999521970748901,0.001226845197379589,0.999999463558197,True,True
adam,smallcnn,0,0,features.0.weight,0.0003,0.9,0.999,1e-08,rms_layerwise,full_coupled,multiplicative_rms_memory,inherited,480,5,0.1,1.0,29.393877029418945,0.1,0.1,0.1,,864,0.02393547259271145,0.002568113850429654,0.028182877227663994,0.41739752888679504,0.909015417098999,0.5293082594871521,0.8484299182891846,True,True
adam,smallcnn,0,0,features.0.weight,0.0003,0.9,0.999,1e-08,rms_layerwise,full_coupled,multiplicative_rms_memory,inherited,480,10,0.1,1.0,29.393877029418945,0.1,0.1,0.1,,864,0.05341062694787979,0.010463512502610683,0.08096238970756531,0.8767425417900085,0.4818115532398224,0.7615317702293396,0.6482290625572205,True,True
adam,smallcnn,0,0,features.0.weight,0.0003,0.9,0.999,1e-08,rms_layerwise,full_coupled,multiplicative_rms_memory,inherited,480,20,0.1,1.0,29.393877029418945,0.1,0.1,0.1,,864,0.11129800975322723,0.08575927466154099,0.37956759333610535,0.997422993183136,0.08472087234258652,0.9716636538505554,0.2418796718120575,True,True
adam,smallcnn,0,0,features.0.weight,0.0003,0.9,0.999,1e-08,rms_layerwise,full_coupled,multiplicative_rms_memory,inherited,480,40,0.1,1.0,29.393877029418945,0.1,0.1,0.1,,864,0.2698782682418823,0.37645694613456726,1.764417052268982,0.9929671883583069,0.13360252976417542,0.984102725982666,0.1795853078365326,True,True
adam,smallcnn,0,1,features.0.bias,0.0003,0.9,0.999,1e-08,rms_layerwise,full_coupled,multiplicative_rms_memory,inherited,480,1,0.001,1.0,5.656854152679443,0.001,0.001,0.001,,32,0.0009764862479642034,9.74320073510171e-07,0.0009762041736394167,0.019729407504200935,0.9998081922531128,0.010079974308609962,0.9999493360519409,True,True
adam,smallcnn,0,1,features.0.bias,0.0003,0.9,0.999,1e-08,rms_layerwise,full_coupled,multiplicative_rms_memory,inherited,480,5,0.001,1.0,5.656854152679443,0.001,0.001,0.001,,32,0.006538952235132456,1.394087666994892e-05,0.009103815071284771,0.8830821514129639,0.46921831369400024,0.6948387622833252,0.7191659212112427,True,True
adam,smallcnn,0,1,features.0.bias,0.0003,0.9,0.999,1e-08,rms_layerwise,full_coupled,multiplicative_rms_memory,inherited,480,10,0.001,1.0,5.656854152679443,0.001,0.001,0.001,,32,0.013931692577898502,3.825857493211515e-05,0.03334389254450798,0.9304720163345337,0.3663698434829712,0.9061468839645386,0.4229946732521057,True,True
adam,smallcnn,0,1,features.0.bias,0.0003,0.9,0.999,1e-08,rms_layerwise,full_coupled,multiplicative_rms_memory,inherited,480,20,0.001,1.0,5.656854152679443,0.001,0.001,0.001,,32,0.02314707823097706,0.00246557523496449,3.9677841663360596,0.9999492764472961,0.010095395147800446,1.0000152587890625,0.0002986077743116766,True,True
adam,smallcnn,0,1,features.0.bias,0.0003,0.9,0.999,1e-08,rms_layerwise,full_coupled,multiplicative_rms_memory,inherited,480,40,0.001,1.0,5.656854152679443,0.001,0.001,0.001,,32,0.03285243734717369,0.034329045563936234,40.17311477661133,1.0000089406967163,-0.008899565786123276,0.9999875426292419,0.015650009736418724,True,True
adam,smallcnn,0,1,features.0.bias,0.0003,0.9,0.999,1e-08,rms_layerwise,full_coupled,multiplicative_rms_memory,inherited,480,1,0.003,1.0,5.656854152679443,0.003,0.003,0.003,,32,0.0009764862479642034,2.9296691081981407e-06,0.000976902199909091,0.00685488386079669,0.9999765753746033,0.0038659635465592146,0.9999927282333374,True,True
adam,smallcnn,0,1,features.0.bias,0.0003,0.9,0.999,1e-08,rms_layerwise,full_coupled,multiplicative_rms_memory,inherited,480,5,0.003,1.0,5.656854152679443,0.003,0.003,0.003,,32,0.006538952235132456,2.968272747239098e-05,0.007735160179436207,0.7495139241218567,0.6619894504547119,0.5383729934692383,0.8427106738090515,True,True
adam,smallcnn,0,1,features.0.bias,0.0003,0.9,0.999,1e-08,rms_layerwise,full_coupled,multiplicative_rms_memory,inherited,480,10,0.003,1.0,5.656854152679443,0.003,0.003,0.003,,32,0.013931692577898502,0.00011438024375820532,0.025411592796444893,0.9306087493896484,0.3660161793231964,0.836811900138855,0.5474909543991089,True,True
adam,smallcnn,0,1,features.0.bias,0.0003,0.9,0.999,1e-08,rms_layerwise,full_coupled,multiplicative_rms_memory,inherited,480,20,0.003,1.0,5.656854152679443,0.003,0.003,0.003,,32,0.02314707823097706,0.0016757703851908445,1.1227482557296753,0.9994826912879944,0.03320121020078659,0.9998477697372437,0.017691252753138542,True,True
adam,smallcnn,0,1,features.0.bias,0.0003,0.9,0.999,1e-08,rms_layerwise,full_coupled,multiplicative_rms_memory,inherited,480,40,0.003,1.0,5.656854152679443,0.003,0.003,0.003,,32,0.03285243734717369,0.061006687581539154,13.260958671569824,1.0000139474868774,-0.007797685451805592,0.999964714050293,0.015512443147599697,True,True
adam,smallcnn,0,1,features.0.bias,0.0003,0.9,0.999,1e-08,rms_layerwise,full_coupled,multiplicative_rms_memory,inherited,480,1,0.01,1.0,5.656854152679443,0.01,0.01,0.01,,32,0.0009764862479642034,9.733897968544625e-06,0.0009765340946614742,0.004346624482423067,0.9999956488609314,0.00097823201213032,0.9999995827674866,True,True
adam,smallcnn,0,1,features.0.bias,0.0003,0.9,0.999,1e-08,rms_layerwise,full_coupled,multiplicative_rms_memory,inherited,480,5,0.01,1.0,5.656854152679443,0.01,0.01,0.01,,32,0.006538952235132456,7.231347990455106e-05,0.006853861268609762,0.42920997738838196,0.9032052755355835,0.3012808859348297,0.9535355567932129,True,True
adam,smallcnn,0,1,features.0.bias,0.0003,0.9,0.999,1e-08,rms_layerwise,full_coupled,multiplicative_rms_memory,inherited,480,10,0.01,1.0,5.656854152679443,0.01,0.01,0.01,,32,0.013931692577898502,0.00019396553398109972,0.016612831503152847,0.6979190111160278,0.7161797285079956,0.5465377569198608,0.8374353647232056,True,True
adam,smallcnn,0,1,features.0.bias,0.0003,0.9,0.999,1e-08,rms_layerwise,full_coupled,multiplicative_rms_memory,inherited,480,20,0.01,1.0,5.656854152679443,0.01,0.01,0.01,,32,0.02314707823097706,0.0032295864075422287,0.42673683166503906,0.9976223111152649,0.06897025555372238,0.9987510442733765,0.050132930278778076,True,True
adam,smallcnn,0,1,features.0.bias,0.0003,0.9,0.999,1e-08,rms_layerwise,full_coupled,multiplicative_rms_memory,inherited,480,40,0.01,1.0,5.656854152679443,0.01,0.01,0.01,,32,0.03285243734717369,0.06917083263397217,4.12777853012085,1.0000791549682617,-0.014287210069596767,1.000069499015808,-0.004757937043905258,True,True
adam,smallcnn,0,1,features.0.bias,0.0003,0.9,0.999,1e-08,rms_layerwise,full_coupled,multiplicative_rms_memory,inherited,480,1,0.03,1.0,5.656854152679443,0.03,0.03,0.03,,32,0.0009764862479642034,2.8997917979722843e-05,0.0009765938157215714,0.011422587558627129,0.9999871850013733,0.00049061537720263,0.9999998807907104,True,True
adam,smallcnn,0,1,features.0.bias,0.0003,0.9,0.999,1e-08,rms_layerwise,full_coupled,multiplicative_rms_memory,inherited,480,5,0.03,1.0,5.656854152679443,0.03,0.03,0.03,,32,0.006538952235132456,0.0002077260141959414,0.0067636859603226185,0.3420202136039734,0.939704418182373,0.25815829634666443,0.9661027789115906,True,True
adam,smallcnn,0,1,features.0.bias,0.0003,0.9,0.999,1e-08,rms_layerwise,full_coupled,multiplicative_rms_memory,inherited,480,10,0.03,1.0,5.656854152679443,0.03,0.03,0.03,,32,0.013931692577898502,0.0005059772520326078,0.015184345655143261,0.568253219127655,0.8228599429130554,0.4001263976097107,0.9164604544639587,True,True
adam,smallcnn,0,1,features.0.bias,0.0003,0.9,0.999,1e-08,rms_layerwise,full_coupled,multiplicative_rms_memory,inherited,480,20,0.03,1.0,5.656854152679443,0.03,0.03,0.03,,32,0.02314707823097706,0.007078406400978565,0.17047862708568573,0.9952684044837952,0.09716916084289551,0.9922189712524414,0.1249728575348854,True,True
adam,smallcnn,0,1,features.0.bias,0.0003,0.9,0.999,1e-08,rms_layerwise,full_coupled,multiplicative_rms_memory,inherited,480,40,0.03,1.0,5.656854152679443,0.03,0.03,0.03,,32,0.03285243734717369,0.07962086796760559,1.3465851545333862,1.0004087686538696,-0.026841266080737114,1.00051748752594,-0.009016661904752254,True,True
adam,smallcnn,0,1,features.0.bias,0.0003,0.9,0.999,1e-08,rms_layerwise,full_coupled,multiplicative_rms_memory,inherited,480,1,0.1,1.0,5.656854152679443,0.1,0.1,0.1,,32,0.0009764862479642034,9.433487139176577e-05,0.0009766314178705215,0.038915857672691345,0.9998645186424255,0.001406386960297823,0.9999991655349731,True,True
adam,smallcnn,0,1,features.0.bias,0.0003,0.9,0.999,1e-08,rms_layerwise,full_coupled,multiplicative_rms_memory,inherited,480,5,0.1,1.0,5.656854152679443,0.1,0.1,0.1,,32,0.006538952235132456,0.0006704487022943795,0.006653610151261091,0.2885601818561554,0.9576249718666077,0.18867869675159454,0.9820391535758972,True,True
adam,smallcnn,0,1,features.0.bias,0.0003,0.9,0.999,1e-08,rms_layerwise,full_coupled,multiplicative_rms_memory,inherited,480,10,0.1,1.0,5.656854152679443,0.1,0.1,0.1,,32,0.013931692577898502,0.0017615880351513624,0.015333098359405994,0.6263753771781921,0.7796029448509216,0.42082563042640686,0.9071426391601562,True,True
adam,smallcnn,0,1,features.0.bias,0.0003,0.9,0.999,1e-08,rms_layerwise,full_coupled,multiplicative_rms_memory,inherited,480,20,0.1,1.0,5.656854152679443,0.1,0.1,0.1,,32,0.02314707823097706,0.01446085050702095,0.09232322126626968,0.9862120747566223,0.16557839512825012,0.9636980891227722,0.2675228714942932,True,True
adam,smallcnn,0,1,features.0.bias,0.0003,0.9,0.999,1e-08,rms_layerwise,full_coupled,multiplicative_rms_memory,inherited,480,40,0.1,1.0,5.656854152679443,0.1,0.1,0.1,,32,0.03285243734717369,0.1026739627122879,0.4757697582244873,0.9994940161705017,0.03180990368127823,0.9967203140258789,0.0819440484046936,True,True
adam,smallcnn,0,2,features.2.weight,0.0003,0.9,0.999,1e-08,rms_layerwise,full_coupled,multiplicative_rms_memory,inherited,480,1,0.001,1.0,96.0,0.001,0.001,0.001,,9216,0.011804023757576942,1.1800735592260025e-05,0.011802706867456436,0.01216194685548544,0.9999260902404785,0.006106527987867594,0.9999814033508301,True,True
adam,smallcnn,0,2,features.2.weight,0.0003,0.9,0.999,1e-08,rms_layerwise,full_coupled,multiplicative_rms_memory,inherited,480,5,0.001,1.0,96.0,0.001,0.001,0.001,,9216,0.08400608599185944,0.00010107180423801765,0.10718584805727005,0.5931708216667175,0.805485725402832,0.6491992473602295,0.7609595060348511,True,True
adam,smallcnn,0,2,features.2.weight,0.0003,0.9,0.999,1e-08,rms_layerwise,full_coupled,multiplicative_rms_memory,inherited,480,10,0.001,1.0,96.0,0.001,0.001,0.001,,9216,0.1895589977502823,0.0003390591009519994,1.0170304775238037,0.8468074202537537,0.5325602293014526,0.9831055998802185,0.18306975066661835,True,True
adam,smallcnn,0,2,features.2.weight,0.0003,0.9,0.999,1e-08,rms_layerwise,full_coupled,multiplicative_rms_memory,inherited,480,20,0.001,1.0,96.0,0.001,0.001,0.001,,9216,0.4253090023994446,0.008960655890405178,15.37270450592041,0.9995712041854858,0.03276524320244789,1.0004258155822754,-0.0015601239865645766,True,True
adam,smallcnn,0,2,features.2.weight,0.0003,0.9,0.999,1e-08,rms_layerwise,full_coupled,multiplicative_rms_memory,inherited,480,40,0.001,1.0,96.0,0.001,0.001,0.001,,9216,1.041778326034546,0.06881242245435715,68.06268310546875,0.9998233914375305,0.019230499863624573,0.9998134970664978,0.019842147827148438,True,True
adam,smallcnn,0,2,features.2.weight,0.0003,0.9,0.999,1e-08,rms_layerwise,full_coupled,multiplicative_rms_memory,inherited,480,1,0.003,1.0,96.0,0.003,0.003,0.003,,9216,0.011804023757576942,3.5374781873542815e-05,0.011804400011897087,0.004198729060590267,0.999991774559021,0.002023702021688223,0.9999980330467224,True,True
adam,smallcnn,0,2,features.2.weight,0.0003,0.9,0.999,1e-08,rms_layerwise,full_coupled,multiplicative_rms_memory,inherited,480,5,0.003,1.0,96.0,0.003,0.003,0.003,,9216,0.08400608599185944,0.0003081233298871666,0.12595972418785095,0.5851121544837952,0.8109821081161499,0.7548713684082031,0.6559645533561707,True,True
adam,smallcnn,0,2,features.2.weight,0.0003,0.9,0.999,1e-08,rms_layerwise,full_coupled,multiplicative_rms_memory,inherited,480,10,0.003,1.0,96.0,0.003,0.003,0.003,,9216,0.1895589977502823,0.0015122852055355906,0.5185883641242981,0.9290212988853455,0.37007439136505127,0.9339048862457275,0.35760951042175293,True,True
adam,smallcnn,0,2,features.2.weight,0.0003,0.9,0.999,1e-08,rms_layerwise,full_coupled,multiplicative_rms_memory,inherited,480,20,0.003,1.0,96.0,0.003,0.003,0.003,,9216,0.4253090023994446,0.019762253388762474,5.70839262008667,1.0074107646942139,-0.08292527496814728,1.0044974088668823,-0.023247256875038147,True,True
adam,smallcnn,0,2,features.2.weight,0.0003,0.9,0.999,1e-08,rms_layerwise,full_coupled,multiplicative_rms_memory,inherited,480,40,0.003,1.0,96.0,0.003,0.003,0.003,,9216,1.041778326034546,0.11947585642337799,25.38128662109375,0.9997342824935913,0.023235328495502472,1.000144124031067,0.017012255266308784,True,True
adam,smallcnn,0,2,features.2.weight,0.0003,0.9,0.999,1e-08,rms_layerwise,full_coupled,multiplicative_rms_memory,inherited,480,1,0.01,1.0,96.0,0.01,0.01,0.01,,9216,0.011804023757576942,0.00011758396431105211,0.011804064735770226,0.004503732547163963,0.9999974370002747,0.0006240815855562687,0.9999997615814209,True,True
adam,smallcnn,0,2,features.2.weight,0.0003,0.9,0.999,1e-08,rms_layerwise,full_coupled,multiplicative_rms_memory,inherited,480,5,0.01,1.0,96.0,0.01,0.01,0.01,,9216,0.08400608599185944,0.0008697630255483091,0.0891612321138382,0.3009805977344513,0.9537074565887451,0.36614105105400085,0.9306310415267944,True,True
adam,smallcnn,0,2,features.2.weight,0.0003,0.9,0.999,1e-08,rms_layerwise,full_coupled,multiplicative_rms_memory,inherited,480,10,0.01,1.0,96.0,0.01,0.01,0.01,,9216,0.1895589977502823,0.007675193715840578,0.4348529875278473,0.9724685549736023,0.23342783749103546,0.9126302003860474,0.4096303880214691,True,True
adam,smallcnn,0,2,features.2.weight,0.0003,0.9,0.999,1e-08,rms_layerwise,full_coupled,multiplicative_rms_memory,inherited,480,20,0.01,1.0,96.0,0.01,0.01,0.01,,9216,0.4253090023994446,0.05386769771575928,2.9021506309509277,1.0116634368896484,-0.10910852998495102,1.0217808485031128,-0.07696874439716339,True,True
adam,smallcnn,0,2,features.2.weight,0.0003,0.9,0.999,1e-08,rms_layerwise,full_coupled,multiplicative_rms_memory,inherited,480,40,0.01,1.0,96.0,0.01,0.01,0.01,,9216,1.041778326034546,0.20818527042865753,10.30242919921875,1.0031765699386597,-0.03856003284454346,1.0093879699707031,-0.04271577298641205,True,True
adam,smallcnn,0,2,features.2.weight,0.0003,0.9,0.999,1e-08,rms_layerwise,full_coupled,multiplicative_rms_memory,inherited,480,1,0.03,1.0,96.0,0.03,0.03,0.03,,9216,0.011804023757576942,0.0003500232705846429,0.011804841458797455,0.01306083146482706,0.9999833703041077,0.00023324519861489534,1.0000001192092896,True,True
adam,smallcnn,0,2,features.2.weight,0.0003,0.9,0.999,1e-08,rms_layerwise,full_coupled,multiplicative_rms_memory,inherited,480,5,0.03,1.0,96.0,0.03,0.03,0.03,,9216,0.08400608599185944,0.003597358940169215,0.0949292927980423,0.7257570028305054,0.688064694404602,0.47971415519714355,0.8774567246437073,True,True
adam,smallcnn,0,2,features.2.weight,0.0003,0.9,0.999,1e-08,rms_layerwise,full_coupled,multiplicative_rms_memory,inherited,480,10,0.03,1.0,96.0,0.03,0.03,0.03,,9216,0.1895589977502823,0.01263048592954874,0.28163936734199524,0.9031914472579956,0.4297279417514801,0.7623832821846008,0.6476253271102905,True,True
adam,smallcnn,0,2,features.2.weight,0.0003,0.9,0.999,1e-08,rms_layerwise,full_coupled,multiplicative_rms_memory,inherited,480,20,0.03,1.0,96.0,0.03,0.03,0.03,,9216,0.4253090023994446,0.07052794843912125,1.2595685720443726,1.0135103464126587,0.015270535834133625,1.0146336555480957,0.12517598271369934,True,True
adam,smallcnn,0,2,features.2.weight,0.0003,0.9,0.999,1e-08,rms_layerwise,full_coupled,multiplicative_rms_memory,inherited,480,40,0.03,1.0,96.0,0.03,0.03,0.03,,9216,1.041778326034546,0.28779134154319763,4.5836181640625,1.0049926042556763,0.008210184052586555,1.01646888256073,0.04058465734124184,True,True
adam,smallcnn,0,2,features.2.weight,0.0003,0.9,0.999,1e-08,rms_layerwise,full_coupled,multiplicative_rms_memory,inherited,480,1,0.1,1.0,96.0,0.1,0.1,0.1,,9216,0.011804023757576942,0.0011355786118656397,0.01181262917816639,0.044000718742609024,0.9998182654380798,0.0012151499977335334,0.9999995827674866,True,True
adam,smallcnn,0,2,features.2.weight,0.0003,0.9,0.999,1e-08,rms_layerwise,full_coupled,multiplicative_rms_memory,inherited,480,5,0.1,1.0,96.0,0.1,0.1,0.1,,9216,0.08400608599185944,0.00864530447870493,0.0858847126364708,0.3517471253871918,0.9367471933364868,0.23470580577850342,0.9720852971076965,True,True
adam,smallcnn,0,2,features.2.weight,0.0003,0.9,0.999,1e-08,rms_layerwise,full_coupled,multiplicative_rms_memory,inherited,480,10,0.1,1.0,96.0,0.1,0.1,0.1,,9216,0.1895589977502823,0.025545891374349594,0.21787843108177185,0.7191819548606873,0.6963237524032593,0.5340815186500549,0.8457805514335632,True,True
adam,smallcnn,0,2,features.2.weight,0.0003,0.9,0.999,1e-08,rms_layerwise,full_coupled,multiplicative_rms_memory,inherited,480,20,0.1,1.0,96.0,0.1,0.1,0.1,,9216,0.4253090023994446,0.10177010297775269,0.7694515585899353,1.0112762451171875,0.18182159960269928,0.9496088624000549,0.3652400076389313,True,True
adam,smallcnn,0,2,features.2.weight,0.0003,0.9,0.999,1e-08,rms_layerwise,full_coupled,multiplicative_rms_memory,inherited,480,40,0.1,1.0,96.0,0.1,0.1,0.1,,9216,1.041778326034546,0.2987779676914215,2.267331838607788,1.0193647146224976,0.11826469004154205,1.0324383974075317,0.15799254179000854,True,True
adam,smallcnn,0,3,features.2.bias,0.0003,0.9,0.999,1e-08,rms_layerwise,full_coupled,multiplicative_rms_memory,inherited,480,1,0.001,1.0,5.656854152679443,0.001,0.001,0.001,,32,0.0008248625672422349,8.241691489274672e-07,0.0008240886963903904,0.016661157831549644,0.9998617172241211,0.007020237855613232,0.999975860118866,True,True
adam,smallcnn,0,3,features.2.bias,0.0003,0.9,0.999,1e-08,rms_layerwise,full_coupled,multiplicative_rms_memory,inherited,480,5,0.001,1.0,5.656854152679443,0.001,0.001,0.001,,32,0.005603672470897436,1.33566218210035e-05,0.008474343456327915,0.906733512878418,0.4217096269130707,0.7484551072120667,0.6631882190704346,True,True
adam,smallcnn,0,3,features.2.bias,0.0003,0.9,0.999,1e-08,rms_layerwise,full_coupled,multiplicative_rms_memory,inherited,480,10,0.001,1.0,5.656854152679443,0.001,0.001,0.001,,32,0.012423742562532425,3.376212407601997e-05,0.031820811331272125,0.9266047477722168,0.3761250674724579,0.9177649021148682,0.3971814215183258,True,True
adam,smallcnn,0,3,features.2.bias,0.0003,0.9,0.999,1e-08,rms_layerwise,full_coupled,multiplicative_rms_memory,inherited,480,20,0.001,1.0,5.656854152679443,0.001,0.001,0.001,,32,0.02198665402829647,0.0007271233480423689,3.4045910835266113,0.9993982315063477,0.03501326963305473,0.9998929500579834,0.019796820357441902,True,True
adam,smallcnn,0,3,features.2.bias,0.0003,0.9,0.999,1e-08,rms_layerwise,full_coupled,multiplicative_rms_memory,inherited,480,40,0.001,1.0,5.656854152679443,0.001,0.001,0.001,,32,0.04024675861001015,0.01997583545744419,38.27738952636719,1.0000345706939697,-0.016112159937620163,0.9999924898147583,0.007660090457648039,True,True
adam,smallcnn,0,3,features.2.bias,0.0003,0.9,0.999,1e-08,rms_layerwise,full_coupled,multiplicative_rms_memory,inherited,480,1,0.003,1.0,5.656854152679443,0.003,0.003,0.003,,32,0.0008248625672422349,2.472472942827153e-06,0.0008253930136561394,0.0038017129991203547,0.9999932050704956,0.002085702260956168,0.9999980926513672,True,True
adam,smallcnn,0,3,features.2.bias,0.0003,0.9,0.999,1e-08,rms_layerwise,full_coupled,multiplicative_rms_memory,inherited,480,5,0.003,1.0,5.656854152679443,0.003,0.003,0.003,,32,0.005603672470897436,2.677283737284597e-05,0.0067223417572677135,0.7791721224784851,0.6268110275268555,0.5525832772254944,0.8334576487541199,True,True
adam,smallcnn,0,3,features.2.bias,0.0003,0.9,0.999,1e-08,rms_layerwise,full_coupled,multiplicative_rms_memory,inherited,480,10,0.003,1.0,5.656854152679443,0.003,0.003,0.003,,32,0.012423742562532425,0.00011247287329751998,0.023532003164291382,0.9439634680747986,0.33005291223526,0.848562479019165,0.5290963649749756,True,True
adam,smallcnn,0,3,features.2.bias,0.0003,0.9,0.999,1e-08,rms_layerwise,full_coupled,multiplicative_rms_memory,inherited,480,20,0.003,1.0,5.656854152679443,0.003,0.003,0.003,,32,0.02198665402829647,0.0010371392127126455,1.2414628267288208,0.9992718696594238,0.04324507713317871,0.9997467398643494,0.02314988151192665,True,True
adam,smallcnn,0,3,features.2.bias,0.0003,0.9,0.999,1e-08,rms_layerwise,full_coupled,multiplicative_rms_memory,inherited,480,40,0.003,1.0,5.656854152679443,0.003,0.003,0.003,,32,0.04024675861001015,0.032234542071819305,13.992713928222656,1.000076413154602,-0.01850716397166252,1.0000617504119873,-0.02003801427781582,True,True
adam,smallcnn,0,3,features.2.bias,0.0003,0.9,0.999,1e-08,rms_layerwise,full_coupled,multiplicative_rms_memory,inherited,480,1,0.01,1.0,5.656854152679443,0.01,0.01,0.01,,32,0.0008248625672422349,8.214820809371304e-06,0.0008248132653534412,0.004495188593864441,0.9999983906745911,0.0004983904073014855,0.9999999403953552,True,True
adam,smallcnn,0,3,features.2.bias,0.0003,0.9,0.999,1e-08,rms_layerwise,full_coupled,multiplicative_rms_memory,inherited,480,5,0.01,1.0,5.656854152679443,0.01,0.01,0.01,,32,0.005603672470897436,6.629263225477189e-05,0.005955715198069811,0.5413556098937988,0.84080570936203,0.33934617042541504,0.9406614303588867,True,True
adam,smallcnn,0,3,features.2.bias,0.0003,0.9,0.999,1e-08,rms_layerwise,full_coupled,multiplicative_rms_memory,inherited,480,10,0.01,1.0,5.656854152679443,0.01,0.01,0.01,,32,0.012423742562532425,0.0001903427910292521,0.015247915871441364,0.7634852528572083,0.6458615064620972,0.5812384486198425,0.8137338161468506,True,True
adam,smallcnn,0,3,features.2.bias,0.0003,0.9,0.999,1e-08,rms_layerwise,full_coupled,multiplicative_rms_memory,inherited,480,20,0.01,1.0,5.656854152679443,0.01,0.01,0.01,,32,0.02198665402829647,0.00785820558667183,0.27302202582359314,1.0002129077911377,0.00638301158323884,0.9976177215576172,0.06981179863214493,True,True
adam,smallcnn,0,3,features.2.bias,0.0003,0.9,0.999,1e-08,rms_layerwise,full_coupled,multiplicative_rms_memory,inherited,480,40,0.01,1.0,5.656854152679443,0.01,0.01,0.01,,32,0.04024675861001015,0.07692954689264297,3.0897932052612305,1.0000638961791992,-0.009603481739759445,1.000317096710205,-0.017833849415183067,True,True
adam,smallcnn,0,3,features.2.bias,0.0003,0.9,0.999,1e-08,rms_layerwise,full_coupled,multiplicative_rms_memory,inherited,480,1,0.03,1.0,5.656854152679443,0.03,0.03,0.03,,32,0.0008248625672422349,2.443757330183871e-05,0.0008248738013207912,0.013350454159080982,0.9999906420707703,0.00027182477060705423,1.0,True,True
adam,smallcnn,0,3,features.2.bias,0.0003,0.9,0.999,1e-08,rms_layerwise,full_coupled,multiplicative_rms_memory,inherited,480,5,0.03,1.0,5.656854152679443,0.03,0.03,0.03,,32,0.005603672470897436,0.00017833846504800022,0.006070761941373348,0.3599473536014557,0.9330223798751831,0.38436615467071533,0.9231807589530945,True,True
adam,smallcnn,0,3,features.2.bias,0.0003,0.9,0.999,1e-08,rms_layerwise,full_coupled,multiplicative_rms_memory,inherited,480,10,0.03,1.0,5.656854152679443,0.03,0.03,0.03,,32,0.012423742562532425,0.00043788718176074326,0.034910161048173904,0.5371133089065552,0.8435443639755249,0.9332463145256042,0.3592532277107239,True,True
adam,smallcnn,0,3,features.2.bias,0.0003,0.9,0.999,1e-08,rms_layerwise,full_coupled,multiplicative_rms_memory,inherited,480,20,0.03,1.0,5.656854152679443,0.03,0.03,0.03,,32,0.02198665402829647,0.008361808024346828,0.45241937041282654,0.9978004097938538,0.06729529052972794,0.9993211627006531,0.03826131299138069,True,True
adam,smallcnn,0,3,features.2.bias,0.0003,0.9,0.999,1e-08,rms_layerwise,full_coupled,multiplicative_rms_memory,inherited,480,40,0.03,1.0,5.656854152679443,0.03,0.03,0.03,,32,0.04024675861001015,0.07139910012483597,1.88567054271698,1.0003091096878052,-0.009832433424890041,1.0007038116455078,-0.022316405549645424,True,True
adam,smallcnn,0,3,features.2.bias,0.0003,0.9,0.999,1e-08,rms_layerwise,full_coupled,multiplicative_rms_memory,inherited,480,1,0.1,1.0,5.656854152679443,0.1,0.1,0.1,,32,0.0008248625672422349,7.915039168437943e-05,0.0008256073342636228,0.045300766825675964,0.9998675584793091,0.001071981736458838,0.9999998211860657,True,True
adam,smallcnn,0,3,features.2.bias,0.0003,0.9,0.999,1e-08,rms_layerwise,full_coupled,multiplicative_rms_memory,inherited,480,5,0.1,1.0,5.656854152679443,0.1,0.1,0.1,,32,0.005603672470897436,0.0005625268095172942,0.0057509164325892925,0.2703247368335724,0.9633286595344543,0.2263234406709671,0.9740524291992188,True,True
adam,smallcnn,0,3,features.2.bias,0.0003,0.9,0.999,1e-08,rms_layerwise,full_coupled,multiplicative_rms_memory,inherited,480,10,0.1,1.0,5.656854152679443,0.1,0.1,0.1,,32,0.012423742562532425,0.0016725268214941025,0.017246054485440254,0.693864107131958,0.7204530239105225,0.6932569146156311,0.7206906080245972,True,True
adam,smallcnn,0,3,features.2.bias,0.0003,0.9,0.999,1e-08,rms_layerwise,full_coupled,multiplicative_rms_memory,inherited,480,20,0.1,1.0,5.656854152679443,0.1,0.1,0.1,,32,0.02198665402829647,0.023053748533129692,0.17075200378894806,0.9936246275901794,0.11432041227817535,0.9894905090332031,0.1455719769001007,True,True
adam,smallcnn,0,3,features.2.bias,0.0003,0.9,0.999,1e-08,rms_layerwise,full_coupled,multiplicative_rms_memory,inherited,480,40,0.1,1.0,5.656854152679443,0.1,0.1,0.1,,32,0.04024675861001015,0.11092851310968399,0.6512778401374817,0.9985554218292236,0.05792709067463875,0.9968816041946411,0.08128064125776291,True,True
adam,smallcnn,0,4,features.5.weight,0.0003,0.9,0.999,1e-08,rms_layerwise,full_coupled,multiplicative_rms_memory,inherited,480,1,0.001,1.0,135.76449584960938,0.001,0.001,0.001,,18432,0.019009819254279137,1.9005867216037586e-05,0.019010445103049278,0.010566341690719128,0.9999442100524902,0.0053511266596615314,0.9999856352806091,True,True
adam,smallcnn,0,4,features.5.weight,0.0003,0.9,0.999,1e-08,rms_layerwise,full_coupled,multiplicative_rms_memory,inherited,480,5,0.001,1.0,135.76449584960938,0.001,0.001,0.001,,18432,0.13597434759140015,0.00014585776079911739,0.15114787220954895,0.41840872168540955,0.9085672497749329,0.4614032208919525,0.887276291847229,True,True
adam,smallcnn,0,4,features.5.weight,0.0003,0.9,0.999,1e-08,rms_layerwise,full_coupled,multiplicative_rms_memory,inherited,480,10,0.001,1.0,135.76449584960938,0.001,0.001,0.001,,18432,0.2914103865623474,0.0004076700715813786,1.151906132698059,0.7295872569084167,0.6845570206642151,0.9692243933677673,0.2462703138589859,True,True
adam,smallcnn,0,4,features.5.weight,0.0003,0.9,0.999,1e-08,rms_layerwise,full_coupled,multiplicative_rms_memory,inherited,480,20,0.001,1.0,135.76449584960938,0.001,0.001,0.001,,18432,0.5526566505432129,0.013605318032205105,15.907476425170898,1.0033291578292847,-0.06178591400384903,1.0013325214385986,-0.021008571609854698,True,True
adam,smallcnn,0,4,features.5.weight,0.0003,0.9,0.999,1e-08,rms_layerwise,full_coupled,multiplicative_rms_memory,inherited,480,40,0.001,1.0,135.76449584960938,0.001,0.001,0.001,,18432,0.9171482920646667,0.0753324031829834,66.90748596191406,0.9999426007270813,0.010802431032061577,0.9997791647911072,0.022957483306527138,True,True
adam,smallcnn,0,4,features.5.weight,0.0003,0.9,0.999,1e-08,rms_layerwise,full_coupled,multiplicative_rms_memory,inherited,480,1,0.003,1.0,135.76449584960938,0.003,0.003,0.003,,18432,0.019009819254279137,5.69746334804222e-05,0.01900973729789257,0.00371627532877028,0.9999935626983643,0.0017892157193273306,0.9999983906745911,True,True
adam,smallcnn,0,4,features.5.weight,0.0003,0.9,0.999,1e-08,rms_layerwise,full_coupled,multiplicative_rms_memory,inherited,480,5,0.003,1.0,135.76449584960938,0.003,0.003,0.003,,18432,0.13597434759140015,0.0004145393322687596,0.13843022286891937,0.24083125591278076,0.9706591963768005,0.2394571751356125,0.9709726572036743,True,True
adam,smallcnn,0,4,features.5.weight,0.0003,0.9,0.999,1e-08,rms_layerwise,full_coupled,multiplicative_rms_memory,inherited,480,10,0.003,1.0,135.76449584960938,0.003,0.003,0.003,,18432,0.2914103865623474,0.002960485639050603,0.6260465383529663,0.9588615298271179,0.2840954661369324,0.893129289150238,0.45006418228149414,True,True
adam,smallcnn,0,4,features.5.weight,0.0003,0.9,0.999,1e-08,rms_layerwise,full_coupled,multiplicative_rms_memory,inherited,480,20,0.003,1.0,135.76449584960938,0.003,0.003,0.003,,18432,0.5526566505432129,0.03831135854125023,6.865139961242676,1.0075318813323975,-0.153059184551239,1.0143219232559204,-0.13893160223960876,True,True
adam,smallcnn,0,4,features.5.weight,0.0003,0.9,0.999,1e-08,rms_layerwise,full_coupled,multiplicative_rms_memory,inherited,480,40,0.003,1.0,135.76449584960938,0.003,0.003,0.003,,18432,0.9171482920646667,0.12855027616024017,23.3572998046875,1.0015987157821655,-0.06405326724052429,1.0039361715316772,-0.08080989122390747,True,True
adam,smallcnn,0,4,features.5.weight,0.0003,0.9,0.999,1e-08,rms_layerwise,full_coupled,multiplicative_rms_memory,inherited,480,1,0.01,1.0,135.76449584960938,0.01,0.01,0.01,,18432,0.019009819254279137,0.0001894621818792075,0.019010040909051895,0.003929015249013901,0.9999980330467224,0.0005262852646410465,0.9999998211860657,True,True
adam,smallcnn,0,4,features.5.weight,0.0003,0.9,0.999,1e-08,rms_layerwise,full_coupled,multiplicative_rms_memory,inherited,480,5,0.01,1.0,135.76449584960938,0.01,0.01,0.01,,18432,0.13597434759140015,0.0013651128392666578,0.13595415651798248,0.16670909523963928,0.9860569834709167,0.13649354875087738,0.9906859993934631,True,True
adam,smallcnn,0,4,features.5.weight,0.0003,0.9,0.999,1e-08,rms_layerwise,full_coupled,multiplicative_rms_memory,inherited,480,10,0.01,1.0,135.76449584960938,0.01,0.01,0.01,,18432,0.2914103865623474,0.0074562691152095795,0.5448269844055176,0.9270555377006531,0.37524744868278503,0.8543557524681091,0.5199039578437805,True,True
adam,smallcnn,0,4,features.5.weight,0.0003,0.9,0.999,1e-08,rms_layerwise,full_coupled,multiplicative_rms_memory,inherited,480,20,0.01,1.0,135.76449584960938,0.01,0.01,0.01,,18432,0.5526566505432129,0.04135575890541077,2.961695671081543,1.0134762525558472,-0.034705620259046555,0.9817090034484863,0.19042639434337616,True,True
adam,smallcnn,0,4,features.5.weight,0.0003,0.9,0.999,1e-08,rms_layerwise,full_coupled,multiplicative_rms_memory,inherited,480,40,0.01,1.0,135.76449584960938,0.01,0.01,0.01,,18432,0.9171482920646667,0.17120042443275452,10.705174446105957,1.000529408454895,0.016901500523090363,0.9958866834640503,0.09075005352497101,True,True
adam,smallcnn,0,4,features.5.weight,0.0003,0.9,0.999,1e-08,rms_layerwise,full_coupled,multiplicative_rms_memory,inherited,480,1,0.03,1.0,135.76449584960938,0.03,0.03,0.03,,18432,0.019009819254279137,0.000564553018193692,0.019010037183761597,0.01142999716103077,0.9999865889549255,0.00020835129544138908,1.0,True,True
adam,smallcnn,0,4,features.5.weight,0.0003,0.9,0.999,1e-08,rms_layerwise,full_coupled,multiplicative_rms_memory,inherited,480,5,0.03,1.0,135.76449584960938,0.03,0.03,0.03,,18432,0.13597434759140015,0.004954091738909483,0.14331801235675812,0.5848497152328491,0.81123286485672,0.3371058404445648,0.9414946436882019,True,True
adam,smallcnn,0,4,features.5.weight,0.0003,0.9,0.999,1e-08,rms_layerwise,full_coupled,multiplicative_rms_memory,inherited,480,10,0.03,1.0,135.76449584960938,0.03,0.03,0.03,,18432,0.2914103865623474,0.015200886875391006,0.3639865219593048,0.8530511856079102,0.5242961645126343,0.6400787234306335,0.7689607739448547,True,True
adam,smallcnn,0,4,features.5.weight,0.0003,0.9,0.999,1e-08,rms_layerwise,full_coupled,multiplicative_rms_memory,inherited,480,20,0.03,1.0,135.76449584960938,0.03,0.03,0.03,,18432,0.5526566505432129,0.09780142456293106,1.2711596488952637,1.011797308921814,0.01476043276488781,0.9597875475883484,0.3080156743526459,True,True
adam,smallcnn,0,4,features.5.weight,0.0003,0.9,0.999,1e-08,rms_layerwise,full_coupled,multiplicative_rms_memory,inherited,480,40,0.03,1.0,135.76449584960938,0.03,0.03,0.03,,18432,0.9171482920646667,0.34866875410079956,5.308929443359375,1.0009326934814453,0.027630841359496117,0.999654233455658,0.0883793830871582,True,True
adam,smallcnn,0,4,features.5.weight,0.0003,0.9,0.999,1e-08,rms_layerwise,full_coupled,multiplicative_rms_memory,inherited,480,1,0.1,1.0,135.76449584960938,0.1,0.1,0.1,,18432,0.019009819254279137,0.0018375441431999207,0.019012130796909332,0.038538504391908646,0.9998581409454346,0.001227731816470623,0.9999991655349731,True,True
adam,smallcnn,0,4,features.5.weight,0.0003,0.9,0.999,1e-08,rms_layerwise,full_coupled,multiplicative_rms_memory,inherited,480,5,0.1,1.0,135.76449584960938,0.1,0.1,0.1,,18432,0.13597434759140015,0.01364115346223116,0.1367204785346985,0.22962586581707,0.973556399345398,0.13997642695903778,0.9901645183563232,True,True
adam,smallcnn,0,4,features.5.weight,0.0003,0.9,0.999,1e-08,rms_layerwise,full_coupled,multiplicative_rms_memory,inherited,480,10,0.1,1.0,135.76449584960938,0.1,0.1,0.1,,18432,0.2914103865623474,0.033540524542331696,0.3164931535720825,0.5693371891975403,0.8233607411384583,0.44131141901016235,0.897651195526123,True,True
adam,smallcnn,0,4,features.5.weight,0.0003,0.9,0.999,1e-08,rms_layerwise,full_coupled,multiplicative_rms_memory,inherited,480,20,0.1,1.0,135.76449584960938,0.1,0.1,0.1,,18432,0.5526566505432129,0.09975218027830124,0.9490247368812561,0.9970958828926086,0.2822490334510803,0.8911832571029663,0.46786484122276306,True,True
adam,smallcnn,0,4,features.5.weight,0.0003,0.9,0.999,1e-08,rms_layerwise,full_coupled,multiplicative_rms_memory,inherited,480,40,0.1,1.0,135.76449584960938,0.1,0.1,0.1,,18432,0.9171482920646667,0.3038268983364105,2.8155999183654785,1.0051950216293335,0.13367816805839539,0.9884263873100281,0.19819408655166626,True,True
adam,smallcnn,0,5,features.5.bias,0.0003,0.9,0.999,1e-08,rms_layerwise,full_coupled,multiplicative_rms_memory,inherited,480,1,0.001,1.0,8.0,0.001,0.001,0.001,,64,0.0013198578963056207,1.3226923556430847e-06,0.0013196617364883423,0.012909086421132088,0.9999188184738159,0.005247609224170446,0.9999863505363464,True,True
adam,smallcnn,0,5,features.5.bias,0.0003,0.9,0.999,1e-08,rms_layerwise,full_coupled,multiplicative_rms_memory,inherited,480,5,0.001,1.0,8.0,0.001,0.001,0.001,,64,0.008938584476709366,2.0271341782063246e-05,0.012897041626274586,0.8984032869338989,0.43917492032051086,0.7219502329826355,0.6919458508491516,True,True
adam,smallcnn,0,5,features.5.bias,0.0003,0.9,0.999,1e-08,rms_layerwise,full_coupled,multiplicative_rms_memory,inherited,480,10,0.001,1.0,8.0,0.001,0.001,0.001,,64,0.019431114196777344,4.600394095177762e-05,0.038470957428216934,0.9076021313667297,0.41983893513679504,0.8631033301353455,0.5050275325775146,True,True
adam,smallcnn,0,5,features.5.bias,0.0003,0.9,0.999,1e-08,rms_layerwise,full_coupled,multiplicative_rms_memory,inherited,480,20,0.001,1.0,8.0,0.001,0.001,0.001,,64,0.03505006060004234,0.0009738929220475256,3.934737205505371,0.9996299743652344,0.028273308649659157,1.000249981880188,-0.0236077718436718,True,True
adam,smallcnn,0,5,features.5.bias,0.0003,0.9,0.999,1e-08,rms_layerwise,full_coupled,multiplicative_rms_memory,inherited,480,40,0.001,1.0,8.0,0.001,0.001,0.001,,64,0.057674210518598557,0.051203273236751556,38.299049377441406,1.0000238418579102,-0.020685739815235138,1.000011920928955,-0.00717730401083827,True,True
adam,smallcnn,0,5,features.5.bias,0.0003,0.9,0.999,1e-08,rms_layerwise,full_coupled,multiplicative_rms_memory,inherited,480,1,0.003,1.0,8.0,0.003,0.003,0.003,,64,0.0013198578963056207,3.9609894884051755e-06,0.0013201662804931402,0.003915003035217524,0.9999923706054688,0.0018946703057736158,0.9999982118606567,True,True
adam,smallcnn,0,5,features.5.bias,0.0003,0.9,0.999,1e-08,rms_layerwise,full_coupled,multiplicative_rms_memory,inherited,480,5,0.003,1.0,8.0,0.003,0.003,0.003,,64,0.008938584476709366,3.356056549819186e-05,0.0096746776252985,0.6024449467658997,0.7981608510017395,0.38214311003685,0.924103319644928,True,True
adam,smallcnn,0,5,features.5.bias,0.0003,0.9,0.999,1e-08,rms_layerwise,full_coupled,multiplicative_rms_memory,inherited,480,10,0.003,1.0,8.0,0.003,0.003,0.003,,64,0.019431114196777344,0.00012378681276459247,0.029096191748976707,0.8820418119430542,0.4711713492870331,0.7439611554145813,0.668222963809967,True,True
adam,smallcnn,0,5,features.5.bias,0.0003,0.9,0.999,1e-08,rms_layerwise,full_coupled,multiplicative_rms_memory,inherited,480,20,0.003,1.0,8.0,0.003,0.003,0.003,,64,0.03505006060004234,0.0026374219451099634,1.18867826461792,1.0000087022781372,0.019714349880814552,0.999744713306427,0.023398810997605324,True,True
adam,smallcnn,0,5,features.5.bias,0.0003,0.9,0.999,1e-08,rms_layerwise,full_coupled,multiplicative_rms_memory,inherited,480,40,0.003,1.0,8.0,0.003,0.003,0.003,,64,0.057674210518598557,0.044695377349853516,13.278034210205078,1.0000474452972412,-0.010320872999727726,0.9999322295188904,0.01778576523065567,True,True
adam,smallcnn,0,5,features.5.bias,0.0003,0.9,0.999,1e-08,rms_layerwise,full_coupled,multiplicative_rms_memory,inherited,480,1,0.01,1.0,8.0,0.01,0.01,0.01,,64,0.0013198578963056207,1.3158116416889243e-05,0.001319984789006412,0.003696241183206439,0.9999978542327881,0.0007891132845543325,0.9999995827674866,True,True
adam,smallcnn,0,5,features.5.bias,0.0003,0.9,0.999,1e-08,rms_layerwise,full_coupled,multiplicative_rms_memory,inherited,480,5,0.01,1.0,8.0,0.01,0.01,0.01,,64,0.008938584476709366,9.4732349680271e-05,0.01071242056787014,0.33859628438949585,0.9409353137016296,0.5507793426513672,0.8346507549285889,True,True
adam,smallcnn,0,5,features.5.bias,0.0003,0.9,0.999,1e-08,rms_layerwise,full_coupled,multiplicative_rms_memory,inherited,480,10,0.01,1.0,8.0,0.01,0.01,0.01,,64,0.019431114196777344,0.00024606051738373935,0.02391601912677288,0.6184320449829102,0.7858476042747498,0.5846543908119202,0.8112834095954895,True,True
adam,smallcnn,0,5,features.5.bias,0.0003,0.9,0.999,1e-08,rms_layerwise,full_coupled,multiplicative_rms_memory,inherited,480,20,0.01,1.0,8.0,0.01,0.01,0.01,,64,0.03505006060004234,0.005258964840322733,0.41748589277267456,0.9988285899162292,0.05088943988084793,0.9956051111221313,0.09421055763959885,True,True
adam,smallcnn,0,5,features.5.bias,0.0003,0.9,0.999,1e-08,rms_layerwise,full_coupled,multiplicative_rms_memory,inherited,480,40,0.01,1.0,8.0,0.01,0.01,0.01,,64,0.057674210518598557,0.06944549828767776,4.896337985992432,0.9999985694885254,0.004310247953981161,0.9999960064888,0.006226903293281794,True,True
adam,smallcnn,0,5,features.5.bias,0.0003,0.9,0.999,1e-08,rms_layerwise,full_coupled,multiplicative_rms_memory,inherited,480,1,0.03,1.0,8.0,0.03,0.03,0.03,,64,0.0013198578963056207,3.91905487049371e-05,0.0013199184322729707,0.011673190630972385,0.9999854564666748,0.00020239714649505913,0.9999999403953552,True,True
adam,smallcnn,0,5,features.5.bias,0.0003,0.9,0.999,1e-08,rms_layerwise,full_coupled,multiplicative_rms_memory,inherited,480,5,0.03,1.0,8.0,0.03,0.03,0.03,,64,0.008938584476709366,0.00027180451434105635,0.009231646545231342,0.20204833149909973,0.979401707649231,0.2495422661304474,0.9683638215065002,True,True
adam,smallcnn,0,5,features.5.bias,0.0003,0.9,0.999,1e-08,rms_layerwise,full_coupled,multiplicative_rms_memory,inherited,480,10,0.03,1.0,8.0,0.03,0.03,0.03,,64,0.019431114196777344,0.000797659216914326,0.039404839277267456,0.6872159242630005,0.7264661192893982,0.8707558512687683,0.49171748757362366,True,True
adam,smallcnn,0,5,features.5.bias,0.0003,0.9,0.999,1e-08,rms_layerwise,full_coupled,multiplicative_rms_memory,inherited,480,20,0.03,1.0,8.0,0.03,0.03,0.03,,64,0.03505006060004234,0.013184609822928905,0.5570419430732727,1.0052192211151123,-0.025737421587109566,1.003111720085144,-0.018069984391331673,True,True
adam,smallcnn,0,5,features.5.bias,0.0003,0.9,0.999,1e-08,rms_layerwise,full_coupled,multiplicative_rms_memory,inherited,480,40,0.03,1.0,8.0,0.03,0.03,0.03,,64,0.057674210518598557,0.06909436732530594,2.2499990463256836,1.0017802715301514,-0.05863834545016289,1.0005749464035034,-0.009619848802685738,True,True
adam,smallcnn,0,5,features.5.bias,0.0003,0.9,0.999,1e-08,rms_layerwise,full_coupled,multiplicative_rms_memory,inherited,480,1,0.1,1.0,8.0,0.1,0.1,0.1,,64,0.0013198578963056207,0.00012749744928441942,0.0013201666297391057,0.03957551717758179,0.99984210729599,0.0010818687733262777,0.999999463558197,True,True
adam,smallcnn,0,5,features.5.bias,0.0003,0.9,0.999,1e-08,rms_layerwise,full_coupled,multiplicative_rms_memory,inherited,480,5,0.1,1.0,8.0,0.1,0.1,0.1,,64,0.008938584476709366,0.0008819781942293048,0.009022531099617481,0.14759787917137146,0.989341676235199,0.13853819668293,0.9903570413589478,True,True
adam,smallcnn,0,5,features.5.bias,0.0003,0.9,0.999,1e-08,rms_layerwise,full_coupled,multiplicative_rms_memory,inherited,480,10,0.1,1.0,8.0,0.1,0.1,0.1,,64,0.019431114196777344,0.0033579280134290457,0.030670253559947014,0.8236600160598755,0.5671998858451843,0.7731688022613525,0.6342007517814636,True,True
adam,smallcnn,0,5,features.5.bias,0.0003,0.9,0.999,1e-08,rms_layerwise,full_coupled,multiplicative_rms_memory,inherited,480,20,0.1,1.0,8.0,0.1,0.1,0.1,,64,0.03505006060004234,0.034873172640800476,0.17577685415744781,1.0116684436798096,-0.06651897728443146,1.016180396080017,0.01789930649101734,True,True
adam,smallcnn,0,5,features.5.bias,0.0003,0.9,0.999,1e-08,rms_layerwise,full_coupled,multiplicative_rms_memory,inherited,480,40,0.1,1.0,8.0,0.1,0.1,0.1,,64,0.057674210518598557,0.18077723681926727,0.8344628214836121,1.0014199018478394,-0.028584236279129982,1.0027360916137695,-0.005083906929939985,True,True
adam,smallcnn,0,6,features.7.weight,0.0003,0.9,0.999,1e-08,rms_layerwise,full_coupled,multiplicative_rms_memory,inherited,480,1,0.001,1.0,192.0,0.001,0.001,0.001,,36864,0.023804515600204468,2.3797892936272547e-05,0.023806050419807434,0.009721233509480953,0.9999527931213379,0.004828502424061298,0.999988317489624,True,True
adam,smallcnn,0,6,features.7.weight,0.0003,0.9,0.999,1e-08,rms_layerwise,full_coupled,multiplicative_rms_memory,inherited,480,5,0.001,1.0,192.0,0.001,0.001,0.001,,36864,0.16813695430755615,0.0001695765386102721,0.1697603166103363,0.18299345672130585,0.9831497073173523,0.15795113146305084,0.987451434135437,True,True
adam,smallcnn,0,6,features.7.weight,0.0003,0.9,0.999,1e-08,rms_layerwise,full_coupled,multiplicative_rms_memory,inherited,480,10,0.001,1.0,192.0,0.001,0.001,0.001,,36864,0.3577021360397339,0.00041842058999463916,1.0326412916183472,0.5584197044372559,0.8299337029457092,0.9421768188476562,0.3352998197078705,True,True
adam,smallcnn,0,6,features.7.weight,0.0003,0.9,0.999,1e-08,rms_layerwise,full_coupled,multiplicative_rms_memory,inherited,480,20,0.001,1.0,192.0,0.001,0.001,0.001,,36864,0.5923615097999573,0.0059281447902321815,12.735616683959961,0.995155394077301,0.0983278900384903,0.999469518661499,0.03465863689780235,True,True
adam,smallcnn,0,6,features.7.weight,0.0003,0.9,0.999,1e-08,rms_layerwise,full_coupled,multiplicative_rms_memory,inherited,480,40,0.001,1.0,192.0,0.001,0.001,0.001,,36864,0.8343641757965088,0.07419314980506897,53.0785026550293,1.0000020265579224,0.00544948922470212,1.0002403259277344,-0.007429250981658697,True,True
adam,smallcnn,0,6,features.7.weight,0.0003,0.9,0.999,1e-08,rms_layerwise,full_coupled,multiplicative_rms_memory,inherited,480,1,0.003,1.0,192.0,0.003,0.003,0.003,,36864,0.023804515600204468,7.133097824407741e-05,0.023804400116205215,0.003465194720774889,0.9999947547912598,0.0015893328236415982,0.9999986886978149,True,True
adam,smallcnn,0,6,features.7.weight,0.0003,0.9,0.999,1e-08,rms_layerwise,full_coupled,multiplicative_rms_memory,inherited,480,5,0.003,1.0,192.0,0.003,0.003,0.003,,36864,0.16813695430755615,0.0005026176222600043,0.16819624602794647,0.17164666950702667,0.9853273630142212,0.16657309234142303,0.9861218333244324,True,True
adam,smallcnn,0,6,features.7.weight,0.0003,0.9,0.999,1e-08,rms_layerwise,full_coupled,multiplicative_rms_memory,inherited,480,10,0.003,1.0,192.0,0.003,0.003,0.003,,36864,0.3577021360397339,0.0010942189255729318,0.5161513090133667,0.35357293486595154,0.9364530444145203,0.74254310131073,0.67018723487854,True,True
adam,smallcnn,0,6,features.7.weight,0.0003,0.9,0.999,1e-08,rms_layerwise,full_coupled,multiplicative_rms_memory,inherited,480,20,0.003,1.0,192.0,0.003,0.003,0.003,,36864,0.5923615097999573,0.017901770770549774,5.346872806549072,0.9979273080825806,0.07049257308244705,0.9963923692703247,0.08789794147014618,True,True
adam,smallcnn,0,6,features.7.weight,0.0003,0.9,0.999,1e-08,rms_layerwise,full_coupled,multiplicative_rms_memory,inherited,480,40,0.003,1.0,192.0,0.003,0.003,0.003,,36864,0.8343641757965088,0.09076928347349167,20.84433364868164,1.0001240968704224,0.00928803626447916,1.0011416673660278,-0.008524776436388493,True,True
adam,smallcnn,0,6,features.7.weight,0.0003,0.9,0.999,1e-08,rms_layerwise,full_coupled,multiplicative_rms_memory,inherited,480,1,0.01,1.0,192.0,0.01,0.01,0.01,,36864,0.023804515600204468,0.00023714260896667838,0.02380472794175148,0.004083586856722832,0.999998927116394,0.0004854263679590076,0.9999998807907104,True,True
adam,smallcnn,0,6,features.7.weight,0.0003,0.9,0.999,1e-08,rms_layerwise,full_coupled,multiplicative_rms_memory,inherited,480,5,0.01,1.0,192.0,0.01,0.01,0.01,,36864,0.16813695430755615,0.0016664599534124136,0.16734138131141663,0.1119839996099472,0.9938251376152039,0.10520467907190323,0.9945034384727478,True,True
adam,smallcnn,0,6,features.7.weight,0.0003,0.9,0.999,1e-08,rms_layerwise,full_coupled,multiplicative_rms_memory,inherited,480,10,0.01,1.0,192.0,0.01,0.01,0.01,,36864,0.3577021360397339,0.004343994427472353,0.41857966780662537,0.603498637676239,0.7977769374847412,0.5531830191612244,0.8333301544189453,True,True
adam,smallcnn,0,6,features.7.weight,0.0003,0.9,0.999,1e-08,rms_layerwise,full_coupled,multiplicative_rms_memory,inherited,480,20,0.01,1.0,192.0,0.01,0.01,0.01,,36864,0.5923615097999573,0.03489312902092934,2.34558367729187,0.9816352128982544,0.1920679360628128,0.9655529856681824,0.2603231966495514,True,True
adam,smallcnn,0,6,features.7.weight,0.0003,0.9,0.999,1e-08,rms_layerwise,full_coupled,multiplicative_rms_memory,inherited,480,40,0.01,1.0,192.0,0.01,0.01,0.01,,36864,0.8343641757965088,0.13841259479522705,7.145995140075684,0.9979022145271301,0.06490346789360046,0.9961423277854919,0.09135577082633972,True,True
adam,smallcnn,0,6,features.7.weight,0.0003,0.9,0.999,1e-08,rms_layerwise,full_coupled,multiplicative_rms_memory,inherited,480,1,0.03,1.0,192.0,0.03,0.03,0.03,,36864,0.023804515600204468,0.0007060164934955537,0.02380526065826416,0.011985745280981064,0.9999942779541016,0.00018798753444571048,0.9999998807907104,True,True
adam,smallcnn,0,6,features.7.weight,0.0003,0.9,0.999,1e-08,rms_layerwise,full_coupled,multiplicative_rms_memory,inherited,480,5,0.03,1.0,192.0,0.03,0.03,0.03,,36864,0.16813695430755615,0.004970855545252562,0.16702689230442047,0.07087380439043045,0.9976320266723633,0.05558372661471367,0.9984873533248901,True,True
adam,smallcnn,0,6,features.7.weight,0.0003,0.9,0.999,1e-08,rms_layerwise,full_coupled,multiplicative_rms_memory,inherited,480,10,0.03,1.0,192.0,0.03,0.03,0.03,,36864,0.3577021360397339,0.011889520101249218,0.37057435512542725,0.49739888310432434,0.8682022094726562,0.3441011905670166,0.9392916560173035,True,True
adam,smallcnn,0,6,features.7.weight,0.0003,0.9,0.999,1e-08,rms_layerwise,full_coupled,multiplicative_rms_memory,inherited,480,20,0.03,1.0,192.0,0.03,0.03,0.03,,36864,0.5923615097999573,0.04906155914068222,0.9856435060501099,0.9327428936958313,0.3605460524559021,0.8206630945205688,0.5721401572227478,True,True
adam,smallcnn,0,6,features.7.weight,0.0003,0.9,0.999,1e-08,rms_layerwise,full_coupled,multiplicative_rms_memory,inherited,480,40,0.03,1.0,192.0,0.03,0.03,0.03,,36864,0.8343641757965088,0.1416204869747162,2.883263349533081,0.9893742799758911,0.1481722891330719,0.9693822860717773,0.2488749772310257,True,True
adam,smallcnn,0,6,features.7.weight,0.0003,0.9,0.999,1e-08,rms_layerwise,full_coupled,multiplicative_rms_memory,inherited,480,1,0.1,1.0,192.0,0.1,0.1,0.1,,36864,0.023804515600204468,0.0022910269908607006,0.02381332777440548,0.04055675119161606,0.9999418258666992,0.0010534018510952592,0.9999994039535522,True,True
adam,smallcnn,0,6,features.7.weight,0.0003,0.9,0.999,1e-08,rms_layerwise,full_coupled,multiplicative_rms_memory,inherited,480,5,0.1,1.0,192.0,0.1,0.1,0.1,,36864,0.16813695430755615,0.016321402043104172,0.16707921028137207,0.07276898622512817,0.9978715777397156,0.07417304068803787,0.997286319732666,True,True
adam,smallcnn,0,6,features.7.weight,0.0003,0.9,0.999,1e-08,rms_layerwise,full_coupled,multiplicative_rms_memory,inherited,480,10,0.1,1.0,192.0,0.1,0.1,0.1,,36864,0.3577021360397339,0.03625463321805,0.3566143214702606,0.3331901431083679,0.9438307881355286,0.22109436988830566,0.9756375551223755,True,True
adam,smallcnn,0,6,features.7.weight,0.0003,0.9,0.999,1e-08,rms_layerwise,full_coupled,multiplicative_rms_memory,inherited,480,20,0.1,1.0,192.0,0.1,0.1,0.1,,36864,0.5923615097999573,0.12073133885860443,0.7086816430091858,0.8859068751335144,0.4645940661430359,0.6322202682495117,0.7770199775695801,True,True
adam,smallcnn,0,6,features.7.weight,0.0003,0.9,0.999,1e-08,rms_layerwise,full_coupled,multiplicative_rms_memory,inherited,480,40,0.1,1.0,192.0,0.1,0.1,0.1,,36864,0.8343641757965088,0.3395712673664093,1.6916059255599976,0.9711352586746216,0.2386346012353897,0.906847357749939,0.42668211460113525,True,True
adam,smallcnn,0,7,features.7.bias,0.0003,0.9,0.999,1e-08,rms_layerwise,full_coupled,multiplicative_rms_memory,inherited,480,1,0.001,1.0,8.0,0.001,0.001,0.001,,64,0.0010836321162059903,1.0811263564391993e-06,0.0010840176837518811,0.009366725571453571,0.9999589323997498,0.0051205274648964405,0.999987006187439,True,True
adam,smallcnn,0,7,features.7.bias,0.0003,0.9,0.999,1e-08,rms_layerwise,full_coupled,multiplicative_rms_memory,inherited,480,5,0.001,1.0,8.0,0.001,0.001,0.001,,64,0.008158034645020962,8.751902896619868e-06,0.00878579169511795,0.36494502425193787,0.9310295581817627,0.3724043667316437,0.9280707240104675,True,True
adam,smallcnn,0,7,features.7.bias,0.0003,0.9,0.999,1e-08,rms_layerwise,full_coupled,multiplicative_rms_memory,inherited,480,10,0.001,1.0,8.0,0.001,0.001,0.001,,64,0.018192825838923454,2.546837458794471e-05,0.03217247873544693,0.6994568705558777,0.7146749496459961,0.8252909183502197,0.5647081136703491,True,True
adam,smallcnn,0,7,features.7.bias,0.0003,0.9,0.999,1e-08,rms_layerwise,full_coupled,multiplicative_rms_memory,inherited,480,20,0.001,1.0,8.0,0.001,0.001,0.001,,64,0.030881261453032494,0.0011394842294976115,3.537091016769409,0.9996480345726013,0.026534557342529297,0.9999530911445618,0.009748179465532303,True,True
adam,smallcnn,0,7,features.7.bias,0.0003,0.9,0.999,1e-08,rms_layerwise,full_coupled,multiplicative_rms_memory,inherited,480,40,0.001,1.0,8.0,0.001,0.001,0.001,,64,0.044815052300691605,0.05148499831557274,34.859920501708984,1.0000165700912476,-0.018488964065909386,0.9999915361404419,0.007196883205324411,True,True
adam,smallcnn,0,7,features.7.bias,0.0003,0.9,0.999,1e-08,rms_layerwise,full_coupled,multiplicative_rms_memory,inherited,480,1,0.003,1.0,8.0,0.003,0.003,0.003,,64,0.0010836321162059903,3.2438583730254322e-06,0.0010836317669600248,0.0038913702592253685,0.9999947547912598,0.0014277063310146332,0.9999990463256836,True,True
adam,smallcnn,0,7,features.7.bias,0.0003,0.9,0.999,1e-08,rms_layerwise,full_coupled,multiplicative_rms_memory,inherited,480,5,0.003,1.0,8.0,0.003,0.003,0.003,,64,0.008158034645020962,2.8600597943295725e-05,0.008596772328019142,0.520226001739502,0.8540303111076355,0.3178479075431824,0.9481419920921326,True,True
adam,smallcnn,0,7,features.7.bias,0.0003,0.9,0.999,1e-08,rms_layerwise,full_coupled,multiplicative_rms_memory,inherited,480,10,0.003,1.0,8.0,0.003,0.003,0.003,,64,0.018192825838923454,6.646788824582472e-05,0.021226616576313972,0.5720492005348206,0.8202199339866638,0.5161405205726624,0.8565041422843933,True,True
adam,smallcnn,0,7,features.7.bias,0.0003,0.9,0.999,1e-08,rms_layerwise,full_coupled,multiplicative_rms_memory,inherited,480,20,0.003,1.0,8.0,0.003,0.003,0.003,,64,0.030881261453032494,0.0008225971832871437,1.2177352905273438,0.9939006567001343,0.11030340939760208,0.9996674656867981,0.02579357661306858,True,True
adam,smallcnn,0,7,features.7.bias,0.0003,0.9,0.999,1e-08,rms_layerwise,full_coupled,multiplicative_rms_memory,inherited,480,40,0.003,1.0,8.0,0.003,0.003,0.003,,64,0.044815052300691605,0.03870497643947601,14.265154838562012,1.0000219345092773,-0.0045792339369654655,0.9999886751174927,0.005186127498745918,True,True
adam,smallcnn,0,7,features.7.bias,0.0003,0.9,0.999,1e-08,rms_layerwise,full_coupled,multiplicative_rms_memory,inherited,480,1,0.01,1.0,8.0,0.01,0.01,0.01,,64,0.0010836321162059903,1.0792206921905745e-05,0.0010836769361048937,0.004167448729276657,0.9999997615814209,0.0005316088208928704,0.9999998211860657,True,True
adam,smallcnn,0,7,features.7.bias,0.0003,0.9,0.999,1e-08,rms_layerwise,full_coupled,multiplicative_rms_memory,inherited,480,5,0.01,1.0,8.0,0.01,0.01,0.01,,64,0.008158034645020962,8.382799569517374e-05,0.008232408203184605,0.240707665681839,0.9706010818481445,0.1352798044681549,0.9908075928688049,True,True
adam,smallcnn,0,7,features.7.bias,0.0003,0.9,0.999,1e-08,rms_layerwise,full_coupled,multiplicative_rms_memory,inherited,480,10,0.01,1.0,8.0,0.01,0.01,0.01,,64,0.018192825838923454,0.00019137925119139254,0.018788481131196022,0.317292720079422,0.9483305215835571,0.2515626549720764,0.9678410291671753,True,True
adam,smallcnn,0,7,features.7.bias,0.0003,0.9,0.999,1e-08,rms_layerwise,full_coupled,multiplicative_rms_memory,inherited,480,20,0.01,1.0,8.0,0.01,0.01,0.01,,64,0.030881261453032494,0.0036370696034282446,0.2939058542251587,0.9967406988143921,0.0807773768901825,0.9949415326118469,0.10055661201477051,True,True
adam,smallcnn,0,7,features.7.bias,0.0003,0.9,0.999,1e-08,rms_layerwise,full_coupled,multiplicative_rms_memory,inherited,480,40,0.01,1.0,8.0,0.01,0.01,0.01,,64,0.044815052300691605,0.04970070719718933,3.4244272708892822,1.0001635551452637,-0.013633344322443008,1.0002000331878662,-0.008742028847336769,True,True
adam,smallcnn,0,7,features.7.bias,0.0003,0.9,0.999,1e-08,rms_layerwise,full_coupled,multiplicative_rms_memory,inherited,480,1,0.03,1.0,8.0,0.03,0.03,0.03,,64,0.0010836321162059903,3.21180559694767e-05,0.001083694281987846,0.01224740594625473,0.9999991655349731,0.0001550153101561591,1.0,True,True
adam,smallcnn,0,7,features.7.bias,0.0003,0.9,0.999,1e-08,rms_layerwise,full_coupled,multiplicative_rms_memory,inherited,480,5,0.03,1.0,8.0,0.03,0.03,0.03,,64,0.008158034645020962,0.0002443943521939218,0.008189822547137737,0.11704032868146896,0.993161678314209,0.08623009920120239,0.9962752461433411,True,True
adam,smallcnn,0,7,features.7.bias,0.0003,0.9,0.999,1e-08,rms_layerwise,full_coupled,multiplicative_rms_memory,inherited,480,10,0.03,1.0,8.0,0.03,0.03,0.03,,64,0.018192825838923454,0.0005820048972964287,0.018678994849324226,0.3645128011703491,0.9312213659286499,0.2271943837404251,0.9738495945930481,True,True
adam,smallcnn,0,7,features.7.bias,0.0003,0.9,0.999,1e-08,rms_layerwise,full_coupled,multiplicative_rms_memory,inherited,480,20,0.03,1.0,8.0,0.03,0.03,0.03,,64,0.030881261453032494,0.0044722966849803925,0.10807789862155914,0.9788855314254761,0.20442695915699005,0.958802342414856,0.28407880663871765,True,True
adam,smallcnn,0,7,features.7.bias,0.0003,0.9,0.999,1e-08,rms_layerwise,full_coupled,multiplicative_rms_memory,inherited,480,40,0.03,1.0,8.0,0.03,0.03,0.03,,64,0.044815052300691605,0.06572744995355606,0.7571932673454285,0.9998556971549988,0.01728283055126667,0.9979217052459717,0.06467100232839584,True,True
adam,smallcnn,0,7,features.7.bias,0.0003,0.9,0.999,1e-08,rms_layerwise,full_coupled,multiplicative_rms_memory,inherited,480,1,0.1,1.0,8.0,0.1,0.1,0.1,,64,0.0010836321162059903,0.00010407709487481043,0.0010841352632269263,0.041417866945266724,0.999990701675415,0.0007144755218178034,0.9999998807907104,True,True
adam,smallcnn,0,7,features.7.bias,0.0003,0.9,0.999,1e-08,rms_layerwise,full_coupled,multiplicative_rms_memory,inherited,480,5,0.1,1.0,8.0,0.1,0.1,0.1,,64,0.008158034645020962,0.0007950812578201294,0.008185557089745998,0.07691563665866852,0.9974481463432312,0.09037426114082336,0.9959082007408142,True,True
adam,smallcnn,0,7,features.7.bias,0.0003,0.9,0.999,1e-08,rms_layerwise,full_coupled,multiplicative_rms_memory,inherited,480,10,0.1,1.0,8.0,0.1,0.1,0.1,,64,0.018192825838923454,0.0018740827217698097,0.02100352942943573,0.31662121415138245,0.9488060474395752,0.5012334585189819,0.865312397480011,True,True
adam,smallcnn,0,7,features.7.bias,0.0003,0.9,0.999,1e-08,rms_layerwise,full_coupled,multiplicative_rms_memory,inherited,480,20,0.1,1.0,8.0,0.1,0.1,0.1,,64,0.030881261453032494,0.01262375432997942,0.13509491086006165,0.9695708155632019,0.24481089413166046,0.9790135025978088,0.20514002442359924,True,True
adam,smallcnn,0,7,features.7.bias,0.0003,0.9,0.999,1e-08,rms_layerwise,full_coupled,multiplicative_rms_memory,inherited,480,40,0.1,1.0,8.0,0.1,0.1,0.1,,64,0.044815052300691605,0.07313009351491928,0.5685189366340637,0.9981789588928223,0.06033051386475563,0.998490035533905,0.05855396017432213,True,True
adam,smallcnn,0,8,features.10.weight,0.0003,0.9,0.999,1e-08,rms_layerwise,full_coupled,multiplicative_rms_memory,inherited,480,1,0.001,1.0,271.52899169921875,0.001,0.001,0.001,,73728,0.02344399131834507,2.3434811737388372e-05,0.023444993421435356,0.012051316909492016,0.9999274611473083,0.00610964884981513,0.9999813437461853,True,True
adam,smallcnn,0,8,features.10.weight,0.0003,0.9,0.999,1e-08,rms_layerwise,full_coupled,multiplicative_rms_memory,inherited,480,5,0.001,1.0,271.52899169921875,0.001,0.001,0.001,,73728,0.17954152822494507,0.00020842670346610248,0.18622571229934692,0.5378892421722412,0.8432120084762573,0.30389976501464844,0.9527714252471924,True,True
adam,smallcnn,0,8,features.10.weight,0.0003,0.9,0.999,1e-08,rms_layerwise,full_coupled,multiplicative_rms_memory,inherited,480,10,0.001,1.0,271.52899169921875,0.001,0.001,0.001,,73728,0.3881513774394989,0.000442373362602666,0.40368103981018066,0.5100852251052856,0.8602945804595947,0.31488388776779175,0.9492101073265076,True,True
adam,smallcnn,0,8,features.10.weight,0.0003,0.9,0.999,1e-08,rms_layerwise,full_coupled,multiplicative_rms_memory,inherited,480,20,0.001,1.0,271.52899169921875,0.001,0.001,0.001,,73728,0.6511215567588806,0.005893490742892027,3.526980400085449,0.993739128112793,0.11173275858163834,0.9836727976799011,0.18002457916736603,True,True
adam,smallcnn,0,8,features.10.weight,0.0003,0.9,0.999,1e-08,rms_layerwise,full_coupled,multiplicative_rms_memory,inherited,480,40,0.001,1.0,271.52899169921875,0.001,0.001,0.001,,73728,0.9577779769897461,0.06216347590088844,32.147430419921875,0.9998721480369568,0.015998084098100662,0.9994328618049622,0.033924639225006104,True,True
adam,smallcnn,0,8,features.10.weight,0.0003,0.9,0.999,1e-08,rms_layerwise,full_coupled,multiplicative_rms_memory,inherited,480,1,0.003,1.0,271.52899169921875,0.003,0.003,0.003,,73728,0.02344399131834507,7.025020750006661e-05,0.023444104939699173,0.004209508653730154,0.9999918341636658,0.0020461692474782467,0.9999978542327881,True,True
adam,smallcnn,0,8,features.10.weight,0.0003,0.9,0.999,1e-08,rms_layerwise,full_coupled,multiplicative_rms_memory,inherited,480,5,0.003,1.0,271.52899169921875,0.003,0.003,0.003,,73728,0.17954152822494507,0.0005472103366628289,0.18019306659698486,0.20824205875396729,0.9780970811843872,0.14979752898216248,0.9887462258338928,True,True
adam,smallcnn,0,8,features.10.weight,0.0003,0.9,0.999,1e-08,rms_layerwise,full_coupled,multiplicative_rms_memory,inherited,480,10,0.003,1.0,271.52899169921875,0.003,0.003,0.003,,73728,0.3881513774394989,0.0012185514206066728,0.5494727492332458,0.31490495800971985,0.9491452574729919,0.7131534218788147,0.7010287642478943,True,True
adam,smallcnn,0,8,features.10.weight,0.0003,0.9,0.999,1e-08,rms_layerwise,full_coupled,multiplicative_rms_memory,inherited,480,20,0.003,1.0,271.52899169921875,0.003,0.003,0.003,,73728,0.6511215567588806,0.014222054742276669,4.742448329925537,0.9904556274414062,0.13783322274684906,0.9906976222991943,0.13608771562576294,True,True
adam,smallcnn,0,8,features.10.weight,0.0003,0.9,0.999,1e-08,rms_layerwise,full_coupled,multiplicative_rms_memory,inherited,480,40,0.003,1.0,271.52899169921875,0.003,0.003,0.003,,73728,0.9577779769897461,0.09542666375637054,24.508546829223633,0.9992939829826355,0.03849397599697113,0.9991141557693481,0.04219497740268707,True,True
adam,smallcnn,0,8,features.10.weight,0.0003,0.9,0.999,1e-08,rms_layerwise,full_coupled,multiplicative_rms_memory,inherited,480,1,0.01,1.0,271.52899169921875,0.01,0.01,0.01,,73728,0.02344399131834507,0.0002335536410100758,0.02344421297311783,0.004293275065720081,0.9999979734420776,0.0006162145873531699,0.9999997019767761,True,True
adam,smallcnn,0,8,features.10.weight,0.0003,0.9,0.999,1e-08,rms_layerwise,full_coupled,multiplicative_rms_memory,inherited,480,5,0.01,1.0,271.52899169921875,0.01,0.01,0.01,,73728,0.17954152822494507,0.0017907858127728105,0.18245726823806763,0.07605442404747009,0.9971186518669128,0.18104560673236847,0.9834749102592468,True,True
adam,smallcnn,0,8,features.10.weight,0.0003,0.9,0.999,1e-08,rms_layerwise,full_coupled,multiplicative_rms_memory,inherited,480,10,0.01,1.0,271.52899169921875,0.01,0.01,0.01,,73728,0.3881513774394989,0.004005098715424538,0.47667089104652405,0.2703501880168915,0.9627830386161804,0.5935338735580444,0.8048641085624695,True,True
adam,smallcnn,0,8,features.10.weight,0.0003,0.9,0.999,1e-08,rms_layerwise,full_coupled,multiplicative_rms_memory,inherited,480,20,0.01,1.0,271.52899169921875,0.01,0.01,0.01,,73728,0.6511215567588806,0.01965215615928173,2.4603004455566406,0.9439030885696411,0.3302246928215027,0.967552661895752,0.2529403567314148,True,True
adam,smallcnn,0,8,features.10.weight,0.0003,0.9,0.999,1e-08,rms_layerwise,full_coupled,multiplicative_rms_memory,inherited,480,40,0.01,1.0,271.52899169921875,0.01,0.01,0.01,,73728,0.9577779769897461,0.11328735947608948,6.725887298583984,0.9964935183525085,0.08367499709129333,0.9918969869613647,0.12787316739559174,True,True
adam,smallcnn,0,8,features.10.weight,0.0003,0.9,0.999,1e-08,rms_layerwise,full_coupled,multiplicative_rms_memory,inherited,480,1,0.03,1.0,271.52899169921875,0.03,0.03,0.03,,73728,0.02344399131834507,0.0006953660631552339,0.02344505488872528,0.01237846352159977,0.9999889731407166,0.00023712839174550027,0.9999998807907104,True,True
adam,smallcnn,0,8,features.10.weight,0.0003,0.9,0.999,1e-08,rms_layerwise,full_coupled,multiplicative_rms_memory,inherited,480,5,0.03,1.0,271.52899169921875,0.03,0.03,0.03,,73728,0.17954152822494507,0.0053316703997552395,0.18366950750350952,0.03751165419816971,0.9993553757667542,0.20238709449768066,0.9793072938919067,True,True
adam,smallcnn,0,8,features.10.weight,0.0003,0.9,0.999,1e-08,rms_layerwise,full_coupled,multiplicative_rms_memory,inherited,480,10,0.03,1.0,271.52899169921875,0.03,0.03,0.03,,73728,0.3881513774394989,0.012335040606558323,0.4067377746105194,0.3562626838684082,0.9344349503517151,0.3114856481552124,0.9502593874931335,True,True
adam,smallcnn,0,8,features.10.weight,0.0003,0.9,0.999,1e-08,rms_layerwise,full_coupled,multiplicative_rms_memory,inherited,480,20,0.03,1.0,271.52899169921875,0.03,0.03,0.03,,73728,0.6511215567588806,0.039227958768606186,0.8997230529785156,0.8709040880203247,0.491495281457901,0.701633632183075,0.7126238346099854,True,True
adam,smallcnn,0,8,features.10.weight,0.0003,0.9,0.999,1e-08,rms_layerwise,full_coupled,multiplicative_rms_memory,inherited,480,40,0.03,1.0,271.52899169921875,0.03,0.03,0.03,,73728,0.9577779769897461,0.14192688465118408,2.4750280380249023,0.9805927872657776,0.19615663588047028,0.9279300570487976,0.3730159401893616,True,True
adam,smallcnn,0,8,features.10.weight,0.0003,0.9,0.999,1e-08,rms_layerwise,full_coupled,multiplicative_rms_memory,inherited,480,1,0.1,1.0,271.52899169921875,0.1,0.1,0.1,,73728,0.02344399131834507,0.0022570774890482426,0.02345529943704605,0.0419195219874382,0.9998745918273926,0.002952195703983307,0.9999956488609314,True,True
adam,smallcnn,0,8,features.10.weight,0.0003,0.9,0.999,1e-08,rms_layerwise,full_coupled,multiplicative_rms_memory,inherited,480,5,0.1,1.0,271.52899169921875,0.1,0.1,0.1,,73728,0.17954152822494507,0.017491940408945084,0.18149428069591522,0.0583743080496788,0.9986802339553833,0.15437638759613037,0.9880130290985107,True,True
adam,smallcnn,0,8,features.10.weight,0.0003,0.9,0.999,1e-08,rms_layerwise,full_coupled,multiplicative_rms_memory,inherited,480,10,0.1,1.0,271.52899169921875,0.1,0.1,0.1,,73728,0.3881513774394989,0.03911078721284866,0.39745116233825684,0.25278449058532715,0.9678354859352112,0.23680029809474945,0.9715713262557983,True,True
adam,smallcnn,0,8,features.10.weight,0.0003,0.9,0.999,1e-08,rms_layerwise,full_coupled,multiplicative_rms_memory,inherited,480,20,0.1,1.0,271.52899169921875,0.1,0.1,0.1,,73728,0.6511215567588806,0.12263146042823792,0.7970258593559265,0.852920651435852,0.5221154093742371,0.5912405252456665,0.806562066078186,True,True
adam,smallcnn,0,8,features.10.weight,0.0003,0.9,0.999,1e-08,rms_layerwise,full_coupled,multiplicative_rms_memory,inherited,480,40,0.1,1.0,271.52899169921875,0.1,0.1,0.1,,73728,0.9577779769897461,0.3793483376502991,2.3458714485168457,0.9777044653892517,0.21356190741062164,0.9457001090049744,0.3335264325141907,True,True
adam,smallcnn,0,9,features.10.bias,0.0003,0.9,0.999,1e-08,rms_layerwise,full_coupled,multiplicative_rms_memory,inherited,480,1,0.001,1.0,11.313708305358887,0.001,0.001,0.001,,128,0.0011367194820195436,1.137480239776778e-06,0.001137692597694695,0.014580365270376205,0.9998939037322998,0.005333819892257452,0.9999861121177673,True,True
adam,smallcnn,0,9,features.10.bias,0.0003,0.9,0.999,1e-08,rms_layerwise,full_coupled,multiplicative_rms_memory,inherited,480,5,0.001,1.0,11.313708305358887,0.001,0.001,0.001,,128,0.008815225213766098,8.869670637068339e-06,0.009274383075535297,0.10972566157579422,0.9939620494842529,0.3102452754974365,0.9506564736366272,True,True
adam,smallcnn,0,9,features.10.bias,0.0003,0.9,0.999,1e-08,rms_layerwise,full_coupled,multiplicative_rms_memory,inherited,480,10,0.001,1.0,11.313708305358887,0.001,0.001,0.001,,128,0.021361611783504486,2.1813362764078192e-05,0.023806175217032433,0.19975608587265015,0.9798457622528076,0.4426030218601227,0.8967178463935852,True,True
adam,smallcnn,0,9,features.10.bias,0.0003,0.9,0.999,1e-08,rms_layerwise,full_coupled,multiplicative_rms_memory,inherited,480,20,0.001,1.0,11.313708305358887,0.001,0.001,0.001,,128,0.04215269908308983,0.0012671041768044233,1.173052430152893,0.9992880821228027,0.03802910074591637,0.9991741180419922,0.040939927101135254,True,True
adam,smallcnn,0,9,features.10.bias,0.0003,0.9,0.999,1e-08,rms_layerwise,full_coupled,multiplicative_rms_memory,inherited,480,40,0.001,1.0,11.313708305358887,0.001,0.001,0.001,,128,0.06288526207208633,0.051745668053627014,30.53340721130371,0.9999909996986389,0.00796590093523264,0.9999985694885254,0.0017465699929744005,True,True
adam,smallcnn,0,9,features.10.bias,0.0003,0.9,0.999,1e-08,rms_layerwise,full_coupled,multiplicative_rms_memory,inherited,480,1,0.003,1.0,11.313708305358887,0.003,0.003,0.003,,128,0.0011367194820195436,3.4068677905452205e-06,0.0011365721002221107,0.004103274084627628,0.9999920725822449,0.001805066247470677,0.9999983310699463,True,True
adam,smallcnn,0,9,features.10.bias,0.0003,0.9,0.999,1e-08,rms_layerwise,full_coupled,multiplicative_rms_memory,inherited,480,5,0.003,1.0,11.313708305358887,0.003,0.003,0.003,,128,0.008815225213766098,2.6440282454132102e-05,0.008827191777527332,0.03804894536733627,0.9992764592170715,0.05484778434038162,0.9984947443008423,True,True
adam,smallcnn,0,9,features.10.bias,0.0003,0.9,0.999,1e-08,rms_layerwise,full_coupled,multiplicative_rms_memory,inherited,480,10,0.003,1.0,11.313708305358887,0.003,0.003,0.003,,128,0.021361611783504486,6.566413503605872e-05,0.02164173685014248,0.2218957245349884,0.9750708937644958,0.16389314830303192,0.9864783883094788,True,True
adam,smallcnn,0,9,features.10.bias,0.0003,0.9,0.999,1e-08,rms_layerwise,full_coupled,multiplicative_rms_memory,inherited,480,20,0.003,1.0,11.313708305358887,0.003,0.003,0.003,,128,0.04215269908308983,0.0015768612502142787,0.8499411940574646,0.996599018573761,0.0824350044131279,0.9988887906074524,0.04719119146466255,True,True
adam,smallcnn,0,9,features.10.bias,0.0003,0.9,0.999,1e-08,rms_layerwise,full_coupled,multiplicative_rms_memory,inherited,480,40,0.003,1.0,11.313708305358887,0.003,0.003,0.003,,128,0.06288526207208633,0.04419427737593651,14.634556770324707,0.999987006187439,0.005163970869034529,1.0000145435333252,-0.0012315020430833101,True,True
adam,smallcnn,0,9,features.10.bias,0.0003,0.9,0.999,1e-08,rms_layerwise,full_coupled,multiplicative_rms_memory,inherited,480,1,0.01,1.0,11.313708305358887,0.01,0.01,0.01,,128,0.0011367194820195436,1.1321639249217696e-05,0.0011366907274350524,0.0043797567486763,0.9999985098838806,0.0005791303119622171,0.9999997615814209,True,True
adam,smallcnn,0,9,features.10.bias,0.0003,0.9,0.999,1e-08,rms_layerwise,full_coupled,multiplicative_rms_memory,inherited,480,5,0.01,1.0,11.313708305358887,0.01,0.01,0.01,,128,0.008815225213766098,8.786877151578665e-05,0.008816319517791271,0.008235747925937176,0.9999712109565735,0.01807769574224949,0.9998366236686707,True,True
adam,smallcnn,0,9,features.10.bias,0.0003,0.9,0.999,1e-08,rms_layerwise,full_coupled,multiplicative_rms_memory,inherited,480,10,0.01,1.0,11.313708305358887,0.01,0.01,0.01,,128,0.021361611783504486,0.0002298306062584743,0.021845422685146332,0.37360209226608276,0.9275909662246704,0.20831778645515442,0.9780610799789429,True,True
adam,smallcnn,0,9,features.10.bias,0.0003,0.9,0.999,1e-08,rms_layerwise,full_coupled,multiplicative_rms_memory,inherited,480,20,0.01,1.0,11.313708305358887,0.01,0.01,0.01,,128,0.04215269908308983,0.011067044921219349,0.5765299201011658,0.9993288516998291,0.03666131570935249,0.9974963068962097,0.07075716555118561,True,True
adam,smallcnn,0,9,features.10.bias,0.0003,0.9,0.999,1e-08,rms_layerwise,full_coupled,multiplicative_rms_memory,inherited,480,40,0.01,1.0,11.313708305358887,0.01,0.01,0.01,,128,0.06288526207208633,0.07547272741794586,4.043959617614746,0.9999166131019592,0.014167072251439095,0.9998555183410645,0.017060773447155952,True,True
adam,smallcnn,0,9,features.10.bias,0.0003,0.9,0.999,1e-08,rms_layerwise,full_coupled,multiplicative_rms_memory,inherited,480,1,0.03,1.0,11.313708305358887,0.03,0.03,0.03,,128,0.0011367194820195436,3.3682201319606975e-05,0.0011368138948455453,0.013019615784287453,0.999992847442627,0.00021945498883724213,1.0,True,True
adam,smallcnn,0,9,features.10.bias,0.0003,0.9,0.999,1e-08,rms_layerwise,full_coupled,multiplicative_rms_memory,inherited,480,5,0.03,1.0,11.313708305358887,0.03,0.03,0.03,,128,0.008815225213766098,0.0002619029546622187,0.00881711021065712,0.022929105907678604,0.9997867345809937,0.02235049568116665,0.9997501373291016,True,True
adam,smallcnn,0,9,features.10.bias,0.0003,0.9,0.999,1e-08,rms_layerwise,full_coupled,multiplicative_rms_memory,inherited,480,10,0.03,1.0,11.313708305358887,0.03,0.03,0.03,,128,0.021361611783504486,0.0006585074588656425,0.03857581689953804,0.2614685595035553,0.9652445912361145,0.8327292203903198,0.553680419921875,True,True
adam,smallcnn,0,9,features.10.bias,0.0003,0.9,0.999,1e-08,rms_layerwise,full_coupled,multiplicative_rms_memory,inherited,480,20,0.03,1.0,11.313708305358887,0.03,0.03,0.03,,128,0.04215269908308983,0.011435668915510178,0.47270309925079346,0.9929454922676086,0.11886004358530045,0.9956954717636108,0.09275508671998978,True,True
adam,smallcnn,0,9,features.10.bias,0.0003,0.9,0.999,1e-08,rms_layerwise,full_coupled,multiplicative_rms_memory,inherited,480,40,0.03,1.0,11.313708305358887,0.03,0.03,0.03,,128,0.06288526207208633,0.07722369581460953,1.8477835655212402,0.9997577667236328,0.022133104503154755,0.9995641112327576,0.02982128970324993,True,True
adam,smallcnn,0,9,features.10.bias,0.0003,0.9,0.999,1e-08,rms_layerwise,full_coupled,multiplicative_rms_memory,inherited,480,1,0.1,1.0,11.313708305358887,0.1,0.1,0.1,,128,0.0011367194820195436,0.00010906672105193138,0.0011376102920621634,0.044038109481334686,0.9999250173568726,0.0012119526509195566,0.9999995827674866,True,True
adam,smallcnn,0,9,features.10.bias,0.0003,0.9,0.999,1e-08,rms_layerwise,full_coupled,multiplicative_rms_memory,inherited,480,5,0.1,1.0,11.313708305358887,0.1,0.1,0.1,,128,0.008815225213766098,0.0008530584163963795,0.008817484602332115,0.04809553921222687,0.9994196891784668,0.023396871984004974,0.9997262954711914,True,True
adam,smallcnn,0,9,features.10.bias,0.0003,0.9,0.999,1e-08,rms_layerwise,full_coupled,multiplicative_rms_memory,inherited,480,10,0.1,1.0,11.313708305358887,0.1,0.1,0.1,,128,0.021361611783504486,0.0021199588663876057,0.024374330416321754,0.2035997062921524,0.979459822177887,0.4826091229915619,0.8758360743522644,True,True
adam,smallcnn,0,9,features.10.bias,0.0003,0.9,0.999,1e-08,rms_layerwise,full_coupled,multiplicative_rms_memory,inherited,480,20,0.1,1.0,11.313708305358887,0.1,0.1,0.1,,128,0.04215269908308983,0.019412260502576828,0.1800113171339035,0.9751279950141907,0.2216891050338745,0.9712976217269897,0.23789726197719574,True,True
adam,smallcnn,0,9,features.10.bias,0.0003,0.9,0.999,1e-08,rms_layerwise,full_coupled,multiplicative_rms_memory,inherited,480,40,0.1,1.0,11.313708305358887,0.1,0.1,0.1,,128,0.06288526207208633,0.11406328529119492,0.6696583032608032,0.9983667731285095,0.05716654658317566,0.9957980513572693,0.09160633385181427,True,True
adam,smallcnn,0,10,fc.weight,0.0003,0.9,0.999,1e-08,rms_layerwise,full_coupled,multiplicative_rms_memory,inherited,480,1,0.001,1.0,25.298221588134766,0.001,0.001,0.001,,640,0.0024575639981776476,2.4601101813459536e-06,0.0024569029919803143,0.021633882075548172,0.9997663497924805,0.011274190619587898,0.9999364614486694,True,True
adam,smallcnn,0,10,fc.weight,0.0003,0.9,0.999,1e-08,rms_layerwise,full_coupled,multiplicative_rms_memory,inherited,480,5,0.001,1.0,25.298221588134766,0.001,0.001,0.001,,640,0.019605698063969612,2.043141284957528e-05,0.01981840655207634,0.2834615409374237,0.9589838981628418,0.14806033670902252,0.988978385925293,True,True
adam,smallcnn,0,10,fc.weight,0.0003,0.9,0.999,1e-08,rms_layerwise,full_coupled,multiplicative_rms_memory,inherited,480,10,0.001,1.0,25.298221588134766,0.001,0.001,0.001,,640,0.042759351432323456,4.658300895243883e-05,0.04445599392056465,0.4095264971256256,0.912315309047699,0.2875242531299591,0.9577818512916565,True,True
adam,smallcnn,0,10,fc.weight,0.0003,0.9,0.999,1e-08,rms_layerwise,full_coupled,multiplicative_rms_memory,inherited,480,20,0.001,1.0,25.298221588134766,0.001,0.001,0.001,,640,0.07850761711597443,0.002100541954860091,1.6631848812103271,0.9995520114898682,0.03066922351717949,0.9992004036903381,0.04053394868969917,True,True
adam,smallcnn,0,10,fc.weight,0.0003,0.9,0.999,1e-08,rms_layerwise,full_coupled,multiplicative_rms_memory,inherited,480,40,0.001,1.0,25.298221588134766,0.001,0.001,0.001,,640,0.19578826427459717,0.06479359418153763,29.839658737182617,1.00006103515625,-0.018654324114322662,1.0004018545150757,-0.05797610431909561,True,True
adam,smallcnn,0,10,fc.weight,0.0003,0.9,0.999,1e-08,rms_layerwise,full_coupled,multiplicative_rms_memory,inherited,480,1,0.003,1.0,25.298221588134766,0.003,0.003,0.003,,640,0.0024575639981776476,7.3678329499671236e-06,0.002457214519381523,0.006795182358473539,0.999977171421051,0.00343905296176672,0.9999940395355225,True,True
adam,smallcnn,0,10,fc.weight,0.0003,0.9,0.999,1e-08,rms_layerwise,full_coupled,multiplicative_rms_memory,inherited,480,5,0.003,1.0,25.298221588134766,0.003,0.003,0.003,,640,0.019605698063969612,5.907384547754191e-05,0.019631223753094673,0.09982629120349884,0.995005190372467,0.05011613667011261,0.9987432360649109,True,True
adam,smallcnn,0,10,fc.weight,0.0003,0.9,0.999,1e-08,rms_layerwise,full_coupled,multiplicative_rms_memory,inherited,480,10,0.003,1.0,25.298221588134766,0.003,0.003,0.003,,640,0.042759351432323456,0.00013050952111370862,0.04319283738732338,0.19462628662586212,0.9808794856071472,0.16368363797664642,0.986518919467926,True,True
adam,smallcnn,0,10,fc.weight,0.0003,0.9,0.999,1e-08,rms_layerwise,full_coupled,multiplicative_rms_memory,inherited,480,20,0.003,1.0,25.298221588134766,0.003,0.003,0.003,,640,0.07850761711597443,0.0018313699401915073,0.6196039915084839,0.9932762384414673,0.11640827357769012,0.9927307963371277,0.12051499634981155,True,True
adam,smallcnn,0,10,fc.weight,0.0003,0.9,0.999,1e-08,rms_layerwise,full_coupled,multiplicative_rms_memory,inherited,480,40,0.003,1.0,25.298221588134766,0.003,0.003,0.003,,640,0.19578826427459717,0.04962807893753052,6.825395584106445,0.9996747374534607,0.033393241465091705,1.0006569623947144,-0.00856875441968441,True,True
adam,smallcnn,0,10,fc.weight,0.0003,0.9,0.999,1e-08,rms_layerwise,full_coupled,multiplicative_rms_memory,inherited,480,1,0.01,1.0,25.298221588134766,0.01,0.01,0.01,,640,0.0024575639981776476,2.4497296180925332e-05,0.002457402879372239,0.00435754656791687,0.9999954700469971,0.0011050604516640306,0.9999993443489075,True,True
adam,smallcnn,0,10,fc.weight,0.0003,0.9,0.999,1e-08,rms_layerwise,full_coupled,multiplicative_rms_memory,inherited,480,5,0.01,1.0,25.298221588134766,0.01,0.01,0.01,,640,0.019605698063969612,0.00019577614148147404,0.019609397277235985,0.042703937739133835,0.9990906119346619,0.023870913311839104,0.9997150897979736,True,True
adam,smallcnn,0,10,fc.weight,0.0003,0.9,0.999,1e-08,rms_layerwise,full_coupled,multiplicative_rms_memory,inherited,480,10,0.01,1.0,25.298221588134766,0.01,0.01,0.01,,640,0.042759351432323456,0.0019605716224759817,0.1047084853053093,0.9780834317207336,0.2084372341632843,0.9167793989181519,0.39949238300323486,True,True
adam,smallcnn,0,10,fc.weight,0.0003,0.9,0.999,1e-08,rms_layerwise,full_coupled,multiplicative_rms_memory,inherited,480,20,0.01,1.0,25.298221588134766,0.01,0.01,0.01,,640,0.07850761711597443,0.025306828320026398,1.322554111480713,0.9994676113128662,0.032665882259607315,0.9977781772613525,0.06706692278385162,True,True
adam,smallcnn,0,10,fc.weight,0.0003,0.9,0.999,1e-08,rms_layerwise,full_coupled,multiplicative_rms_memory,inherited,480,40,0.01,1.0,25.298221588134766,0.01,0.01,0.01,,640,0.19578826427459717,0.11168679594993591,5.384607315063477,0.9998531341552734,0.017140241339802742,0.9988756775856018,0.04908325523138046,True,True
adam,smallcnn,0,10,fc.weight,0.0003,0.9,0.999,1e-08,rms_layerwise,full_coupled,multiplicative_rms_memory,inherited,480,1,0.03,1.0,25.298221588134766,0.03,0.03,0.03,,640,0.0024575639981776476,7.300918514374644e-05,0.0024575970601290464,0.01175728440284729,0.9999794363975525,0.00036311050644144416,0.9999999403953552,True,True
adam,smallcnn,0,10,fc.weight,0.0003,0.9,0.999,1e-08,rms_layerwise,full_coupled,multiplicative_rms_memory,inherited,480,5,0.03,1.0,25.298221588134766,0.03,0.03,0.03,,640,0.019605698063969612,0.0005845808191224933,0.01961229182779789,0.026130275800824165,0.999679446220398,0.02815811149775982,0.9996034502983093,True,True
adam,smallcnn,0,10,fc.weight,0.0003,0.9,0.999,1e-08,rms_layerwise,full_coupled,multiplicative_rms_memory,inherited,480,10,0.03,1.0,25.298221588134766,0.03,0.03,0.03,,640,0.042759351432323456,0.0023286764044314623,0.053696371614933014,0.8415201902389526,0.5403282642364502,0.612758457660675,0.7902930378913879,True,True
adam,smallcnn,0,10,fc.weight,0.0003,0.9,0.999,1e-08,rms_layerwise,full_coupled,multiplicative_rms_memory,inherited,480,20,0.03,1.0,25.298221588134766,0.03,0.03,0.03,,640,0.07850761711597443,0.028757205232977867,0.49309417605400085,0.9991692900657654,0.05108937248587608,0.9910658597946167,0.13547027111053467,True,True
adam,smallcnn,0,10,fc.weight,0.0003,0.9,0.999,1e-08,rms_layerwise,full_coupled,multiplicative_rms_memory,inherited,480,40,0.03,1.0,25.298221588134766,0.03,0.03,0.03,,640,0.19578826427459717,0.13078558444976807,2.3230013847351074,0.998557448387146,0.05455191433429718,0.9952699542045593,0.0981278344988823,True,True
adam,smallcnn,0,10,fc.weight,0.0003,0.9,0.999,1e-08,rms_layerwise,full_coupled,multiplicative_rms_memory,inherited,480,1,0.1,1.0,25.298221588134766,0.1,0.1,0.1,,640,0.0024575639981776476,0.00023785879602655768,0.0024580436293035746,0.039343222975730896,0.9997844099998474,0.0013795397244393826,0.9999991059303284,True,True
adam,smallcnn,0,10,fc.weight,0.0003,0.9,0.999,1e-08,rms_layerwise,full_coupled,multiplicative_rms_memory,inherited,480,5,0.1,1.0,25.298221588134766,0.1,0.1,0.1,,640,0.019605698063969612,0.0019197971560060978,0.01959514617919922,0.03687737509608269,0.9995551109313965,0.01406428124755621,0.9999012351036072,True,True
adam,smallcnn,0,10,fc.weight,0.0003,0.9,0.999,1e-08,rms_layerwise,full_coupled,multiplicative_rms_memory,inherited,480,10,0.1,1.0,25.298221588134766,0.1,0.1,0.1,,640,0.042759351432323456,0.004467518534511328,0.045417170971632004,0.34955090284347534,0.9371305108070374,0.346235990524292,0.9381533265113831,True,True
adam,smallcnn,0,10,fc.weight,0.0003,0.9,0.999,1e-08,rms_layerwise,full_coupled,multiplicative_rms_memory,inherited,480,20,0.1,1.0,25.298221588134766,0.1,0.1,0.1,,640,0.07850761711597443,0.02054666541516781,0.21413558721542358,0.9385910034179688,0.34682950377464294,0.9226553440093994,0.3861181139945984,True,True
adam,smallcnn,0,10,fc.weight,0.0003,0.9,0.999,1e-08,rms_layerwise,full_coupled,multiplicative_rms_memory,inherited,480,40,0.1,1.0,25.298221588134766,0.1,0.1,0.1,,640,0.19578826427459717,0.1184144914150238,0.8534040451049805,0.9856676459312439,0.16873237490653992,0.966560423374176,0.258029580116272,True,True
adam,smallcnn,0,11,fc.bias,0.0003,0.9,0.999,1e-08,rms_layerwise,full_coupled,multiplicative_rms_memory,inherited,480,1,0.001,1.0,2.2360680103302,0.001,0.001,0.001,,5,0.00014074462524149567,1.4424379912725271e-07,0.00014160391583573073,0.04194272309541702,0.9994001388549805,0.0069066439755260944,0.9999945759773254,True,True
adam,smallcnn,0,11,fc.bias,0.0003,0.9,0.999,1e-08,rms_layerwise,full_coupled,multiplicative_rms_memory,inherited,480,5,0.001,1.0,2.2360680103302,0.001,0.001,0.001,,5,0.0004681278660427779,5.822825187351555e-06,0.002912825671955943,0.996745765209198,0.08061022311449051,0.9870548248291016,0.1603832095861435,True,True
adam,smallcnn,0,11,fc.bias,0.0003,0.9,0.999,1e-08,rms_layerwise,full_coupled,multiplicative_rms_memory,inherited,480,10,0.001,1.0,2.2360680103302,0.001,0.001,0.001,,5,0.0015596568118780851,2.1427860701805912e-05,0.010693678632378578,0.9972680807113647,0.07387527823448181,0.9891849160194397,0.14667634665966034,True,True
adam,smallcnn,0,11,fc.bias,0.0003,0.9,0.999,1e-08,rms_layerwise,full_coupled,multiplicative_rms_memory,inherited,480,20,0.001,1.0,2.2360680103302,0.001,0.001,0.001,,5,0.006016123108565807,0.000732345215510577,0.39572811126708984,1.0000035762786865,0.0036629661917686462,0.9997075796127319,0.026836426928639412,True,True
adam,smallcnn,0,11,fc.bias,0.0003,0.9,0.999,1e-08,rms_layerwise,full_coupled,multiplicative_rms_memory,inherited,480,40,0.001,1.0,2.2360680103302,0.001,0.001,0.001,,5,0.016962025314569473,0.023852616548538208,26.818077087402344,1.0000125169754028,-0.01719292439520359,1.000002384185791,-0.003611100371927023,True,True
adam,smallcnn,0,11,fc.bias,0.0003,0.9,0.999,1e-08,rms_layerwise,full_coupled,multiplicative_rms_memory,inherited,480,1,0.003,1.0,2.2360680103302,0.003,0.003,0.003,,5,0.00014074462524149567,4.231444279412244e-07,0.00014050355821382254,0.010875827632844448,0.9999430179595947,0.005124128423631191,0.9999884963035583,True,True
adam,smallcnn,0,11,fc.bias,0.0003,0.9,0.999,1e-08,rms_layerwise,full_coupled,multiplicative_rms_memory,inherited,480,5,0.003,1.0,2.2360680103302,0.003,0.003,0.003,,5,0.0004681278660427779,1.6585136108915322e-06,0.00047702412120997906,0.5378080606460571,0.8430755138397217,0.19237323105335236,0.9813218712806702,True,True
adam,smallcnn,0,11,fc.bias,0.0003,0.9,0.999,1e-08,rms_layerwise,full_coupled,multiplicative_rms_memory,inherited,480,10,0.003,1.0,2.2360680103302,0.003,0.003,0.003,,5,0.0015596568118780851,5.999935183353955e-06,0.001613318920135498,0.6284191012382507,0.7778774499893188,0.2580743432044983,0.9661251306533813,True,True
adam,smallcnn,0,11,fc.bias,0.0003,0.9,0.999,1e-08,rms_layerwise,full_coupled,multiplicative_rms_memory,inherited,480,20,0.003,1.0,2.2360680103302,0.003,0.003,0.003,,5,0.006016123108565807,0.00031663913978263736,0.04594946280121803,0.9980282187461853,0.06305887550115585,0.9918177723884583,0.1277017891407013,True,True
adam,smallcnn,0,11,fc.bias,0.0003,0.9,0.999,1e-08,rms_layerwise,full_coupled,multiplicative_rms_memory,inherited,480,40,0.003,1.0,2.2360680103302,0.003,0.003,0.003,,5,0.016962025314569473,0.02246866375207901,6.46647834777832,1.0000499486923218,-0.02091900259256363,1.0000278949737549,-0.009291386231780052,True,True
adam,smallcnn,0,11,fc.bias,0.0003,0.9,0.999,1e-08,rms_layerwise,full_coupled,multiplicative_rms_memory,inherited,480,1,0.01,1.0,2.2360680103302,0.01,0.01,0.01,,5,0.00014074462524149567,1.400774749527045e-06,0.0001407061645295471,0.005292084068059921,0.9999974966049194,0.0015732882311567664,0.999998927116394,True,True
adam,smallcnn,0,11,fc.bias,0.0003,0.9,0.999,1e-08,rms_layerwise,full_coupled,multiplicative_rms_memory,inherited,480,5,0.01,1.0,2.2360680103302,0.01,0.01,0.01,,5,0.0004681278660427779,4.6749337343499064e-06,0.00046894114348106086,0.09076447039842606,0.9958873987197876,0.07094750553369522,0.9974801540374756,True,True
adam,smallcnn,0,11,fc.bias,0.0003,0.9,0.999,1e-08,rms_layerwise,full_coupled,multiplicative_rms_memory,inherited,480,10,0.01,1.0,2.2360680103302,0.01,0.01,0.01,,5,0.0015596568118780851,1.5853082004468888e-05,0.0015698263887315989,0.19781242311000824,0.9802466034889221,0.1130961924791336,0.9935837388038635,True,True
adam,smallcnn,0,11,fc.bias,0.0003,0.9,0.999,1e-08,rms_layerwise,full_coupled,multiplicative_rms_memory,inherited,480,20,0.01,1.0,2.2360680103302,0.01,0.01,0.01,,5,0.006016123108565807,0.0008164143073372543,0.09669547528028488,0.9959362745285034,0.09187875688076019,0.9979504942893982,0.06401684135198593,True,True
adam,smallcnn,0,11,fc.bias,0.0003,0.9,0.999,1e-08,rms_layerwise,full_coupled,multiplicative_rms_memory,inherited,480,40,0.01,1.0,2.2360680103302,0.01,0.01,0.01,,5,0.016962025314569473,0.02586487866938114,2.201329231262207,1.0001221895217896,-0.01535036601126194,0.9999810457229614,0.006299289409071207,True,True
adam,smallcnn,0,11,fc.bias,0.0003,0.9,0.999,1e-08,rms_layerwise,full_coupled,multiplicative_rms_memory,inherited,480,1,0.03,1.0,2.2360680103302,0.03,0.03,0.03,,5,0.00014074462524149567,4.1632938518887386e-06,0.0001407990203006193,0.014275060035288334,0.9999986886978149,0.0007416296866722405,0.9999998807907104,True,True
adam,smallcnn,0,11,fc.bias,0.0003,0.9,0.999,1e-08,rms_layerwise,full_coupled,multiplicative_rms_memory,inherited,480,5,0.03,1.0,2.2360680103302,0.03,0.03,0.03,,5,0.0004681278660427779,1.3882016901334282e-05,0.0004683527222368866,0.07707367837429047,0.9971312284469604,0.025448044762015343,0.9996760487556458,True,True
adam,smallcnn,0,11,fc.bias,0.0003,0.9,0.999,1e-08,rms_layerwise,full_coupled,multiplicative_rms_memory,inherited,480,10,0.03,1.0,2.2360680103302,0.03,0.03,0.03,,5,0.0015596568118780851,4.681199789047241e-05,0.0015813411446288228,0.1592586487531662,0.987312376499176,0.16600577533245087,0.9861246347427368,True,True
adam,smallcnn,0,11,fc.bias,0.0003,0.9,0.999,1e-08,rms_layerwise,full_coupled,multiplicative_rms_memory,inherited,480,20,0.03,1.0,2.2360680103302,0.03,0.03,0.03,,5,0.006016123108565807,0.002499564317986369,0.051812924444675446,0.9989011287689209,0.05131231248378754,0.9948365092277527,0.10241145640611649,True,True
adam,smallcnn,0,11,fc.bias,0.0003,0.9,0.999,1e-08,rms_layerwise,full_coupled,multiplicative_rms_memory,inherited,480,40,0.03,1.0,2.2360680103302,0.03,0.03,0.03,,5,0.016962025314569473,0.020850608125329018,0.8049410581588745,1.0001813173294067,0.004772718530148268,0.9995145201683044,0.033566586673259735,True,True
adam,smallcnn,0,11,fc.bias,0.0003,0.9,0.999,1e-08,rms_layerwise,full_coupled,multiplicative_rms_memory,inherited,480,1,0.1,1.0,2.2360680103302,0.1,0.1,0.1,,5,0.00014074462524149567,1.3401776413957123e-05,0.00014097879466135055,0.05020054802298546,0.9999997019767761,0.0016710592899471521,0.9999998807907104,True,True
adam,smallcnn,0,11,fc.bias,0.0003,0.9,0.999,1e-08,rms_layerwise,full_coupled,multiplicative_rms_memory,inherited,480,5,0.1,1.0,2.2360680103302,0.1,0.1,0.1,,5,0.0004681278660427779,4.4672640797216445e-05,0.00046895359992049634,0.0544852539896965,0.9996787309646606,0.031714994460344315,0.9994978308677673,True,True
adam,smallcnn,0,11,fc.bias,0.0003,0.9,0.999,1e-08,rms_layerwise,full_coupled,multiplicative_rms_memory,inherited,480,10,0.1,1.0,2.2360680103302,0.1,0.1,0.1,,5,0.0015596568118780851,0.0001565868587931618,0.0015809943433851004,0.29739564657211304,0.9556096792221069,0.15790559351444244,0.987454354763031,True,True
adam,smallcnn,0,11,fc.bias,0.0003,0.9,0.999,1e-08,rms_layerwise,full_coupled,multiplicative_rms_memory,inherited,480,20,0.1,1.0,2.2360680103302,0.1,0.1,0.1,,5,0.006016123108565807,0.008365809917449951,0.04336421191692352,0.9976591467857361,0.06846874207258224,0.9910814166069031,0.13336549699306488,True,True
adam,smallcnn,0,11,fc.bias,0.0003,0.9,0.999,1e-08,rms_layerwise,full_coupled,multiplicative_rms_memory,inherited,480,40,0.1,1.0,2.2360680103302,0.1,0.1,0.1,,5,0.016962025314569473,0.07565660029649734,0.37251484394073486,1.0000193119049072,0.010345522314310074,1.0001187324523926,0.020159190520644188,True,True
adam,smallcnn,0,0,random_layerwise_0,0.0003,0.9,0.999,1e-08,rms_random_layerwise,full_coupled,multiplicative_rms_memory,inherited,480,1,0.001,1.0,73.61093139648438,0.001,,0.0004203791618347168,0.001,140069,0.009535349905490875,9.543928172206506e-06,0.009537728503346443,0.047000203281641006,0.9988948702812195,0.023858841508626938,0.9997153282165527,True,True
adam,smallcnn,0,0,random_layerwise_0,0.0003,0.9,0.999,1e-08,rms_random_layerwise,full_coupled,multiplicative_rms_memory,inherited,480,5,0.001,1.0,73.61093139648438,0.001,,0.0004203791618347168,0.001,140069,0.06897781044244766,7.796787394909188e-05,0.09126047044992447,0.4616360068321228,0.887072741985321,0.6518208980560303,0.7583770155906677,True,True
adam,smallcnn,0,0,random_layerwise_0,0.0003,0.9,0.999,1e-08,rms_random_layerwise,full_coupled,multiplicative_rms_memory,inherited,480,10,0.001,1.0,73.61093139648438,0.001,,0.0004203791618347168,0.001,140069,0.14934177696704865,0.0002107902109855786,0.19947968423366547,0.7154734134674072,0.6987082958221436,0.6682876944541931,0.7439180612564087,True,True
adam,smallcnn,0,0,random_layerwise_0,0.0003,0.9,0.999,1e-08,rms_random_layerwise,full_coupled,multiplicative_rms_memory,inherited,480,20,0.001,1.0,73.61093139648438,0.001,,0.0004203791618347168,0.001,140069,0.2508414387702942,0.0037216616328805685,4.727383613586426,0.997349739074707,0.07296821475028992,0.9982268810272217,0.05991717800498009,True,True
adam,smallcnn,0,0,random_layerwise_0,0.0003,0.9,0.999,1e-08,rms_random_layerwise,full_coupled,multiplicative_rms_memory,inherited,480,40,0.001,1.0,73.61093139648438,0.001,,0.0004203791618347168,0.001,140069,0.3924981653690338,0.06605613976716995,37.14082717895508,0.99990314245224,0.019290681928396225,0.9997866749763489,0.02545822598040104,True,True
adam,smallcnn,0,0,random_layerwise_0,0.0003,0.9,0.999,1e-08,rms_random_layerwise,full_coupled,multiplicative_rms_memory,inherited,480,1,0.003,1.0,73.61093139648438,0.003,,0.0012611374855041504,0.003,140069,0.009535349905490875,2.860784843505826e-05,0.00953548401594162,0.01606578752398491,0.9998709559440613,0.008027052506804466,0.9999677538871765,True,True
adam,smallcnn,0,0,random_layerwise_0,0.0003,0.9,0.999,1e-08,rms_random_layerwise,full_coupled,multiplicative_rms_memory,inherited,480,5,0.003,1.0,73.61093139648438,0.003,,0.0012611374855041504,0.003,140069,0.06897781044244766,0.00021659846242982894,0.07304733991622925,0.29019641876220703,0.9569684863090515,0.319644033908844,0.9475433230400085,True,True
adam,smallcnn,0,0,random_layerwise_0,0.0003,0.9,0.999,1e-08,rms_random_layerwise,full_coupled,multiplicative_rms_memory,inherited,480,10,0.003,1.0,73.61093139648438,0.003,,0.0012611374855041504,0.003,140069,0.14934177696704865,0.0005117303808219731,0.16279909014701843,0.4981347918510437,0.8671400547027588,0.40317875146865845,0.9151239395141602,True,True
adam,smallcnn,0,0,random_layerwise_0,0.0003,0.9,0.999,1e-08,rms_random_layerwise,full_coupled,multiplicative_rms_memory,inherited,480,20,0.003,1.0,73.61093139648438,0.003,,0.0012611374855041504,0.003,140069,0.2508414387702942,0.005372610874474049,1.5361759662628174,0.9911924600601196,0.1326376348733902,0.9852098226547241,0.1715506613254547,True,True
adam,smallcnn,0,0,random_layerwise_0,0.0003,0.9,0.999,1e-08,rms_random_layerwise,full_coupled,multiplicative_rms_memory,inherited,480,40,0.003,1.0,73.61093139648438,0.003,,0.0012611374855041504,0.003,140069,0.3924981653690338,0.06078478321433067,11.52044677734375,1.0000369548797607,0.007781764026731253,0.9993665218353271,0.035621803253889084,True,True
adam,smallcnn,0,0,random_layerwise_0,0.0003,0.9,0.999,1e-08,rms_random_layerwise,full_coupled,multiplicative_rms_memory,inherited,480,1,0.01,1.0,73.61093139648438,0.01,,0.004203791618347168,0.01,140069,0.009535349905490875,9.535156277706847e-05,0.009535426273941994,0.004970594309270382,0.9999876618385315,0.00241161254234612,0.9999971389770508,True,True
adam,smallcnn,0,0,random_layerwise_0,0.0003,0.9,0.999,1e-08,rms_random_layerwise,full_coupled,multiplicative_rms_memory,inherited,480,5,0.01,1.0,73.61093139648438,0.01,,0.004203791618347168,0.01,140069,0.06897781044244766,0.0007046034443192184,0.0743844136595726,0.19814541935920715,0.9801733493804932,0.36959508061408997,0.9291948080062866,True,True
adam,smallcnn,0,0,random_layerwise_0,0.0003,0.9,0.999,1e-08,rms_random_layerwise,full_coupled,multiplicative_rms_memory,inherited,480,10,0.01,1.0,73.61093139648438,0.01,,0.004203791618347168,0.01,140069,0.14934177696704865,0.0059705572202801704,0.3351012170314789,0.9681381583213806,0.2504170536994934,0.8940644860267639,0.4479442834854126,True,True
adam,smallcnn,0,0,random_layerwise_0,0.0003,0.9,0.999,1e-08,rms_random_layerwise,full_coupled,multiplicative_rms_memory,inherited,480,20,0.01,1.0,73.61093139648438,0.01,,0.004203791618347168,0.01,140069,0.2508414387702942,0.024517685174942017,1.4513416290283203,0.9971724152565002,0.07875385880470276,0.989119827747345,0.14902560412883759,True,True
adam,smallcnn,0,0,random_layerwise_0,0.0003,0.9,0.999,1e-08,rms_random_layerwise,full_coupled,multiplicative_rms_memory,inherited,480,40,0.01,1.0,73.61093139648438,0.01,,0.004203791618347168,0.01,140069,0.3924981653690338,0.10700280219316483,5.446868896484375,0.998609185218811,0.056229740381240845,0.9958841800689697,0.09302853047847748,True,True
adam,smallcnn,0,0,random_layerwise_0,0.0003,0.9,0.999,1e-08,rms_random_layerwise,full_coupled,multiplicative_rms_memory,inherited,480,1,0.03,1.0,73.61093139648438,0.03,,0.012611374855041503,0.03,140069,0.009535349905490875,0.00028604152612388134,0.009535443037748337,0.00410901615396142,0.9999914765357971,0.000805752701126039,0.9999997019767761,True,True
adam,smallcnn,0,0,random_layerwise_0,0.0003,0.9,0.999,1e-08,rms_random_layerwise,full_coupled,multiplicative_rms_memory,inherited,480,5,0.03,1.0,73.61093139648438,0.03,,0.012611374855041503,0.03,140069,0.06897781044244766,0.002090643160045147,0.06989634782075882,0.13843686878681183,0.9903713464736938,0.1541251540184021,0.9880520701408386,True,True
adam,smallcnn,0,0,random_layerwise_0,0.0003,0.9,0.999,1e-08,rms_random_layerwise,full_coupled,multiplicative_rms_memory,inherited,480,10,0.03,1.0,73.61093139648438,0.03,,0.012611374855041503,0.03,140069,0.14934177696704865,0.008046177215874195,0.19772450625896454,0.8292306661605835,0.5589103698730469,0.652600884437561,0.7577057480812073,True,True
adam,smallcnn,0,0,random_layerwise_0,0.0003,0.9,0.999,1e-08,rms_random_layerwise,full_coupled,multiplicative_rms_memory,inherited,480,20,0.03,1.0,73.61093139648438,0.03,,0.012611374855041503,0.03,140069,0.2508414387702942,0.032022614032030106,0.8011059165000916,0.969998300075531,0.24325169622898102,0.9656316637992859,0.2644347548484802,True,True
adam,smallcnn,0,0,random_layerwise_0,0.0003,0.9,0.999,1e-08,rms_random_layerwise,full_coupled,multiplicative_rms_memory,inherited,480,40,0.03,1.0,73.61093139648438,0.03,,0.012611374855041503,0.03,140069,0.3924981653690338,0.131814107298851,3.1096456050872803,0.9911256432533264,0.14356830716133118,0.9906100630760193,0.13715367019176483,True,True
adam,smallcnn,0,0,random_layerwise_0,0.0003,0.9,0.999,1e-08,rms_random_layerwise,full_coupled,multiplicative_rms_memory,inherited,480,1,0.1,1.0,73.61093139648438,0.1,,0.042037916183471684,0.1,140069,0.009535349905490875,0.0009533909033052623,0.009535694494843483,0.012630309909582138,0.9999202489852905,0.00027735382900573313,0.9999998211860657,True,True
adam,smallcnn,0,0,random_layerwise_0,0.0003,0.9,0.999,1e-08,rms_random_layerwise,full_coupled,multiplicative_rms_memory,inherited,480,5,0.1,1.0,73.61093139648438,0.1,,0.042037916183471684,0.1,140069,0.06897781044244766,0.006922690663486719,0.06926152110099792,0.08154496550559998,0.9966696500778198,0.08885081112384796,0.9960448741912842,True,True
adam,smallcnn,0,0,random_layerwise_0,0.0003,0.9,0.999,1e-08,rms_random_layerwise,full_coupled,multiplicative_rms_memory,inherited,480,10,0.1,1.0,73.61093139648438,0.1,,0.042037916183471684,0.1,140069,0.14934177696704865,0.017149826511740685,0.16294042766094208,0.4821377992630005,0.8761115670204163,0.40548625588417053,0.9141044020652771,True,True
adam,smallcnn,0,0,random_layerwise_0,0.0003,0.9,0.999,1e-08,rms_random_layerwise,full_coupled,multiplicative_rms_memory,inherited,480,20,0.1,1.0,73.61093139648438,0.1,,0.042037916183471684,0.1,140069,0.2508414387702942,0.06222987547516823,0.5728397369384766,0.9039587378501892,0.4283662438392639,0.9149013161659241,0.40501418709754944,True,True
adam,smallcnn,0,0,random_layerwise_0,0.0003,0.9,0.999,1e-08,rms_random_layerwise,full_coupled,multiplicative_rms_memory,inherited,480,40,0.1,1.0,73.61093139648438,0.1,,0.042037916183471684,0.1,140069,0.3924981653690338,0.19232527911663055,1.8645838499069214,0.9841406345367432,0.1791352927684784,0.9802438020706177,0.19817660748958588,True,True
adam,smallcnn,0,1,random_layerwise_1,0.0003,0.9,0.999,1e-08,rms_random_layerwise,full_coupled,multiplicative_rms_memory,inherited,480,1,0.001,1.0,165.58566284179688,0.001,,0.000683793842792511,0.001,140069,0.01864142157137394,1.864891964942217e-05,0.018641311675310135,0.024645734578371048,0.9996963143348694,0.012416165322065353,0.9999229311943054,True,True
adam,smallcnn,0,1,random_layerwise_1,0.0003,0.9,0.999,1e-08,rms_random_layerwise,full_coupled,multiplicative_rms_memory,inherited,480,5,0.001,1.0,165.58566284179688,0.001,,0.000683793842792511,0.001,140069,0.13648083806037903,0.00017689548258204013,0.14702676236629486,0.6597023010253906,0.7517864108085632,0.40821048617362976,0.9130151867866516,True,True
adam,smallcnn,0,1,random_layerwise_1,0.0003,0.9,0.999,1e-08,rms_random_layerwise,full_coupled,multiplicative_rms_memory,inherited,480,10,0.001,1.0,165.58566284179688,0.001,,0.000683793842792511,0.001,140069,0.29825735092163086,0.00039199605816975236,0.3219016492366791,0.6813620924949646,0.7324962019920349,0.4370410442352295,0.8998380303382874,True,True
adam,smallcnn,0,1,random_layerwise_1,0.0003,0.9,0.999,1e-08,rms_random_layerwise,full_coupled,multiplicative_rms_memory,inherited,480,20,0.001,1.0,165.58566284179688,0.001,,0.000683793842792511,0.001,140069,0.5094096660614014,0.007254625670611858,4.071527481079102,0.9980636835098267,0.06265748292207718,0.9926820397377014,0.1208329126238823,True,True
adam,smallcnn,0,1,random_layerwise_1,0.0003,0.9,0.999,1e-08,rms_random_layerwise,full_coupled,multiplicative_rms_memory,inherited,480,40,0.001,1.0,165.58566284179688,0.001,,0.000683793842792511,0.001,140069,0.7414436936378479,0.07203217595815659,42.42481994628906,0.9999809265136719,0.006994208320975304,1.0000842809677124,0.003912420477718115,True,True
adam,smallcnn,0,1,random_layerwise_1,0.0003,0.9,0.999,1e-08,rms_random_layerwise,full_coupled,multiplicative_rms_memory,inherited,480,1,0.003,1.0,165.58566284179688,0.003,,0.002051381528377533,0.003,140069,0.01864142157137394,5.595281982095912e-05,0.018641870468854904,0.008250036276876926,0.9999660849571228,0.004155578091740608,0.9999914765357971,True,True
adam,smallcnn,0,1,random_layerwise_1,0.0003,0.9,0.999,1e-08,rms_random_layerwise,full_coupled,multiplicative_rms_memory,inherited,480,5,0.003,1.0,165.58566284179688,0.003,,0.002051381528377533,0.003,140069,0.13648083806037903,0.0004283530288375914,0.1374560296535492,0.31339240074157715,0.9496440291404724,0.18644332885742188,0.9825206398963928,True,True
adam,smallcnn,0,1,random_layerwise_1,0.0003,0.9,0.999,1e-08,rms_random_layerwise,full_coupled,multiplicative_rms_memory,inherited,480,10,0.003,1.0,165.58566284179688,0.003,,0.002051381528377533,0.003,140069,0.29825735092163086,0.002145877806469798,0.4406256675720215,0.9119719862937927,0.41030657291412354,0.75026935338974,0.6613157391548157,True,True
adam,smallcnn,0,1,random_layerwise_1,0.0003,0.9,0.999,1e-08,rms_random_layerwise,full_coupled,multiplicative_rms_memory,inherited,480,20,0.003,1.0,165.58566284179688,0.003,,0.002051381528377533,0.003,140069,0.5094096660614014,0.026134973391890526,4.428953170776367,0.9990601539611816,0.04530207812786102,0.9958864450454712,0.09319939464330673,True,True
adam,smallcnn,0,1,random_layerwise_1,0.0003,0.9,0.999,1e-08,rms_random_layerwise,full_coupled,multiplicative_rms_memory,inherited,480,40,0.003,1.0,165.58566284179688,0.003,,0.002051381528377533,0.003,140069,0.7414436936378479,0.11161693185567856,13.560629844665527,0.9996581077575684,0.027120893821120262,0.9993662238121033,0.03892528638243675,True,True
adam,smallcnn,0,1,random_layerwise_1,0.0003,0.9,0.999,1e-08,rms_random_layerwise,full_coupled,multiplicative_rms_memory,inherited,480,1,0.01,1.0,165.58566284179688,0.01,,0.00683793842792511,0.01,140069,0.01864142157137394,0.00018672652367968112,0.01864141784608364,0.0035055691841989756,0.9999952912330627,0.0012430092319846153,0.9999991655349731,True,True
adam,smallcnn,0,1,random_layerwise_1,0.0003,0.9,0.999,1e-08,rms_random_layerwise,full_coupled,multiplicative_rms_memory,inherited,480,5,0.01,1.0,165.58566284179688,0.01,,0.00683793842792511,0.01,140069,0.13648083806037903,0.0013835292775183916,0.13642889261245728,0.17816554009914398,0.9840036034584045,0.10846979916095734,0.9941193461418152,True,True
adam,smallcnn,0,1,random_layerwise_1,0.0003,0.9,0.999,1e-08,rms_random_layerwise,full_coupled,multiplicative_rms_memory,inherited,480,10,0.01,1.0,165.58566284179688,0.01,,0.00683793842792511,0.01,140069,0.29825735092163086,0.004738862160593271,0.37315288186073303,0.78264981508255,0.6225003600120544,0.6192463636398315,0.7853209972381592,True,True
adam,smallcnn,0,1,random_layerwise_1,0.0003,0.9,0.999,1e-08,rms_random_layerwise,full_coupled,multiplicative_rms_memory,inherited,480,20,0.01,1.0,165.58566284179688,0.01,,0.00683793842792511,0.01,140069,0.5094096660614014,0.03563583642244339,3.036417245864868,0.995829701423645,0.10058700293302536,0.9843673706054688,0.17633609473705292,True,True
adam,smallcnn,0,1,random_layerwise_1,0.0003,0.9,0.999,1e-08,rms_random_layerwise,full_coupled,multiplicative_rms_memory,inherited,480,40,0.01,1.0,165.58566284179688,0.01,,0.00683793842792511,0.01,140069,0.7414436936378479,0.13665956258773804,8.377906799316406,1.0003299713134766,0.021045774221420288,0.9968758821487427,0.07949526607990265,True,True
adam,smallcnn,0,1,random_layerwise_1,0.0003,0.9,0.999,1e-08,rms_random_layerwise,full_coupled,multiplicative_rms_memory,inherited,480,1,0.03,1.0,165.58566284179688,0.03,,0.020513815283775327,0.03,140069,0.01864142157137394,0.0005620698211714625,0.018641702830791473,0.007438027299940586,0.9999849200248718,0.00041862783837132156,0.9999999403953552,True,True
adam,smallcnn,0,1,random_layerwise_1,0.0003,0.9,0.999,1e-08,rms_random_layerwise,full_coupled,multiplicative_rms_memory,inherited,480,5,0.03,1.0,165.58566284179688,0.03,,0.020513815283775327,0.03,140069,0.13648083806037903,0.004113217815756798,0.13679246604442596,0.08275803178548813,0.9965702295303345,0.11364369094371796,0.9935302734375,True,True
adam,smallcnn,0,1,random_layerwise_1,0.0003,0.9,0.999,1e-08,rms_random_layerwise,full_coupled,multiplicative_rms_memory,inherited,480,10,0.03,1.0,165.58566284179688,0.03,,0.020513815283775327,0.03,140069,0.29825735092163086,0.012036421336233616,0.33703944087028503,0.6745758652687073,0.7382234930992126,0.4912639558315277,0.8711202144622803,True,True
adam,smallcnn,0,1,random_layerwise_1,0.0003,0.9,0.999,1e-08,rms_random_layerwise,full_coupled,multiplicative_rms_memory,inherited,480,20,0.03,1.0,165.58566284179688,0.03,,0.020513815283775327,0.03,140069,0.5094096660614014,0.04627881944179535,1.15627920627594,0.9620521664619446,0.27784663438796997,0.9089676141738892,0.41750356554985046,True,True
adam,smallcnn,0,1,random_layerwise_1,0.0003,0.9,0.999,1e-08,rms_random_layerwise,full_coupled,multiplicative_rms_memory,inherited,480,40,0.03,1.0,165.58566284179688,0.03,,0.020513815283775327,0.03,140069,0.7414436936378479,0.21668404340744019,4.128839492797852,0.9953264594078064,0.09674722701311111,0.9838711023330688,0.17888034880161285,True,True
adam,smallcnn,0,1,random_layerwise_1,0.0003,0.9,0.999,1e-08,rms_random_layerwise,full_coupled,multiplicative_rms_memory,inherited,480,1,0.1,1.0,165.58566284179688,0.1,,0.0683793842792511,0.1,140069,0.01864142157137394,0.0018959343433380127,0.018644146621227264,0.02448701299726963,0.9998380541801453,0.0004751741071231663,0.9999998211860657,True,True
adam,smallcnn,0,1,random_layerwise_1,0.0003,0.9,0.999,1e-08,rms_random_layerwise,full_coupled,multiplicative_rms_memory,inherited,480,5,0.1,1.0,165.58566284179688,0.1,,0.0683793842792511,0.1,140069,0.13648083806037903,0.013735998421907425,0.13651469349861145,0.05718790367245674,0.9983748197555542,0.09271235018968582,0.9957011938095093,True,True
adam,smallcnn,0,1,random_layerwise_1,0.0003,0.9,0.999,1e-08,rms_random_layerwise,full_coupled,multiplicative_rms_memory,inherited,480,10,0.1,1.0,165.58566284179688,0.1,,0.0683793842792511,0.1,140069,0.29825735092163086,0.03257770836353302,0.30523037910461426,0.4163150489330292,0.9092421531677246,0.26346883177757263,0.9647477269172668,True,True
adam,smallcnn,0,1,random_layerwise_1,0.0003,0.9,0.999,1e-08,rms_random_layerwise,full_coupled,multiplicative_rms_memory,inherited,480,20,0.1,1.0,165.58566284179688,0.1,,0.0683793842792511,0.1,140069,0.5094096660614014,0.11734093725681305,0.6512067317962646,0.929703950881958,0.37329742312431335,0.6893290281295776,0.726584255695343,True,True
adam,smallcnn,0,1,random_layerwise_1,0.0003,0.9,0.999,1e-08,rms_random_layerwise,full_coupled,multiplicative_rms_memory,inherited,480,40,0.1,1.0,165.58566284179688,0.1,,0.0683793842792511,0.1,140069,0.7414436936378479,0.3979491889476776,1.7535908222198486,0.9870690107345581,0.16211332380771637,0.9306904673576355,0.3696507513523102,True,True
adam,smallcnn,0,2,random_layerwise_2,0.0003,0.9,0.999,1e-08,rms_random_layerwise,full_coupled,multiplicative_rms_memory,inherited,480,1,0.001,1.0,60.84084701538086,0.001,,0.0007532604932785034,0.001,140069,0.007502730470150709,7.517174708482344e-06,0.0075065032579004765,0.0604221411049366,0.9981729984283447,0.03060154616832733,0.9995317459106445,True,True
adam,smallcnn,0,2,random_layerwise_2,0.0003,0.9,0.999,1e-08,rms_random_layerwise,full_coupled,multiplicative_rms_memory,inherited,480,5,0.001,1.0,60.84084701538086,0.001,,0.0007532604932785034,0.001,140069,0.05344431847333908,5.6396220315946266e-05,0.053997330367565155,0.3778490126132965,0.9261177182197571,0.3113164007663727,0.951092541217804,True,True
adam,smallcnn,0,2,random_layerwise_2,0.0003,0.9,0.999,1e-08,rms_random_layerwise,full_coupled,multiplicative_rms_memory,inherited,480,10,0.001,1.0,60.84084701538086,0.001,,0.0007532604932785034,0.001,140069,0.11346336454153061,0.000164720113389194,0.9680299758911133,0.7480635046958923,0.6640879511833191,0.9936838150024414,0.11232265830039978,True,True
adam,smallcnn,0,2,random_layerwise_2,0.0003,0.9,0.999,1e-08,rms_random_layerwise,full_coupled,multiplicative_rms_memory,inherited,480,20,0.001,1.0,60.84084701538086,0.001,,0.0007532604932785034,0.001,140069,0.18954086303710938,0.002532896352931857,12.608735084533691,0.9974880814552307,0.07093989849090576,1.000024437904358,0.005890371277928352,True,True
adam,smallcnn,0,2,random_layerwise_2,0.0003,0.9,0.999,1e-08,rms_random_layerwise,full_coupled,multiplicative_rms_memory,inherited,480,40,0.001,1.0,60.84084701538086,0.001,,0.0007532604932785034,0.001,140069,0.3145844340324402,0.05424612760543823,58.61781311035156,0.9999653100967407,0.00887830276042223,0.9999743700027466,0.0074725826270878315,True,True
adam,smallcnn,0,2,random_layerwise_2,0.0003,0.9,0.999,1e-08,rms_random_layerwise,full_coupled,multiplicative_rms_memory,inherited,480,1,0.003,1.0,60.84084701538086,0.003,,0.0022597814798355105,0.003,140069,0.007502730470150709,2.250872967124451e-05,0.0075030033476650715,0.02045121230185032,0.9997909665107727,0.010193662717938423,0.9999481439590454,True,True
adam,smallcnn,0,2,random_layerwise_2,0.0003,0.9,0.999,1e-08,rms_random_layerwise,full_coupled,multiplicative_rms_memory,inherited,480,5,0.003,1.0,60.84084701538086,0.003,,0.0022597814798355105,0.003,140069,0.05344431847333908,0.0001638592075323686,0.05366687849164009,0.27256712317466736,0.9622732400894165,0.19624289870262146,0.9806727766990662,True,True
adam,smallcnn,0,2,random_layerwise_2,0.0003,0.9,0.999,1e-08,rms_random_layerwise,full_coupled,multiplicative_rms_memory,inherited,480,10,0.003,1.0,60.84084701538086,0.003,,0.0022597814798355105,0.003,140069,0.11346336454153061,0.0004124521219637245,0.341661661863327,0.6142028570175171,0.7899395227432251,0.9477385878562927,0.3193042576313019,True,True
adam,smallcnn,0,2,random_layerwise_2,0.0003,0.9,0.999,1e-08,rms_random_layerwise,full_coupled,multiplicative_rms_memory,inherited,480,20,0.003,1.0,60.84084701538086,0.003,,0.0022597814798355105,0.003,140069,0.18954086303710938,0.0075730434618890285,4.213615894317627,0.9966984987258911,0.08144032210111618,0.9992874264717102,0.03832760453224182,True,True
adam,smallcnn,0,2,random_layerwise_2,0.0003,0.9,0.999,1e-08,rms_random_layerwise,full_coupled,multiplicative_rms_memory,inherited,480,40,0.003,1.0,60.84084701538086,0.003,,0.0022597814798355105,0.003,140069,0.3145844340324402,0.05628438666462898,15.790725708007812,1.000377893447876,-0.014154991135001183,1.0001407861709595,0.0028940215706825256,True,True
adam,smallcnn,0,2,random_layerwise_2,0.0003,0.9,0.999,1e-08,rms_random_layerwise,full_coupled,multiplicative_rms_memory,inherited,480,1,0.01,1.0,60.84084701538086,0.01,,0.007532604932785034,0.01,140069,0.007502730470150709,7.498844934161752e-05,0.0075029232539236546,0.006177076138556004,0.9999810457229614,0.0030677819158881903,0.9999953508377075,True,True
adam,smallcnn,0,2,random_layerwise_2,0.0003,0.9,0.999,1e-08,rms_random_layerwise,full_coupled,multiplicative_rms_memory,inherited,480,5,0.01,1.0,60.84084701538086,0.01,,0.007532604932785034,0.01,140069,0.05344431847333908,0.0005468180170282722,0.05371444299817085,0.2825593650341034,0.9594177007675171,0.19213448464870453,0.9814616441726685,True,True
adam,smallcnn,0,2,random_layerwise_2,0.0003,0.9,0.999,1e-08,rms_random_layerwise,full_coupled,multiplicative_rms_memory,inherited,480,10,0.01,1.0,60.84084701538086,0.01,,0.007532604932785034,0.01,140069,0.11346336454153061,0.0012852558866143227,0.16130661964416504,0.5194507837295532,0.8549541234970093,0.7292805910110474,0.684476375579834,True,True
adam,smallcnn,0,2,random_layerwise_2,0.0003,0.9,0.999,1e-08,rms_random_layerwise,full_coupled,multiplicative_rms_memory,inherited,480,20,0.01,1.0,60.84084701538086,0.01,,0.007532604932785034,0.01,140069,0.18954086303710938,0.018274620175361633,1.6061487197875977,0.9951342940330505,0.09865744411945343,0.9946141242980957,0.1045210137963295,True,True
adam,smallcnn,0,2,random_layerwise_2,0.0003,0.9,0.999,1e-08,rms_random_layerwise,full_coupled,multiplicative_rms_memory,inherited,480,40,0.01,1.0,60.84084701538086,0.01,,0.007532604932785034,0.01,140069,0.3145844340324402,0.09803897142410278,6.651222229003906,0.999912679195404,0.01876220852136612,1.0005911588668823,0.011144853197038174,True,True
adam,smallcnn,0,2,random_layerwise_2,0.0003,0.9,0.999,1e-08,rms_random_layerwise,full_coupled,multiplicative_rms_memory,inherited,480,1,0.03,1.0,60.84084701538086,0.03,,0.0225978147983551,0.03,140069,0.007502730470150709,0.0002246979856863618,0.00750274071469903,0.0034069172106683254,0.9999957084655762,0.0010309555800631642,0.999999463558197,True,True
adam,smallcnn,0,2,random_layerwise_2,0.0003,0.9,0.999,1e-08,rms_random_layerwise,full_coupled,multiplicative_rms_memory,inherited,480,5,0.03,1.0,60.84084701538086,0.03,,0.0225978147983551,0.03,140069,0.05344431847333908,0.0016784133622422814,0.054053373634815216,0.3394571542739868,0.9407336115837097,0.19541096687316895,0.9807538986206055,True,True
adam,smallcnn,0,2,random_layerwise_2,0.0003,0.9,0.999,1e-08,rms_random_layerwise,full_coupled,multiplicative_rms_memory,inherited,480,10,0.03,1.0,60.84084701538086,0.03,,0.0225978147983551,0.03,140069,0.11346336454153061,0.004482855089008808,0.17029035091400146,0.6758145689964294,0.7373974919319153,0.7572504878044128,0.6532547473907471,True,True
adam,smallcnn,0,2,random_layerwise_2,0.0003,0.9,0.999,1e-08,rms_random_layerwise,full_coupled,multiplicative_rms_memory,inherited,480,20,0.03,1.0,60.84084701538086,0.03,,0.0225978147983551,0.03,140069,0.18954086303710938,0.03643318638205528,0.6994951963424683,0.9885420203208923,0.15103036165237427,0.967282235622406,0.254252552986145,True,True
adam,smallcnn,0,2,random_layerwise_2,0.0003,0.9,0.999,1e-08,rms_random_layerwise,full_coupled,multiplicative_rms_memory,inherited,480,40,0.03,1.0,60.84084701538086,0.03,,0.0225978147983551,0.03,140069,0.3145844340324402,0.1315612941980362,2.505366086959839,0.9992556571960449,0.04624103009700775,0.998528242111206,0.07449460029602051,True,True
adam,smallcnn,0,2,random_layerwise_2,0.0003,0.9,0.999,1e-08,rms_random_layerwise,full_coupled,multiplicative_rms_memory,inherited,480,1,0.1,1.0,60.84084701538086,0.1,,0.07532604932785035,0.1,140069,0.007502730470150709,0.0007460216875188053,0.007502887398004532,0.009104249998927116,0.9999749064445496,0.0003171514836139977,0.9999999403953552,True,True
adam,smallcnn,0,2,random_layerwise_2,0.0003,0.9,0.999,1e-08,rms_random_layerwise,full_coupled,multiplicative_rms_memory,inherited,480,5,0.1,1.0,60.84084701538086,0.1,,0.07532604932785035,0.1,140069,0.05344431847333908,0.005362597294151783,0.05323861539363861,0.1868910789489746,0.9824821352958679,0.08873575925827026,0.9960855841636658,True,True
adam,smallcnn,0,2,random_layerwise_2,0.0003,0.9,0.999,1e-08,rms_random_layerwise,full_coupled,multiplicative_rms_memory,inherited,480,10,0.1,1.0,60.84084701538086,0.1,,0.07532604932785035,0.1,140069,0.11346336454153061,0.014253392815589905,0.1240057721734047,0.6406785249710083,0.768310010433197,0.4422381520271301,0.8970763683319092,True,True
adam,smallcnn,0,2,random_layerwise_2,0.0003,0.9,0.999,1e-08,rms_random_layerwise,full_coupled,multiplicative_rms_memory,inherited,480,20,0.1,1.0,60.84084701538086,0.1,,0.07532604932785035,0.1,140069,0.18954086303710938,0.09366384893655777,0.3642265200614929,0.9820219278335571,0.18922363221645355,0.8714668154716492,0.49131566286087036,True,True
adam,smallcnn,0,2,random_layerwise_2,0.0003,0.9,0.999,1e-08,rms_random_layerwise,full_coupled,multiplicative_rms_memory,inherited,480,40,0.1,1.0,60.84084701538086,0.1,,0.07532604932785035,0.1,140069,0.3145844340324402,0.33579573035240173,1.2714499235153198,0.9950683116912842,0.09935365617275238,0.9738324880599976,0.2280881702899933,True,True
adam,smallcnn,0,3,random_layerwise_3,0.0003,0.9,0.999,1e-08,rms_random_layerwise,full_coupled,multiplicative_rms_memory,inherited,480,1,0.001,1.0,93.18309020996094,0.001,,0.0005521097183227539,0.001,140069,0.01095612533390522,1.0966760783048812e-05,0.010958204045891762,0.0417248010635376,0.9991292357444763,0.020997243002057076,0.9997795224189758,True,True
adam,smallcnn,0,3,random_layerwise_3,0.0003,0.9,0.999,1e-08,rms_random_layerwise,full_coupled,multiplicative_rms_memory,inherited,480,5,0.001,1.0,93.18309020996094,0.001,,0.0005521097183227539,0.001,140069,0.07496326416730881,8.373882155865431e-05,0.07759067416191101,0.4721946716308594,0.8815991878509521,0.3221644163131714,0.9468795657157898,True,True
adam,smallcnn,0,3,random_layerwise_3,0.0003,0.9,0.999,1e-08,rms_random_layerwise,full_coupled,multiplicative_rms_memory,inherited,480,10,0.001,1.0,93.18309020996094,0.001,,0.0005521097183227539,0.001,140069,0.15238302946090698,0.001928584766574204,0.9790834784507751,0.9968276023864746,0.07959337532520294,0.9883789420127869,0.1520526111125946,True,True
adam,smallcnn,0,3,random_layerwise_3,0.0003,0.9,0.999,1e-08,rms_random_layerwise,full_coupled,multiplicative_rms_memory,inherited,480,20,0.001,1.0,93.18309020996094,0.001,,0.0005521097183227539,0.001,140069,0.2564539611339569,0.02528540790081024,12.440556526184082,0.9998334646224976,0.02148498222231865,0.99946129322052,0.036432474851608276,True,True
adam,smallcnn,0,3,random_layerwise_3,0.0003,0.9,0.999,1e-08,rms_random_layerwise,full_coupled,multiplicative_rms_memory,inherited,480,40,0.001,1.0,93.18309020996094,0.001,,0.0005521097183227539,0.001,140069,0.44527897238731384,0.10930000245571136,52.16314697265625,1.000141978263855,-0.032817542552948,1.0001648664474487,-0.015043150633573532,True,True
adam,smallcnn,0,3,random_layerwise_3,0.0003,0.9,0.999,1e-08,rms_random_layerwise,full_coupled,multiplicative_rms_memory,inherited,480,1,0.003,1.0,93.18309020996094,0.003,,0.0016563291549682618,0.003,140069,0.01095612533390522,3.288570951553993e-05,0.010956387966871262,0.013991101644933224,0.9999021887779236,0.0070143514312803745,0.9999754428863525,True,True
adam,smallcnn,0,3,random_layerwise_3,0.0003,0.9,0.999,1e-08,rms_random_layerwise,full_coupled,multiplicative_rms_memory,inherited,480,5,0.003,1.0,93.18309020996094,0.003,,0.0016563291549682618,0.003,140069,0.07496326416730881,0.00025981891667470336,0.07830001413822174,0.5224867463111877,0.8527437448501587,0.33069664239883423,0.9438342452049255,True,True
adam,smallcnn,0,3,random_layerwise_3,0.0003,0.9,0.999,1e-08,rms_random_layerwise,full_coupled,multiplicative_rms_memory,inherited,480,10,0.003,1.0,93.18309020996094,0.003,,0.0016563291549682618,0.003,140069,0.15238302946090698,0.0022910546977072954,0.4067889451980591,0.9806780815124512,0.19566710293293,0.9339895844459534,0.35769960284233093,True,True
adam,smallcnn,0,3,random_layerwise_3,0.0003,0.9,0.999,1e-08,rms_random_layerwise,full_coupled,multiplicative_rms_memory,inherited,480,20,0.003,1.0,93.18309020996094,0.003,,0.0016563291549682618,0.003,140069,0.2564539611339569,0.02924260124564171,5.142605781555176,0.999816358089447,0.020134776830673218,1.0003840923309326,0.017231963574886322,True,True
adam,smallcnn,0,3,random_layerwise_3,0.0003,0.9,0.999,1e-08,rms_random_layerwise,full_coupled,multiplicative_rms_memory,inherited,480,40,0.003,1.0,93.18309020996094,0.003,,0.0016563291549682618,0.003,140069,0.44527897238731384,0.12189492583274841,18.039920806884766,1.0002063512802124,-0.013349268585443497,1.00017511844635,0.005249313078820705,True,True
adam,smallcnn,0,3,random_layerwise_3,0.0003,0.9,0.999,1e-08,rms_random_layerwise,full_coupled,multiplicative_rms_memory,inherited,480,1,0.01,1.0,93.18309020996094,0.01,,0.005521097183227539,0.01,140069,0.01095612533390522,0.00010971274605253711,0.0109561737626791,0.004474193323403597,0.9999909996986389,0.0021288904827088118,0.9999977350234985,True,True
adam,smallcnn,0,3,random_layerwise_3,0.0003,0.9,0.999,1e-08,rms_random_layerwise,full_coupled,multiplicative_rms_memory,inherited,480,5,0.01,1.0,93.18309020996094,0.01,,0.005521097183227539,0.01,140069,0.07496326416730881,0.000929596193600446,0.07930678129196167,0.6065725088119507,0.7951085567474365,0.37075138092041016,0.9288760423660278,True,True
adam,smallcnn,0,3,random_layerwise_3,0.0003,0.9,0.999,1e-08,rms_random_layerwise,full_coupled,multiplicative_rms_memory,inherited,480,10,0.01,1.0,93.18309020996094,0.01,,0.005521097183227539,0.01,140069,0.15238302946090698,0.00268408446572721,0.2298555076122284,0.840167224407196,0.5428956151008606,0.7774585485458374,0.6298068165779114,True,True
adam,smallcnn,0,3,random_layerwise_3,0.0003,0.9,0.999,1e-08,rms_random_layerwise,full_coupled,multiplicative_rms_memory,inherited,480,20,0.01,1.0,93.18309020996094,0.01,,0.005521097183227539,0.01,140069,0.2564539611339569,0.02256733551621437,2.1857035160064697,1.000455379486084,0.052811019122600555,1.0057590007781982,0.009441816247999668,True,True
adam,smallcnn,0,3,random_layerwise_3,0.0003,0.9,0.999,1e-08,rms_random_layerwise,full_coupled,multiplicative_rms_memory,inherited,480,40,0.01,1.0,93.18309020996094,0.01,,0.005521097183227539,0.01,140069,0.44527897238731384,0.10891610383987427,6.291229248046875,1.000895380973816,-0.0014689117670059204,1.0021167993545532,0.005450468510389328,True,True
adam,smallcnn,0,3,random_layerwise_3,0.0003,0.9,0.999,1e-08,rms_random_layerwise,full_coupled,multiplicative_rms_memory,inherited,480,1,0.03,1.0,93.18309020996094,0.03,,0.016563291549682616,0.03,140069,0.01095612533390522,0.0003300389798823744,0.010956190526485443,0.004694854374974966,0.9999973773956299,0.0007096439367160201,0.9999997615814209,True,True
adam,smallcnn,0,3,random_layerwise_3,0.0003,0.9,0.999,1e-08,rms_random_layerwise,full_coupled,multiplicative_rms_memory,inherited,480,5,0.03,1.0,93.18309020996094,0.03,,0.016563291549682616,0.03,140069,0.07496326416730881,0.002313396194949746,0.07459738850593567,0.27493980526924133,0.9615198373794556,0.16008898615837097,0.9872602224349976,True,True
adam,smallcnn,0,3,random_layerwise_3,0.0003,0.9,0.999,1e-08,rms_random_layerwise,full_coupled,multiplicative_rms_memory,inherited,480,10,0.03,1.0,93.18309020996094,0.03,,0.016563291549682616,0.03,140069,0.15238302946090698,0.006283310241997242,0.21371373534202576,0.7190379500389099,0.6957007050514221,0.739215612411499,0.6745659708976746,True,True
adam,smallcnn,0,3,random_layerwise_3,0.0003,0.9,0.999,1e-08,rms_random_layerwise,full_coupled,multiplicative_rms_memory,inherited,480,20,0.03,1.0,93.18309020996094,0.03,,0.016563291549682616,0.03,140069,0.2564539611339569,0.04287911579012871,1.1964305639266968,0.9867613315582275,0.1630079746246338,0.9910724759101868,0.14863821864128113,True,True
adam,smallcnn,0,3,random_layerwise_3,0.0003,0.9,0.999,1e-08,rms_random_layerwise,full_coupled,multiplicative_rms_memory,inherited,480,40,0.03,1.0,93.18309020996094,0.03,,0.016563291549682616,0.03,140069,0.44527897238731384,0.16990599036216736,4.012087345123291,1.00179922580719,0.016405615955591202,1.000651240348816,0.04962320253252983,True,True
adam,smallcnn,0,3,random_layerwise_3,0.0003,0.9,0.999,1e-08,rms_random_layerwise,full_coupled,multiplicative_rms_memory,inherited,480,1,0.1,1.0,93.18309020996094,0.1,,0.05521097183227539,0.1,140069,0.01095612533390522,0.0011107194004580379,0.010956760495901108,0.014863439835608006,0.9999817609786987,0.0002605536428745836,1.0,True,True
adam,smallcnn,0,3,random_layerwise_3,0.0003,0.9,0.999,1e-08,rms_random_layerwise,full_coupled,multiplicative_rms_memory,inherited,480,5,0.1,1.0,93.18309020996094,0.1,,0.05521097183227539,0.1,140069,0.07496326416730881,0.007885868661105633,0.07649015635251999,0.318744033575058,0.9478448629379272,0.2496938854455948,0.9683946967124939,True,True
adam,smallcnn,0,3,random_layerwise_3,0.0003,0.9,0.999,1e-08,rms_random_layerwise,full_coupled,multiplicative_rms_memory,inherited,480,10,0.1,1.0,93.18309020996094,0.1,,0.05521097183227539,0.1,140069,0.15238302946090698,0.018607527017593384,0.16427670419216156,0.6207206845283508,0.7847753763198853,0.4758182168006897,0.8807883858680725,True,True
adam,smallcnn,0,3,random_layerwise_3,0.0003,0.9,0.999,1e-08,rms_random_layerwise,full_coupled,multiplicative_rms_memory,inherited,480,20,0.1,1.0,93.18309020996094,0.1,,0.05521097183227539,0.1,140069,0.2564539611339569,0.09995530545711517,0.438914030790329,0.9700120687484741,0.2434128224849701,0.8639430999755859,0.5091627240180969,True,True
adam,smallcnn,0,3,random_layerwise_3,0.0003,0.9,0.999,1e-08,rms_random_layerwise,full_coupled,multiplicative_rms_memory,inherited,480,40,0.1,1.0,93.18309020996094,0.1,,0.05521097183227539,0.1,140069,0.44527897238731384,0.3197658658027649,1.555162787437439,0.9986929297447205,0.07900511473417282,0.9948260188102722,0.1611853986978531,True,True
adam,smallcnn,0,0,random_m_0,0.001,0.9,0.999,1e-08,m,full_coupled,additive_first_moment,inherited,480,1,1e-06,0.9001141786575317,0.9001141786575317,,,,,140069,9824.658203125,0.009824658744037151,9824.6591796875,4.142235411563888e-05,1.0,2.4459397536702454e-05,0.9999998211860657,True,True
adam,smallcnn,0,0,random_m_0,0.001,0.9,0.999,1e-08,m,restricted_no_dv,additive_first_moment,inherited,480,1,1e-06,0.9001141786575317,0.9001141786575317,,,,,140069,9824.658203125,0.009824658744037151,9824.6591796875,4.142235411563888e-05,1.0,2.4459397536702454e-05,0.9999998211860657,True,True
adam,smallcnn,0,0,random_m_0,0.001,0.9,0.999,1e-08,m,full_coupled,additive_first_moment,inherited,480,5,1e-06,0.9001141786575317,0.9001141786575317,,,,,140069,39663.078125,0.039670635014772415,40206.10546875,0.005623944569379091,0.9999843239784241,0.14607062935829163,0.9892781376838684,True,True
adam,smallcnn,0,0,random_m_0,0.001,0.9,0.999,1e-08,m,restricted_no_dv,additive_first_moment,inherited,480,5,1e-06,0.9001141786575317,0.9001141786575317,,,,,140069,39725.09375,0.039670635014772415,40206.10546875,0.03262152522802353,0.999469518661499,0.14478884637355804,0.9894636869430542,True,True
adam,smallcnn,0,0,random_m_0,0.001,0.9,0.999,1e-08,m,full_coupled,additive_first_moment,inherited,480,10,1e-06,0.9001141786575317,0.9001141786575317,,,,,140069,61142.02734375,0.08986005187034607,86857.609375,0.7503885626792908,0.6612739562988281,0.7137155532836914,0.7004443407058716,True,True
adam,smallcnn,0,0,random_m_0,0.001,0.9,0.999,1e-08,m,restricted_no_dv,additive_first_moment,inherited,480,10,1e-06,0.9001141786575317,0.9001141786575317,,,,,140069,62748.484375,0.08986005187034607,86857.609375,0.7664263844490051,0.6445743441581726,0.7078166604042053,0.7065741419792175,True,True
adam,smallcnn,0,0,random_m_0,0.001,0.9,0.999,1e-08,m,full_coupled,additive_first_moment,inherited,480,20,1e-06,0.9001141786575317,0.9001141786575317,,,,,140069,92194.7421875,0.41469186544418335,308595.03125,0.9825252890586853,0.18907533586025238,0.9535559415817261,0.30122604966163635,True,True
adam,smallcnn,0,0,random_m_0,0.001,0.9,0.999,1e-08,m,restricted_no_dv,additive_first_moment,inherited,480,20,1e-06,0.9001141786575317,0.9001141786575317,,,,,140069,172522.609375,0.41469186544418335,308595.03125,1.113673448562622,-0.08075331151485443,0.9606019854545593,0.3486129939556122,True,True
adam,smallcnn,0,0,random_m_0,0.001,0.9,0.999,1e-08,m,full_coupled,additive_first_moment,inherited,480,40,1e-06,0.9001141786575317,0.9001141786575317,,,,,140069,159453.21875,1.3261773586273193,631906.8125,1.0043936967849731,0.023495424538850784,0.9877281785011292,0.17450273036956787,True,True
adam,smallcnn,0,0,random_m_0,0.001,0.9,0.999,1e-08,m,restricted_no_dv,additive_first_moment,inherited,480,40,1e-06,0.9001141786575317,0.9001141786575317,,,,,140069,596068.5,1.3261773586273193,631906.8125,1.2722241878509521,-0.46337074041366577,1.3194783926010132,0.07885425537824631,True,True
adam,smallcnn,0,0,random_m_0,0.001,0.9,0.999,1e-08,m,full_coupled,additive_first_moment,inherited,480,1,3e-06,0.9001141786575317,0.9001141786575317,,,,,140069,9824.658203125,0.02947397530078888,9824.6591796875,1.5229154996632133e-05,1.0,8.493309906043578e-06,0.9999999403953552,True,True
adam,smallcnn,0,0,random_m_0,0.001,0.9,0.999,1e-08,m,restricted_no_dv,additive_first_moment,inherited,480,1,3e-06,0.9001141786575317,0.9001141786575317,,,,,140069,9824.658203125,0.02947397530078888,9824.6591796875,1.5229154996632133e-05,1.0,8.493309906043578e-06,0.9999999403953552,True,True
adam,smallcnn,0,0,random_m_0,0.001,0.9,0.999,1e-08,m,full_coupled,additive_first_moment,inherited,480,5,3e-06,0.9001141786575317,0.9001141786575317,,,,,140069,39663.078125,0.12467867136001587,40468.546875,0.28375598788261414,0.9589072465896606,0.182673841714859,0.983178436756134,True,True
adam,smallcnn,0,0,random_m_0,0.001,0.9,0.999,1e-08,m,restricted_no_dv,additive_first_moment,inherited,480,5,3e-06,0.9001141786575317,0.9001141786575317,,,,,140069,39725.09375,0.12467867136001587,40468.546875,0.27581632137298584,0.9612253308296204,0.17609654366970062,0.9843767881393433,True,True
adam,smallcnn,0,0,random_m_0,0.001,0.9,0.999,1e-08,m,full_coupled,additive_first_moment,inherited,480,10,3e-06,0.9001141786575317,0.9001141786575317,,,,,140069,61142.02734375,0.28366610407829285,72609.6640625,0.7692082524299622,0.6390430927276611,0.5463354587554932,0.8375784754753113,True,True
adam,smallcnn,0,0,random_m_0,0.001,0.9,0.999,1e-08,m,restricted_no_dv,additive_first_moment,inherited,480,10,3e-06,0.9001141786575317,0.9001141786575317,,,,,140069,62748.484375,0.28366610407829285,72609.6640625,0.7826266288757324,0.6237656474113464,0.562707781791687,0.8274708986282349,True,True
adam,smallcnn,0,0,random_m_0,0.001,0.9,0.999,1e-08,m,full_coupled,additive_first_moment,inherited,480,20,3e-06,0.9001141786575317,0.9001141786575317,,,,,140069,92194.7421875,0.9702056050300598,174088.125,0.9640505909919739,0.26637595891952515,0.9039709568023682,0.43741512298583984,True,True
adam,smallcnn,0,0,random_m_0,0.001,0.9,0.999,1e-08,m,restricted_no_dv,additive_first_moment,inherited,480,20,3e-06,0.9001141786575317,0.9001141786575317,,,,,140069,172522.609375,0.9702056050300598,174088.125,1.104486107826233,0.06063445284962654,1.2310980558395386,0.23536306619644165,True,True
adam,smallcnn,0,0,random_m_0,0.001,0.9,0.999,1e-08,m,full_coupled,additive_first_moment,inherited,480,40,3e-06,0.9001141786575317,0.9001141786575317,,,,,140069,159453.21875,2.0179648399353027,319651.90625,1.0214505195617676,0.027065563946962357,1.0612928867340088,0.12277901917695999,True,True
adam,smallcnn,0,0,random_m_0,0.001,0.9,0.999,1e-08,m,restricted_no_dv,additive_first_moment,inherited,480,40,3e-06,0.9001141786575317,0.9001141786575317,,,,,140069,596068.5,2.0179648399353027,319651.90625,1.5275723934173584,-0.30933353304862976,2.098527193069458,0.019693845883011818,True,True
adam,smallcnn,0,0,random_m_0,0.001,0.9,0.999,1e-08,m,full_coupled,additive_first_moment,inherited,480,1,1e-05,0.9001141786575317,0.9001141786575317,,,,,140069,9824.658203125,0.09824658185243607,9824.658203125,4.7423750402231235e-06,0.9999998211860657,2.613259994177497e-06,0.9999999403953552,True,True
adam,smallcnn,0,0,random_m_0,0.001,0.9,0.999,1e-08,m,restricted_no_dv,additive_first_moment,inherited,480,1,1e-05,0.9001141786575317,0.9001141786575317,,,,,140069,9824.658203125,0.09824658185243607,9824.658203125,4.7423750402231235e-06,0.9999998211860657,2.613259994177497e-06,0.9999999403953552,True,True
adam,smallcnn,0,0,random_m_0,0.001,0.9,0.999,1e-08,m,full_coupled,additive_first_moment,inherited,480,5,1e-05,0.9001141786575317,0.9001141786575317,,,,,140069,39663.078125,0.40032652020454407,39748.65625,0.14371760189533234,0.9896194934844971,0.09540966153144836,0.9954409599304199,True,True
adam,smallcnn,0,0,random_m_0,0.001,0.9,0.999,1e-08,m,restricted_no_dv,additive_first_moment,inherited,480,5,1e-05,0.9001141786575317,0.9001141786575317,,,,,140069,39725.09375,0.40032652020454407,39748.65625,0.14351139962673187,0.9896523952484131,0.09655550122261047,0.9953358769416809,True,True
adam,smallcnn,0,0,random_m_0,0.001,0.9,0.999,1e-08,m,full_coupled,additive_first_moment,inherited,480,10,1e-05,0.9001141786575317,0.9001141786575317,,,,,140069,61142.02734375,0.6894928812980652,64177.55078125,0.4920310080051422,0.8707254528999329,0.3721931278705597,0.928471565246582,True,True
adam,smallcnn,0,0,random_m_0,0.001,0.9,0.999,1e-08,m,restricted_no_dv,additive_first_moment,inherited,480,10,1e-05,0.9001141786575317,0.9001141786575317,,,,,140069,62748.484375,0.6894928812980652,64177.55078125,0.5000641345977783,0.8670558333396912,0.38678503036499023,0.9237486124038696,True,True
adam,smallcnn,0,0,random_m_0,0.001,0.9,0.999,1e-08,m,full_coupled,additive_first_moment,inherited,480,20,1e-05,0.9001141786575317,0.9001141786575317,,,,,140069,92194.7421875,1.3993043899536133,105293.765625,0.8685123324394226,0.515878438949585,0.7761915326118469,0.6648013591766357,True,True
adam,smallcnn,0,0,random_m_0,0.001,0.9,0.999,1e-08,m,restricted_no_dv,additive_first_moment,inherited,480,20,1e-05,0.9001141786575317,0.9001141786575317,,,,,140069,172522.609375,1.3993043899536133,105293.765625,1.3927600383758545,0.23533782362937927,1.5351476669311523,0.4052411615848541,True,True
adam,smallcnn,0,0,random_m_0,0.001,0.9,0.999,1e-08,m,full_coupled,additive_first_moment,inherited,480,40,1e-05,0.9001141786575317,0.9001141786575317,,,,,140069,159453.21875,2.3958542346954346,149684.3125,1.0956813097000122,0.18212582170963287,1.1911860704421997,0.336002379655838,True,True
adam,smallcnn,0,0,random_m_0,0.001,0.9,0.999,1e-08,m,restricted_no_dv,additive_first_moment,inherited,480,40,1e-05,0.9001141786575317,0.9001141786575317,,,,,140069,596068.5,2.3958542346954346,149684.3125,2.858165979385376,-0.19682838022708893,4.007107257843018,0.10054565221071243,True,True
adam,smallcnn,0,0,random_m_0,0.001,0.9,0.999,1e-08,m,full_coupled,additive_first_moment,inherited,480,1,3e-05,0.9001141786575317,0.9001141786575317,,,,,140069,9824.658203125,0.2947397232055664,9824.6572265625,1.6119478232212714e-06,1.0,8.821371579870174e-07,1.0000001192092896,True,True
adam,smallcnn,0,0,random_m_0,0.001,0.9,0.999,1e-08,m,restricted_no_dv,additive_first_moment,inherited,480,1,3e-05,0.9001141786575317,0.9001141786575317,,,,,140069,9824.658203125,0.2947397232055664,9824.6572265625,1.6119478232212714e-06,1.0,8.821371579870174e-07,1.0000001192092896,True,True
adam,smallcnn,0,0,random_m_0,0.001,0.9,0.999,1e-08,m,full_coupled,additive_first_moment,inherited,480,5,3e-05,0.9001141786575317,0.9001141786575317,,,,,140069,39663.078125,1.1842012405395508,39270.078125,0.12492918223142624,0.9922451972961426,0.08215425163507462,0.996708333492279,True,True
adam,smallcnn,0,0,random_m_0,0.001,0.9,0.999,1e-08,m,restricted_no_dv,additive_first_moment,inherited,480,5,3e-05,0.9001141786575317,0.9001141786575317,,,,,140069,39725.09375,1.1842012405395508,39270.078125,0.13110040128231049,0.9914809465408325,0.0927794799208641,0.9958115220069885,True,True
adam,smallcnn,0,0,random_m_0,0.001,0.9,0.999,1e-08,m,full_coupled,additive_first_moment,inherited,480,10,3e-05,0.9001141786575317,0.9001141786575317,,,,,140069,61142.02734375,1.8181649446487427,59184.61328125,0.3158724009990692,0.9505888819694519,0.2231317013502121,0.9764324426651001,True,True
adam,smallcnn,0,0,random_m_0,0.001,0.9,0.999,1e-08,m,restricted_no_dv,additive_first_moment,inherited,480,10,3e-05,0.9001141786575317,0.9001141786575317,,,,,140069,62748.484375,1.8181649446487427,59184.61328125,0.3546811044216156,0.9398525953292847,0.30106502771377563,0.9589637517929077,True,True
adam,smallcnn,0,0,random_m_0,0.001,0.9,0.999,1e-08,m,full_coupled,additive_first_moment,inherited,480,20,3e-05,0.9001141786575317,0.9001141786575317,,,,,140069,92194.7421875,2.646801233291626,78912.2421875,0.7784583568572998,0.7110101580619812,0.6977952718734741,0.8037409782409668,True,True
adam,smallcnn,0,0,random_m_0,0.001,0.9,0.999,1e-08,m,restricted_no_dv,additive_first_moment,inherited,480,20,3e-05,0.9001141786575317,0.9001141786575317,,,,,140069,172522.609375,2.646801233291626,78912.2421875,1.871138095855713,0.33818700909614563,1.9665968418121338,0.4373284578323364,True,True
adam,smallcnn,0,0,random_m_0,0.001,0.9,0.999,1e-08,m,full_coupled,additive_first_moment,inherited,480,40,3e-05,0.9001141786575317,0.9001141786575317,,,,,140069,159453.21875,3.7274136543273926,94460.5859375,1.328572392463684,0.34359022974967957,1.4899359941482544,0.4826807379722595,True,True
adam,smallcnn,0,0,random_m_0,0.001,0.9,0.999,1e-08,m,restricted_no_dv,additive_first_moment,inherited,480,40,3e-05,0.9001141786575317,0.9001141786575317,,,,,140069,596068.5,3.7274136543273926,94460.5859375,4.975089073181152,-0.07671310752630234,6.25963830947876,0.12963014841079712,True,True
adam,smallcnn,0,0,random_m_0,0.001,0.9,0.999,1e-08,m,full_coupled,additive_first_moment,inherited,480,1,0.0001,0.9001141786575317,0.9001141786575317,,,,,140069,9824.658203125,0.9824658036231995,9824.658203125,4.955847998644458e-07,1.0,2.7601251417763706e-07,1.0,True,True
adam,smallcnn,0,0,random_m_0,0.001,0.9,0.999,1e-08,m,restricted_no_dv,additive_first_moment,inherited,480,1,0.0001,0.9001141786575317,0.9001141786575317,,,,,140069,9824.658203125,0.9824658036231995,9824.658203125,4.955847998644458e-07,1.0,2.7601251417763706e-07,1.0,True,True
adam,smallcnn,0,0,random_m_0,0.001,0.9,0.999,1e-08,m,full_coupled,additive_first_moment,inherited,480,5,0.0001,0.9001141786575317,0.9001141786575317,,,,,140069,39663.078125,3.7472426891326904,37501.9375,0.20562675595283508,0.9816408753395081,0.1492929309606552,0.9910329580307007,True,True
adam,smallcnn,0,0,random_m_0,0.001,0.9,0.999,1e-08,m,restricted_no_dv,additive_first_moment,inherited,480,5,0.0001,0.9001141786575317,0.9001141786575317,,,,,140069,39725.09375,3.7472426891326904,37501.9375,0.2123517394065857,0.980436384677887,0.15828612446784973,0.9898326396942139,True,True
adam,smallcnn,0,0,random_m_0,0.001,0.9,0.999,1e-08,m,full_coupled,additive_first_moment,inherited,480,10,0.0001,0.9001141786575317,0.9001141786575317,,,,,140069,61142.02734375,5.5300116539001465,53968.828125,0.33205607533454895,0.9551835656166077,0.2874293923377991,0.971335232257843,True,True
adam,smallcnn,0,0,random_m_0,0.001,0.9,0.999,1e-08,m,restricted_no_dv,additive_first_moment,inherited,480,10,0.0001,0.9001141786575317,0.9001141786575317,,,,,140069,62748.484375,5.5300116539001465,53968.828125,0.40743115544319153,0.9348461627960205,0.3808925747871399,0.9489910006523132,True,True
adam,smallcnn,0,0,random_m_0,0.001,0.9,0.999,1e-08,m,full_coupled,additive_first_moment,inherited,480,20,0.0001,0.9001141786575317,0.9001141786575317,,,,,140069,92194.7421875,7.136784076690674,67520.8671875,0.783514142036438,0.7953542470932007,0.7815802693367004,0.8252077102661133,True,True
adam,smallcnn,0,0,random_m_0,0.001,0.9,0.999,1e-08,m,restricted_no_dv,additive_first_moment,inherited,480,20,0.0001,0.9001141786575317,0.9001141786575317,,,,,140069,172522.609375,7.136784076690674,67520.8671875,2.189122200012207,0.4243100583553314,2.2819504737854004,0.454236775636673,True,True
adam,smallcnn,0,0,random_m_0,0.001,0.9,0.999,1e-08,m,full_coupled,additive_first_moment,inherited,480,40,0.0001,0.9001141786575317,0.9001141786575317,,,,,140069,159453.21875,8.190691947937012,74421.203125,1.7291231155395508,0.4623096287250519,1.8379660844802856,0.516322135925293,True,True
adam,smallcnn,0,0,random_m_0,0.001,0.9,0.999,1e-08,m,restricted_no_dv,additive_first_moment,inherited,480,40,0.0001,0.9001141786575317,0.9001141786575317,,,,,140069,596068.5,8.190691947937012,74421.203125,7.297922134399414,0.04814384505152702,7.93000602722168,0.14141850173473358,True,True
adam,smallcnn,0,0,random_m_0,0.001,0.9,0.999,1e-08,m,full_coupled,additive_first_moment,inherited,480,1,0.0003,0.9001141786575317,0.9001141786575317,,,,,140069,9824.658203125,2.9473977088928223,9824.658203125,1.8068361384848686e-07,1.0,1.1832286617163845e-07,1.0,True,True
adam,smallcnn,0,0,random_m_0,0.001,0.9,0.999,1e-08,m,restricted_no_dv,additive_first_moment,inherited,480,1,0.0003,0.9001141786575317,0.9001141786575317,,,,,140069,9824.658203125,2.9473977088928223,9824.658203125,1.8068361384848686e-07,1.0,1.1832286617163845e-07,1.0,True,True
adam,smallcnn,0,0,random_m_0,0.001,0.9,0.999,1e-08,m,full_coupled,additive_first_moment,inherited,480,5,0.0003,0.9001141786575317,0.9001141786575317,,,,,140069,39663.078125,9.410883903503418,31962.4453125,0.5060874223709106,0.9263558387756348,0.41643959283828735,0.9535122513771057,True,True
adam,smallcnn,0,0,random_m_0,0.001,0.9,0.999,1e-08,m,restricted_no_dv,additive_first_moment,inherited,480,5,0.0003,0.9001141786575317,0.9001141786575317,,,,,140069,39725.09375,9.410883903503418,31962.4453125,0.5103011727333069,0.9251942038536072,0.4214542508125305,0.9522720575332642,True,True
adam,smallcnn,0,0,random_m_0,0.001,0.9,0.999,1e-08,m,full_coupled,additive_first_moment,inherited,480,10,0.0003,0.9001141786575317,0.9001141786575317,,,,,140069,61142.02734375,12.818778991699219,43108.31640625,0.724946916103363,0.8812445402145386,0.6348860859870911,0.9195971488952637,True,True
adam,smallcnn,0,0,random_m_0,0.001,0.9,0.999,1e-08,m,restricted_no_dv,additive_first_moment,inherited,480,10,0.0003,0.9001141786575317,0.9001141786575317,,,,,140069,62748.484375,12.818778991699219,43108.31640625,0.7941710352897644,0.8599933981895447,0.7141640186309814,0.8961052894592285,True,True
adam,smallcnn,0,0,random_m_0,0.001,0.9,0.999,1e-08,m,full_coupled,additive_first_moment,inherited,480,20,0.0003,0.9001141786575317,0.9001141786575317,,,,,140069,92194.7421875,15.671521186828613,51043.7421875,1.2433497905731201,0.727780818939209,1.2168552875518799,0.7700151205062866,True,True
adam,smallcnn,0,0,random_m_0,0.001,0.9,0.999,1e-08,m,restricted_no_dv,additive_first_moment,inherited,480,20,0.0003,0.9001141786575317,0.9001141786575317,,,,,140069,172522.609375,15.671521186828613,51043.7421875,3.055511713027954,0.3892422914505005,3.094299793243408,0.42146506905555725,True,True
adam,smallcnn,0,0,random_m_0,0.001,0.9,0.999,1e-08,m,full_coupled,additive_first_moment,inherited,480,40,0.0003,0.9001141786575317,0.9001141786575317,,,,,140069,159453.21875,17.146459579467773,54855.7265625,2.5095763206481934,0.4454122483730316,2.5767581462860107,0.4832942485809326,True,True
adam,smallcnn,0,0,random_m_0,0.001,0.9,0.999,1e-08,m,restricted_no_dv,additive_first_moment,inherited,480,40,0.0003,0.9001141786575317,0.9001141786575317,,,,,140069,596068.5,17.146459579467773,54855.7265625,10.39318561553955,0.08370310068130493,10.775836944580078,0.13591617345809937,True,True
adam,smallcnn,0,0,random_m_0,0.001,0.9,0.999,1e-08,m,full_coupled,additive_first_moment,inherited,480,1,0.001,0.9001141786575317,0.9001141786575317,,,,,140069,9824.658203125,9.824658393859863,9824.6591796875,9.012550350462334e-08,1.0,9.154653923815204e-08,0.9999999403953552,True,True
adam,smallcnn,0,0,random_m_0,0.001,0.9,0.999,1e-08,m,restricted_no_dv,additive_first_moment,inherited,480,1,0.001,0.9001141786575317,0.9001141786575317,,,,,140069,9824.658203125,9.824658393859863,9824.6591796875,9.012550350462334e-08,1.0,9.154653923815204e-08,0.9999999403953552,True,True
adam,smallcnn,0,0,random_m_0,0.001,0.9,0.999,1e-08,m,full_coupled,additive_first_moment,inherited,480,5,0.001,0.9001141786575317,0.9001141786575317,,,,,140069,39663.078125,22.633834838867188,22116.931640625,1.0209486484527588,0.8641104102134705,1.0031630992889404,0.8949010372161865,True,True
adam,smallcnn,0,0,random_m_0,0.001,0.9,0.999,1e-08,m,restricted_no_dv,additive_first_moment,inherited,480,5,0.001,0.9001141786575317,0.9001141786575317,,,,,140069,39725.09375,22.633834838867188,22116.931640625,1.0252413749694824,0.8629968166351318,1.007837176322937,0.8936891555786133,True,True
adam,smallcnn,0,0,random_m_0,0.001,0.9,0.999,1e-08,m,full_coupled,additive_first_moment,inherited,480,10,0.001,0.9001141786575317,0.9001141786575317,,,,,140069,61142.02734375,28.696197509765625,27210.529296875,1.4602559804916382,0.7996072769165039,1.5011903047561646,0.8445558547973633,True,True
adam,smallcnn,0,0,random_m_0,0.001,0.9,0.999,1e-08,m,restricted_no_dv,additive_first_moment,inherited,480,10,0.001,0.9001141786575317,0.9001141786575317,,,,,140069,62748.484375,28.696197509765625,27210.529296875,1.5405038595199585,0.7793384194374084,1.5880215167999268,0.823055624961853,True,True
adam,smallcnn,0,0,random_m_0,0.001,0.9,0.999,1e-08,m,full_coupled,additive_first_moment,inherited,480,20,0.001,0.9001141786575317,0.9001141786575317,,,,,140069,92194.7421875,33.52608108520508,31256.84375,2.2332372665405273,0.6499823927879333,2.369873046875,0.6922597289085388,True,True
adam,smallcnn,0,0,random_m_0,0.001,0.9,0.999,1e-08,m,restricted_no_dv,additive_first_moment,inherited,480,20,0.001,0.9001141786575317,0.9001141786575317,,,,,140069,172522.609375,33.52608108520508,31256.84375,4.889308929443359,0.3473794758319855,5.226115703582764,0.37618857622146606,True,True
adam,smallcnn,0,0,random_m_0,0.001,0.9,0.999,1e-08,m,full_coupled,additive_first_moment,inherited,480,40,0.001,0.9001141786575317,0.9001141786575317,,,,,140069,159453.21875,35.494590759277344,32984.55078125,4.193940162658691,0.39977625012397766,4.493540287017822,0.4320673644542694,True,True
adam,smallcnn,0,0,random_m_0,0.001,0.9,0.999,1e-08,m,restricted_no_dv,additive_first_moment,inherited,480,40,0.001,0.9001141786575317,0.9001141786575317,,,,,140069,596068.5,35.494590759277344,32984.55078125,16.727434158325195,0.0954318419098854,17.977569580078125,0.12099968641996384,True,True
adam,smallcnn,0,0,random_m_0,0.001,0.9,0.999,1e-08,m,full_coupled,additive_first_moment,inherited,480,1,0.003,0.9001141786575317,0.9001141786575317,,,,,140069,9824.658203125,29.473974227905273,9824.6591796875,7.742734453586309e-08,1.0000001192092896,8.482096802708838e-08,0.9999999403953552,True,True
adam,smallcnn,0,0,random_m_0,0.001,0.9,0.999,1e-08,m,restricted_no_dv,additive_first_moment,inherited,480,1,0.003,0.9001141786575317,0.9001141786575317,,,,,140069,9824.658203125,29.473974227905273,9824.6591796875,7.742734453586309e-08,1.0000001192092896,8.482096802708838e-08,0.9999999403953552,True,True
adam,smallcnn,0,0,random_m_0,0.001,0.9,0.999,1e-08,m,full_coupled,additive_first_moment,inherited,480,5,0.003,0.9001141786575317,0.9001141786575317,,,,,140069,39663.078125,39.25251007080078,12646.0439453125,2.1851744651794434,0.8930375576019287,2.248859405517578,0.9213820695877075,True,True
adam,smallcnn,0,0,random_m_0,0.001,0.9,0.999,1e-08,m,restricted_no_dv,additive_first_moment,inherited,480,5,0.003,0.9001141786575317,0.9001141786575317,,,,,140069,39725.09375,39.25251007080078,12646.0439453125,2.19130539894104,0.8919607400894165,2.2552576065063477,0.9202567338943481,True,True
adam,smallcnn,0,0,random_m_0,0.001,0.9,0.999,1e-08,m,full_coupled,additive_first_moment,inherited,480,10,0.003,0.9001141786575317,0.9001141786575317,,,,,140069,61142.02734375,44.56943893432617,14099.8994140625,3.3492565155029297,0.816413938999176,3.5151755809783936,0.8587220907211304,True,True
adam,smallcnn,0,0,random_m_0,0.001,0.9,0.999,1e-08,m,restricted_no_dv,additive_first_moment,inherited,480,10,0.003,0.9001141786575317,0.9001141786575317,,,,,140069,62748.484375,44.56943893432617,14099.8994140625,3.480637788772583,0.7960342764854431,3.654010772705078,0.8373843431472778,True,True
adam,smallcnn,0,0,random_m_0,0.001,0.9,0.999,1e-08,m,full_coupled,additive_first_moment,inherited,480,20,0.003,0.9001141786575317,0.9001141786575317,,,,,140069,92194.7421875,49.95779037475586,15536.0341796875,4.948198318481445,0.6472299098968506,5.290324687957764,0.6932477951049805,True,True
adam,smallcnn,0,0,random_m_0,0.001,0.9,0.999,1e-08,m,restricted_no_dv,additive_first_moment,inherited,480,20,0.003,0.9001141786575317,0.9001141786575317,,,,,140069,172522.609375,49.95779037475586,15536.0341796875,10.057734489440918,0.34621819853782654,10.76684856414795,0.3777146637439728,True,True
adam,smallcnn,0,0,random_m_0,0.001,0.9,0.999,1e-08,m,full_coupled,additive_first_moment,inherited,480,40,0.003,0.9001141786575317,0.9001141786575317,,,,,140069,159453.21875,52.282745361328125,16167.1962890625,8.798830032348633,0.39857375621795654,9.473060607910156,0.43269968032836914,True,True
adam,smallcnn,0,0,random_m_0,0.001,0.9,0.999,1e-08,m,restricted_no_dv,additive_first_moment,inherited,480,40,0.003,0.9001141786575317,0.9001141786575317,,,,,140069,596068.5,52.282745361328125,16167.1962890625,34.11320495605469,0.10389216244220734,36.757110595703125,0.1252904087305069,True,True
adam,smallcnn,0,0,random_m_0,0.001,0.9,0.999,1e-08,m,full_coupled,additive_first_moment,inherited,480,1,0.01,0.9001141786575317,0.9001141786575317,,,,,140069,9824.658203125,98.24658203125,9824.658203125,7.289374792662784e-08,1.0,7.540933921745818e-08,1.0,True,True
adam,smallcnn,0,0,random_m_0,0.001,0.9,0.999,1e-08,m,restricted_no_dv,additive_first_moment,inherited,480,1,0.01,0.9001141786575317,0.9001141786575317,,,,,140069,9824.658203125,98.24658203125,9824.658203125,7.289374792662784e-08,1.0,7.540933921745818e-08,1.0,True,True
adam,smallcnn,0,0,random_m_0,0.001,0.9,0.999,1e-08,m,full_coupled,additive_first_moment,inherited,480,5,0.01,0.9001141786575317,0.9001141786575317,,,,,140069,39663.078125,100.26160430908203,10068.4296875,2.9737823009490967,0.9866416454315186,2.958298444747925,0.9858167171478271,True,True
adam,smallcnn,0,0,random_m_0,0.001,0.9,0.999,1e-08,m,restricted_no_dv,additive_first_moment,inherited,480,5,0.01,0.9001141786575317,0.9001141786575317,,,,,140069,39725.09375,100.26160430908203,10068.4296875,2.981529712677002,0.9854595065116882,2.9660134315490723,0.9846402406692505,True,True
adam,smallcnn,0,0,random_m_0,0.001,0.9,0.999,1e-08,m,full_coupled,additive_first_moment,inherited,480,10,0.01,0.9001141786575317,0.9001141786575317,,,,,140069,61142.02734375,101.91878509521484,10281.7060546875,5.050031661987305,0.9573359489440918,5.000792980194092,0.9547414779663086,True,True
adam,smallcnn,0,0,random_m_0,0.001,0.9,0.999,1e-08,m,restricted_no_dv,additive_first_moment,inherited,480,10,0.01,0.9001141786575317,0.9001141786575317,,,,,140069,62748.484375,101.91878509521484,10281.7060546875,5.2354021072387695,0.9335901141166687,5.184335708618164,0.9313857555389404,True,True
adam,smallcnn,0,0,random_m_0,0.001,0.9,0.999,1e-08,m,full_coupled,additive_first_moment,inherited,480,20,0.01,0.9001141786575317,0.9001141786575317,,,,,140069,92194.7421875,104.11092376708984,10550.90625,8.080804824829102,0.7972121238708496,7.967850208282471,0.793511152267456,True,True
adam,smallcnn,0,0,random_m_0,0.001,0.9,0.999,1e-08,m,restricted_no_dv,additive_first_moment,inherited,480,20,0.01,0.9001141786575317,0.9001141786575317,,,,,140069,172522.609375,104.11092376708984,10550.90625,16.168241500854492,0.4280768036842346,15.94872760772705,0.42834198474884033,True,True
adam,smallcnn,0,0,random_m_0,0.001,0.9,0.999,1e-08,m,full_coupled,additive_first_moment,inherited,480,40,0.01,0.9001141786575317,0.9001141786575317,,,,,140069,159453.21875,105.37808990478516,10700.4775390625,14.656180381774902,0.500930666923523,14.428979873657227,0.49858763813972473,True,True
adam,smallcnn,0,0,random_m_0,0.001,0.9,0.999,1e-08,m,restricted_no_dv,additive_first_moment,inherited,480,40,0.01,0.9001141786575317,0.9001141786575317,,,,,140069,596068.5,105.37808990478516,10700.4775390625,56.43760681152344,0.13583947718143463,55.57185363769531,0.14181773364543915,True,True
adam,smallcnn,0,1,random_m_1,0.001,0.9,0.999,1e-08,m,full_coupled,additive_first_moment,inherited,480,1,1e-06,0.9001141786575317,0.9001141786575317,,,,,140069,9866.3564453125,0.009866355918347836,9866.35546875,4.126375642954372e-05,1.0,2.4117905923048966e-05,1.0,True,True
adam,smallcnn,0,1,random_m_1,0.001,0.9,0.999,1e-08,m,restricted_no_dv,additive_first_moment,inherited,480,1,1e-06,0.9001141786575317,0.9001141786575317,,,,,140069,9866.3564453125,0.009866355918347836,9866.35546875,4.126375642954372e-05,1.0,2.4117905923048966e-05,1.0,True,True
adam,smallcnn,0,1,random_m_1,0.001,0.9,0.999,1e-08,m,full_coupled,additive_first_moment,inherited,480,5,1e-06,0.9001141786575317,0.9001141786575317,,,,,140069,39711.140625,0.039909426122903824,40944.8046875,0.10066120326519012,0.9949207305908203,0.2342861145734787,0.9721705913543701,True,True
adam,smallcnn,0,1,random_m_1,0.001,0.9,0.999,1e-08,m,restricted_no_dv,additive_first_moment,inherited,480,5,1e-06,0.9001141786575317,0.9001141786575317,,,,,140069,39740.07421875,0.039909426122903824,40944.8046875,0.1049596294760704,0.9944773316383362,0.23199357092380524,0.9727197885513306,True,True
adam,smallcnn,0,1,random_m_1,0.001,0.9,0.999,1e-08,m,full_coupled,additive_first_moment,inherited,480,10,1e-06,0.9001141786575317,0.9001141786575317,,,,,140069,61451.8203125,0.11946368962526321,90914.21875,0.8653847575187683,0.5012797117233276,0.7482452988624573,0.6635379791259766,True,True
adam,smallcnn,0,1,random_m_1,0.001,0.9,0.999,1e-08,m,restricted_no_dv,additive_first_moment,inherited,480,10,1e-06,0.9001141786575317,0.9001141786575317,,,,,140069,62471.3671875,0.11946368962526321,90914.21875,0.8797299265861511,0.47762736678123474,0.767838716506958,0.6422167420387268,True,True
adam,smallcnn,0,1,random_m_1,0.001,0.9,0.999,1e-08,m,full_coupled,additive_first_moment,inherited,480,20,1e-06,0.9001141786575317,0.9001141786575317,,,,,140069,83242.6953125,0.5897527933120728,382166.75,0.9957456588745117,0.10065117478370667,0.9764576554298401,0.21571935713291168,True,True
adam,smallcnn,0,1,random_m_1,0.001,0.9,0.999,1e-08,m,restricted_no_dv,additive_first_moment,inherited,480,20,1e-06,0.9001141786575317,0.9001141786575317,,,,,140069,116973.46875,0.5897527933120728,382166.75,1.0373324155807495,-0.09256324917078018,0.9292657971382141,0.37596413493156433,True,True
adam,smallcnn,0,1,random_m_1,0.001,0.9,0.999,1e-08,m,full_coupled,additive_first_moment,inherited,480,40,1e-06,0.9001141786575317,0.9001141786575317,,,,,140069,103462.921875,1.4787894487380981,867153.75,1.001902461051941,0.007764930836856365,0.9946272373199463,0.10456582903862,True,True
adam,smallcnn,0,1,random_m_1,0.001,0.9,0.999,1e-08,m,restricted_no_dv,additive_first_moment,inherited,480,40,1e-06,0.9001141786575317,0.9001141786575317,,,,,140069,321166.5625,1.4787894487380981,867153.75,1.1081230640411377,-0.4161686897277832,1.0054677724838257,0.17038078606128693,True,True
adam,smallcnn,0,1,random_m_1,0.001,0.9,0.999,1e-08,m,full_coupled,additive_first_moment,inherited,480,1,3e-06,0.9001141786575317,0.9001141786575317,,,,,140069,9866.3564453125,0.029599066823720932,9866.3564453125,1.5104294107004534e-05,1.0000001192092896,8.470240572933108e-06,1.0,True,True
adam,smallcnn,0,1,random_m_1,0.001,0.9,0.999,1e-08,m,restricted_no_dv,additive_first_moment,inherited,480,1,3e-06,0.9001141786575317,0.9001141786575317,,,,,140069,9866.3564453125,0.029599066823720932,9866.3564453125,1.5104294107004534e-05,1.0000001192092896,8.470240572933108e-06,1.0,True,True
adam,smallcnn,0,1,random_m_1,0.001,0.9,0.999,1e-08,m,full_coupled,additive_first_moment,inherited,480,5,3e-06,0.9001141786575317,0.9001141786575317,,,,,140069,39711.140625,0.1198776364326477,40119.59375,0.09826352447271347,0.9951614141464233,0.13024590909481049,0.9914830327033997,True,True
adam,smallcnn,0,1,random_m_1,0.001,0.9,0.999,1e-08,m,restricted_no_dv,additive_first_moment,inherited,480,5,3e-06,0.9001141786575317,0.9001141786575317,,,,,140069,39740.07421875,0.1198776364326477,40119.59375,0.10264365375041962,0.9947182536125183,0.13218726217746735,0.9912250638008118,True,True
adam,smallcnn,0,1,random_m_1,0.001,0.9,0.999,1e-08,m,full_coupled,additive_first_moment,inherited,480,10,3e-06,0.9001141786575317,0.9001141786575317,,,,,140069,61451.8203125,0.22199153900146484,66656.1953125,0.5931742191314697,0.8054621815681458,0.41337525844573975,0.9106307029724121,True,True
adam,smallcnn,0,1,random_m_1,0.001,0.9,0.999,1e-08,m,restricted_no_dv,additive_first_moment,inherited,480,10,3e-06,0.9001141786575317,0.9001141786575317,,,,,140069,62471.3671875,0.22199153900146484,66656.1953125,0.6225369572639465,0.7848412990570068,0.4446474313735962,0.8966250419616699,True,True
adam,smallcnn,0,1,random_m_1,0.001,0.9,0.999,1e-08,m,full_coupled,additive_first_moment,inherited,480,20,3e-06,0.9001141786575317,0.9001141786575317,,,,,140069,83242.6953125,0.7435191869735718,143700.5625,0.9717591404914856,0.2508314251899719,0.8559329509735107,0.5204253196716309,True,True
adam,smallcnn,0,1,random_m_1,0.001,0.9,0.999,1e-08,m,restricted_no_dv,additive_first_moment,inherited,480,20,3e-06,0.9001141786575317,0.9001141786575317,,,,,140069,116973.46875,0.7435191869735718,143700.5625,1.1850924491882324,-0.1924756020307541,1.166325330734253,0.18568293750286102,True,True
adam,smallcnn,0,1,random_m_1,0.001,0.9,0.999,1e-08,m,full_coupled,additive_first_moment,inherited,480,40,3e-06,0.9001141786575317,0.9001141786575317,,,,,140069,103462.921875,1.7898236513137817,277372.28125,1.0029925107955933,0.0694277435541153,0.9609382152557373,0.28918033838272095,True,True
adam,smallcnn,0,1,random_m_1,0.001,0.9,0.999,1e-08,m,restricted_no_dv,additive_first_moment,inherited,480,40,3e-06,0.9001141786575317,0.9001141786575317,,,,,140069,321166.5625,1.7898236513137817,277372.28125,1.3395036458969116,-0.4685681164264679,1.5780560970306396,-0.064579539000988,True,True
adam,smallcnn,0,1,random_m_1,0.001,0.9,0.999,1e-08,m,full_coupled,additive_first_moment,inherited,480,1,1e-05,0.9001141786575317,0.9001141786575317,,,,,140069,9866.3564453125,0.0986635610461235,9866.3564453125,4.727360646938905e-06,1.0,2.5828107936831657e-06,1.0,True,True
adam,smallcnn,0,1,random_m_1,0.001,0.9,0.999,1e-08,m,restricted_no_dv,additive_first_moment,inherited,480,1,1e-05,0.9001141786575317,0.9001141786575317,,,,,140069,9866.3564453125,0.0986635610461235,9866.3564453125,4.727360646938905e-06,1.0,2.5828107936831657e-06,1.0,True,True
adam,smallcnn,0,1,random_m_1,0.001,0.9,0.999,1e-08,m,full_coupled,additive_first_moment,inherited,480,5,1e-05,0.9001141786575317,0.9001141786575317,,,,,140069,39711.140625,0.40319666266441345,39906.94140625,0.1882590353488922,0.9821234345436096,0.11319415271282196,0.9935740232467651,True,True
adam,smallcnn,0,1,random_m_1,0.001,0.9,0.999,1e-08,m,restricted_no_dv,additive_first_moment,inherited,480,5,1e-05,0.9001141786575317,0.9001141786575317,,,,,140069,39740.07421875,0.40319666266441345,39906.94140625,0.19236402213573456,0.9813330173492432,0.11876990646123886,0.9929260611534119,True,True
adam,smallcnn,0,1,random_m_1,0.001,0.9,0.999,1e-08,m,full_coupled,additive_first_moment,inherited,480,10,1e-05,0.9001141786575317,0.9001141786575317,,,,,140069,61451.8203125,0.6845130920410156,63803.06640625,0.5073031783103943,0.8624885678291321,0.3540250360965729,0.9356403946876526,True,True
adam,smallcnn,0,1,random_m_1,0.001,0.9,0.999,1e-08,m,restricted_no_dv,additive_first_moment,inherited,480,10,1e-05,0.9001141786575317,0.9001141786575317,,,,,140069,62471.3671875,0.6845130920410156,63803.06640625,0.5462949275970459,0.8406783938407898,0.3967706561088562,0.9198311567306519,True,True
adam,smallcnn,0,1,random_m_1,0.001,0.9,0.999,1e-08,m,full_coupled,additive_first_moment,inherited,480,20,1e-05,0.9001141786575317,0.9001141786575317,,,,,140069,83242.6953125,1.2006666660308838,102955.09375,0.813690721988678,0.5903456211090088,0.6965283751487732,0.7226507067680359,True,True
adam,smallcnn,0,1,random_m_1,0.001,0.9,0.999,1e-08,m,restricted_no_dv,additive_first_moment,inherited,480,20,1e-05,0.9001141786575317,0.9001141786575317,,,,,140069,116973.46875,1.2006666660308838,102955.09375,1.2590553760528564,0.18677093088626862,1.1083359718322754,0.467562198638916,True,True
adam,smallcnn,0,1,random_m_1,0.001,0.9,0.999,1e-08,m,full_coupled,additive_first_moment,inherited,480,40,1e-05,0.9001141786575317,0.9001141786575317,,,,,140069,103462.921875,2.0658769607543945,136972.765625,0.9709945321083069,0.30748555064201355,0.879575788974762,0.5275050401687622,True,True
adam,smallcnn,0,1,random_m_1,0.001,0.9,0.999,1e-08,m,restricted_no_dv,additive_first_moment,inherited,480,40,1e-05,0.9001141786575317,0.9001141786575317,,,,,140069,321166.5625,2.0658769607543945,136972.765625,2.1110281944274902,-0.33434996008872986,2.4239931106567383,0.13265804946422577,True,True
adam,smallcnn,0,1,random_m_1,0.001,0.9,0.999,1e-08,m,full_coupled,additive_first_moment,inherited,480,1,3e-05,0.9001141786575317,0.9001141786575317,,,,,140069,9866.3564453125,0.2959906756877899,9866.35546875,1.6077503914857516e-06,1.0,8.863154903338e-07,1.0,True,True
adam,smallcnn,0,1,random_m_1,0.001,0.9,0.999,1e-08,m,restricted_no_dv,additive_first_moment,inherited,480,1,3e-05,0.9001141786575317,0.9001141786575317,,,,,140069,9866.3564453125,0.2959906756877899,9866.35546875,1.6077503914857516e-06,1.0,8.863154903338e-07,1.0,True,True
adam,smallcnn,0,1,random_m_1,0.001,0.9,0.999,1e-08,m,full_coupled,additive_first_moment,inherited,480,5,3e-05,0.9001141786575317,0.9001141786575317,,,,,140069,39711.140625,1.1818972826004028,39323.35546875,0.10145281255245209,0.9949260950088501,0.06943487375974655,0.9976611137390137,True,True
adam,smallcnn,0,1,random_m_1,0.001,0.9,0.999,1e-08,m,restricted_no_dv,additive_first_moment,inherited,480,5,3e-05,0.9001141786575317,0.9001141786575317,,,,,140069,39740.07421875,1.1818972826004028,39323.35546875,0.10644407570362091,0.9944214224815369,0.07780371606349945,0.9970605969429016,True,True
adam,smallcnn,0,1,random_m_1,0.001,0.9,0.999,1e-08,m,full_coupled,additive_first_moment,inherited,480,10,3e-05,0.9001141786575317,0.9001141786575317,,,,,140069,61451.8203125,1.8141734600067139,59290.5390625,0.32865431904792786,0.9469829201698303,0.24323630332946777,0.9720994830131531,True,True
adam,smallcnn,0,1,random_m_1,0.001,0.9,0.999,1e-08,m,restricted_no_dv,additive_first_moment,inherited,480,10,3e-05,0.9001141786575317,0.9001141786575317,,,,,140069,62471.3671875,1.8141734600067139,59290.5390625,0.3767867982387543,0.9318159222602844,0.3080776035785675,0.9563262462615967,True,True
adam,smallcnn,0,1,random_m_1,0.001,0.9,0.999,1e-08,m,full_coupled,additive_first_moment,inherited,480,20,3e-05,0.9001141786575317,0.9001141786575317,,,,,140069,83242.6953125,2.7056634426116943,80155.78125,0.666951060295105,0.7622424364089966,0.5084056854248047,0.8762685060501099,True,True
adam,smallcnn,0,1,random_m_1,0.001,0.9,0.999,1e-08,m,restricted_no_dv,additive_first_moment,inherited,480,20,3e-05,0.9001141786575317,0.9001141786575317,,,,,140069,116973.46875,2.7056634426116943,80155.78125,1.1640640497207642,0.511618971824646,1.128957748413086,0.6355975270271301,True,True
adam,smallcnn,0,1,random_m_1,0.001,0.9,0.999,1e-08,m,full_coupled,additive_first_moment,inherited,480,40,3e-05,0.9001141786575317,0.9001141786575317,,,,,140069,103462.921875,3.6727373600006104,96283.25,0.8986222147941589,0.5364346504211426,0.7951341867446899,0.7084047198295593,True,True
adam,smallcnn,0,1,random_m_1,0.001,0.9,0.999,1e-08,m,restricted_no_dv,additive_first_moment,inherited,480,40,3e-05,0.9001141786575317,0.9001141786575317,,,,,140069,321166.5625,3.6727373600006104,96283.25,2.7355237007141113,0.07605636119842529,3.185896396636963,0.29628151655197144,True,True
adam,smallcnn,0,1,random_m_1,0.001,0.9,0.999,1e-08,m,full_coupled,additive_first_moment,inherited,480,1,0.0001,0.9001141786575317,0.9001141786575317,,,,,140069,9866.3564453125,0.9866355657577515,9866.3564453125,4.943942144564062e-07,1.0000001192092896,2.754898957846308e-07,0.9999999403953552,True,True
adam,smallcnn,0,1,random_m_1,0.001,0.9,0.999,1e-08,m,restricted_no_dv,additive_first_moment,inherited,480,1,0.0001,0.9001141786575317,0.9001141786575317,,,,,140069,9866.3564453125,0.9866355657577515,9866.3564453125,4.943942144564062e-07,1.0000001192092896,2.754898957846308e-07,0.9999999403953552,True,True
adam,smallcnn,0,1,random_m_1,0.001,0.9,0.999,1e-08,m,full_coupled,additive_first_moment,inherited,480,5,0.0001,0.9001141786575317,0.9001141786575317,,,,,140069,39711.140625,3.8188717365264893,37363.0,0.165171816945076,0.9876462817192078,0.14620348811149597,0.9918023347854614,True,True
adam,smallcnn,0,1,random_m_1,0.001,0.9,0.999,1e-08,m,restricted_no_dv,additive_first_moment,inherited,480,5,0.0001,0.9001141786575317,0.9001141786575317,,,,,140069,39740.07421875,3.8188717365264893,37363.0,0.1686176210641861,0.9871319532394409,0.1503881812095642,0.991270899772644,True,True
adam,smallcnn,0,1,random_m_1,0.001,0.9,0.999,1e-08,m,full_coupled,additive_first_moment,inherited,480,10,0.0001,0.9001141786575317,0.9001141786575317,,,,,140069,61451.8203125,5.443508148193359,52814.109375,0.36124274134635925,0.9495611786842346,0.33729979395866394,0.9626046419143677,True,True
adam,smallcnn,0,1,random_m_1,0.001,0.9,0.999,1e-08,m,restricted_no_dv,additive_first_moment,inherited,480,10,0.0001,0.9001141786575317,0.9001141786575317,,,,,140069,62471.3671875,5.443508148193359,52814.109375,0.4160289466381073,0.9340880513191223,0.39754214882850647,0.9473289847373962,True,True
adam,smallcnn,0,1,random_m_1,0.001,0.9,0.999,1e-08,m,full_coupled,additive_first_moment,inherited,480,20,0.0001,0.9001141786575317,0.9001141786575317,,,,,140069,83242.6953125,6.991325378417969,65258.62890625,0.6401048898696899,0.8432024717330933,0.5759394764900208,0.8997471928596497,True,True
adam,smallcnn,0,1,random_m_1,0.001,0.9,0.999,1e-08,m,restricted_no_dv,additive_first_moment,inherited,480,20,0.0001,0.9001141786575317,0.9001141786575317,,,,,140069,116973.46875,6.991325378417969,65258.62890625,1.3679965734481812,0.5761459469795227,1.3745384216308594,0.6481472849845886,True,True
adam,smallcnn,0,1,random_m_1,0.001,0.9,0.999,1e-08,m,full_coupled,additive_first_moment,inherited,480,40,0.0001,0.9001141786575317,0.9001141786575317,,,,,140069,103462.921875,8.076371192932129,71862.6328125,0.9333575963973999,0.6908164620399475,0.9061717987060547,0.7819792032241821,True,True
adam,smallcnn,0,1,random_m_1,0.001,0.9,0.999,1e-08,m,restricted_no_dv,additive_first_moment,inherited,480,40,0.0001,0.9001141786575317,0.9001141786575317,,,,,140069,321166.5625,8.076371192932129,71862.6328125,3.9682610034942627,0.13408474624156952,4.319215774536133,0.2593196630477905,True,True
adam,smallcnn,0,1,random_m_1,0.001,0.9,0.999,1e-08,m,full_coupled,additive_first_moment,inherited,480,1,0.0003,0.9001141786575317,0.9001141786575317,,,,,140069,9866.3564453125,2.959907054901123,9866.3564453125,1.8082830877119704e-07,0.9999998807907104,1.1729325422038528e-07,1.0,True,True
adam,smallcnn,0,1,random_m_1,0.001,0.9,0.999,1e-08,m,restricted_no_dv,additive_first_moment,inherited,480,1,0.0003,0.9001141786575317,0.9001141786575317,,,,,140069,9866.3564453125,2.959907054901123,9866.3564453125,1.8082830877119704e-07,0.9999998807907104,1.1729325422038528e-07,1.0,True,True
adam,smallcnn,0,1,random_m_1,0.001,0.9,0.999,1e-08,m,full_coupled,additive_first_moment,inherited,480,5,0.0003,0.9001141786575317,0.9001141786575317,,,,,140069,39711.140625,9.322761535644531,30958.83203125,0.5167865753173828,0.9257156252861023,0.4709423780441284,0.9447016716003418,True,True
adam,smallcnn,0,1,random_m_1,0.001,0.9,0.999,1e-08,m,restricted_no_dv,additive_first_moment,inherited,480,5,0.0003,0.9001141786575317,0.9001141786575317,,,,,140069,39740.07421875,9.322761535644531,30958.83203125,0.5191044807434082,0.9250335097312927,0.47349813580513,0.9440079927444458,True,True
adam,smallcnn,0,1,random_m_1,0.001,0.9,0.999,1e-08,m,full_coupled,additive_first_moment,inherited,480,10,0.0003,0.9001141786575317,0.9001141786575317,,,,,140069,61451.8203125,12.601212501525879,41075.77734375,0.771653413772583,0.8697599768638611,0.7346580028533936,0.9018599390983582,True,True
adam,smallcnn,0,1,random_m_1,0.001,0.9,0.999,1e-08,m,restricted_no_dv,additive_first_moment,inherited,480,10,0.0003,0.9001141786575317,0.9001141786575317,,,,,140069,62471.3671875,12.601212501525879,41075.77734375,0.8179865479469299,0.8548786044120789,0.7859749794006348,0.8861055970191956,True,True
adam,smallcnn,0,1,random_m_1,0.001,0.9,0.999,1e-08,m,full_coupled,additive_first_moment,inherited,480,20,0.0003,0.9001141786575317,0.9001141786575317,,,,,140069,83242.6953125,15.198225021362305,48378.609375,1.059010624885559,0.7845970392227173,1.0388833284378052,0.8372880220413208,True,True
adam,smallcnn,0,1,random_m_1,0.001,0.9,0.999,1e-08,m,restricted_no_dv,additive_first_moment,inherited,480,20,0.0003,0.9001141786575317,0.9001141786575317,,,,,140069,116973.46875,15.198225021362305,48378.609375,1.9501101970672607,0.5475094318389893,1.9887213706970215,0.5978615880012512,True,True
adam,smallcnn,0,1,random_m_1,0.001,0.9,0.999,1e-08,m,full_coupled,additive_first_moment,inherited,480,40,0.0003,0.9001141786575317,0.9001141786575317,,,,,140069,103462.921875,16.589569091796875,51916.78125,1.417109489440918,0.6660641431808472,1.4391837120056152,0.727658748626709,True,True
adam,smallcnn,0,1,random_m_1,0.001,0.9,0.999,1e-08,m,restricted_no_dv,additive_first_moment,inherited,480,40,0.0003,0.9001141786575317,0.9001141786575317,,,,,140069,321166.5625,16.589569091796875,51916.78125,5.71604585647583,0.17718380689620972,6.022770881652832,0.24207642674446106,True,True
adam,smallcnn,0,1,random_m_1,0.001,0.9,0.999,1e-08,m,full_coupled,additive_first_moment,inherited,480,1,0.001,0.9001141786575317,0.9001141786575317,,,,,140069,9866.3564453125,9.86635684967041,9866.3564453125,9.072233098095239e-08,0.9999999403953552,9.160697089782843e-08,1.0,True,True
adam,smallcnn,0,1,random_m_1,0.001,0.9,0.999,1e-08,m,restricted_no_dv,additive_first_moment,inherited,480,1,0.001,0.9001141786575317,0.9001141786575317,,,,,140069,9866.3564453125,9.86635684967041,9866.3564453125,9.072233098095239e-08,0.9999999403953552,9.160697089782843e-08,1.0,True,True
adam,smallcnn,0,1,random_m_1,0.001,0.9,0.999,1e-08,m,full_coupled,additive_first_moment,inherited,480,5,0.001,0.9001141786575317,0.9001141786575317,,,,,140069,39711.140625,21.282682418823242,20569.1875,1.1276308298110962,0.860177755355835,1.1360933780670166,0.8900173306465149,True,True
adam,smallcnn,0,1,random_m_1,0.001,0.9,0.999,1e-08,m,restricted_no_dv,additive_first_moment,inherited,480,5,0.001,0.9001141786575317,0.9001141786575317,,,,,140069,39740.07421875,21.282682418823242,20569.1875,1.1297271251678467,0.859643280506134,1.138433575630188,0.8893980383872986,True,True
adam,smallcnn,0,1,random_m_1,0.001,0.9,0.999,1e-08,m,full_coupled,additive_first_moment,inherited,480,10,0.001,0.9001141786575317,0.9001141786575317,,,,,140069,61451.8203125,27.151287078857422,25413.033203125,1.611172080039978,0.779102623462677,1.687467098236084,0.8270404934883118,True,True
adam,smallcnn,0,1,random_m_1,0.001,0.9,0.999,1e-08,m,restricted_no_dv,additive_first_moment,inherited,480,10,0.001,0.9001141786575317,0.9001141786575317,,,,,140069,62471.3671875,27.151287078857422,25413.033203125,1.663881540298462,0.7661183476448059,1.74481999874115,0.8132956624031067,True,True
adam,smallcnn,0,1,random_m_1,0.001,0.9,0.999,1e-08,m,full_coupled,additive_first_moment,inherited,480,20,0.001,0.9001141786575317,0.9001141786575317,,,,,140069,83242.6953125,31.90921401977539,29565.908203125,2.044048309326172,0.6952349543571472,2.166224479675293,0.751997172832489,True,True
adam,smallcnn,0,1,random_m_1,0.001,0.9,0.999,1e-08,m,restricted_no_dv,additive_first_moment,inherited,480,20,0.001,0.9001141786575317,0.9001141786575317,,,,,140069,116973.46875,31.90921401977539,29565.908203125,3.293276071548462,0.4900100529193878,3.520329713821411,0.5383846163749695,True,True
adam,smallcnn,0,1,random_m_1,0.001,0.9,0.999,1e-08,m,full_coupled,additive_first_moment,inherited,480,40,0.001,0.9001141786575317,0.9001141786575317,,,,,140069,103462.921875,33.941627502441406,31405.861328125,2.5758626461029053,0.5998215079307556,2.7472596168518066,0.6534641981124878,True,True
adam,smallcnn,0,1,random_m_1,0.001,0.9,0.999,1e-08,m,restricted_no_dv,additive_first_moment,inherited,480,40,0.001,0.9001141786575317,0.9001141786575317,,,,,140069,321166.5625,33.941627502441406,31405.861328125,9.34333610534668,0.17107848823070526,10.059886932373047,0.21397842466831207,True,True
adam,smallcnn,0,1,random_m_1,0.001,0.9,0.999,1e-08,m,full_coupled,additive_first_moment,inherited,480,1,0.003,0.9001141786575317,0.9001141786575317,,,,,140069,9866.3564453125,29.59906768798828,9866.3564453125,7.81569227115142e-08,1.0000001192092896,8.385001137867221e-08,1.0,True,True
adam,smallcnn,0,1,random_m_1,0.001,0.9,0.999,1e-08,m,restricted_no_dv,additive_first_moment,inherited,480,1,0.003,0.9001141786575317,0.9001141786575317,,,,,140069,9866.3564453125,29.59906768798828,9866.3564453125,7.81569227115142e-08,1.0000001192092896,8.385001137867221e-08,1.0,True,True
adam,smallcnn,0,1,random_m_1,0.001,0.9,0.999,1e-08,m,full_coupled,additive_first_moment,inherited,480,5,0.003,0.9001141786575317,0.9001141786575317,,,,,140069,39711.140625,37.620208740234375,12279.1279296875,2.302584171295166,0.9041393399238586,2.3529694080352783,0.9156551957130432,True,True
adam,smallcnn,0,1,random_m_1,0.001,0.9,0.999,1e-08,m,restricted_no_dv,additive_first_moment,inherited,480,5,0.003,0.9001141786575317,0.9001141786575317,,,,,140069,39740.07421875,37.620208740234375,12279.1279296875,2.3057515621185303,0.9034846425056458,2.356248140335083,0.914958655834198,True,True
adam,smallcnn,0,1,random_m_1,0.001,0.9,0.999,1e-08,m,full_coupled,additive_first_moment,inherited,480,10,0.003,0.9001141786575317,0.9001141786575317,,,,,140069,61451.8203125,41.861507415771484,13590.55859375,3.616389751434326,0.8306646347045898,3.715238332748413,0.8450855016708374,True,True
adam,smallcnn,0,1,random_m_1,0.001,0.9,0.999,1e-08,m,restricted_no_dv,additive_first_moment,inherited,480,10,0.003,0.9001141786575317,0.9001141786575317,,,,,140069,62471.3671875,41.861507415771484,13590.55859375,3.7057223320007324,0.8165263533592224,3.806814432144165,0.8307721018791199,True,True
adam,smallcnn,0,1,random_m_1,0.001,0.9,0.999,1e-08,m,full_coupled,additive_first_moment,inherited,480,20,0.003,0.9001141786575317,0.9001141786575317,,,,,140069,83242.6953125,46.1116828918457,14787.4384765625,4.718878746032715,0.7443363070487976,4.906518936157227,0.76518714427948,True,True
adam,smallcnn,0,1,random_m_1,0.001,0.9,0.999,1e-08,m,restricted_no_dv,additive_first_moment,inherited,480,20,0.003,0.9001141786575317,0.9001141786575317,,,,,140069,116973.46875,46.1116828918457,14787.4384765625,7.139007568359375,0.5223328471183777,7.4147748947143555,0.5432373881340027,True,True
adam,smallcnn,0,1,random_m_1,0.001,0.9,0.999,1e-08,m,full_coupled,additive_first_moment,inherited,480,40,0.003,0.9001141786575317,0.9001141786575317,,,,,140069,103462.921875,48.37152862548828,15385.951171875,5.827715873718262,0.6399332284927368,6.109126567840576,0.661576509475708,True,True
adam,smallcnn,0,1,random_m_1,0.001,0.9,0.999,1e-08,m,restricted_no_dv,additive_first_moment,inherited,480,40,0.003,0.9001141786575317,0.9001141786575317,,,,,140069,321166.5625,48.37152862548828,15385.951171875,19.756797790527344,0.18638020753860474,20.68621063232422,0.21091224253177643,True,True
adam,smallcnn,0,1,random_m_1,0.001,0.9,0.999,1e-08,m,full_coupled,additive_first_moment,inherited,480,1,0.01,0.9001141786575317,0.9001141786575317,,,,,140069,9866.3564453125,98.66355895996094,9866.3564453125,7.345492747390381e-08,1.0,7.417258274244887e-08,0.9999999403953552,True,True
adam,smallcnn,0,1,random_m_1,0.001,0.9,0.999,1e-08,m,restricted_no_dv,additive_first_moment,inherited,480,1,0.01,0.9001141786575317,0.9001141786575317,,,,,140069,9866.3564453125,98.66355895996094,9866.3564453125,7.345492747390381e-08,1.0,7.417258274244887e-08,0.9999999403953552,True,True
adam,smallcnn,0,1,random_m_1,0.001,0.9,0.999,1e-08,m,full_coupled,additive_first_moment,inherited,480,5,0.01,0.9001141786575317,0.9001141786575317,,,,,140069,39711.140625,104.37750244140625,10400.021484375,2.847783327102661,0.9678987860679626,2.859247922897339,0.9696099162101746,True,True
adam,smallcnn,0,1,random_m_1,0.001,0.9,0.999,1e-08,m,restricted_no_dv,additive_first_moment,inherited,480,5,0.01,0.9001141786575317,0.9001141786575317,,,,,140069,39740.07421875,104.37750244140625,10400.021484375,2.851602792739868,0.9671063423156738,2.863058090209961,0.9688318371772766,True,True
adam,smallcnn,0,1,random_m_1,0.001,0.9,0.999,1e-08,m,full_coupled,additive_first_moment,inherited,480,10,0.01,0.9001141786575317,0.9001141786575317,,,,,140069,61451.8203125,109.38361358642578,10959.22265625,4.721734046936035,0.9137808084487915,4.712581634521484,0.9125189781188965,True,True
adam,smallcnn,0,1,random_m_1,0.001,0.9,0.999,1e-08,m,restricted_no_dv,additive_first_moment,inherited,480,10,0.01,0.9001141786575317,0.9001141786575317,,,,,140069,62471.3671875,109.38361358642578,10959.22265625,4.833434104919434,0.8978757262229919,4.823727607727051,0.8969284296035767,True,True
adam,smallcnn,0,1,random_m_1,0.001,0.9,0.999,1e-08,m,full_coupled,additive_first_moment,inherited,480,20,0.01,0.9001141786575317,0.9001141786575317,,,,,140069,83242.6953125,115.59381866455078,11637.830078125,6.391955852508545,0.8333050608634949,6.347336292266846,0.8299874067306519,True,True
adam,smallcnn,0,1,random_m_1,0.001,0.9,0.999,1e-08,m,restricted_no_dv,additive_first_moment,inherited,480,20,0.01,0.9001141786575317,0.9001141786575317,,,,,140069,116973.46875,115.59381866455078,11637.830078125,9.56541633605957,0.5881863832473755,9.49647045135498,0.589111328125,True,True
adam,smallcnn,0,1,random_m_1,0.001,0.9,0.999,1e-08,m,full_coupled,additive_first_moment,inherited,480,40,0.01,0.9001141786575317,0.9001141786575317,,,,,140069,103462.921875,118.85000610351562,11996.396484375,8.012743949890137,0.7224764823913574,7.9363837242126465,0.7186399698257446,True,True
adam,smallcnn,0,1,random_m_1,0.001,0.9,0.999,1e-08,m,restricted_no_dv,additive_first_moment,inherited,480,40,0.01,0.9001141786575317,0.9001141786575317,,,,,140069,321166.5625,118.85000610351562,11996.396484375,26.815746307373047,0.22481074929237366,26.55984115600586,0.22991420328617096,True,True
adam,smallcnn,0,2,random_m_2,0.001,0.9,0.999,1e-08,m,full_coupled,additive_first_moment,inherited,480,1,1e-06,0.9001141786575317,0.9001141786575317,,,,,140069,9822.4404296875,0.009822441264986992,9822.4404296875,4.1407114622415975e-05,1.0,2.4344913981622085e-05,1.0,True,True
adam,smallcnn,0,2,random_m_2,0.001,0.9,0.999,1e-08,m,restricted_no_dv,additive_first_moment,inherited,480,1,1e-06,0.9001141786575317,0.9001141786575317,,,,,140069,9822.4404296875,0.009822441264986992,9822.4404296875,4.1407114622415975e-05,1.0,2.4344913981622085e-05,1.0,True,True
adam,smallcnn,0,2,random_m_2,0.001,0.9,0.999,1e-08,m,full_coupled,additive_first_moment,inherited,480,5,1e-06,0.9001141786575317,0.9001141786575317,,,,,140069,39618.015625,0.03992622718214989,40528.54296875,0.12401508539915085,0.9922803044319153,0.20694486796855927,0.9783529043197632,True,True
adam,smallcnn,0,2,random_m_2,0.001,0.9,0.999,1e-08,m,restricted_no_dv,additive_first_moment,inherited,480,5,1e-06,0.9001141786575317,0.9001141786575317,,,,,140069,39659.703125,0.03992622718214989,40528.54296875,0.12677456438541412,0.9919325709342957,0.20946474373340607,0.9778164625167847,True,True
adam,smallcnn,0,2,random_m_2,0.001,0.9,0.999,1e-08,m,full_coupled,additive_first_moment,inherited,480,10,1e-06,0.9001141786575317,0.9001141786575317,,,,,140069,62374.859375,0.13144497573375702,90630.296875,0.8962851762771606,0.4444943368434906,0.7441791892051697,0.6682780981063843,True,True
adam,smallcnn,0,2,random_m_2,0.001,0.9,0.999,1e-08,m,restricted_no_dv,additive_first_moment,inherited,480,10,1e-06,0.9001141786575317,0.9001141786575317,,,,,140069,64124.50390625,0.13144497573375702,90630.296875,0.9028301239013672,0.43342697620391846,0.7601698637008667,0.6520864367485046,True,True
adam,smallcnn,0,2,random_m_2,0.001,0.9,0.999,1e-08,m,full_coupled,additive_first_moment,inherited,480,20,1e-06,0.9001141786575317,0.9001141786575317,,,,,140069,97638.9609375,0.6295527219772339,286401.59375,0.9845474362373352,0.17641118168830872,0.9577796459197998,0.2916875183582306,True,True
adam,smallcnn,0,2,random_m_2,0.001,0.9,0.999,1e-08,m,restricted_no_dv,additive_first_moment,inherited,480,20,1e-06,0.9001141786575317,0.9001141786575317,,,,,140069,217750.671875,0.6295527219772339,286401.59375,0.9245455265045166,0.38286182284355164,1.1483275890350342,0.17058923840522766,True,True
adam,smallcnn,0,2,random_m_2,0.001,0.9,0.999,1e-08,m,full_coupled,additive_first_moment,inherited,480,40,1e-06,0.9001141786575317,0.9001141786575317,,,,,140069,161186.21875,1.457008719444275,588992.5,0.9888467788696289,0.1555686742067337,1.0001848936080933,0.13615669310092926,True,True
adam,smallcnn,0,2,random_m_2,0.001,0.9,0.999,1e-08,m,restricted_no_dv,additive_first_moment,inherited,480,40,1e-06,0.9001141786575317,0.9001141786575317,,,,,140069,688851.5,1.457008719444275,588992.5,0.873389720916748,0.4872364103794098,1.5215568542480469,0.02252746745944023,True,True
adam,smallcnn,0,2,random_m_2,0.001,0.9,0.999,1e-08,m,full_coupled,additive_first_moment,inherited,480,1,3e-06,0.9001141786575317,0.9001141786575317,,,,,140069,9822.4404296875,0.029467321932315826,9822.4404296875,1.5147709746088367e-05,0.9999999403953552,8.433495167992078e-06,1.0000001192092896,True,True
adam,smallcnn,0,2,random_m_2,0.001,0.9,0.999,1e-08,m,restricted_no_dv,additive_first_moment,inherited,480,1,3e-06,0.9001141786575317,0.9001141786575317,,,,,140069,9822.4404296875,0.029467321932315826,9822.4404296875,1.5147709746088367e-05,0.9999999403953552,8.433495167992078e-06,1.0000001192092896,True,True
adam,smallcnn,0,2,random_m_2,0.001,0.9,0.999,1e-08,m,full_coupled,additive_first_moment,inherited,480,5,3e-06,0.9001141786575317,0.9001141786575317,,,,,140069,39618.015625,0.12204727530479431,40277.73046875,0.23260904848575592,0.9725711345672607,0.1775502860546112,0.9841118454933167,True,True
adam,smallcnn,0,2,random_m_2,0.001,0.9,0.999,1e-08,m,restricted_no_dv,additive_first_moment,inherited,480,5,3e-06,0.9001141786575317,0.9001141786575317,,,,,140069,39659.703125,0.12204727530479431,40277.73046875,0.23361963033676147,0.9723314046859741,0.1786709725856781,0.9839091897010803,True,True
adam,smallcnn,0,2,random_m_2,0.001,0.9,0.999,1e-08,m,full_coupled,additive_first_moment,inherited,480,10,3e-06,0.9001141786575317,0.9001141786575317,,,,,140069,62374.859375,0.25452911853790283,70305.1953125,0.7146007418632507,0.7003966569900513,0.5154651403427124,0.8574277758598328,True,True
adam,smallcnn,0,2,random_m_2,0.001,0.9,0.999,1e-08,m,restricted_no_dv,additive_first_moment,inherited,480,10,3e-06,0.9001141786575317,0.9001141786575317,,,,,140069,64124.50390625,0.25452911853790283,70305.1953125,0.7377452254295349,0.6793899536132812,0.5395742058753967,0.8446356058120728,True,True
adam,smallcnn,0,2,random_m_2,0.001,0.9,0.999,1e-08,m,full_coupled,additive_first_moment,inherited,480,20,3e-06,0.9001141786575317,0.9001141786575317,,,,,140069,97638.9609375,0.9139150977134705,154632.28125,0.9844765067100525,0.20831213891506195,0.9033815264701843,0.4613373279571533,True,True
adam,smallcnn,0,2,random_m_2,0.001,0.9,0.999,1e-08,m,restricted_no_dv,additive_first_moment,inherited,480,20,3e-06,0.9001141786575317,0.9001141786575317,,,,,140069,217750.671875,0.9139150977134705,154632.28125,1.1126441955566406,0.19092436134815216,1.5324950218200684,0.22526904940605164,True,True
adam,smallcnn,0,2,random_m_2,0.001,0.9,0.999,1e-08,m,full_coupled,additive_first_moment,inherited,480,40,3e-06,0.9001141786575317,0.9001141786575317,,,,,140069,161186.21875,2.0995161533355713,301006.03125,1.0033206939697266,0.10071743279695511,1.042872667312622,0.185967355966568,True,True
adam,smallcnn,0,2,random_m_2,0.001,0.9,0.999,1e-08,m,restricted_no_dv,additive_first_moment,inherited,480,40,3e-06,0.9001141786575317,0.9001141786575317,,,,,140069,688851.5,2.0995161533355713,301006.03125,1.1616582870483398,0.31463825702667236,2.441363573074341,0.060512032359838486,True,True
adam,smallcnn,0,2,random_m_2,0.001,0.9,0.999,1e-08,m,full_coupled,additive_first_moment,inherited,480,1,1e-05,0.9001141786575317,0.9001141786575317,,,,,140069,9822.4404296875,0.09822440147399902,9822.439453125,4.743789759231731e-06,0.9999998807907104,2.617008931338205e-06,0.9999999403953552,True,True
adam,smallcnn,0,2,random_m_2,0.001,0.9,0.999,1e-08,m,restricted_no_dv,additive_first_moment,inherited,480,1,1e-05,0.9001141786575317,0.9001141786575317,,,,,140069,9822.4404296875,0.09822440147399902,9822.439453125,4.743789759231731e-06,0.9999998807907104,2.617008931338205e-06,0.9999999403953552,True,True
adam,smallcnn,0,2,random_m_2,0.001,0.9,0.999,1e-08,m,full_coupled,additive_first_moment,inherited,480,5,1e-05,0.9001141786575317,0.9001141786575317,,,,,140069,39618.015625,0.3989141881465912,39573.515625,0.1388644576072693,0.9903153777122498,0.11385632306337357,0.9935263991355896,True,True
adam,smallcnn,0,2,random_m_2,0.001,0.9,0.999,1e-08,m,restricted_no_dv,additive_first_moment,inherited,480,5,1e-05,0.9001141786575317,0.9001141786575317,,,,,140069,39659.703125,0.3989141881465912,39573.515625,0.14199738204479218,0.9898765087127686,0.11914349347352982,0.9929202795028687,True,True
adam,smallcnn,0,2,random_m_2,0.001,0.9,0.999,1e-08,m,full_coupled,additive_first_moment,inherited,480,10,1e-05,0.9001141786575317,0.9001141786575317,,,,,140069,62374.859375,0.6535212397575378,62588.76953125,0.41971907019615173,0.9088010191917419,0.35641834139823914,0.9362709522247314,True,True
adam,smallcnn,0,2,random_m_2,0.001,0.9,0.999,1e-08,m,restricted_no_dv,additive_first_moment,inherited,480,10,1e-05,0.9001141786575317,0.9001141786575317,,,,,140069,64124.50390625,0.6535212397575378,62588.76953125,0.4596479833126068,0.8925193548202515,0.406103253364563,0.9198086857795715,True,True
adam,smallcnn,0,2,random_m_2,0.001,0.9,0.999,1e-08,m,full_coupled,additive_first_moment,inherited,480,20,1e-05,0.9001141786575317,0.9001141786575317,,,,,140069,97638.9609375,1.1812361478805542,101934.3046875,0.8799463510513306,0.549813985824585,0.8499501347541809,0.6238288879394531,True,True
adam,smallcnn,0,2,random_m_2,0.001,0.9,0.999,1e-08,m,restricted_no_dv,additive_first_moment,inherited,480,20,1e-05,0.9001141786575317,0.9001141786575317,,,,,140069,217750.671875,1.1812361478805542,101934.3046875,1.784712791442871,0.3290020227432251,2.1000258922576904,0.26991647481918335,True,True
adam,smallcnn,0,2,random_m_2,0.001,0.9,0.999,1e-08,m,full_coupled,additive_first_moment,inherited,480,40,1e-05,0.9001141786575317,0.9001141786575317,,,,,140069,161186.21875,1.9531891345977783,146896.171875,1.1005871295928955,0.2846056818962097,1.231574535369873,0.3131594955921173,True,True
adam,smallcnn,0,2,random_m_2,0.001,0.9,0.999,1e-08,m,restricted_no_dv,additive_first_moment,inherited,480,40,1e-05,0.9001141786575317,0.9001141786575317,,,,,140069,688851.5,1.9531891345977783,146896.171875,3.271780490875244,0.387574702501297,4.698212623596191,0.09777983278036118,True,True
adam,smallcnn,0,2,random_m_2,0.001,0.9,0.999,1e-08,m,full_coupled,additive_first_moment,inherited,480,1,3e-05,0.9001141786575317,0.9001141786575317,,,,,140069,9822.4404296875,0.2946731746196747,9822.439453125,1.5994509112715605e-06,1.0000001192092896,8.807609219729784e-07,0.9999999403953552,True,True
adam,smallcnn,0,2,random_m_2,0.001,0.9,0.999,1e-08,m,restricted_no_dv,additive_first_moment,inherited,480,1,3e-05,0.9001141786575317,0.9001141786575317,,,,,140069,9822.4404296875,0.2946731746196747,9822.439453125,1.5994509112715605e-06,1.0000001192092896,8.807609219729784e-07,0.9999999403953552,True,True
adam,smallcnn,0,2,random_m_2,0.001,0.9,0.999,1e-08,m,full_coupled,additive_first_moment,inherited,480,5,3e-05,0.9001141786575317,0.9001141786575317,,,,,140069,39618.015625,1.1650179624557495,38752.4375,0.1269281506538391,0.9923039078712463,0.09943120181560516,0.9954087138175964,True,True
adam,smallcnn,0,2,random_m_2,0.001,0.9,0.999,1e-08,m,restricted_no_dv,additive_first_moment,inherited,480,5,3e-05,0.9001141786575317,0.9001141786575317,,,,,140069,39659.703125,1.1650179624557495,38752.4375,0.13289806246757507,0.9915744066238403,0.108086496591568,0.9945601224899292,True,True
adam,smallcnn,0,2,random_m_2,0.001,0.9,0.999,1e-08,m,full_coupled,additive_first_moment,inherited,480,10,3e-05,0.9001141786575317,0.9001141786575317,,,,,140069,62374.859375,1.763674259185791,58404.78515625,0.3852471709251404,0.9318113923072815,0.32045742869377136,0.9540849924087524,True,True
adam,smallcnn,0,2,random_m_2,0.001,0.9,0.999,1e-08,m,restricted_no_dv,additive_first_moment,inherited,480,10,3e-05,0.9001141786575317,0.9001141786575317,,,,,140069,64124.50390625,1.763674259185791,58404.78515625,0.4382392168045044,0.9157383441925049,0.3835068941116333,0.9373883605003357,True,True
adam,smallcnn,0,2,random_m_2,0.001,0.9,0.999,1e-08,m,full_coupled,additive_first_moment,inherited,480,20,3e-05,0.9001141786575317,0.9001141786575317,,,,,140069,97638.9609375,2.565434217453003,79952.6484375,0.8634598255157471,0.6823123693466187,0.7919269800186157,0.763261616230011,True,True
adam,smallcnn,0,2,random_m_2,0.001,0.9,0.999,1e-08,m,restricted_no_dv,additive_first_moment,inherited,480,20,3e-05,0.9001141786575317,0.9001141786575317,,,,,140069,217750.671875,2.565434217453003,79952.6484375,2.3710687160491943,0.3656170964241028,2.5030267238616943,0.39513280987739563,True,True
adam,smallcnn,0,2,random_m_2,0.001,0.9,0.999,1e-08,m,full_coupled,additive_first_moment,inherited,480,40,3e-05,0.9001141786575317,0.9001141786575317,,,,,140069,161186.21875,3.5399367809295654,97539.2890625,1.3304779529571533,0.40109899640083313,1.4743947982788086,0.4710977077484131,True,True
adam,smallcnn,0,2,random_m_2,0.001,0.9,0.999,1e-08,m,restricted_no_dv,additive_first_moment,inherited,480,40,3e-05,0.9001141786575317,0.9001141786575317,,,,,140069,688851.5,3.5399367809295654,97539.2890625,5.666326522827148,0.2546308934688568,7.025177478790283,0.10782111436128616,True,True
adam,smallcnn,0,2,random_m_2,0.001,0.9,0.999,1e-08,m,full_coupled,additive_first_moment,inherited,480,1,0.0001,0.9001141786575317,0.9001141786575317,,,,,140069,9822.4404296875,0.9822439551353455,9822.439453125,4.962051320944738e-07,1.0,2.773638243525056e-07,0.9999999403953552,True,True
adam,smallcnn,0,2,random_m_2,0.001,0.9,0.999,1e-08,m,restricted_no_dv,additive_first_moment,inherited,480,1,0.0001,0.9001141786575317,0.9001141786575317,,,,,140069,9822.4404296875,0.9822439551353455,9822.439453125,4.962051320944738e-07,1.0,2.773638243525056e-07,0.9999999403953552,True,True
adam,smallcnn,0,2,random_m_2,0.001,0.9,0.999,1e-08,m,full_coupled,additive_first_moment,inherited,480,5,0.0001,0.9001141786575317,0.9001141786575317,,,,,140069,39618.015625,3.592838764190674,35771.890625,0.2750862240791321,0.9704694747924805,0.2491266280412674,0.9771996140480042,True,True
adam,smallcnn,0,2,random_m_2,0.001,0.9,0.999,1e-08,m,restricted_no_dv,additive_first_moment,inherited,480,5,0.0001,0.9001141786575317,0.9001141786575317,,,,,140069,39659.703125,3.592838764190674,35771.890625,0.2788084149360657,0.9696752429008484,0.25354820489883423,0.976334810256958,True,True
adam,smallcnn,0,2,random_m_2,0.001,0.9,0.999,1e-08,m,full_coupled,additive_first_moment,inherited,480,10,0.0001,0.9001141786575317,0.9001141786575317,,,,,140069,62374.859375,5.1059675216674805,51627.69140625,0.5283042788505554,0.9058635234832764,0.4691583812236786,0.9268411993980408,True,True
adam,smallcnn,0,2,random_m_2,0.001,0.9,0.999,1e-08,m,restricted_no_dv,additive_first_moment,inherited,480,10,0.0001,0.9001141786575317,0.9001141786575317,,,,,140069,64124.50390625,5.1059675216674805,51627.69140625,0.5933987498283386,0.8858759999275208,0.5424734354019165,0.9051225781440735,True,True
adam,smallcnn,0,2,random_m_2,0.001,0.9,0.999,1e-08,m,full_coupled,additive_first_moment,inherited,480,20,0.0001,0.9001141786575317,0.9001141786575317,,,,,140069,97638.9609375,6.554793834686279,65106.4375,1.0692893266677856,0.6966629028320312,0.9923203587532043,0.7549422383308411,True,True
adam,smallcnn,0,2,random_m_2,0.001,0.9,0.999,1e-08,m,restricted_no_dv,additive_first_moment,inherited,480,20,0.0001,0.9001141786575317,0.9001141786575317,,,,,140069,217750.671875,6.554793834686279,65106.4375,3.137708902359009,0.3296964764595032,3.126181125640869,0.3607226312160492,True,True
adam,smallcnn,0,2,random_m_2,0.001,0.9,0.999,1e-08,m,full_coupled,additive_first_moment,inherited,480,40,0.0001,0.9001141786575317,0.9001141786575317,,,,,140069,161186.21875,7.679806709289551,72271.1796875,1.8889790773391724,0.4375893473625183,1.943884015083313,0.49220821261405945,True,True
adam,smallcnn,0,2,random_m_2,0.001,0.9,0.999,1e-08,m,restricted_no_dv,additive_first_moment,inherited,480,40,0.0001,0.9001141786575317,0.9001141786575317,,,,,140069,688851.5,7.679806709289551,72271.1796875,8.865551948547363,0.15923433005809784,9.471379280090332,0.11237210780382156,True,True
adam,smallcnn,0,2,random_m_2,0.001,0.9,0.999,1e-08,m,full_coupled,additive_first_moment,inherited,480,1,0.0003,0.9001141786575317,0.9001141786575317,,,,,140069,9822.4404296875,2.9467320442199707,9822.4404296875,1.8133744106307859e-07,1.0000001192092896,1.1757384044130959e-07,0.9999998211860657,True,True
adam,smallcnn,0,2,random_m_2,0.001,0.9,0.999,1e-08,m,restricted_no_dv,additive_first_moment,inherited,480,1,0.0003,0.9001141786575317,0.9001141786575317,,,,,140069,9822.4404296875,2.9467320442199707,9822.4404296875,1.8133744106307859e-07,1.0000001192092896,1.1757384044130959e-07,0.9999998211860657,True,True
adam,smallcnn,0,2,random_m_2,0.001,0.9,0.999,1e-08,m,full_coupled,additive_first_moment,inherited,480,5,0.0003,0.9001141786575317,0.9001141786575317,,,,,140069,39618.015625,9.262439727783203,30718.744140625,0.5382881760597229,0.9183430671691895,0.5087023377418518,0.9322125911712646,True,True
adam,smallcnn,0,2,random_m_2,0.001,0.9,0.999,1e-08,m,restricted_no_dv,additive_first_moment,inherited,480,5,0.0003,0.9001141786575317,0.9001141786575317,,,,,140069,39659.703125,9.262439727783203,30718.744140625,0.5414916276931763,0.9173808693885803,0.511982262134552,0.9312925934791565,True,True
adam,smallcnn,0,2,random_m_2,0.001,0.9,0.999,1e-08,m,full_coupled,additive_first_moment,inherited,480,10,0.0003,0.9001141786575317,0.9001141786575317,,,,,140069,62374.859375,12.31370735168457,40625.90625,0.8473548293113708,0.8526036739349365,0.80757737159729,0.8809439539909363,True,True
adam,smallcnn,0,2,random_m_2,0.001,0.9,0.999,1e-08,m,restricted_no_dv,additive_first_moment,inherited,480,10,0.0003,0.9001141786575317,0.9001141786575317,,,,,140069,64124.50390625,12.31370735168457,40625.90625,0.9195995926856995,0.83053058385849,0.8841899037361145,0.8583296537399292,True,True
adam,smallcnn,0,2,random_m_2,0.001,0.9,0.999,1e-08,m,full_coupled,additive_first_moment,inherited,480,20,0.0003,0.9001141786575317,0.9001141786575317,,,,,140069,97638.9609375,14.766458511352539,47845.4375,1.503022313117981,0.6744706630706787,1.5001647472381592,0.7139720320701599,True,True
adam,smallcnn,0,2,random_m_2,0.001,0.9,0.999,1e-08,m,restricted_no_dv,additive_first_moment,inherited,480,20,0.0003,0.9001141786575317,0.9001141786575317,,,,,140069,217750.671875,14.766458511352539,47845.4375,4.216066360473633,0.3159661293029785,4.32409143447876,0.33123525977134705,True,True
adam,smallcnn,0,2,random_m_2,0.001,0.9,0.999,1e-08,m,full_coupled,additive_first_moment,inherited,480,40,0.0003,0.9001141786575317,0.9001141786575317,,,,,140069,161186.21875,16.10698699951172,51045.7734375,2.7089977264404297,0.44540145993232727,2.825269937515259,0.4732580780982971,True,True
adam,smallcnn,0,2,random_m_2,0.001,0.9,0.999,1e-08,m,restricted_no_dv,additive_first_moment,inherited,480,40,0.0003,0.9001141786575317,0.9001141786575317,,,,,140069,688851.5,16.10698699951172,51045.7734375,12.731622695922852,0.13714471459388733,13.420109748840332,0.11151577532291412,True,True
adam,smallcnn,0,2,random_m_2,0.001,0.9,0.999,1e-08,m,full_coupled,additive_first_moment,inherited,480,1,0.001,0.9001141786575317,0.9001141786575317,,,,,140069,9822.4404296875,9.822440147399902,9822.4404296875,9.012402557573296e-08,1.0,9.13825459747386e-08,1.0,True,True
adam,smallcnn,0,2,random_m_2,0.001,0.9,0.999,1e-08,m,restricted_no_dv,additive_first_moment,inherited,480,1,0.001,0.9001141786575317,0.9001141786575317,,,,,140069,9822.4404296875,9.822440147399902,9822.4404296875,9.012402557573296e-08,1.0,9.13825459747386e-08,1.0,True,True
adam,smallcnn,0,2,random_m_2,0.001,0.9,0.999,1e-08,m,full_coupled,additive_first_moment,inherited,480,5,0.001,0.9001141786575317,0.9001141786575317,,,,,140069,39618.015625,21.13311004638672,21363.712890625,1.127036213874817,0.8652766346931458,1.069798469543457,0.8882750272750854,True,True
adam,smallcnn,0,2,random_m_2,0.001,0.9,0.999,1e-08,m,restricted_no_dv,additive_first_moment,inherited,480,5,0.001,0.9001141786575317,0.9001141786575317,,,,,140069,39659.703125,21.13311004638672,21363.712890625,1.1301175355911255,0.8644855618476868,1.0730507373809814,0.8874144554138184,True,True
adam,smallcnn,0,2,random_m_2,0.001,0.9,0.999,1e-08,m,full_coupled,additive_first_moment,inherited,480,10,0.001,0.9001141786575317,0.9001141786575317,,,,,140069,62374.859375,26.385143280029297,25696.03515625,1.700183629989624,0.782131552696228,1.7010668516159058,0.8236549496650696,True,True
adam,smallcnn,0,2,random_m_2,0.001,0.9,0.999,1e-08,m,restricted_no_dv,additive_first_moment,inherited,480,10,0.001,0.9001141786575317,0.9001141786575317,,,,,140069,64124.50390625,26.385143280029297,25696.03515625,1.7882888317108154,0.7629653811454773,1.7941049337387085,0.8031885623931885,True,True
adam,smallcnn,0,2,random_m_2,0.001,0.9,0.999,1e-08,m,full_coupled,additive_first_moment,inherited,480,20,0.001,0.9001141786575317,0.9001141786575317,,,,,140069,97638.9609375,31.21338653564453,28874.9609375,2.6394999027252197,0.6102924346923828,2.826525926589966,0.6572481393814087,True,True
adam,smallcnn,0,2,random_m_2,0.001,0.9,0.999,1e-08,m,restricted_no_dv,additive_first_moment,inherited,480,20,0.001,0.9001141786575317,0.9001141786575317,,,,,140069,217750.671875,31.21338653564453,28874.9609375,6.764815330505371,0.279850035905838,7.304435729980469,0.2993100881576538,True,True
adam,smallcnn,0,2,random_m_2,0.001,0.9,0.999,1e-08,m,full_coupled,additive_first_moment,inherited,480,40,0.001,0.9001141786575317,0.9001141786575317,,,,,140069,161186.21875,33.59661102294922,30181.8046875,4.4885783195495605,0.4033738374710083,4.987697124481201,0.4347829222679138,True,True
adam,smallcnn,0,2,random_m_2,0.001,0.9,0.999,1e-08,m,restricted_no_dv,additive_first_moment,inherited,480,40,0.001,0.9001141786575317,0.9001141786575317,,,,,140069,688851.5,33.59661102294922,30181.8046875,20.428024291992188,0.09982419013977051,22.749269485473633,0.09592089056968689,True,True
adam,smallcnn,0,2,random_m_2,0.001,0.9,0.999,1e-08,m,full_coupled,additive_first_moment,inherited,480,1,0.003,0.9001141786575317,0.9001141786575317,,,,,140069,9822.4404296875,29.46731948852539,9822.4404296875,7.507944843609948e-08,1.0,8.239781124075307e-08,0.9999998211860657,True,True
adam,smallcnn,0,2,random_m_2,0.001,0.9,0.999,1e-08,m,restricted_no_dv,additive_first_moment,inherited,480,1,0.003,0.9001141786575317,0.9001141786575317,,,,,140069,9822.4404296875,29.46731948852539,9822.4404296875,7.507944843609948e-08,1.0,8.239781124075307e-08,0.9999998211860657,True,True
adam,smallcnn,0,2,random_m_2,0.001,0.9,0.999,1e-08,m,full_coupled,additive_first_moment,inherited,480,5,0.003,0.9001141786575317,0.9001141786575317,,,,,140069,39618.015625,37.48527145385742,12302.2861328125,2.3080837726593018,0.9029595255851746,2.3270959854125977,0.9246523380279541,True,True
adam,smallcnn,0,2,random_m_2,0.001,0.9,0.999,1e-08,m,restricted_no_dv,additive_first_moment,inherited,480,5,0.003,0.9001141786575317,0.9001141786575317,,,,,140069,39659.703125,37.48527145385742,12302.2861328125,2.312499523162842,0.9021308422088623,2.3316550254821777,0.9237732291221619,True,True
adam,smallcnn,0,2,random_m_2,0.001,0.9,0.999,1e-08,m,full_coupled,additive_first_moment,inherited,480,10,0.003,0.9001141786575317,0.9001141786575317,,,,,140069,62374.859375,42.945465087890625,13616.359375,3.6053097248077393,0.8018182516098022,3.772697925567627,0.8460366725921631,True,True
adam,smallcnn,0,2,random_m_2,0.001,0.9,0.999,1e-08,m,restricted_no_dv,additive_first_moment,inherited,480,10,0.003,0.9001141786575317,0.9001141786575317,,,,,140069,64124.50390625,42.945465087890625,13616.359375,3.748502016067505,0.7829594612121582,3.924112319946289,0.8259624242782593,True,True
adam,smallcnn,0,2,random_m_2,0.001,0.9,0.999,1e-08,m,full_coupled,additive_first_moment,inherited,480,20,0.003,0.9001141786575317,0.9001141786575317,,,,,140069,97638.9609375,48.53784942626953,14673.0732421875,5.481517314910889,0.6107849478721619,6.032017230987549,0.6683209538459778,True,True
adam,smallcnn,0,2,random_m_2,0.001,0.9,0.999,1e-08,m,restricted_no_dv,additive_first_moment,inherited,480,20,0.003,0.9001141786575317,0.9001141786575317,,,,,140069,217750.671875,48.53784942626953,14673.0732421875,13.217711448669434,0.27589282393455505,14.56989574432373,0.3014889657497406,True,True
adam,smallcnn,0,2,random_m_2,0.001,0.9,0.999,1e-08,m,full_coupled,additive_first_moment,inherited,480,40,0.003,0.9001141786575317,0.9001141786575317,,,,,140069,161186.21875,50.94550704956055,15094.8525390625,9.141386985778809,0.39651116728782654,10.278696060180664,0.4388785660266876,True,True
adam,smallcnn,0,2,random_m_2,0.001,0.9,0.999,1e-08,m,restricted_no_dv,additive_first_moment,inherited,480,40,0.003,0.9001141786575317,0.9001141786575317,,,,,140069,688851.5,50.94550704956055,15094.8525390625,40.47507095336914,0.10117962211370468,45.54621887207031,0.09951072931289673,True,True
adam,smallcnn,0,2,random_m_2,0.001,0.9,0.999,1e-08,m,full_coupled,additive_first_moment,inherited,480,1,0.01,0.9001141786575317,0.9001141786575317,,,,,140069,9822.4404296875,98.22439575195312,9822.439453125,7.273364843740637e-08,1.0,7.472902296967732e-08,0.9999999403953552,True,True
adam,smallcnn,0,2,random_m_2,0.001,0.9,0.999,1e-08,m,restricted_no_dv,additive_first_moment,inherited,480,1,0.01,0.9001141786575317,0.9001141786575317,,,,,140069,9822.4404296875,98.22439575195312,9822.439453125,7.273364843740637e-08,1.0,7.472902296967732e-08,0.9999999403953552,True,True
adam,smallcnn,0,2,random_m_2,0.001,0.9,0.999,1e-08,m,full_coupled,additive_first_moment,inherited,480,5,0.01,0.9001141786575317,0.9001141786575317,,,,,140069,39618.015625,104.51030731201172,10232.5087890625,2.8369181156158447,0.9657848477363586,2.9017369747161865,0.9776641130447388,True,True
adam,smallcnn,0,2,random_m_2,0.001,0.9,0.999,1e-08,m,restricted_no_dv,additive_first_moment,inherited,480,5,0.01,0.9001141786575317,0.9001141786575317,,,,,140069,39659.703125,104.51030731201172,10232.5087890625,2.8421382904052734,0.9648504853248596,2.907061815261841,0.9767179489135742,True,True
adam,smallcnn,0,2,random_m_2,0.001,0.9,0.999,1e-08,m,full_coupled,additive_first_moment,inherited,480,10,0.01,0.9001141786575317,0.9001141786575317,,,,,140069,62374.859375,108.05237579345703,10452.4541015625,4.882726192474365,0.9079433679580688,5.053397178649902,0.9278655648231506,True,True
adam,smallcnn,0,2,random_m_2,0.001,0.9,0.999,1e-08,m,restricted_no_dv,additive_first_moment,inherited,480,10,0.01,0.9001141786575317,0.9001141786575317,,,,,140069,64124.50390625,108.05237579345703,10452.4541015625,5.069377899169922,0.8863813877105713,5.245839595794678,0.9061193466186523,True,True
adam,smallcnn,0,2,random_m_2,0.001,0.9,0.999,1e-08,m,full_coupled,additive_first_moment,inherited,480,20,0.01,0.9001141786575317,0.9001141786575317,,,,,140069,97638.9609375,112.2633056640625,10715.9130859375,8.002132415771484,0.7248905897140503,8.389182090759277,0.7486414909362793,True,True
adam,smallcnn,0,2,random_m_2,0.001,0.9,0.999,1e-08,m,restricted_no_dv,additive_first_moment,inherited,480,20,0.01,0.9001141786575317,0.9001141786575317,,,,,140069,217750.671875,112.2633056640625,10715.9130859375,19.0880184173584,0.3317312002182007,20.001665115356445,0.340753436088562,True,True
adam,smallcnn,0,2,random_m_2,0.001,0.9,0.999,1e-08,m,full_coupled,additive_first_moment,inherited,480,40,0.01,0.9001141786575317,0.9001141786575317,,,,,140069,161186.21875,114.42578125,10855.248046875,13.63603687286377,0.4787844717502594,14.379761695861816,0.49519893527030945,True,True
adam,smallcnn,0,2,random_m_2,0.001,0.9,0.999,1e-08,m,restricted_no_dv,additive_first_moment,inherited,480,40,0.01,0.9001141786575317,0.9001141786575317,,,,,140069,688851.5,114.42578125,10855.248046875,60.089351654052734,0.11957201361656189,63.348636627197266,0.11707378178834915,True,True
adam,smallcnn,0,3,random_m_3,0.001,0.9,0.999,1e-08,m,full_coupled,additive_first_moment,inherited,480,1,1e-06,0.9001141786575317,0.9001141786575317,,,,,140069,9982.185546875,0.009982185438275337,9982.185546875,4.081588485860266e-05,1.0,2.406394742138218e-05,1.0,True,True
adam,smallcnn,0,3,random_m_3,0.001,0.9,0.999,1e-08,m,restricted_no_dv,additive_first_moment,inherited,480,1,1e-06,0.9001141786575317,0.9001141786575317,,,,,140069,9982.185546875,0.009982185438275337,9982.185546875,4.081588485860266e-05,1.0,2.406394742138218e-05,1.0,True,True
adam,smallcnn,0,3,random_m_3,0.001,0.9,0.999,1e-08,m,full_coupled,additive_first_moment,inherited,480,5,1e-06,0.9001141786575317,0.9001141786575317,,,,,140069,40231.7109375,0.04074708744883537,40982.796875,0.1634482741355896,0.9865521788597107,0.1913875937461853,0.9815145134925842,True,True
adam,smallcnn,0,3,random_m_3,0.001,0.9,0.999,1e-08,m,restricted_no_dv,additive_first_moment,inherited,480,5,1e-06,0.9001141786575317,0.9001141786575317,,,,,140069,40262.16796875,0.04074708744883537,40982.796875,0.16592660546302795,0.9861400723457336,0.19337192177772522,0.9811264872550964,True,True
adam,smallcnn,0,3,random_m_3,0.001,0.9,0.999,1e-08,m,full_coupled,additive_first_moment,inherited,480,10,1e-06,0.9001141786575317,0.9001141786575317,,,,,140069,62173.6796875,0.11607323586940765,85120.40625,0.840365469455719,0.5420581102371216,0.6969757676124573,0.7172161936759949,True,True
adam,smallcnn,0,3,random_m_3,0.001,0.9,0.999,1e-08,m,restricted_no_dv,additive_first_moment,inherited,480,10,1e-06,0.9001141786575317,0.9001141786575317,,,,,140069,63124.9765625,0.11607323586940765,85120.40625,0.842006504535675,0.5394849181175232,0.707149863243103,0.7078676223754883,True,True
adam,smallcnn,0,3,random_m_3,0.001,0.9,0.999,1e-08,m,full_coupled,additive_first_moment,inherited,480,20,1e-06,0.9001141786575317,0.9001141786575317,,,,,140069,97907.7734375,0.6923127770423889,343178.3125,0.9876506328582764,0.15749511122703552,0.9618412852287292,0.2738473415374756,True,True
adam,smallcnn,0,3,random_m_3,0.001,0.9,0.999,1e-08,m,restricted_no_dv,additive_first_moment,inherited,480,20,1e-06,0.9001141786575317,0.9001141786575317,,,,,140069,222420.390625,0.6923127770423889,343178.3125,0.9449560046195984,0.3272518813610077,1.0420489311218262,0.2578170895576477,True,True
adam,smallcnn,0,3,random_m_3,0.001,0.9,0.999,1e-08,m,full_coupled,additive_first_moment,inherited,480,40,1e-06,0.9001141786575317,0.9001141786575317,,,,,140069,179498.3125,1.6976289749145508,705568.1875,0.9927070140838623,0.1215895265340805,0.9962942004203796,0.14174112677574158,True,True
adam,smallcnn,0,3,random_m_3,0.001,0.9,0.999,1e-08,m,restricted_no_dv,additive_first_moment,inherited,480,40,1e-06,0.9001141786575317,0.9001141786575317,,,,,140069,818238.125,1.6976289749145508,705568.1875,0.9061462879180908,0.4265783429145813,1.4805679321289062,0.0658763125538826,True,True
adam,smallcnn,0,3,random_m_3,0.001,0.9,0.999,1e-08,m,full_coupled,additive_first_moment,inherited,480,1,3e-06,0.9001141786575317,0.9001141786575317,,,,,140069,9982.185546875,0.02994655817747116,9982.1865234375,1.4907800505170599e-05,0.9999999403953552,8.34153252071701e-06,0.9999999403953552,True,True
adam,smallcnn,0,3,random_m_3,0.001,0.9,0.999,1e-08,m,restricted_no_dv,additive_first_moment,inherited,480,1,3e-06,0.9001141786575317,0.9001141786575317,,,,,140069,9982.185546875,0.02994655817747116,9982.1865234375,1.4907800505170599e-05,0.9999999403953552,8.34153252071701e-06,0.9999999403953552,True,True
adam,smallcnn,0,3,random_m_3,0.001,0.9,0.999,1e-08,m,full_coupled,additive_first_moment,inherited,480,5,3e-06,0.9001141786575317,0.9001141786575317,,,,,140069,40231.7109375,0.12207220494747162,40981.44921875,0.14931102097034454,0.9887903332710266,0.19589760899543762,0.9806249141693115,True,True
adam,smallcnn,0,3,random_m_3,0.001,0.9,0.999,1e-08,m,restricted_no_dv,additive_first_moment,inherited,480,5,3e-06,0.9001141786575317,0.9001141786575317,,,,,140069,40262.16796875,0.12207220494747162,40981.44921875,0.15144096314907074,0.9884668588638306,0.19810090959072113,0.9801841378211975,True,True
adam,smallcnn,0,3,random_m_3,0.001,0.9,0.999,1e-08,m,full_coupled,additive_first_moment,inherited,480,10,3e-06,0.9001141786575317,0.9001141786575317,,,,,140069,62173.6796875,0.21914993226528168,84204.1171875,0.5168028473854065,0.8561190962791443,0.6879015564918518,0.7259109020233154,True,True
adam,smallcnn,0,3,random_m_3,0.001,0.9,0.999,1e-08,m,restricted_no_dv,additive_first_moment,inherited,480,10,3e-06,0.9001141786575317,0.9001141786575317,,,,,140069,63124.9765625,0.21914993226528168,84204.1171875,0.5237672328948975,0.851948618888855,0.6817770600318909,0.731778621673584,True,True
adam,smallcnn,0,3,random_m_3,0.001,0.9,0.999,1e-08,m,full_coupled,additive_first_moment,inherited,480,20,3e-06,0.9001141786575317,0.9001141786575317,,,,,140069,97907.7734375,0.8066149950027466,227509.046875,0.9799768328666687,0.23650814592838287,0.9583970904350281,0.3098355531692505,True,True
adam,smallcnn,0,3,random_m_3,0.001,0.9,0.999,1e-08,m,restricted_no_dv,additive_first_moment,inherited,480,20,3e-06,0.9001141786575317,0.9001141786575317,,,,,140069,222420.390625,0.8066149950027466,227509.046875,1.1156959533691406,0.26566916704177856,1.2697750329971313,0.17564769089221954,True,True
adam,smallcnn,0,3,random_m_3,0.001,0.9,0.999,1e-08,m,full_coupled,additive_first_moment,inherited,480,40,3e-06,0.9001141786575317,0.9001141786575317,,,,,140069,179498.3125,2.0066545009613037,403644.09375,1.009212613105774,0.09968940913677216,1.0607943534851074,0.0814814642071724,True,True
adam,smallcnn,0,3,random_m_3,0.001,0.9,0.999,1e-08,m,restricted_no_dv,additive_first_moment,inherited,480,40,3e-06,0.9001141786575317,0.9001141786575317,,,,,140069,818238.125,2.0066545009613037,403644.09375,1.2561652660369873,0.3754148483276367,2.236457586288452,0.02651643380522728,True,True
adam,smallcnn,0,3,random_m_3,0.001,0.9,0.999,1e-08,m,full_coupled,additive_first_moment,inherited,480,1,1e-05,0.9001141786575317,0.9001141786575317,,,,,140069,9982.185546875,0.09982185810804367,9982.185546875,4.65381071990123e-06,0.9999998807907104,2.550821363911382e-06,1.0,True,True
adam,smallcnn,0,3,random_m_3,0.001,0.9,0.999,1e-08,m,restricted_no_dv,additive_first_moment,inherited,480,1,1e-05,0.9001141786575317,0.9001141786575317,,,,,140069,9982.185546875,0.09982185810804367,9982.185546875,4.65381071990123e-06,0.9999998807907104,2.550821363911382e-06,1.0,True,True
adam,smallcnn,0,3,random_m_3,0.001,0.9,0.999,1e-08,m,full_coupled,additive_first_moment,inherited,480,5,1e-05,0.9001141786575317,0.9001141786575317,,,,,140069,40231.7109375,0.4030603766441345,40235.99609375,0.10613705962896347,0.9943587779998779,0.10368666052818298,0.9946238398551941,True,True
adam,smallcnn,0,3,random_m_3,0.001,0.9,0.999,1e-08,m,restricted_no_dv,additive_first_moment,inherited,480,5,1e-05,0.9001141786575317,0.9001141786575317,,,,,140069,40262.16796875,0.4030603766441345,40235.99609375,0.10976061224937439,0.9939703345298767,0.1020207405090332,0.9947994351387024,True,True
adam,smallcnn,0,3,random_m_3,0.001,0.9,0.999,1e-08,m,full_coupled,additive_first_moment,inherited,480,10,1e-05,0.9001141786575317,0.9001141786575317,,,,,140069,62173.6796875,0.6467300653457642,63939.64453125,0.31356534361839294,0.9496389627456665,0.33909204602241516,0.9412674903869629,True,True
adam,smallcnn,0,3,random_m_3,0.001,0.9,0.999,1e-08,m,restricted_no_dv,additive_first_moment,inherited,480,10,1e-05,0.9001141786575317,0.9001141786575317,,,,,140069,63124.9765625,0.6467300653457642,63939.64453125,0.3382258415222168,0.9416924715042114,0.3407507538795471,0.9412775039672852,True,True
adam,smallcnn,0,3,random_m_3,0.001,0.9,0.999,1e-08,m,full_coupled,additive_first_moment,inherited,480,20,1e-05,0.9001141786575317,0.9001141786575317,,,,,140069,97907.7734375,1.1781959533691406,100361.890625,0.8377090692520142,0.5949478149414062,0.8473984599113464,0.6322647929191589,True,True
adam,smallcnn,0,3,random_m_3,0.001,0.9,0.999,1e-08,m,restricted_no_dv,additive_first_moment,inherited,480,20,1e-05,0.9001141786575317,0.9001141786575317,,,,,140069,222420.390625,1.1781959533691406,100361.890625,1.693621039390564,0.449054479598999,2.146263599395752,0.29443031549453735,True,True
adam,smallcnn,0,3,random_m_3,0.001,0.9,0.999,1e-08,m,full_coupled,additive_first_moment,inherited,480,40,1e-05,0.9001141786575317,0.9001141786575317,,,,,140069,179498.3125,2.106761932373047,138089.1875,1.1093323230743408,0.2906675636768341,1.372513771057129,0.30998197197914124,True,True
adam,smallcnn,0,3,random_m_3,0.001,0.9,0.999,1e-08,m,restricted_no_dv,additive_first_moment,inherited,480,40,1e-05,0.9001141786575317,0.9001141786575317,,,,,140069,818238.125,2.106761932373047,138089.1875,3.6096065044403076,0.39331379532814026,5.934020519256592,0.07578756660223007,True,True
adam,smallcnn,0,3,random_m_3,0.001,0.9,0.999,1e-08,m,full_coupled,additive_first_moment,inherited,480,1,3e-05,0.9001141786575317,0.9001141786575317,,,,,140069,9982.185546875,0.2994655668735504,9982.1845703125,1.5897868479441968e-06,1.0,8.671112254887703e-07,1.0000001192092896,True,True
adam,smallcnn,0,3,random_m_3,0.001,0.9,0.999,1e-08,m,restricted_no_dv,additive_first_moment,inherited,480,1,3e-05,0.9001141786575317,0.9001141786575317,,,,,140069,9982.185546875,0.2994655668735504,9982.1845703125,1.5897868479441968e-06,1.0,8.671112254887703e-07,1.0000001192092896,True,True
adam,smallcnn,0,3,random_m_3,0.001,0.9,0.999,1e-08,m,full_coupled,additive_first_moment,inherited,480,5,3e-05,0.9001141786575317,0.9001141786575317,,,,,140069,40231.7109375,1.2025511264801025,39940.9453125,0.10359031707048416,0.9946607947349548,0.07239337265491486,0.9974247217178345,True,True
adam,smallcnn,0,3,random_m_3,0.001,0.9,0.999,1e-08,m,restricted_no_dv,additive_first_moment,inherited,480,5,3e-05,0.9001141786575317,0.9001141786575317,,,,,140069,40262.16796875,1.2025511264801025,39940.9453125,0.10672381520271301,0.9943398833274841,0.07622937858104706,0.9971497058868408,True,True
adam,smallcnn,0,3,random_m_3,0.001,0.9,0.999,1e-08,m,full_coupled,additive_first_moment,inherited,480,10,3e-05,0.9001141786575317,0.9001141786575317,,,,,140069,62173.6796875,1.8314480781555176,60254.21484375,0.2967069745063782,0.9569461345672607,0.22511576116085052,0.9759353995323181,True,True
adam,smallcnn,0,3,random_m_3,0.001,0.9,0.999,1e-08,m,restricted_no_dv,additive_first_moment,inherited,480,10,3e-05,0.9001141786575317,0.9001141786575317,,,,,140069,63124.9765625,1.8314480781555176,60254.21484375,0.33081525564193726,0.9476403594017029,0.2689895033836365,0.9665510058403015,True,True
adam,smallcnn,0,3,random_m_3,0.001,0.9,0.999,1e-08,m,full_coupled,additive_first_moment,inherited,480,20,3e-05,0.9001141786575317,0.9001141786575317,,,,,140069,97907.7734375,2.6890816688537598,80808.25,0.8372703790664673,0.6830000877380371,0.761512279510498,0.7791675329208374,True,True
adam,smallcnn,0,3,random_m_3,0.001,0.9,0.999,1e-08,m,restricted_no_dv,additive_first_moment,inherited,480,20,3e-05,0.9001141786575317,0.9001141786575317,,,,,140069,222420.390625,2.6890816688537598,80808.25,2.289003849029541,0.3864126205444336,2.53916597366333,0.38667383790016174,True,True
adam,smallcnn,0,3,random_m_3,0.001,0.9,0.999,1e-08,m,full_coupled,additive_first_moment,inherited,480,40,3e-05,0.9001141786575317,0.9001141786575317,,,,,140069,179498.3125,3.8049919605255127,96925.15625,1.4138842821121216,0.35464656352996826,1.647520899772644,0.463114470243454,True,True
adam,smallcnn,0,3,random_m_3,0.001,0.9,0.999,1e-08,m,restricted_no_dv,additive_first_moment,inherited,480,40,3e-05,0.9001141786575317,0.9001141786575317,,,,,140069,818238.125,3.8049919605255127,96925.15625,6.267630577087402,0.2585585415363312,8.345490455627441,0.15514470636844635,True,True
adam,smallcnn,0,3,random_m_3,0.001,0.9,0.999,1e-08,m,full_coupled,additive_first_moment,inherited,480,1,0.0001,0.9001141786575317,0.9001141786575317,,,,,140069,9982.185546875,0.9982185363769531,9982.185546875,4.887429554401024e-07,1.0,2.7387994805394555e-07,1.0,True,True
adam,smallcnn,0,3,random_m_3,0.001,0.9,0.999,1e-08,m,restricted_no_dv,additive_first_moment,inherited,480,1,0.0001,0.9001141786575317,0.9001141786575317,,,,,140069,9982.185546875,0.9982185363769531,9982.185546875,4.887429554401024e-07,1.0,2.7387994805394555e-07,1.0,True,True
adam,smallcnn,0,3,random_m_3,0.001,0.9,0.999,1e-08,m,full_coupled,additive_first_moment,inherited,480,5,0.0001,0.9001141786575317,0.9001141786575317,,,,,140069,40231.7109375,3.657235860824585,37375.41015625,0.25486108660697937,0.975027322769165,0.17103935778141022,0.989124059677124,True,True
adam,smallcnn,0,3,random_m_3,0.001,0.9,0.999,1e-08,m,restricted_no_dv,additive_first_moment,inherited,480,5,0.0001,0.9001141786575317,0.9001141786575317,,,,,140069,40262.16796875,3.657235860824585,37375.41015625,0.25850239396095276,0.9742732048034668,0.17506588995456696,0.9885435700416565,True,True
adam,smallcnn,0,3,random_m_3,0.001,0.9,0.999,1e-08,m,full_coupled,additive_first_moment,inherited,480,10,0.0001,0.9001141786575317,0.9001141786575317,,,,,140069,62173.6796875,5.175233840942383,52623.23828125,0.45538032054901123,0.9305703043937683,0.3516048789024353,0.9616210460662842,True,True
adam,smallcnn,0,3,random_m_3,0.001,0.9,0.999,1e-08,m,restricted_no_dv,additive_first_moment,inherited,480,10,0.0001,0.9001141786575317,0.9001141786575317,,,,,140069,63124.9765625,5.175233840942383,52623.23828125,0.5011744499206543,0.9168332815170288,0.4007503390312195,0.9496588110923767,True,True
adam,smallcnn,0,3,random_m_3,0.001,0.9,0.999,1e-08,m,full_coupled,additive_first_moment,inherited,480,20,0.0001,0.9001141786575317,0.9001141786575317,,,,,140069,97907.7734375,6.603546619415283,64746.3515625,1.0152907371520996,0.730935275554657,0.9585285782814026,0.7829434871673584,True,True
adam,smallcnn,0,3,random_m_3,0.001,0.9,0.999,1e-08,m,restricted_no_dv,additive_first_moment,inherited,480,20,0.0001,0.9001141786575317,0.9001141786575317,,,,,140069,222420.390625,6.603546619415283,64746.3515625,3.1499743461608887,0.359599769115448,3.2156829833984375,0.35810691118240356,True,True
adam,smallcnn,0,3,random_m_3,0.001,0.9,0.999,1e-08,m,full_coupled,additive_first_moment,inherited,480,40,0.0001,0.9001141786575317,0.9001141786575317,,,,,140069,179498.3125,7.652721881866455,71560.546875,2.1176810264587402,0.4299688935279846,2.2288782596588135,0.46323034167289734,True,True
adam,smallcnn,0,3,random_m_3,0.001,0.9,0.999,1e-08,m,restricted_no_dv,additive_first_moment,inherited,480,40,0.0001,0.9001141786575317,0.9001141786575317,,,,,140069,818238.125,7.652721881866455,71560.546875,10.553121566772461,0.18485598266124725,11.370503425598145,0.10725488513708115,True,True
adam,smallcnn,0,3,random_m_3,0.001,0.9,0.999,1e-08,m,full_coupled,additive_first_moment,inherited,480,1,0.0003,0.9001141786575317,0.9001141786575317,,,,,140069,9982.185546875,2.9946558475494385,9982.1865234375,1.7824267217747547e-07,1.0000001192092896,1.1718822889861258e-07,0.9999999403953552,True,True
adam,smallcnn,0,3,random_m_3,0.001,0.9,0.999,1e-08,m,restricted_no_dv,additive_first_moment,inherited,480,1,0.0003,0.9001141786575317,0.9001141786575317,,,,,140069,9982.185546875,2.9946558475494385,9982.1865234375,1.7824267217747547e-07,1.0000001192092896,1.1718822889861258e-07,0.9999999403953552,True,True
adam,smallcnn,0,3,random_m_3,0.001,0.9,0.999,1e-08,m,full_coupled,additive_first_moment,inherited,480,5,0.0003,0.9001141786575317,0.9001141786575317,,,,,140069,40231.7109375,9.215950012207031,31267.220703125,0.550126850605011,0.921059250831604,0.4530966281890869,0.952165961265564,True,True
adam,smallcnn,0,3,random_m_3,0.001,0.9,0.999,1e-08,m,restricted_no_dv,additive_first_moment,inherited,480,5,0.0003,0.9001141786575317,0.9001141786575317,,,,,140069,40262.16796875,9.215950012207031,31267.220703125,0.5523388981819153,0.9204232096672058,0.4556454122066498,0.9515200853347778,True,True
adam,smallcnn,0,3,random_m_3,0.001,0.9,0.999,1e-08,m,full_coupled,additive_first_moment,inherited,480,10,0.0003,0.9001141786575317,0.9001141786575317,,,,,140069,62173.6796875,12.167838096618652,40544.8984375,0.8283297419548035,0.8688285946846008,0.7449862957000732,0.9118221402168274,True,True
adam,smallcnn,0,3,random_m_3,0.001,0.9,0.999,1e-08,m,restricted_no_dv,additive_first_moment,inherited,480,10,0.0003,0.9001141786575317,0.9001141786575317,,,,,140069,63124.9765625,12.167838096618652,40544.8984375,0.8697090148925781,0.8564398288726807,0.7888851165771484,0.8997424244880676,True,True
adam,smallcnn,0,3,random_m_3,0.001,0.9,0.999,1e-08,m,full_coupled,additive_first_moment,inherited,480,20,0.0003,0.9001141786575317,0.9001141786575317,,,,,140069,97907.7734375,14.583218574523926,47211.28515625,1.5238598585128784,0.6788391470909119,1.5066038370132446,0.7307474613189697,True,True
adam,smallcnn,0,3,random_m_3,0.001,0.9,0.999,1e-08,m,restricted_no_dv,additive_first_moment,inherited,480,20,0.0003,0.9001141786575317,0.9001141786575317,,,,,140069,222420.390625,14.583218574523926,47211.28515625,4.367032051086426,0.3130355775356293,4.482522964477539,0.32922953367233276,True,True
adam,smallcnn,0,3,random_m_3,0.001,0.9,0.999,1e-08,m,full_coupled,additive_first_moment,inherited,480,40,0.0003,0.9001141786575317,0.9001141786575317,,,,,140069,179498.3125,15.9771146774292,50533.59765625,3.110952377319336,0.39782488346099854,3.2499442100524902,0.43003004789352417,True,True
adam,smallcnn,0,3,random_m_3,0.001,0.9,0.999,1e-08,m,restricted_no_dv,additive_first_moment,inherited,480,40,0.0003,0.9001141786575317,0.9001141786575317,,,,,140069,818238.125,15.9771146774292,50533.59765625,15.260940551757812,0.13519923388957977,16.123247146606445,0.09944924712181091,True,True
adam,smallcnn,0,3,random_m_3,0.001,0.9,0.999,1e-08,m,full_coupled,additive_first_moment,inherited,480,1,0.001,0.9001141786575317,0.9001141786575317,,,,,140069,9982.185546875,9.982186317443848,9982.1865234375,9.200727646430096e-08,1.0,9.158335245729177e-08,1.0,True,True
adam,smallcnn,0,3,random_m_3,0.001,0.9,0.999,1e-08,m,restricted_no_dv,additive_first_moment,inherited,480,1,0.001,0.9001141786575317,0.9001141786575317,,,,,140069,9982.185546875,9.982186317443848,9982.1865234375,9.200727646430096e-08,1.0,9.158335245729177e-08,1.0,True,True
adam,smallcnn,0,3,random_m_3,0.001,0.9,0.999,1e-08,m,full_coupled,additive_first_moment,inherited,480,5,0.001,0.9001141786575317,0.9001141786575317,,,,,140069,40231.7109375,21.246051788330078,20984.00390625,1.1402806043624878,0.8675273060798645,1.1185516119003296,0.8931286931037903,True,True
adam,smallcnn,0,3,random_m_3,0.001,0.9,0.999,1e-08,m,restricted_no_dv,additive_first_moment,inherited,480,5,0.001,0.9001141786575317,0.9001141786575317,,,,,140069,40262.16796875,21.246051788330078,20984.00390625,1.142649531364441,0.8668770790100098,1.1210395097732544,0.8924521207809448,True,True
adam,smallcnn,0,3,random_m_3,0.001,0.9,0.999,1e-08,m,full_coupled,additive_first_moment,inherited,480,10,0.001,0.9001141786575317,0.9001141786575317,,,,,140069,62173.6796875,25.260656356811523,24871.671875,1.759535551071167,0.8048557639122009,1.7455546855926514,0.8404608964920044,True,True
adam,smallcnn,0,3,random_m_3,0.001,0.9,0.999,1e-08,m,restricted_no_dv,additive_first_moment,inherited,480,10,0.001,0.9001141786575317,0.9001141786575317,,,,,140069,63124.9765625,25.260656356811523,24871.671875,1.8101320266723633,0.7939643859863281,1.797872543334961,0.8292339444160461,True,True
adam,smallcnn,0,3,random_m_3,0.001,0.9,0.999,1e-08,m,full_coupled,additive_first_moment,inherited,480,20,0.001,0.9001141786575317,0.9001141786575317,,,,,140069,97907.7734375,28.542341232299805,27807.4296875,2.909534454345703,0.6269667148590088,2.9503774642944336,0.666325569152832,True,True
adam,smallcnn,0,3,random_m_3,0.001,0.9,0.999,1e-08,m,restricted_no_dv,additive_first_moment,inherited,480,20,0.001,0.9001141786575317,0.9001141786575317,,,,,140069,222420.390625,28.542341232299805,27807.4296875,7.561558246612549,0.29182639718055725,7.75484037399292,0.3025529384613037,True,True
adam,smallcnn,0,3,random_m_3,0.001,0.9,0.999,1e-08,m,full_coupled,additive_first_moment,inherited,480,40,0.001,0.9001141786575317,0.9001141786575317,,,,,140069,179498.3125,30.073835372924805,29053.013671875,5.670573711395264,0.3743456304073334,5.853834629058838,0.3968769609928131,True,True
adam,smallcnn,0,3,random_m_3,0.001,0.9,0.999,1e-08,m,restricted_no_dv,additive_first_moment,inherited,480,40,0.001,0.9001141786575317,0.9001141786575317,,,,,140069,818238.125,30.073835372924805,29053.013671875,27.116870880126953,0.10899434238672256,28.08905601501465,0.09222342073917389,True,True
adam,smallcnn,0,3,random_m_3,0.001,0.9,0.999,1e-08,m,full_coupled,additive_first_moment,inherited,480,1,0.003,0.9001141786575317,0.9001141786575317,,,,,140069,9982.185546875,29.946556091308594,9982.1865234375,7.815712876890757e-08,1.0000001192092896,8.248721883319377e-08,1.0,True,True
adam,smallcnn,0,3,random_m_3,0.001,0.9,0.999,1e-08,m,restricted_no_dv,additive_first_moment,inherited,480,1,0.003,0.9001141786575317,0.9001141786575317,,,,,140069,9982.185546875,29.946556091308594,9982.1865234375,7.815712876890757e-08,1.0000001192092896,8.248721883319377e-08,1.0,True,True
adam,smallcnn,0,3,random_m_3,0.001,0.9,0.999,1e-08,m,full_coupled,additive_first_moment,inherited,480,5,0.003,0.9001141786575317,0.9001141786575317,,,,,140069,40231.7109375,40.69913864135742,12718.3837890625,2.12577486038208,0.8894720673561096,2.2748522758483887,0.9217255115509033,True,True
adam,smallcnn,0,3,random_m_3,0.001,0.9,0.999,1e-08,m,restricted_no_dv,additive_first_moment,inherited,480,5,0.003,0.9001141786575317,0.9001141786575317,,,,,140069,40262.16796875,40.69913864135742,12718.3837890625,2.1289403438568115,0.8887744545936584,2.278214454650879,0.9210044145584106,True,True
adam,smallcnn,0,3,random_m_3,0.001,0.9,0.999,1e-08,m,full_coupled,additive_first_moment,inherited,480,10,0.003,0.9001141786575317,0.9001141786575317,,,,,140069,62173.6796875,45.94670486450195,14139.7822265625,3.2947540283203125,0.815887451171875,3.57633113861084,0.8578570485115051,True,True
adam,smallcnn,0,3,random_m_3,0.001,0.9,0.999,1e-08,m,restricted_no_dv,additive_first_moment,inherited,480,10,0.003,0.9001141786575317,0.9001141786575317,,,,,140069,63124.9765625,45.94670486450195,14139.7822265625,3.3698031902313232,0.8045607209205627,3.657472610473633,0.8459612131118774,True,True
adam,smallcnn,0,3,random_m_3,0.001,0.9,0.999,1e-08,m,full_coupled,additive_first_moment,inherited,480,20,0.003,0.9001141786575317,0.9001141786575317,,,,,140069,97907.7734375,50.80897903442383,15461.2548828125,5.210581302642822,0.6287069916725159,5.712429046630859,0.6686343550682068,True,True
adam,smallcnn,0,3,random_m_3,0.001,0.9,0.999,1e-08,m,restricted_no_dv,additive_first_moment,inherited,480,20,0.003,0.9001141786575317,0.9001141786575317,,,,,140069,222420.390625,50.80897903442383,15461.2548828125,12.88058853149414,0.28780487179756165,14.1173734664917,0.30054524540901184,True,True
adam,smallcnn,0,3,random_m_3,0.001,0.9,0.999,1e-08,m,full_coupled,additive_first_moment,inherited,480,40,0.003,0.9001141786575317,0.9001141786575317,,,,,140069,179498.3125,52.84358215332031,16058.083984375,9.86302375793457,0.3711419403553009,10.822808265686035,0.39434269070625305,True,True
adam,smallcnn,0,3,random_m_3,0.001,0.9,0.999,1e-08,m,restricted_no_dv,additive_first_moment,inherited,480,40,0.003,0.9001141786575317,0.9001141786575317,,,,,140069,818238.125,52.84358215332031,16058.083984375,46.36563491821289,0.09750581532716751,50.875160217285156,0.08949336409568787,True,True
adam,smallcnn,0,3,random_m_3,0.001,0.9,0.999,1e-08,m,full_coupled,additive_first_moment,inherited,480,1,0.01,0.9001141786575317,0.9001141786575317,,,,,140069,9982.185546875,99.82185363769531,9982.185546875,7.266027068908443e-08,1.0000001192092896,7.477364505348305e-08,1.0,True,True
adam,smallcnn,0,3,random_m_3,0.001,0.9,0.999,1e-08,m,restricted_no_dv,additive_first_moment,inherited,480,1,0.01,0.9001141786575317,0.9001141786575317,,,,,140069,9982.185546875,99.82185363769531,9982.185546875,7.266027068908443e-08,1.0000001192092896,7.477364505348305e-08,1.0,True,True
adam,smallcnn,0,3,random_m_3,0.001,0.9,0.999,1e-08,m,full_coupled,additive_first_moment,inherited,480,5,0.01,0.9001141786575317,0.9001141786575317,,,,,140069,40231.7109375,105.9141616821289,10441.552734375,2.8424932956695557,0.9673486351966858,2.882272243499756,0.9782426953315735,True,True
adam,smallcnn,0,3,random_m_3,0.001,0.9,0.999,1e-08,m,restricted_no_dv,additive_first_moment,inherited,480,5,0.01,0.9001141786575317,0.9001141786575317,,,,,140069,40262.16796875,105.9141616821289,10441.552734375,2.8464090824127197,0.9665616750717163,2.8862650394439697,0.977432131767273,True,True
adam,smallcnn,0,3,random_m_3,0.001,0.9,0.999,1e-08,m,full_coupled,additive_first_moment,inherited,480,10,0.01,0.9001141786575317,0.9001141786575317,,,,,140069,62173.6796875,109.77885437011719,10762.208984375,4.754344463348389,0.9244990944862366,4.848448276519775,0.9405081272125244,True,True
adam,smallcnn,0,3,random_m_3,0.001,0.9,0.999,1e-08,m,restricted_no_dv,additive_first_moment,inherited,480,10,0.01,0.9001141786575317,0.9001141786575317,,,,,140069,63124.9765625,109.77885437011719,10762.208984375,4.855823516845703,0.9117701649665833,4.95221471786499,0.9273685812950134,True,True
adam,smallcnn,0,3,random_m_3,0.001,0.9,0.999,1e-08,m,full_coupled,additive_first_moment,inherited,480,20,0.01,0.9001141786575317,0.9001141786575317,,,,,140069,97907.7734375,114.6614990234375,11129.8017578125,7.834638595581055,0.7337315082550049,8.071460723876953,0.7523669600486755,True,True
adam,smallcnn,0,3,random_m_3,0.001,0.9,0.999,1e-08,m,restricted_no_dv,additive_first_moment,inherited,480,20,0.01,0.9001141786575317,0.9001141786575317,,,,,140069,222420.390625,114.6614990234375,11129.8017578125,19.09065818786621,0.330684095621109,19.670373916625977,0.33640071749687195,True,True
adam,smallcnn,0,3,random_m_3,0.001,0.9,0.999,1e-08,m,full_coupled,additive_first_moment,inherited,480,40,0.01,0.9001141786575317,0.9001141786575317,,,,,140069,179498.3125,117.36318969726562,11330.4833984375,14.885940551757812,0.4355607032775879,15.420022010803223,0.4479886591434479,True,True
adam,smallcnn,0,3,random_m_3,0.001,0.9,0.999,1e-08,m,restricted_no_dv,additive_first_moment,inherited,480,40,0.01,0.9001141786575317,0.9001141786575317,,,,,140069,818238.125,117.36318969726562,11330.4833984375,69.62311553955078,0.10245009511709213,72.1229019165039,0.09960274398326874,True,True
adam,smallcnn,0,0,all_parameters,0.001,0.9,0.999,1e-08,rms_global,full_coupled,multiplicative_rms_memory,inherited,480,1,0.001,1.0,374.2579345703125,0.001,0.001,0.001,,140069,0.1351037621498108,0.0001350552192889154,0.1351049840450287,0.003436827100813389,0.9999940395355225,0.0017286059446632862,0.9999985694885254,True,True
adam,smallcnn,0,0,all_parameters,0.001,0.9,0.999,1e-08,rms_global,full_coupled,multiplicative_rms_memory,inherited,480,5,0.001,1.0,374.2579345703125,0.001,0.001,0.001,,140069,0.7379531264305115,0.002140421885997057,1.4152995347976685,0.9440643191337585,0.3300878703594208,0.8656423687934875,0.5010755658149719,True,True
adam,smallcnn,0,0,all_parameters,0.001,0.9,0.999,1e-08,rms_global,full_coupled,multiplicative_rms_memory,inherited,480,10,0.001,1.0,374.2579345703125,0.001,0.001,0.001,,140069,1.614395022392273,0.027157489210367203,30.616336822509766,1.0009199380874634,0.014240537770092487,1.0000118017196655,0.026142200455069542,True,True
adam,smallcnn,0,0,all_parameters,0.001,0.9,0.999,1e-08,rms_global,full_coupled,multiplicative_rms_memory,inherited,480,20,0.001,1.0,374.2579345703125,0.001,0.001,0.001,,140069,3.6556594371795654,0.5280329585075378,209.4663848876953,0.9997478127479553,0.03988555073738098,1.000516414642334,-0.020871128886938095,True,True
adam,smallcnn,0,0,all_parameters,0.001,0.9,0.999,1e-08,rms_global,full_coupled,multiplicative_rms_memory,inherited,480,40,0.001,1.0,374.2579345703125,0.001,0.001,0.001,,140069,7.482685089111328,1.3454630374908447,433.0284729003906,1.0004920959472656,-0.08574068546295166,1.0008221864700317,-0.038962602615356445,True,True
adam,smallcnn,0,0,all_parameters,0.001,0.9,0.999,1e-08,rms_global,full_coupled,multiplicative_rms_memory,inherited,480,1,0.003,1.0,374.2579345703125,0.003,0.003,0.003,,140069,0.1351037621498108,0.00040486163925379515,0.13510368764400482,0.0016650325851514935,0.9999992251396179,0.0005733260768465698,0.9999998211860657,True,True
adam,smallcnn,0,0,all_parameters,0.001,0.9,0.999,1e-08,rms_global,full_coupled,multiplicative_rms_memory,inherited,480,5,0.003,1.0,374.2579345703125,0.003,0.003,0.003,,140069,0.7379531264305115,0.005467038601636887,1.432349443435669,0.9290822744369507,0.3713921010494232,0.8862882852554321,0.4657653272151947,True,True
adam,smallcnn,0,0,all_parameters,0.001,0.9,0.999,1e-08,rms_global,full_coupled,multiplicative_rms_memory,inherited,480,10,0.003,1.0,374.2579345703125,0.003,0.003,0.003,,140069,1.614395022392273,0.09910867363214493,15.245271682739258,1.0001330375671387,0.021709104999899864,0.9999728798866272,0.053203076124191284,True,True
adam,smallcnn,0,0,all_parameters,0.001,0.9,0.999,1e-08,rms_global,full_coupled,multiplicative_rms_memory,inherited,480,20,0.003,1.0,374.2579345703125,0.003,0.003,0.003,,140069,3.6556594371795654,0.6781790256500244,120.62510681152344,1.000441312789917,-0.019207974895834923,1.0001535415649414,0.010086282156407833,True,True
adam,smallcnn,0,0,all_parameters,0.001,0.9,0.999,1e-08,rms_global,full_coupled,multiplicative_rms_memory,inherited,480,40,0.003,1.0,374.2579345703125,0.003,0.003,0.003,,140069,7.482685089111328,1.7445954084396362,240.77157592773438,1.0018407106399536,-0.13675688207149506,1.001817226409912,-0.04298810288310051,True,True
adam,smallcnn,0,0,all_parameters,0.001,0.9,0.999,1e-08,rms_global,full_coupled,multiplicative_rms_memory,inherited,480,1,0.01,1.0,374.2579345703125,0.01,0.01,0.01,,140069,0.1351037621498108,0.00134603853803128,0.1351044774055481,0.00402823556214571,0.9999988079071045,0.0001738463615765795,0.9999998807907104,True,True
adam,smallcnn,0,0,all_parameters,0.001,0.9,0.999,1e-08,rms_global,full_coupled,multiplicative_rms_memory,inherited,480,5,0.01,1.0,374.2579345703125,0.01,0.01,0.01,,140069,0.7379531264305115,0.016039419919252396,1.337963342666626,0.900615394115448,0.43532219529151917,0.856386661529541,0.5174592733383179,True,True
adam,smallcnn,0,0,all_parameters,0.001,0.9,0.999,1e-08,rms_global,full_coupled,multiplicative_rms_memory,inherited,480,10,0.01,1.0,374.2579345703125,0.01,0.01,0.01,,140069,1.614395022392273,0.13694797456264496,7.195442199707031,0.9912664294242859,0.13270387053489685,0.989025354385376,0.1608283370733261,True,True
adam,smallcnn,0,0,all_parameters,0.001,0.9,0.999,1e-08,rms_global,full_coupled,multiplicative_rms_memory,inherited,480,20,0.01,1.0,374.2579345703125,0.01,0.01,0.01,,140069,3.6556594371795654,0.6791307330131531,37.10250473022461,0.9976644515991211,0.0702531561255455,1.0044814348220825,0.003679718589410186,True,True
adam,smallcnn,0,0,all_parameters,0.001,0.9,0.999,1e-08,rms_global,full_coupled,multiplicative_rms_memory,inherited,480,40,0.01,1.0,374.2579345703125,0.01,0.01,0.01,,140069,7.482685089111328,1.5074660778045654,73.32646942138672,1.0038819313049316,-0.05353863909840584,1.0018099546432495,0.033271197229623795,True,True
adam,smallcnn,0,0,all_parameters,0.001,0.9,0.999,1e-08,rms_global,full_coupled,multiplicative_rms_memory,inherited,480,1,0.03,1.0,374.2579345703125,0.03,0.03,0.03,,140069,0.1351037621498108,0.004008194897323847,0.13510847091674805,0.012096640653908253,0.9999898076057434,0.000120142700325232,1.0,True,True
adam,smallcnn,0,0,all_parameters,0.001,0.9,0.999,1e-08,rms_global,full_coupled,multiplicative_rms_memory,inherited,480,5,0.03,1.0,374.2579345703125,0.03,0.03,0.03,,140069,0.7379531264305115,0.038979656994342804,1.0927708148956299,0.8493743538856506,0.5292108654975891,0.7550145387649536,0.6559923887252808,True,True
adam,smallcnn,0,0,all_parameters,0.001,0.9,0.999,1e-08,rms_global,full_coupled,multiplicative_rms_memory,inherited,480,10,0.03,1.0,374.2579345703125,0.03,0.03,0.03,,140069,1.614395022392273,0.19464799761772156,5.8063740730285645,0.9765750169754028,0.21745119988918304,0.9595456719398499,0.2815749943256378,True,True
adam,smallcnn,0,0,all_parameters,0.001,0.9,0.999,1e-08,rms_global,full_coupled,multiplicative_rms_memory,inherited,480,20,0.03,1.0,374.2579345703125,0.03,0.03,0.03,,140069,3.6556594371795654,0.6922115087509155,22.198843002319336,0.9872999787330627,0.15886729955673218,0.9927583932876587,0.12615348398685455,True,True
adam,smallcnn,0,0,all_parameters,0.001,0.9,0.999,1e-08,rms_global,full_coupled,multiplicative_rms_memory,inherited,480,40,0.03,1.0,374.2579345703125,0.03,0.03,0.03,,140069,7.482685089111328,1.5397592782974243,41.44898986816406,1.009399175643921,0.008120628073811531,0.9944366216659546,0.12099548429250717,True,True
adam,smallcnn,0,0,all_parameters,0.001,0.9,0.999,1e-08,rms_global,full_coupled,multiplicative_rms_memory,inherited,480,1,0.1,1.0,374.2579345703125,0.1,0.1,0.1,,140069,0.1351037621498108,0.013016236014664173,0.13515593111515045,0.040910858660936356,0.9998879432678223,0.00194359861779958,0.9999982714653015,True,True
adam,smallcnn,0,0,all_parameters,0.001,0.9,0.999,1e-08,rms_global,full_coupled,multiplicative_rms_memory,inherited,480,5,0.1,1.0,374.2579345703125,0.1,0.1,0.1,,140069,0.7379531264305115,0.08125419169664383,0.7784517407417297,0.5765690207481384,0.8216229677200317,0.5048074126243591,0.8670197129249573,True,True
adam,smallcnn,0,0,all_parameters,0.001,0.9,0.999,1e-08,rms_global,full_coupled,multiplicative_rms_memory,inherited,480,10,0.1,1.0,374.2579345703125,0.1,0.1,0.1,,140069,1.614395022392273,0.22518905997276306,2.0909156799316406,0.9816012978553772,0.3838811218738556,0.9954390525817871,0.3919435143470764,True,True
adam,smallcnn,0,0,all_parameters,0.001,0.9,0.999,1e-08,rms_global,full_coupled,multiplicative_rms_memory,inherited,480,20,0.1,1.0,374.2579345703125,0.1,0.1,0.1,,140069,3.6556594371795654,0.817424476146698,6.381500720977783,1.0136116743087769,0.19296449422836304,1.0309501886367798,0.23156213760375977,True,True
adam,smallcnn,0,0,all_parameters,0.001,0.9,0.999,1e-08,rms_global,full_coupled,multiplicative_rms_memory,inherited,480,40,0.1,1.0,374.2579345703125,0.1,0.1,0.1,,140069,7.482685089111328,1.7830926179885864,11.930537223815918,1.0745341777801514,0.02559259533882141,1.0735363960266113,0.19203492999076843,True,True
adam,smallcnn,0,0,features.0.weight,0.001,0.9,0.999,1e-08,rms_layerwise,full_coupled,multiplicative_rms_memory,inherited,480,1,0.001,1.0,29.393877029418945,0.001,0.001,0.001,,864,0.012421700172126293,1.2416183380992152e-05,0.012419329956173897,0.009723547846078873,0.9999528527259827,0.004959991667419672,0.9999877214431763,True,True
adam,smallcnn,0,0,features.0.weight,0.001,0.9,0.999,1e-08,rms_layerwise,full_coupled,multiplicative_rms_memory,inherited,480,5,0.001,1.0,29.393877029418945,0.001,0.001,0.001,,864,0.0743788406252861,0.0005916295340284705,0.34571534395217896,0.9924865961074829,0.12239910662174225,0.9726212620735168,0.2330874353647232,True,True
adam,smallcnn,0,0,features.0.weight,0.001,0.9,0.999,1e-08,rms_layerwise,full_coupled,multiplicative_rms_memory,inherited,480,10,0.001,1.0,29.393877029418945,0.001,0.001,0.001,,864,0.19989079236984253,0.012078476138412952,15.156763076782227,0.9998852014541626,0.01521193515509367,0.9998348951339722,0.019106240943074226,True,True
adam,smallcnn,0,0,features.0.weight,0.001,0.9,0.999,1e-08,rms_layerwise,full_coupled,multiplicative_rms_memory,inherited,480,20,0.001,1.0,29.393877029418945,0.001,0.001,0.001,,864,0.6080319285392761,0.41556546092033386,196.2084503173828,0.9998095035552979,0.13088585436344147,0.9995840787887573,0.13573721051216125,True,True
adam,smallcnn,0,0,features.0.weight,0.001,0.9,0.999,1e-08,rms_layerwise,full_coupled,multiplicative_rms_memory,inherited,480,40,0.001,1.0,29.393877029418945,0.001,0.001,0.001,,864,1.2739787101745605,1.221091389656067,592.8734741210938,0.9999250769615173,0.07233849912881851,0.9998326897621155,0.0789152979850769,True,True
adam,smallcnn,0,0,features.0.weight,0.001,0.9,0.999,1e-08,rms_layerwise,full_coupled,multiplicative_rms_memory,inherited,480,1,0.003,1.0,29.393877029418945,0.003,0.003,0.003,,864,0.012421700172126293,3.721788743860088e-05,0.01242173369973898,0.0034302747808396816,0.9999948143959045,0.0015580873005092144,0.9999987483024597,True,True
adam,smallcnn,0,0,features.0.weight,0.001,0.9,0.999,1e-08,rms_layerwise,full_coupled,multiplicative_rms_memory,inherited,480,5,0.003,1.0,29.393877029418945,0.003,0.003,0.003,,864,0.0743788406252861,0.0010415769647806883,0.26180005073547363,0.9819228649139404,0.1907341182231903,0.9604969024658203,0.2783498167991638,True,True
adam,smallcnn,0,0,features.0.weight,0.001,0.9,0.999,1e-08,rms_layerwise,full_coupled,multiplicative_rms_memory,inherited,480,10,0.003,1.0,29.393877029418945,0.003,0.003,0.003,,864,0.19989079236984253,0.016815321519970894,6.326104164123535,1.0006574392318726,-0.0006081031169742346,0.999799907207489,0.022129667922854424,True,True
adam,smallcnn,0,0,features.0.weight,0.001,0.9,0.999,1e-08,rms_layerwise,full_coupled,multiplicative_rms_memory,inherited,480,20,0.003,1.0,29.393877029418945,0.003,0.003,0.003,,864,0.6080319285392761,0.5937207341194153,63.60062026977539,0.9998047947883606,0.06503317505121231,1.0001933574676514,-0.015446683391928673,True,True
adam,smallcnn,0,0,features.0.weight,0.001,0.9,0.999,1e-08,rms_layerwise,full_coupled,multiplicative_rms_memory,inherited,480,40,0.003,1.0,29.393877029418945,0.003,0.003,0.003,,864,1.2739787101745605,1.5602694749832153,158.79600524902344,0.9999187588691711,0.03439019247889519,1.0001020431518555,-0.008708186447620392,True,True
adam,smallcnn,0,0,features.0.weight,0.001,0.9,0.999,1e-08,rms_layerwise,full_coupled,multiplicative_rms_memory,inherited,480,1,0.01,1.0,29.393877029418945,0.01,0.01,0.01,,864,0.012421700172126293,0.00012370287731755525,0.012421796098351479,0.004384920932352543,0.9999990463256836,0.00047460096538998187,0.9999998807907104,True,True
adam,smallcnn,0,0,features.0.weight,0.001,0.9,0.999,1e-08,rms_layerwise,full_coupled,multiplicative_rms_memory,inherited,480,5,0.01,1.0,29.393877029418945,0.01,0.01,0.01,,864,0.0743788406252861,0.002053378149867058,0.1436586081981659,0.9340120553970337,0.3572755455970764,0.8546262979507446,0.5192456841468811,True,True
adam,smallcnn,0,0,features.0.weight,0.001,0.9,0.999,1e-08,rms_layerwise,full_coupled,multiplicative_rms_memory,inherited,480,10,0.01,1.0,29.393877029418945,0.01,0.01,0.01,,864,0.19989079236984253,0.029272709041833878,3.1954562664031982,0.9994450807571411,0.04226572811603546,0.997583270072937,0.06986557692289352,True,True
adam,smallcnn,0,0,features.0.weight,0.001,0.9,0.999,1e-08,rms_layerwise,full_coupled,multiplicative_rms_memory,inherited,480,20,0.01,1.0,29.393877029418945,0.01,0.01,0.01,,864,0.6080319285392761,0.475431889295578,32.0380859375,0.998579740524292,0.11736954748630524,0.9987369179725647,0.07599923014640808,True,True
adam,smallcnn,0,0,features.0.weight,0.001,0.9,0.999,1e-08,rms_layerwise,full_coupled,multiplicative_rms_memory,inherited,480,40,0.01,1.0,29.393877029418945,0.01,0.01,0.01,,864,1.2739787101745605,1.2603895664215088,66.35224914550781,0.9992650747299194,0.077730692923069,0.9995673298835754,0.032132573425769806,True,True
adam,smallcnn,0,0,features.0.weight,0.001,0.9,0.999,1e-08,rms_layerwise,full_coupled,multiplicative_rms_memory,inherited,480,1,0.03,1.0,29.393877029418945,0.03,0.03,0.03,,864,0.012421700172126293,0.0003680487861856818,0.012422574684023857,0.01287588570266962,0.9999954700469971,0.00019855250138789415,0.9999998807907104,True,True
adam,smallcnn,0,0,features.0.weight,0.001,0.9,0.999,1e-08,rms_layerwise,full_coupled,multiplicative_rms_memory,inherited,480,5,0.03,1.0,29.393877029418945,0.03,0.03,0.03,,864,0.0743788406252861,0.009793657809495926,0.20680765807628632,0.9736278057098389,0.2281429022550583,0.9344286918640137,0.3561674654483795,True,True
adam,smallcnn,0,0,features.0.weight,0.001,0.9,0.999,1e-08,rms_layerwise,full_coupled,multiplicative_rms_memory,inherited,480,10,0.03,1.0,29.393877029418945,0.03,0.03,0.03,,864,0.19989079236984253,0.10066158324480057,2.000166177749634,0.9996060132980347,0.036399275064468384,0.9964190721511841,0.08573605865240097,True,True
adam,smallcnn,0,0,features.0.weight,0.001,0.9,0.999,1e-08,rms_layerwise,full_coupled,multiplicative_rms_memory,inherited,480,20,0.03,1.0,29.393877029418945,0.03,0.03,0.03,,864,0.6080319285392761,0.722197949886322,12.776111602783203,1.0006057024002075,-0.011360123753547668,1.0015199184417725,-0.008164708502590656,True,True
adam,smallcnn,0,0,features.0.weight,0.001,0.9,0.999,1e-08,rms_layerwise,full_coupled,multiplicative_rms_memory,inherited,480,40,0.03,1.0,29.393877029418945,0.03,0.03,0.03,,864,1.2739787101745605,1.9542735815048218,28.857084274291992,1.000258207321167,-0.003429892472922802,1.0023181438446045,-0.030495252460241318,True,True
adam,smallcnn,0,0,features.0.weight,0.001,0.9,0.999,1e-08,rms_layerwise,full_coupled,multiplicative_rms_memory,inherited,480,1,0.1,1.0,29.393877029418945,0.1,0.1,0.1,,864,0.012421700172126293,0.001191694987937808,0.012430645525455475,0.04351598024368286,0.9999520778656006,0.0012200498022139072,0.9999996423721313,True,True
adam,smallcnn,0,0,features.0.weight,0.001,0.9,0.999,1e-08,rms_layerwise,full_coupled,multiplicative_rms_memory,inherited,480,5,0.1,1.0,29.393877029418945,0.1,0.1,0.1,,864,0.0743788406252861,0.019579242914915085,0.13647416234016418,0.9361664652824402,0.3526131808757782,0.8451334238052368,0.5346556305885315,True,True
adam,smallcnn,0,0,features.0.weight,0.001,0.9,0.999,1e-08,rms_layerwise,full_coupled,multiplicative_rms_memory,inherited,480,10,0.1,1.0,29.393877029418945,0.1,0.1,0.1,,864,0.19989079236984253,0.11245964467525482,0.716532826423645,0.9976246356964111,0.10222063958644867,0.9818530082702637,0.20394466817378998,True,True
adam,smallcnn,0,0,features.0.weight,0.001,0.9,0.999,1e-08,rms_layerwise,full_coupled,multiplicative_rms_memory,inherited,480,20,0.1,1.0,29.393877029418945,0.1,0.1,0.1,,864,0.6080319285392761,0.699668288230896,2.9226479530334473,0.9942970275878906,0.10888784378767014,0.979623019695282,0.20096991956233978,True,True
adam,smallcnn,0,0,features.0.weight,0.001,0.9,0.999,1e-08,rms_layerwise,full_coupled,multiplicative_rms_memory,inherited,480,40,0.1,1.0,29.393877029418945,0.1,0.1,0.1,,864,1.2739787101745605,1.824505090713501,6.475310802459717,0.9984827637672424,0.0566256009042263,0.9882988929748535,0.1574980467557907,True,True
adam,smallcnn,0,1,features.0.bias,0.001,0.9,0.999,1e-08,rms_layerwise,full_coupled,multiplicative_rms_memory,inherited,480,1,0.001,1.0,5.656854152679443,0.001,0.001,0.001,,32,0.0032549542374908924,3.256651780247921e-06,0.0032534869387745857,0.005161584820598364,0.9999867677688599,0.003211704781278968,0.9999949932098389,True,True
adam,smallcnn,0,1,features.0.bias,0.001,0.9,0.999,1e-08,rms_layerwise,full_coupled,multiplicative_rms_memory,inherited,480,5,0.001,1.0,5.656854152679443,0.001,0.001,0.001,,32,0.019068926572799683,8.009537850739434e-05,0.04664463922381401,0.9707357287406921,0.24015924334526062,0.9127545952796936,0.40850844979286194,True,True
adam,smallcnn,0,1,features.0.bias,0.001,0.9,0.999,1e-08,rms_layerwise,full_coupled,multiplicative_rms_memory,inherited,480,10,0.001,1.0,5.656854152679443,0.001,0.001,0.001,,32,0.03581744059920311,0.0037414696998894215,4.175264835357666,0.9999706745147705,0.007863819599151611,0.9999310374259949,0.012324017472565174,True,True
adam,smallcnn,0,1,features.0.bias,0.001,0.9,0.999,1e-08,rms_layerwise,full_coupled,multiplicative_rms_memory,inherited,480,20,0.001,1.0,5.656854152679443,0.001,0.001,0.001,,32,0.06229999661445618,0.29262787103652954,198.64453125,1.0000048875808716,-0.022856513038277626,1.0000085830688477,-0.026981277391314507,True,True
adam,smallcnn,0,1,features.0.bias,0.001,0.9,0.999,1e-08,rms_layerwise,full_coupled,multiplicative_rms_memory,inherited,480,40,0.001,1.0,5.656854152679443,0.001,0.001,0.001,,32,0.10604729503393173,0.9062075614929199,485.2791748046875,0.9999938607215881,0.05262574180960655,1.0000007152557373,-0.0030630880501121283,True,True
adam,smallcnn,0,1,features.0.bias,0.001,0.9,0.999,1e-08,rms_layerwise,full_coupled,multiplicative_rms_memory,inherited,480,1,0.003,1.0,5.656854152679443,0.003,0.003,0.003,,32,0.0032549542374908924,9.75435887085041e-06,0.0032547402661293745,0.0022544050589203835,0.9999980926513672,0.0012256692862138152,0.9999992251396179,True,True
adam,smallcnn,0,1,features.0.bias,0.001,0.9,0.999,1e-08,rms_layerwise,full_coupled,multiplicative_rms_memory,inherited,480,5,0.003,1.0,5.656854152679443,0.003,0.003,0.003,,32,0.019068926572799683,0.00013245006266515702,0.08764249831438065,0.9005797505378723,0.43469977378845215,0.9762257933616638,0.21675728261470795,True,True
adam,smallcnn,0,1,features.0.bias,0.001,0.9,0.999,1e-08,rms_layerwise,full_coupled,multiplicative_rms_memory,inherited,480,10,0.003,1.0,5.656854152679443,0.003,0.003,0.003,,32,0.03581744059920311,0.005539598409086466,1.2652597427368164,0.9998806715011597,0.015847451984882355,0.9995539784431458,0.02990778163075447,True,True
adam,smallcnn,0,1,features.0.bias,0.001,0.9,0.999,1e-08,rms_layerwise,full_coupled,multiplicative_rms_memory,inherited,480,20,0.003,1.0,5.656854152679443,0.003,0.003,0.003,,32,0.06229999661445618,0.28418809175491333,58.784610748291016,0.9999991655349731,0.0017459081718698144,0.9999677538871765,0.030930545181035995,True,True
adam,smallcnn,0,1,features.0.bias,0.001,0.9,0.999,1e-08,rms_layerwise,full_coupled,multiplicative_rms_memory,inherited,480,40,0.003,1.0,5.656854152679443,0.003,0.003,0.003,,32,0.10604729503393173,0.8210448026657104,159.65611267089844,0.9999892711639404,0.027781706303358078,1.0000109672546387,-0.0161050483584404,True,True
adam,smallcnn,0,1,features.0.bias,0.001,0.9,0.999,1e-08,rms_layerwise,full_coupled,multiplicative_rms_memory,inherited,480,1,0.01,1.0,5.656854152679443,0.01,0.01,0.01,,32,0.0032549542374908924,3.243532410124317e-05,0.0032547342125326395,0.0039627631194889545,0.9999984502792358,0.0003381726855877787,1.0,True,True
adam,smallcnn,0,1,features.0.bias,0.001,0.9,0.999,1e-08,rms_layerwise,full_coupled,multiplicative_rms_memory,inherited,480,5,0.01,1.0,5.656854152679443,0.01,0.01,0.01,,32,0.019068926572799683,0.0005931020714342594,0.04320375993847847,0.9496508836746216,0.31341463327407837,0.9001604914665222,0.43559661507606506,True,True
adam,smallcnn,0,1,features.0.bias,0.001,0.9,0.999,1e-08,rms_layerwise,full_coupled,multiplicative_rms_memory,inherited,480,10,0.01,1.0,5.656854152679443,0.01,0.01,0.01,,32,0.03581744059920311,0.008351869881153107,0.6046643257141113,0.9996386170387268,0.029869357123970985,0.9985690712928772,0.05375724285840988,True,True
adam,smallcnn,0,1,features.0.bias,0.001,0.9,0.999,1e-08,rms_layerwise,full_coupled,multiplicative_rms_memory,inherited,480,20,0.01,1.0,5.656854152679443,0.01,0.01,0.01,,32,0.06229999661445618,0.08451230078935623,22.406904220581055,0.9998549818992615,0.0233624130487442,0.9998757839202881,0.0460643544793129,True,True
adam,smallcnn,0,1,features.0.bias,0.001,0.9,0.999,1e-08,rms_layerwise,full_coupled,multiplicative_rms_memory,inherited,480,40,0.01,1.0,5.656854152679443,0.01,0.01,0.01,,32,0.10604729503393173,0.5668917894363403,55.34414291381836,0.9996787905693054,0.1726219654083252,0.9998916983604431,0.057448454201221466,True,True
adam,smallcnn,0,1,features.0.bias,0.001,0.9,0.999,1e-08,rms_layerwise,full_coupled,multiplicative_rms_memory,inherited,480,1,0.03,1.0,5.656854152679443,0.03,0.03,0.03,,32,0.0032549542374908924,9.665446850704029e-05,0.003255048068240285,0.01147486548870802,0.9999873042106628,0.00018296946655027568,1.0,True,True
adam,smallcnn,0,1,features.0.bias,0.001,0.9,0.999,1e-08,rms_layerwise,full_coupled,multiplicative_rms_memory,inherited,480,5,0.03,1.0,5.656854152679443,0.03,0.03,0.03,,32,0.019068926572799683,0.0009094978449866176,0.025780227035284042,0.7851545810699463,0.6193745732307434,0.6751238107681274,0.7377070784568787,True,True
adam,smallcnn,0,1,features.0.bias,0.001,0.9,0.999,1e-08,rms_layerwise,full_coupled,multiplicative_rms_memory,inherited,480,10,0.03,1.0,5.656854152679443,0.03,0.03,0.03,,32,0.03581744059920311,0.020793220028281212,0.37216320633888245,0.9994426369667053,0.036621805280447006,0.9962727427482605,0.08677603304386139,True,True
adam,smallcnn,0,1,features.0.bias,0.001,0.9,0.999,1e-08,rms_layerwise,full_coupled,multiplicative_rms_memory,inherited,480,20,0.03,1.0,5.656854152679443,0.03,0.03,0.03,,32,0.06229999661445618,0.5262917280197144,6.983994960784912,1.0000759363174438,-0.019624417647719383,0.9999868869781494,0.0059182895347476006,True,True
adam,smallcnn,0,1,features.0.bias,0.001,0.9,0.999,1e-08,rms_layerwise,full_coupled,multiplicative_rms_memory,inherited,480,40,0.03,1.0,5.656854152679443,0.03,0.03,0.03,,32,0.10604729503393173,1.327866792678833,13.462809562683105,0.9999815821647644,0.008870171383023262,0.9998987913131714,0.016779642552137375,True,True
adam,smallcnn,0,1,features.0.bias,0.001,0.9,0.999,1e-08,rms_layerwise,full_coupled,multiplicative_rms_memory,inherited,480,1,0.1,1.0,5.656854152679443,0.1,0.1,0.1,,32,0.0032549542374908924,0.0003144678194075823,0.0032555602956563234,0.03883478045463562,0.9998655319213867,0.001398129970766604,0.9999990463256836,True,True
adam,smallcnn,0,1,features.0.bias,0.001,0.9,0.999,1e-08,rms_layerwise,full_coupled,multiplicative_rms_memory,inherited,480,5,0.1,1.0,5.656854152679443,0.1,0.1,0.1,,32,0.019068926572799683,0.002336737932637334,0.021190516650676727,0.6085587739944458,0.7938200831413269,0.44009602069854736,0.8979527354240417,True,True
adam,smallcnn,0,1,features.0.bias,0.001,0.9,0.999,1e-08,rms_layerwise,full_coupled,multiplicative_rms_memory,inherited,480,10,0.1,1.0,5.656854152679443,0.1,0.1,0.1,,32,0.03581744059920311,0.021061645820736885,0.25762325525283813,0.9881946444511414,0.15403932332992554,0.9909129738807678,0.1345786452293396,True,True
adam,smallcnn,0,1,features.0.bias,0.001,0.9,0.999,1e-08,rms_layerwise,full_coupled,multiplicative_rms_memory,inherited,480,20,0.1,1.0,5.656854152679443,0.1,0.1,0.1,,32,0.06229999661445618,0.5264376997947693,3.0133845806121826,1.0001659393310547,-0.008113130927085876,0.9999110102653503,0.014639056287705898,True,True
adam,smallcnn,0,1,features.0.bias,0.001,0.9,0.999,1e-08,rms_layerwise,full_coupled,multiplicative_rms_memory,inherited,480,40,0.1,1.0,5.656854152679443,0.1,0.1,0.1,,32,0.10604729503393173,1.5385780334472656,7.175421237945557,0.99989253282547,0.01902671530842781,0.9996306300163269,0.03238118812441826,True,True
adam,smallcnn,0,2,features.2.weight,0.001,0.9,0.999,1e-08,rms_layerwise,full_coupled,multiplicative_rms_memory,inherited,480,1,0.001,1.0,96.0,0.001,0.001,0.001,,9216,0.03934674710035324,3.933109110221267e-05,0.039347391575574875,0.003746748436242342,0.9999932050704956,0.0018661267822608352,0.9999982714653015,True,True
adam,smallcnn,0,2,features.2.weight,0.001,0.9,0.999,1e-08,rms_layerwise,full_coupled,multiplicative_rms_memory,inherited,480,5,0.001,1.0,96.0,0.001,0.001,0.001,,9216,0.24598664045333862,0.0009339561802335083,0.6687690615653992,0.9712536334991455,0.23926538228988647,0.9329730868339539,0.3600301742553711,True,True
adam,smallcnn,0,2,features.2.weight,0.001,0.9,0.999,1e-08,rms_layerwise,full_coupled,multiplicative_rms_memory,inherited,480,10,0.001,1.0,96.0,0.001,0.001,0.001,,9216,0.6350023746490479,0.019732628017663956,8.53965950012207,1.0010777711868286,-0.017418762668967247,1.0007299184799194,0.02736028842628002,True,True
adam,smallcnn,0,2,features.2.weight,0.001,0.9,0.999,1e-08,rms_layerwise,full_coupled,multiplicative_rms_memory,inherited,480,20,0.001,1.0,96.0,0.001,0.001,0.001,,9216,1.9160656929016113,0.4892358183860779,182.8292236328125,1.0001312494277954,-0.03156748786568642,1.0009715557098389,-0.08750897645950317,True,True
adam,smallcnn,0,2,features.2.weight,0.001,0.9,0.999,1e-08,rms_layerwise,full_coupled,multiplicative_rms_memory,inherited,480,40,0.001,1.0,96.0,0.001,0.001,0.001,,9216,4.345299243927002,1.2714042663574219,507.8810119628906,1.0004297494888306,-0.1240813359618187,1.0015689134597778,-0.17924657464027405,True,True
adam,smallcnn,0,2,features.2.weight,0.001,0.9,0.999,1e-08,rms_layerwise,full_coupled,multiplicative_rms_memory,inherited,480,1,0.003,1.0,96.0,0.003,0.003,0.003,,9216,0.03934674710035324,0.00011790085409302264,0.039346661418676376,0.0017932589398697019,0.9999991655349731,0.0006105118663981557,0.9999997615814209,True,True
adam,smallcnn,0,2,features.2.weight,0.001,0.9,0.999,1e-08,rms_layerwise,full_coupled,multiplicative_rms_memory,inherited,480,5,0.003,1.0,96.0,0.003,0.003,0.003,,9216,0.24598664045333862,0.0019525024108588696,0.4345422387123108,0.9248324036598206,0.3803825080394745,0.8250711560249329,0.5650297403335571,True,True
adam,smallcnn,0,2,features.2.weight,0.001,0.9,0.999,1e-08,rms_layerwise,full_coupled,multiplicative_rms_memory,inherited,480,10,0.003,1.0,96.0,0.003,0.003,0.003,,9216,0.6350023746490479,0.034820735454559326,10.102072715759277,0.999804675579071,0.030925579369068146,0.9989163279533386,0.048660121858119965,True,True
adam,smallcnn,0,2,features.2.weight,0.001,0.9,0.999,1e-08,rms_layerwise,full_coupled,multiplicative_rms_memory,inherited,480,20,0.003,1.0,96.0,0.003,0.003,0.003,,9216,1.9160656929016113,0.562275230884552,109.50344848632812,1.0011355876922607,-0.10603013634681702,1.0014173984527588,-0.0723070278763771,True,True
adam,smallcnn,0,2,features.2.weight,0.001,0.9,0.999,1e-08,rms_layerwise,full_coupled,multiplicative_rms_memory,inherited,480,40,0.003,1.0,96.0,0.003,0.003,0.003,,9216,4.345299243927002,1.5431748628616333,223.88201904296875,1.0016939640045166,-0.19647303223609924,1.0018998384475708,-0.08826979249715805,True,True
adam,smallcnn,0,2,features.2.weight,0.001,0.9,0.999,1e-08,rms_layerwise,full_coupled,multiplicative_rms_memory,inherited,480,1,0.01,1.0,96.0,0.01,0.01,0.01,,9216,0.03934674710035324,0.000391943147405982,0.039347171783447266,0.004353678785264492,0.999998152256012,0.00018734272453002632,0.9999998211860657,True,True
adam,smallcnn,0,2,features.2.weight,0.001,0.9,0.999,1e-08,rms_layerwise,full_coupled,multiplicative_rms_memory,inherited,480,5,0.01,1.0,96.0,0.01,0.01,0.01,,9216,0.24598664045333862,0.008734438568353653,0.5113024711608887,0.9636938571929932,0.26738861203193665,0.8851253986358643,0.46561020612716675,True,True
adam,smallcnn,0,2,features.2.weight,0.001,0.9,0.999,1e-08,rms_layerwise,full_coupled,multiplicative_rms_memory,inherited,480,10,0.01,1.0,96.0,0.01,0.01,0.01,,9216,0.6350023746490479,0.10436306148767471,5.5564866065979,0.9997163414955139,0.0350828692317009,0.9961985349655151,0.09034081548452377,True,True
adam,smallcnn,0,2,features.2.weight,0.001,0.9,0.999,1e-08,rms_layerwise,full_coupled,multiplicative_rms_memory,inherited,480,20,0.01,1.0,96.0,0.01,0.01,0.01,,9216,1.9160656929016113,0.6981291770935059,37.788726806640625,1.0025471448898315,-0.0792001336812973,1.0049442052841187,-0.0723981112241745,True,True
adam,smallcnn,0,2,features.2.weight,0.001,0.9,0.999,1e-08,rms_layerwise,full_coupled,multiplicative_rms_memory,inherited,480,40,0.01,1.0,96.0,0.01,0.01,0.01,,9216,4.345299243927002,1.76823091506958,76.93883514404297,1.004746913909912,-0.1813395917415619,1.0068137645721436,-0.09281985461711884,True,True
adam,smallcnn,0,2,features.2.weight,0.001,0.9,0.999,1e-08,rms_layerwise,full_coupled,multiplicative_rms_memory,inherited,480,1,0.03,1.0,96.0,0.03,0.03,0.03,,9216,0.03934674710035324,0.0011667304206639528,0.039349306374788284,0.013063530437648296,0.9999834895133972,0.00012604943185579032,1.0,True,True
adam,smallcnn,0,2,features.2.weight,0.001,0.9,0.999,1e-08,rms_layerwise,full_coupled,multiplicative_rms_memory,inherited,480,5,0.03,1.0,96.0,0.03,0.03,0.03,,9216,0.24598664045333862,0.01874067820608616,0.4366742670536041,0.9225383400917053,0.38598403334617615,0.8268267512321472,0.5624573826789856,True,True
adam,smallcnn,0,2,features.2.weight,0.001,0.9,0.999,1e-08,rms_layerwise,full_coupled,multiplicative_rms_memory,inherited,480,10,0.03,1.0,96.0,0.03,0.03,0.03,,9216,0.6350023746490479,0.14596061408519745,2.9607582092285156,0.9889877438545227,0.14916805922985077,0.9829116463661194,0.18623189628124237,True,True
adam,smallcnn,0,2,features.2.weight,0.001,0.9,0.999,1e-08,rms_layerwise,full_coupled,multiplicative_rms_memory,inherited,480,20,0.03,1.0,96.0,0.03,0.03,0.03,,9216,1.9160656929016113,0.7764892578125,13.184478759765625,0.9996210932731628,0.04213337600231171,0.9931048154830933,0.11994610726833344,True,True
adam,smallcnn,0,2,features.2.weight,0.001,0.9,0.999,1e-08,rms_layerwise,full_coupled,multiplicative_rms_memory,inherited,480,40,0.03,1.0,96.0,0.03,0.03,0.03,,9216,4.345299243927002,1.7096818685531616,28.09617805480957,1.0094401836395264,-0.08627109229564667,0.9934670329093933,0.11943268030881882,True,True
adam,smallcnn,0,2,features.2.weight,0.001,0.9,0.999,1e-08,rms_layerwise,full_coupled,multiplicative_rms_memory,inherited,480,1,0.1,1.0,96.0,0.1,0.1,0.1,,9216,0.03934674710035324,0.0037852569948881865,0.03937539830803871,0.044001635164022446,0.9998180866241455,0.001213475945405662,0.9999996423721313,True,True
adam,smallcnn,0,2,features.2.weight,0.001,0.9,0.999,1e-08,rms_layerwise,full_coupled,multiplicative_rms_memory,inherited,480,5,0.1,1.0,96.0,0.1,0.1,0.1,,9216,0.24598664045333862,0.03619178757071495,0.33750444650650024,0.7576457858085632,0.6532026529312134,0.6911987066268921,0.7226908802986145,True,True
adam,smallcnn,0,2,features.2.weight,0.001,0.9,0.999,1e-08,rms_layerwise,full_coupled,multiplicative_rms_memory,inherited,480,10,0.1,1.0,96.0,0.1,0.1,0.1,,9216,0.6350023746490479,0.19531036913394928,1.4761866331100464,0.953345537185669,0.3027120530605316,0.9135485291481018,0.4073679745197296,True,True
adam,smallcnn,0,2,features.2.weight,0.001,0.9,0.999,1e-08,rms_layerwise,full_coupled,multiplicative_rms_memory,inherited,480,20,0.1,1.0,96.0,0.1,0.1,0.1,,9216,1.9160656929016113,0.8232552409172058,5.0332536697387695,1.0064494609832764,0.08857110142707825,1.0059306621551514,0.17471538484096527,True,True
adam,smallcnn,0,2,features.2.weight,0.001,0.9,0.999,1e-08,rms_layerwise,full_coupled,multiplicative_rms_memory,inherited,480,40,0.1,1.0,96.0,0.1,0.1,0.1,,9216,4.345299243927002,1.7162765264511108,9.585810661315918,1.0466160774230957,-0.06182139739394188,1.039512038230896,0.13776655495166779,True,True
adam,smallcnn,0,3,features.2.bias,0.001,0.9,0.999,1e-08,rms_layerwise,full_coupled,multiplicative_rms_memory,inherited,480,1,0.001,1.0,5.656854152679443,0.001,0.001,0.001,,32,0.002749541774392128,2.7497519567987183e-06,0.0027504772879183292,0.002956624375656247,0.9999955296516418,0.0017439069924876094,0.9999985694885254,True,True
adam,smallcnn,0,3,features.2.bias,0.001,0.9,0.999,1e-08,rms_layerwise,full_coupled,multiplicative_rms_memory,inherited,480,5,0.001,1.0,5.656854152679443,0.001,0.001,0.001,,32,0.015662115067243576,7.93294602772221e-05,0.04819897934794426,0.9799469113349915,0.1992674171924591,0.9460365176200867,0.3240615725517273,True,True
adam,smallcnn,0,3,features.2.bias,0.001,0.9,0.999,1e-08,rms_layerwise,full_coupled,multiplicative_rms_memory,inherited,480,10,0.001,1.0,5.656854152679443,0.001,0.001,0.001,,32,0.03042459674179554,0.008115117438137531,5.10454797744751,0.9999926686286926,0.003825680585578084,0.9999709725379944,0.007848523557186127,True,True
adam,smallcnn,0,3,features.2.bias,0.001,0.9,0.999,1e-08,rms_layerwise,full_coupled,multiplicative_rms_memory,inherited,480,20,0.001,1.0,5.656854152679443,0.001,0.001,0.001,,32,0.06867644935846329,0.4606964886188507,231.89401245117188,1.0000141859054565,-0.09516017138957977,1.000025987625122,-0.08737436681985855,True,True
adam,smallcnn,0,3,features.2.bias,0.001,0.9,0.999,1e-08,rms_layerwise,full_coupled,multiplicative_rms_memory,inherited,480,40,0.001,1.0,5.656854152679443,0.001,0.001,0.001,,32,0.14670804142951965,1.2237614393234253,496.8050842285156,1.0000197887420654,-0.16546662151813507,1.0000336170196533,-0.11334437876939774,True,True
adam,smallcnn,0,3,features.2.bias,0.001,0.9,0.999,1e-08,rms_layerwise,full_coupled,multiplicative_rms_memory,inherited,480,1,0.003,1.0,5.656854152679443,0.003,0.003,0.003,,32,0.002749541774392128,8.23708796815481e-06,0.0027497506234794855,0.0018535297131165862,0.9999992847442627,0.0003356022061780095,0.9999999403953552,True,True
adam,smallcnn,0,3,features.2.bias,0.001,0.9,0.999,1e-08,rms_layerwise,full_coupled,multiplicative_rms_memory,inherited,480,5,0.003,1.0,5.656854152679443,0.003,0.003,0.003,,32,0.015662115067243576,0.000128211424453184,0.0270963404327631,0.929503321647644,0.36882123351097107,0.8156211972236633,0.5785864591598511,True,True
adam,smallcnn,0,3,features.2.bias,0.001,0.9,0.999,1e-08,rms_layerwise,full_coupled,multiplicative_rms_memory,inherited,480,10,0.003,1.0,5.656854152679443,0.003,0.003,0.003,,32,0.03042459674179554,0.010692806914448738,1.8521558046340942,1.0000712871551514,-0.004090575966984034,1.0000120401382446,0.007480341475456953,True,True
adam,smallcnn,0,3,features.2.bias,0.001,0.9,0.999,1e-08,rms_layerwise,full_coupled,multiplicative_rms_memory,inherited,480,20,0.003,1.0,5.656854152679443,0.003,0.003,0.003,,32,0.06867644935846329,0.46060052514076233,75.69853973388672,1.000040888786316,-0.09139998257160187,1.0001356601715088,-0.14921820163726807,True,True
adam,smallcnn,0,3,features.2.bias,0.001,0.9,0.999,1e-08,rms_layerwise,full_coupled,multiplicative_rms_memory,inherited,480,40,0.003,1.0,5.656854152679443,0.003,0.003,0.003,,32,0.14670804142951965,1.2627776861190796,158.58187866210938,1.0000617504119873,-0.17671196162700653,1.0001777410507202,-0.19181816279888153,True,True
adam,smallcnn,0,3,features.2.bias,0.001,0.9,0.999,1e-08,rms_layerwise,full_coupled,multiplicative_rms_memory,inherited,480,1,0.01,1.0,5.656854152679443,0.01,0.01,0.01,,32,0.002749541774392128,2.738207513175439e-05,0.002749585546553135,0.004473989363759756,0.9999985694885254,0.00019880672334693372,1.0000001192092896,True,True
adam,smallcnn,0,3,features.2.bias,0.001,0.9,0.999,1e-08,rms_layerwise,full_coupled,multiplicative_rms_memory,inherited,480,5,0.01,1.0,5.656854152679443,0.01,0.01,0.01,,32,0.015662115067243576,0.0002932721981778741,0.0324910432100296,0.8487295508384705,0.5288525819778442,0.8774514198303223,0.47967126965522766,True,True
adam,smallcnn,0,3,features.2.bias,0.001,0.9,0.999,1e-08,rms_layerwise,full_coupled,multiplicative_rms_memory,inherited,480,10,0.01,1.0,5.656854152679443,0.01,0.01,0.01,,32,0.03042459674179554,0.010642724111676216,0.40278923511505127,0.9997960925102234,0.021425440907478333,0.9978089332580566,0.066741444170475,True,True
adam,smallcnn,0,3,features.2.bias,0.001,0.9,0.999,1e-08,rms_layerwise,full_coupled,multiplicative_rms_memory,inherited,480,20,0.01,1.0,5.656854152679443,0.01,0.01,0.01,,32,0.06867644935846329,0.3588069975376129,11.031399726867676,0.9998891353607178,0.0589074045419693,0.999259889125824,0.12196546047925949,True,True
adam,smallcnn,0,3,features.2.bias,0.001,0.9,0.999,1e-08,rms_layerwise,full_coupled,multiplicative_rms_memory,inherited,480,40,0.01,1.0,5.656854152679443,0.01,0.01,0.01,,32,0.14670804142951965,1.1349420547485352,27.259082794189453,1.000058889389038,-0.04490816965699196,0.9997056722640991,0.05737104266881943,True,True
adam,smallcnn,0,3,features.2.bias,0.001,0.9,0.999,1e-08,rms_layerwise,full_coupled,multiplicative_rms_memory,inherited,480,1,0.03,1.0,5.656854152679443,0.03,0.03,0.03,,32,0.002749541774392128,8.146688196575269e-05,0.0027497573755681515,0.013386414386332035,0.9999887943267822,0.0001149438030552119,1.0000001192092896,True,True
adam,smallcnn,0,3,features.2.bias,0.001,0.9,0.999,1e-08,rms_layerwise,full_coupled,multiplicative_rms_memory,inherited,480,5,0.03,1.0,5.656854152679443,0.03,0.03,0.03,,32,0.015662115067243576,0.0008223221520893276,0.021588768810033798,0.8302866816520691,0.557509183883667,0.6931461095809937,0.7208123207092285,True,True
adam,smallcnn,0,3,features.2.bias,0.001,0.9,0.999,1e-08,rms_layerwise,full_coupled,multiplicative_rms_memory,inherited,480,10,0.03,1.0,5.656854152679443,0.03,0.03,0.03,,32,0.03042459674179554,0.01094540674239397,0.2570892572402954,0.9980452060699463,0.06511341035366058,0.9936866760253906,0.11235151439905167,True,True
adam,smallcnn,0,3,features.2.bias,0.001,0.9,0.999,1e-08,rms_layerwise,full_coupled,multiplicative_rms_memory,inherited,480,20,0.03,1.0,5.656854152679443,0.03,0.03,0.03,,32,0.06867644935846329,0.3567950129508972,8.316203117370605,0.9992225766181946,0.13748133182525635,0.9991319179534912,0.10920959711074829,True,True
adam,smallcnn,0,3,features.2.bias,0.001,0.9,0.999,1e-08,rms_layerwise,full_coupled,multiplicative_rms_memory,inherited,480,40,0.03,1.0,5.656854152679443,0.03,0.03,0.03,,32,0.14670804142951965,1.0413683652877808,17.851520538330078,0.9997105002403259,0.07059477269649506,0.9985405802726746,0.18155619502067566,True,True
adam,smallcnn,0,3,features.2.bias,0.001,0.9,0.999,1e-08,rms_layerwise,full_coupled,multiplicative_rms_memory,inherited,480,1,0.1,1.0,5.656854152679443,0.1,0.1,0.1,,32,0.002749541774392128,0.0002638325095176697,0.0027519867289811373,0.045335885137319565,0.9998663067817688,0.0010649029863998294,0.9999998211860657,True,True
adam,smallcnn,0,3,features.2.bias,0.001,0.9,0.999,1e-08,rms_layerwise,full_coupled,multiplicative_rms_memory,inherited,480,5,0.1,1.0,5.656854152679443,0.1,0.1,0.1,,32,0.015662115067243576,0.002151069464161992,0.018255099654197693,0.7099016308784485,0.7046900391578674,0.5121113061904907,0.8589195609092712,True,True
adam,smallcnn,0,3,features.2.bias,0.001,0.9,0.999,1e-08,rms_layerwise,full_coupled,multiplicative_rms_memory,inherited,480,10,0.1,1.0,5.656854152679443,0.1,0.1,0.1,,32,0.03042459674179554,0.0374860018491745,0.15529151260852814,0.998378336429596,0.060546740889549255,0.9834873676300049,0.18154601752758026,True,True
adam,smallcnn,0,3,features.2.bias,0.001,0.9,0.999,1e-08,rms_layerwise,full_coupled,multiplicative_rms_memory,inherited,480,20,0.1,1.0,5.656854152679443,0.1,0.1,0.1,,32,0.06867644935846329,0.5504384636878967,2.0691797733306885,1.0004695653915405,-0.03140630945563316,1.0028765201568604,-0.07020049542188644,True,True
adam,smallcnn,0,3,features.2.bias,0.001,0.9,0.999,1e-08,rms_layerwise,full_coupled,multiplicative_rms_memory,inherited,480,40,0.1,1.0,5.656854152679443,0.1,0.1,0.1,,32,0.14670804142951965,1.5146028995513916,5.148519039154053,1.0011827945709229,-0.11734067648649216,1.0024815797805786,-0.07294473052024841,True,True
adam,smallcnn,0,4,features.5.weight,0.001,0.9,0.999,1e-08,rms_layerwise,full_coupled,multiplicative_rms_memory,inherited,480,1,0.001,1.0,135.76449584960938,0.001,0.001,0.001,,18432,0.06336606293916702,6.33483286947012e-05,0.06336803734302521,0.0031846181955188513,0.9999949336051941,0.0015911351656541228,0.9999988675117493,True,True
adam,smallcnn,0,4,features.5.weight,0.001,0.9,0.999,1e-08,rms_layerwise,full_coupled,multiplicative_rms_memory,inherited,480,5,0.001,1.0,135.76449584960938,0.001,0.001,0.001,,18432,0.3993047773838043,0.0009789509931579232,0.6153709888458252,0.9302464127540588,0.3689916133880615,0.7917982339859009,0.6119015216827393,True,True
adam,smallcnn,0,4,features.5.weight,0.001,0.9,0.999,1e-08,rms_layerwise,full_coupled,multiplicative_rms_memory,inherited,480,10,0.001,1.0,135.76449584960938,0.001,0.001,0.001,,18432,0.9298610687255859,0.023407086730003357,12.563477516174316,1.0009711980819702,-0.004597831051796675,1.000593662261963,0.028983410447835922,True,True
adam,smallcnn,0,4,features.5.weight,0.001,0.9,0.999,1e-08,rms_layerwise,full_coupled,multiplicative_rms_memory,inherited,480,20,0.001,1.0,135.76449584960938,0.001,0.001,0.001,,18432,1.828325629234314,0.5519706010818481,197.71226501464844,0.9999643564224243,0.012385529465973377,1.0004295110702515,-0.04183775186538696,True,True
adam,smallcnn,0,4,features.5.weight,0.001,0.9,0.999,1e-08,rms_layerwise,full_coupled,multiplicative_rms_memory,inherited,480,40,0.001,1.0,135.76449584960938,0.001,0.001,0.001,,18432,3.01422119140625,1.4565966129302979,468.5920715332031,1.000030755996704,-0.01377714704722166,1.0005650520324707,-0.0846686065196991,True,True
adam,smallcnn,0,4,features.5.weight,0.001,0.9,0.999,1e-08,rms_layerwise,full_coupled,multiplicative_rms_memory,inherited,480,1,0.003,1.0,135.76449584960938,0.003,0.003,0.003,,18432,0.06336606293916702,0.00018990937678609043,0.06336617469787598,0.001549295149743557,0.9999992847442627,0.00053315021796152,0.9999997615814209,True,True
adam,smallcnn,0,4,features.5.weight,0.001,0.9,0.999,1e-08,rms_layerwise,full_coupled,multiplicative_rms_memory,inherited,480,5,0.003,1.0,135.76449584960938,0.003,0.003,0.003,,18432,0.3993047773838043,0.0023015784099698067,0.997471272945404,0.858611524105072,0.5126858353614807,0.9203571081161499,0.39118561148643494,True,True
adam,smallcnn,0,4,features.5.weight,0.001,0.9,0.999,1e-08,rms_layerwise,full_coupled,multiplicative_rms_memory,inherited,480,10,0.003,1.0,135.76449584960938,0.003,0.003,0.003,,18432,0.9298610687255859,0.03459266945719719,12.23847770690918,0.9987241625785828,0.056130021810531616,1.0011067390441895,0.02341492287814617,True,True
adam,smallcnn,0,4,features.5.weight,0.001,0.9,0.999,1e-08,rms_layerwise,full_coupled,multiplicative_rms_memory,inherited,480,20,0.003,1.0,135.76449584960938,0.003,0.003,0.003,,18432,1.828325629234314,0.5639569163322449,76.02977752685547,0.9997807145118713,0.027405472472310066,1.000840187072754,-0.022925840690732002,True,True
adam,smallcnn,0,4,features.5.weight,0.001,0.9,0.999,1e-08,rms_layerwise,full_coupled,multiplicative_rms_memory,inherited,480,40,0.003,1.0,135.76449584960938,0.003,0.003,0.003,,18432,3.01422119140625,1.4399837255477905,176.47909545898438,0.9998611807823181,0.02524982951581478,1.0005719661712646,-0.024963870644569397,True,True
adam,smallcnn,0,4,features.5.weight,0.001,0.9,0.999,1e-08,rms_layerwise,full_coupled,multiplicative_rms_memory,inherited,480,1,0.01,1.0,135.76449584960938,0.01,0.01,0.01,,18432,0.06336606293916702,0.0006315337959676981,0.06336621195077896,0.0038036478217691183,0.9999985098838806,0.00016219262033700943,1.0000001192092896,True,True
adam,smallcnn,0,4,features.5.weight,0.001,0.9,0.999,1e-08,rms_layerwise,full_coupled,multiplicative_rms_memory,inherited,480,5,0.01,1.0,135.76449584960938,0.01,0.01,0.01,,18432,0.3993047773838043,0.009419851936399937,0.6957412362098694,0.9140722155570984,0.40594837069511414,0.8349499702453613,0.5508111715316772,True,True
adam,smallcnn,0,4,features.5.weight,0.001,0.9,0.999,1e-08,rms_layerwise,full_coupled,multiplicative_rms_memory,inherited,480,10,0.01,1.0,135.76449584960938,0.01,0.01,0.01,,18432,0.9298610687255859,0.10160431265830994,5.172828197479248,0.9967580437660217,0.08112660050392151,0.9996289014816284,0.09194325655698776,True,True
adam,smallcnn,0,4,features.5.weight,0.001,0.9,0.999,1e-08,rms_layerwise,full_coupled,multiplicative_rms_memory,inherited,480,20,0.01,1.0,135.76449584960938,0.01,0.01,0.01,,18432,1.828325629234314,0.5432278513908386,31.335168838500977,0.9970863461494446,0.10327473282814026,0.9946513772010803,0.1205950379371643,True,True
adam,smallcnn,0,4,features.5.weight,0.001,0.9,0.999,1e-08,rms_layerwise,full_coupled,multiplicative_rms_memory,inherited,480,40,0.01,1.0,135.76449584960938,0.01,0.01,0.01,,18432,3.01422119140625,1.3988311290740967,62.285179138183594,0.9979457855224609,0.10600416362285614,0.9907637238502502,0.21417249739170074,True,True
adam,smallcnn,0,4,features.5.weight,0.001,0.9,0.999,1e-08,rms_layerwise,full_coupled,multiplicative_rms_memory,inherited,480,1,0.03,1.0,135.76449584960938,0.03,0.03,0.03,,18432,0.06336606293916702,0.0018818352837115526,0.06336672604084015,0.011425950564444065,0.9999865293502808,0.00012292881729081273,1.0,True,True
adam,smallcnn,0,4,features.5.weight,0.001,0.9,0.999,1e-08,rms_layerwise,full_coupled,multiplicative_rms_memory,inherited,480,5,0.03,1.0,135.76449584960938,0.03,0.03,0.03,,18432,0.3993047773838043,0.022781886160373688,0.8576449155807495,0.8612714409828186,0.5084422826766968,0.8575495481491089,0.5169607400894165,True,True
adam,smallcnn,0,4,features.5.weight,0.001,0.9,0.999,1e-08,rms_layerwise,full_coupled,multiplicative_rms_memory,inherited,480,10,0.03,1.0,135.76449584960938,0.03,0.03,0.03,,18432,0.9298610687255859,0.15521135926246643,5.798487663269043,0.9819519519805908,0.18937624990940094,0.9773417115211487,0.2198745757341385,True,True
adam,smallcnn,0,4,features.5.weight,0.001,0.9,0.999,1e-08,rms_layerwise,full_coupled,multiplicative_rms_memory,inherited,480,20,0.03,1.0,135.76449584960938,0.03,0.03,0.03,,18432,1.828325629234314,0.7157637476921082,18.78383445739746,0.9928961992263794,0.13068729639053345,0.9972679018974304,0.07669758051633835,True,True
adam,smallcnn,0,4,features.5.weight,0.001,0.9,0.999,1e-08,rms_layerwise,full_coupled,multiplicative_rms_memory,inherited,480,40,0.03,1.0,135.76449584960938,0.03,0.03,0.03,,18432,3.01422119140625,1.5856995582580566,33.23795700073242,0.9943720698356628,0.12692534923553467,0.9957577586174011,0.09202321618795395,True,True
adam,smallcnn,0,4,features.5.weight,0.001,0.9,0.999,1e-08,rms_layerwise,full_coupled,multiplicative_rms_memory,inherited,480,1,0.1,1.0,135.76449584960938,0.1,0.1,0.1,,18432,0.06336606293916702,0.006125141400843859,0.06337376683950424,0.038538608700037,0.9998582601547241,0.001226919237524271,0.9999991655349731,True,True
adam,smallcnn,0,4,features.5.weight,0.001,0.9,0.999,1e-08,rms_layerwise,full_coupled,multiplicative_rms_memory,inherited,480,5,0.1,1.0,135.76449584960938,0.1,0.1,0.1,,18432,0.3993047773838043,0.051561951637268066,0.480734646320343,0.6790100336074829,0.7351769804954529,0.5652572512626648,0.824934184551239,True,True
adam,smallcnn,0,4,features.5.weight,0.001,0.9,0.999,1e-08,rms_layerwise,full_coupled,multiplicative_rms_memory,inherited,480,10,0.1,1.0,135.76449584960938,0.1,0.1,0.1,,18432,0.9298610687255859,0.1915070116519928,1.9399027824401855,0.9549114108085632,0.33354201912879944,0.9163855314254761,0.40681299567222595,True,True
adam,smallcnn,0,4,features.5.weight,0.001,0.9,0.999,1e-08,rms_layerwise,full_coupled,multiplicative_rms_memory,inherited,480,20,0.1,1.0,135.76449584960938,0.1,0.1,0.1,,18432,1.828325629234314,0.8709259629249573,7.046182155609131,1.010900855064392,0.052755557000637054,1.0033636093139648,0.11675356328487396,True,True
adam,smallcnn,0,4,features.5.weight,0.001,0.9,0.999,1e-08,rms_layerwise,full_coupled,multiplicative_rms_memory,inherited,480,40,0.1,1.0,135.76449584960938,0.1,0.1,0.1,,18432,3.01422119140625,1.932361364364624,12.415687561035156,1.013413667678833,-0.00857628509402275,1.014756202697754,0.060157518833875656,True,True
adam,smallcnn,0,5,features.5.bias,0.001,0.9,0.999,1e-08,rms_layerwise,full_coupled,multiplicative_rms_memory,inherited,480,1,0.001,1.0,8.0,0.001,0.001,0.001,,64,0.00439952639862895,4.403569619171321e-06,0.004400753416121006,0.003987523727118969,0.9999924898147583,0.0020239551085978746,0.9999980330467224,True,True
adam,smallcnn,0,5,features.5.bias,0.001,0.9,0.999,1e-08,rms_layerwise,full_coupled,multiplicative_rms_memory,inherited,480,5,0.001,1.0,8.0,0.001,0.001,0.001,,64,0.025834621861577034,9.371058695251122e-05,0.055721912533044815,0.9612714648246765,0.27560362219810486,0.8866899013519287,0.4623662829399109,True,True
adam,smallcnn,0,5,features.5.bias,0.001,0.9,0.999,1e-08,rms_layerwise,full_coupled,multiplicative_rms_memory,inherited,480,10,0.001,1.0,8.0,0.001,0.001,0.001,,64,0.05179135873913765,0.007372648920863867,3.957550287246704,0.9999778270721436,0.0066659292206168175,1.0000226497650146,0.004815454129129648,True,True
adam,smallcnn,0,5,features.5.bias,0.001,0.9,0.999,1e-08,rms_layerwise,full_coupled,multiplicative_rms_memory,inherited,480,20,0.001,1.0,8.0,0.001,0.001,0.001,,64,0.09840665012598038,0.3942587077617645,202.43038940429688,0.9999848008155823,0.06090828776359558,1.000024437904358,-0.05004453286528587,True,True
adam,smallcnn,0,5,features.5.bias,0.001,0.9,0.999,1e-08,rms_layerwise,full_coupled,multiplicative_rms_memory,inherited,480,40,0.001,1.0,8.0,0.001,0.001,0.001,,64,0.17958007752895355,1.042820930480957,424.71209716796875,1.0000041723251343,-0.02343374490737915,1.000006914138794,-0.016070786863565445,True,True
adam,smallcnn,0,5,features.5.bias,0.001,0.9,0.999,1e-08,rms_layerwise,full_coupled,multiplicative_rms_memory,inherited,480,1,0.003,1.0,8.0,0.003,0.003,0.003,,64,0.00439952639862895,1.3186236174078658e-05,0.0043991319835186005,0.0015859371051192284,0.9999992847442627,0.0005223436746746302,0.9999998211860657,True,True
adam,smallcnn,0,5,features.5.bias,0.001,0.9,0.999,1e-08,rms_layerwise,full_coupled,multiplicative_rms_memory,inherited,480,5,0.003,1.0,8.0,0.003,0.003,0.003,,64,0.025834621861577034,0.000150505977217108,0.04637185484170914,0.8543927669525146,0.5196489095687866,0.8262516260147095,0.5633354783058167,True,True
adam,smallcnn,0,5,features.5.bias,0.001,0.9,0.999,1e-08,rms_layerwise,full_coupled,multiplicative_rms_memory,inherited,480,10,0.003,1.0,8.0,0.003,0.003,0.003,,64,0.05179135873913765,0.009845908731222153,2.223806619644165,1.0000362396240234,0.005587219260632992,1.000047206878662,0.009612370282411575,True,True
adam,smallcnn,0,5,features.5.bias,0.001,0.9,0.999,1e-08,rms_layerwise,full_coupled,multiplicative_rms_memory,inherited,480,20,0.003,1.0,8.0,0.003,0.003,0.003,,64,0.09840665012598038,0.21622592210769653,72.47926330566406,0.9998757243156433,0.09176464378833771,0.9999780058860779,0.016845114529132843,True,True
adam,smallcnn,0,5,features.5.bias,0.001,0.9,0.999,1e-08,rms_layerwise,full_coupled,multiplicative_rms_memory,inherited,480,40,0.003,1.0,8.0,0.003,0.003,0.003,,64,0.17958007752895355,0.7858253717422485,204.77105712890625,0.9999412894248962,0.08597587794065475,0.99989253282547,0.12299396097660065,True,True
adam,smallcnn,0,5,features.5.bias,0.001,0.9,0.999,1e-08,rms_layerwise,full_coupled,multiplicative_rms_memory,inherited,480,1,0.01,1.0,8.0,0.01,0.01,0.01,,64,0.00439952639862895,4.3844094761880115e-05,0.004399409983307123,0.0038929563015699387,0.9999985098838806,0.00016476454038638622,1.0,True,True
adam,smallcnn,0,5,features.5.bias,0.001,0.9,0.999,1e-08,rms_layerwise,full_coupled,multiplicative_rms_memory,inherited,480,5,0.01,1.0,8.0,0.01,0.01,0.01,,64,0.025834621861577034,0.0006363838911056519,0.04797222837805748,0.9215805530548096,0.38857629895210266,0.8486822843551636,0.5289891958236694,True,True
adam,smallcnn,0,5,features.5.bias,0.001,0.9,0.999,1e-08,rms_layerwise,full_coupled,multiplicative_rms_memory,inherited,480,10,0.01,1.0,8.0,0.01,0.01,0.01,,64,0.05179135873913765,0.0076609523966908455,0.5939910411834717,1.000788927078247,0.0221271850168705,0.9992629885673523,0.05204532667994499,True,True
adam,smallcnn,0,5,features.5.bias,0.001,0.9,0.999,1e-08,rms_layerwise,full_coupled,multiplicative_rms_memory,inherited,480,20,0.01,1.0,8.0,0.01,0.01,0.01,,64,0.09840665012598038,0.3294242024421692,17.905872344970703,1.0000877380371094,-0.027869878336787224,1.0003238916397095,-0.056187309324741364,True,True
adam,smallcnn,0,5,features.5.bias,0.001,0.9,0.999,1e-08,rms_layerwise,full_coupled,multiplicative_rms_memory,inherited,480,40,0.01,1.0,8.0,0.01,0.01,0.01,,64,0.17958007752895355,1.0814812183380127,39.26021957397461,1.000180721282959,-0.10795223712921143,1.000283122062683,-0.05963296443223953,True,True
adam,smallcnn,0,5,features.5.bias,0.001,0.9,0.999,1e-08,rms_layerwise,full_coupled,multiplicative_rms_memory,inherited,480,1,0.03,1.0,8.0,0.03,0.03,0.03,,64,0.00439952639862895,0.00013062849757261574,0.004399584606289864,0.011723846197128296,0.9999854564666748,0.00012169725960120559,0.9999998807907104,True,True
adam,smallcnn,0,5,features.5.bias,0.001,0.9,0.999,1e-08,rms_layerwise,full_coupled,multiplicative_rms_memory,inherited,480,5,0.03,1.0,8.0,0.03,0.03,0.03,,64,0.025834621861577034,0.0011587293120101094,0.03193022310733795,0.7593443989753723,0.6509362459182739,0.597791850566864,0.8016856908798218,True,True
adam,smallcnn,0,5,features.5.bias,0.001,0.9,0.999,1e-08,rms_layerwise,full_coupled,multiplicative_rms_memory,inherited,480,10,0.03,1.0,8.0,0.03,0.03,0.03,,64,0.05179135873913765,0.022816354408860207,0.3841148018836975,1.00020170211792,0.031087568029761314,0.99562668800354,0.09978014975786209,True,True
adam,smallcnn,0,5,features.5.bias,0.001,0.9,0.999,1e-08,rms_layerwise,full_coupled,multiplicative_rms_memory,inherited,480,20,0.03,1.0,8.0,0.03,0.03,0.03,,64,0.09840665012598038,0.4756648540496826,7.290213108062744,0.9999017119407654,0.018957646563649178,0.9995070695877075,0.04325510188937187,True,True
adam,smallcnn,0,5,features.5.bias,0.001,0.9,0.999,1e-08,rms_layerwise,full_coupled,multiplicative_rms_memory,inherited,480,40,0.03,1.0,8.0,0.03,0.03,0.03,,64,0.17958007752895355,1.391553282737732,19.96765899658203,1.0003623962402344,-0.09168621152639389,1.000042200088501,-0.00019678684475366026,True,True
adam,smallcnn,0,5,features.5.bias,0.001,0.9,0.999,1e-08,rms_layerwise,full_coupled,multiplicative_rms_memory,inherited,480,1,0.1,1.0,8.0,0.1,0.1,0.1,,64,0.00439952639862895,0.0004249806224834174,0.004400510806590319,0.03960240259766579,0.9998420476913452,0.0010837618028745055,0.999999463558197,True,True
adam,smallcnn,0,5,features.5.bias,0.001,0.9,0.999,1e-08,rms_layerwise,full_coupled,multiplicative_rms_memory,inherited,480,5,0.1,1.0,8.0,0.1,0.1,0.1,,64,0.025834621861577034,0.003195349592715502,0.037711989134550095,0.6252672076225281,0.7808989882469177,0.7301132082939148,0.6833284497261047,True,True
adam,smallcnn,0,5,features.5.bias,0.001,0.9,0.999,1e-08,rms_layerwise,full_coupled,multiplicative_rms_memory,inherited,480,10,0.1,1.0,8.0,0.1,0.1,0.1,,64,0.05179135873913765,0.04057738557457924,0.3612334728240967,0.9960312247276306,0.0948510617017746,0.9956989884376526,0.10162106156349182,True,True
adam,smallcnn,0,5,features.5.bias,0.001,0.9,0.999,1e-08,rms_layerwise,full_coupled,multiplicative_rms_memory,inherited,480,20,0.1,1.0,8.0,0.1,0.1,0.1,,64,0.09840665012598038,0.41997694969177246,1.7234903573989868,1.0012404918670654,-0.04126180708408356,1.003104567527771,-0.025910090655088425,True,True
adam,smallcnn,0,5,features.5.bias,0.001,0.9,0.999,1e-08,rms_layerwise,full_coupled,multiplicative_rms_memory,inherited,480,40,0.1,1.0,8.0,0.1,0.1,0.1,,64,0.17958007752895355,1.2489943504333496,4.042722225189209,1.0011532306671143,-0.07306253165006638,0.998657763004303,0.05240591615438461,True,True
adam,smallcnn,0,6,features.7.weight,0.001,0.9,0.999,1e-08,rms_layerwise,full_coupled,multiplicative_rms_memory,inherited,480,1,0.001,1.0,192.0,0.001,0.001,0.001,,36864,0.07934838533401489,7.93173021520488e-05,0.07934832572937012,0.0029001228976994753,0.9999958872795105,0.0014595070388168097,0.9999989867210388,True,True
adam,smallcnn,0,6,features.7.weight,0.001,0.9,0.999,1e-08,rms_layerwise,full_coupled,multiplicative_rms_memory,inherited,480,5,0.001,1.0,192.0,0.001,0.001,0.001,,36864,0.4753689765930176,0.0007716103573329747,0.581440806388855,0.7848411798477173,0.6197075247764587,0.5833288431167603,0.8122535347938538,True,True
adam,smallcnn,0,6,features.7.weight,0.001,0.9,0.999,1e-08,rms_layerwise,full_coupled,multiplicative_rms_memory,inherited,480,10,0.001,1.0,192.0,0.001,0.001,0.001,,36864,0.8844718337059021,0.020472349599003792,9.901792526245117,0.9994204044342041,0.03501354902982712,0.9969744086265564,0.0784829631447792,True,True
adam,smallcnn,0,6,features.7.weight,0.001,0.9,0.999,1e-08,rms_layerwise,full_coupled,multiplicative_rms_memory,inherited,480,20,0.001,1.0,192.0,0.001,0.001,0.001,,36864,1.4547098875045776,0.5109513401985168,226.75509643554688,1.0000501871109009,-0.016225378960371017,1.0000722408294678,-0.008046774193644524,True,True
adam,smallcnn,0,6,features.7.weight,0.001,0.9,0.999,1e-08,rms_layerwise,full_coupled,multiplicative_rms_memory,inherited,480,40,0.001,1.0,192.0,0.001,0.001,0.001,,36864,2.291961908340454,1.456600546836853,648.1670532226562,1.0001245737075806,-0.0784403383731842,1.000312089920044,-0.08652602881193161,True,True
adam,smallcnn,0,6,features.7.weight,0.001,0.9,0.999,1e-08,rms_layerwise,full_coupled,multiplicative_rms_memory,inherited,480,1,0.003,1.0,192.0,0.003,0.003,0.003,,36864,0.07934838533401489,0.00023777363821864128,0.0793483555316925,0.0015400637639686465,0.9999995231628418,0.0004874443693552166,0.9999999403953552,True,True
adam,smallcnn,0,6,features.7.weight,0.001,0.9,0.999,1e-08,rms_layerwise,full_coupled,multiplicative_rms_memory,inherited,480,5,0.003,1.0,192.0,0.003,0.003,0.003,,36864,0.4753689765930176,0.0016817452851682901,0.5033608675003052,0.5371173620223999,0.843519389629364,0.3555671274662018,0.9347009658813477,True,True
adam,smallcnn,0,6,features.7.weight,0.001,0.9,0.999,1e-08,rms_layerwise,full_coupled,multiplicative_rms_memory,inherited,480,10,0.003,1.0,192.0,0.003,0.003,0.003,,36864,0.8844718337059021,0.030158568173646927,9.00974178314209,0.9954541325569153,0.09554242342710495,0.9926979541778564,0.1231941431760788,True,True
adam,smallcnn,0,6,features.7.weight,0.001,0.9,0.999,1e-08,rms_layerwise,full_coupled,multiplicative_rms_memory,inherited,480,20,0.003,1.0,192.0,0.003,0.003,0.003,,36864,1.4547098875045776,0.478845477104187,88.11788177490234,0.9997777342796326,0.028930233791470528,0.9990760087966919,0.06419788300991058,True,True
adam,smallcnn,0,6,features.7.weight,0.001,0.9,0.999,1e-08,rms_layerwise,full_coupled,multiplicative_rms_memory,inherited,480,40,0.003,1.0,192.0,0.003,0.003,0.003,,36864,2.291961908340454,1.2804081439971924,182.5038299560547,1.0002706050872803,-0.04769754782319069,0.9991292357444763,0.07558512687683105,True,True
adam,smallcnn,0,6,features.7.weight,0.001,0.9,0.999,1e-08,rms_layerwise,full_coupled,multiplicative_rms_memory,inherited,480,1,0.01,1.0,192.0,0.01,0.01,0.01,,36864,0.07934838533401489,0.0007904722588136792,0.07934879511594772,0.003983162343502045,0.9999992847442627,0.00014463758270721883,0.9999999403953552,True,True
adam,smallcnn,0,6,features.7.weight,0.001,0.9,0.999,1e-08,rms_layerwise,full_coupled,multiplicative_rms_memory,inherited,480,5,0.01,1.0,192.0,0.01,0.01,0.01,,36864,0.4753689765930176,0.006223083008080721,0.5725818872451782,0.6680748462677002,0.7443503737449646,0.5893355011940002,0.8081886172294617,True,True
adam,smallcnn,0,6,features.7.weight,0.001,0.9,0.999,1e-08,rms_layerwise,full_coupled,multiplicative_rms_memory,inherited,480,10,0.01,1.0,192.0,0.01,0.01,0.01,,36864,0.8844718337059021,0.0494103729724884,4.745856285095215,0.9879515767097473,0.15640489757061005,0.9863812327384949,0.1657610535621643,True,True
adam,smallcnn,0,6,features.7.weight,0.001,0.9,0.999,1e-08,rms_layerwise,full_coupled,multiplicative_rms_memory,inherited,480,20,0.01,1.0,192.0,0.01,0.01,0.01,,36864,1.4547098875045776,0.5367665886878967,27.801544189453125,1.0004613399505615,-0.003475490491837263,1.0015549659729004,-0.003579419571906328,True,True
adam,smallcnn,0,6,features.7.weight,0.001,0.9,0.999,1e-08,rms_layerwise,full_coupled,multiplicative_rms_memory,inherited,480,40,0.01,1.0,192.0,0.01,0.01,0.01,,36864,2.291961908340454,1.3517959117889404,50.832054138183594,1.0012696981430054,-0.06645237654447556,1.0011979341506958,-0.004038253333419561,True,True
adam,smallcnn,0,6,features.7.weight,0.001,0.9,0.999,1e-08,rms_layerwise,full_coupled,multiplicative_rms_memory,inherited,480,1,0.03,1.0,192.0,0.03,0.03,0.03,,36864,0.07934838533401489,0.0023533906787633896,0.0793510228395462,0.011979661881923676,0.9999945759773254,0.00010511140862945467,0.9999998807907104,True,True
adam,smallcnn,0,6,features.7.weight,0.001,0.9,0.999,1e-08,rms_layerwise,full_coupled,multiplicative_rms_memory,inherited,480,5,0.03,1.0,192.0,0.03,0.03,0.03,,36864,0.4753689765930176,0.01803562231361866,0.5260971188545227,0.6463726162910461,0.7635068297386169,0.48010602593421936,0.8775951266288757,True,True
adam,smallcnn,0,6,features.7.weight,0.001,0.9,0.999,1e-08,rms_layerwise,full_coupled,multiplicative_rms_memory,inherited,480,10,0.03,1.0,192.0,0.03,0.03,0.03,,36864,0.8844718337059021,0.10640594363212585,2.3317878246307373,0.9715328216552734,0.23721644282341003,0.9393278956413269,0.34475645422935486,True,True
adam,smallcnn,0,6,features.7.weight,0.001,0.9,0.999,1e-08,rms_layerwise,full_coupled,multiplicative_rms_memory,inherited,480,20,0.03,1.0,192.0,0.03,0.03,0.03,,36864,1.4547098875045776,0.5413728356361389,10.787224769592285,0.9949793219566345,0.10243154317140579,0.9918169379234314,0.12785953283309937,True,True
adam,smallcnn,0,6,features.7.weight,0.001,0.9,0.999,1e-08,rms_layerwise,full_coupled,multiplicative_rms_memory,inherited,480,40,0.03,1.0,192.0,0.03,0.03,0.03,,36864,2.291961908340454,1.4100555181503296,23.940935134887695,1.001196265220642,-0.0001654101361054927,0.9983983635902405,0.06458333134651184,True,True
adam,smallcnn,0,6,features.7.weight,0.001,0.9,0.999,1e-08,rms_layerwise,full_coupled,multiplicative_rms_memory,inherited,480,1,0.1,1.0,192.0,0.1,0.1,0.1,,36864,0.07934838533401489,0.007636751048266888,0.07937777042388916,0.04055727273225784,0.9999416470527649,0.0010530379367992282,0.9999995827674866,True,True
adam,smallcnn,0,6,features.7.weight,0.001,0.9,0.999,1e-08,rms_layerwise,full_coupled,multiplicative_rms_memory,inherited,480,5,0.1,1.0,192.0,0.1,0.1,0.1,,36864,0.4753689765930176,0.06150718405842781,0.5173949003219604,0.671341061592102,0.741799533367157,0.4366210401058197,0.8998445868492126,True,True
adam,smallcnn,0,6,features.7.weight,0.001,0.9,0.999,1e-08,rms_layerwise,full_coupled,multiplicative_rms_memory,inherited,480,10,0.1,1.0,192.0,0.1,0.1,0.1,,36864,0.8844718337059021,0.339309960603714,1.9091311693191528,0.9658731818199158,0.2590210437774658,0.8944216370582581,0.44750306010246277,True,True
adam,smallcnn,0,6,features.7.weight,0.001,0.9,0.999,1e-08,rms_layerwise,full_coupled,multiplicative_rms_memory,inherited,480,20,0.1,1.0,192.0,0.1,0.1,0.1,,36864,1.4547098875045776,1.2883055210113525,6.821954250335693,0.9925556182861328,0.12214122712612152,0.9796620011329651,0.20102635025978088,True,True
adam,smallcnn,0,6,features.7.weight,0.001,0.9,0.999,1e-08,rms_layerwise,full_coupled,multiplicative_rms_memory,inherited,480,40,0.1,1.0,192.0,0.1,0.1,0.1,,36864,2.291961908340454,2.412299871444702,11.588164329528809,0.9960150122642517,0.08936471492052078,0.98560631275177,0.1711430698633194,True,True
adam,smallcnn,0,7,features.7.bias,0.001,0.9,0.999,1e-08,rms_layerwise,full_coupled,multiplicative_rms_memory,inherited,480,1,0.001,1.0,8.0,0.001,0.001,0.001,,64,0.0036121071316301823,3.6121659832133446e-06,0.003612276166677475,0.0022596782073378563,0.9999974370002747,0.001338002271950245,0.9999991059303284,True,True
adam,smallcnn,0,7,features.7.bias,0.001,0.9,0.999,1e-08,rms_layerwise,full_coupled,multiplicative_rms_memory,inherited,480,5,0.001,1.0,8.0,0.001,0.001,0.001,,64,0.0228698942810297,4.074702883372083e-05,0.02993530035018921,0.8294366598129272,0.5586071014404297,0.6487157344818115,0.7610365152359009,True,True
adam,smallcnn,0,7,features.7.bias,0.001,0.9,0.999,1e-08,rms_layerwise,full_coupled,multiplicative_rms_memory,inherited,480,10,0.001,1.0,8.0,0.001,0.001,0.001,,64,0.04430580139160156,0.004586283583194017,3.8258278369903564,0.9999067187309265,0.014485050924122334,0.9999462962150574,0.01042989082634449,True,True
adam,smallcnn,0,7,features.7.bias,0.001,0.9,0.999,1e-08,rms_layerwise,full_coupled,multiplicative_rms_memory,inherited,480,20,0.001,1.0,8.0,0.001,0.001,0.001,,64,0.07079344242811203,0.24996022880077362,174.85926818847656,0.9999999403953552,0.0005339375347830355,0.9999961256980896,0.009648509323596954,True,True
adam,smallcnn,0,7,features.7.bias,0.001,0.9,0.999,1e-08,rms_layerwise,full_coupled,multiplicative_rms_memory,inherited,480,40,0.001,1.0,8.0,0.001,0.001,0.001,,64,0.09846171736717224,0.7969222664833069,511.7664794921875,0.9999980330467224,0.016117189079523087,0.9999885559082031,0.05972752347588539,True,True
adam,smallcnn,0,7,features.7.bias,0.001,0.9,0.999,1e-08,rms_layerwise,full_coupled,multiplicative_rms_memory,inherited,480,1,0.003,1.0,8.0,0.003,0.003,0.003,,64,0.0036121071316301823,1.0823856428032741e-05,0.003612025873735547,0.0015815745573490858,0.9999994039535522,0.0005191945820115507,0.9999997615814209,True,True
adam,smallcnn,0,7,features.7.bias,0.001,0.9,0.999,1e-08,rms_layerwise,full_coupled,multiplicative_rms_memory,inherited,480,5,0.003,1.0,8.0,0.003,0.003,0.003,,64,0.0228698942810297,0.00011504002031870186,0.028186023235321045,0.8017424941062927,0.5976709723472595,0.5835715532302856,0.8120620250701904,True,True
adam,smallcnn,0,7,features.7.bias,0.001,0.9,0.999,1e-08,rms_layerwise,full_coupled,multiplicative_rms_memory,inherited,480,10,0.003,1.0,8.0,0.003,0.003,0.003,,64,0.04430580139160156,0.0051961056888103485,1.2486122846603394,0.9995682835578918,0.029664741829037666,0.9993689060211182,0.03552015498280525,True,True
adam,smallcnn,0,7,features.7.bias,0.001,0.9,0.999,1e-08,rms_layerwise,full_coupled,multiplicative_rms_memory,inherited,480,20,0.003,1.0,8.0,0.003,0.003,0.003,,64,0.07079344242811203,0.25996798276901245,57.89699935913086,1.0000019073486328,-0.0019711479544639587,1.0000349283218384,-0.027963439002633095,True,True
adam,smallcnn,0,7,features.7.bias,0.001,0.9,0.999,1e-08,rms_layerwise,full_coupled,multiplicative_rms_memory,inherited,480,40,0.003,1.0,8.0,0.003,0.003,0.003,,64,0.09846171736717224,0.8312974572181702,184.97642517089844,0.9999960064888,0.011197222396731377,0.9999874234199524,0.023669680580496788,True,True
adam,smallcnn,0,7,features.7.bias,0.001,0.9,0.999,1e-08,rms_layerwise,full_coupled,multiplicative_rms_memory,inherited,480,1,0.01,1.0,8.0,0.01,0.01,0.01,,64,0.0036121071316301823,3.597834438551217e-05,0.003612090367823839,0.0040030828677117825,0.9999997615814209,0.00011496917431941256,1.0000001192092896,True,True
adam,smallcnn,0,7,features.7.bias,0.001,0.9,0.999,1e-08,rms_layerwise,full_coupled,multiplicative_rms_memory,inherited,480,5,0.01,1.0,8.0,0.01,0.01,0.01,,64,0.0228698942810297,0.0002662773767951876,0.02529861032962799,0.5148574709892273,0.8572772741317749,0.4259287416934967,0.904757022857666,True,True
adam,smallcnn,0,7,features.7.bias,0.001,0.9,0.999,1e-08,rms_layerwise,full_coupled,multiplicative_rms_memory,inherited,480,10,0.01,1.0,8.0,0.01,0.01,0.01,,64,0.04430580139160156,0.0029856408946216106,0.4496336877346039,0.9892594814300537,0.14618627727031708,0.9957147240638733,0.09266501665115356,True,True
adam,smallcnn,0,7,features.7.bias,0.001,0.9,0.999,1e-08,rms_layerwise,full_coupled,multiplicative_rms_memory,inherited,480,20,0.01,1.0,8.0,0.01,0.01,0.01,,64,0.07079344242811203,0.1582440435886383,19.459020614624023,0.9999305009841919,0.017776718363165855,1.0000941753387451,-0.024087943136692047,True,True
adam,smallcnn,0,7,features.7.bias,0.001,0.9,0.999,1e-08,rms_layerwise,full_coupled,multiplicative_rms_memory,inherited,480,40,0.01,1.0,8.0,0.01,0.01,0.01,,64,0.09846171736717224,0.8196370005607605,61.254947662353516,0.9999999403953552,0.0006201034411787987,0.9999635219573975,0.0234582107514143,True,True
adam,smallcnn,0,7,features.7.bias,0.001,0.9,0.999,1e-08,rms_layerwise,full_coupled,multiplicative_rms_memory,inherited,480,1,0.03,1.0,8.0,0.03,0.03,0.03,,64,0.0036121071316301823,0.00010706797911552712,0.0036122859455645084,0.012176967225968838,0.9999991655349731,7.969867874635383e-05,0.9999999403953552,True,True
adam,smallcnn,0,7,features.7.bias,0.001,0.9,0.999,1e-08,rms_layerwise,full_coupled,multiplicative_rms_memory,inherited,480,5,0.03,1.0,8.0,0.03,0.03,0.03,,64,0.0228698942810297,0.0008945698500610888,0.02641727402806282,0.649725079536438,0.7601993083953857,0.4993526339530945,0.8663991093635559,True,True
adam,smallcnn,0,7,features.7.bias,0.001,0.9,0.999,1e-08,rms_layerwise,full_coupled,multiplicative_rms_memory,inherited,480,10,0.03,1.0,8.0,0.03,0.03,0.03,,64,0.04430580139160156,0.011793948709964752,0.19662798941135406,0.9932217001914978,0.11629102379083633,0.9740070700645447,0.22652044892311096,True,True
adam,smallcnn,0,7,features.7.bias,0.001,0.9,0.999,1e-08,rms_layerwise,full_coupled,multiplicative_rms_memory,inherited,480,20,0.03,1.0,8.0,0.03,0.03,0.03,,64,0.07079344242811203,0.48226332664489746,5.320912837982178,0.9999801516532898,0.006690271198749542,1.0003571510314941,-0.020190047100186348,True,True
adam,smallcnn,0,7,features.7.bias,0.001,0.9,0.999,1e-08,rms_layerwise,full_coupled,multiplicative_rms_memory,inherited,480,40,0.03,1.0,8.0,0.03,0.03,0.03,,64,0.09846171736717224,1.1885261535644531,15.702476501464844,1.0001111030578613,-0.043470896780490875,1.0001933574676514,-0.027691828086972237,True,True
adam,smallcnn,0,7,features.7.bias,0.001,0.9,0.999,1e-08,rms_layerwise,full_coupled,multiplicative_rms_memory,inherited,480,1,0.1,1.0,8.0,0.1,0.1,0.1,,64,0.0036121071316301823,0.0003469371877145022,0.0036138000432401896,0.04137927666306496,0.999990701675415,0.0007136920467019081,0.9999997615814209,True,True
adam,smallcnn,0,7,features.7.bias,0.001,0.9,0.999,1e-08,rms_layerwise,full_coupled,multiplicative_rms_memory,inherited,480,5,0.1,1.0,8.0,0.1,0.1,0.1,,64,0.0228698942810297,0.002490130253136158,0.023910388350486755,0.4617477357387543,0.8875485062599182,0.2928600013256073,0.9561554193496704,True,True
adam,smallcnn,0,7,features.7.bias,0.001,0.9,0.999,1e-08,rms_layerwise,full_coupled,multiplicative_rms_memory,inherited,480,10,0.1,1.0,8.0,0.1,0.1,0.1,,64,0.04430580139160156,0.023834865540266037,0.23588241636753082,0.9861530661582947,0.16691865026950836,0.9758801460266113,0.22077979147434235,True,True
adam,smallcnn,0,7,features.7.bias,0.001,0.9,0.999,1e-08,rms_layerwise,full_coupled,multiplicative_rms_memory,inherited,480,20,0.1,1.0,8.0,0.1,0.1,0.1,,64,0.07079344242811203,0.543365478515625,2.134321451187134,0.9999943971633911,0.006943697575479746,0.9994029998779297,0.03457514941692352,True,True
adam,smallcnn,0,7,features.7.bias,0.001,0.9,0.999,1e-08,rms_layerwise,full_coupled,multiplicative_rms_memory,inherited,480,40,0.1,1.0,8.0,0.1,0.1,0.1,,64,0.09846171736717224,1.4729939699172974,5.148425579071045,1.0003198385238647,-0.04451727494597435,0.9994702935218811,0.037249334156513214,True,True
adam,smallcnn,0,8,features.10.weight,0.001,0.9,0.999,1e-08,rms_layerwise,full_coupled,multiplicative_rms_memory,inherited,480,1,0.001,1.0,271.52899169921875,0.001,0.001,0.001,,73728,0.07814663648605347,7.811755494913086e-05,0.07814700901508331,0.003667837707325816,0.9999933838844299,0.0018492209492251277,0.999998152256012,True,True
adam,smallcnn,0,8,features.10.weight,0.001,0.9,0.999,1e-08,rms_layerwise,full_coupled,multiplicative_rms_memory,inherited,480,5,0.001,1.0,271.52899169921875,0.001,0.001,0.001,,73728,0.5033182501792908,0.0007420086767524481,0.58638596534729,0.7531351447105408,0.6581740379333496,0.5325150489807129,0.8465033769607544,True,True
adam,smallcnn,0,8,features.10.weight,0.001,0.9,0.999,1e-08,rms_layerwise,full_coupled,multiplicative_rms_memory,inherited,480,10,0.001,1.0,271.52899169921875,0.001,0.001,0.001,,73728,0.9355112314224243,0.012230221182107925,22.554704666137695,0.9978094100952148,0.06685301661491394,0.9990097284317017,0.04459965601563454,True,True
adam,smallcnn,0,8,features.10.weight,0.001,0.9,0.999,1e-08,rms_layerwise,full_coupled,multiplicative_rms_memory,inherited,480,20,0.001,1.0,271.52899169921875,0.001,0.001,0.001,,73728,1.5112437009811401,0.4362466335296631,241.1044921875,0.9998895525932312,0.03361501917243004,0.9997988343238831,0.035230208188295364,True,True
adam,smallcnn,0,8,features.10.weight,0.001,0.9,0.999,1e-08,rms_layerwise,full_coupled,multiplicative_rms_memory,inherited,480,40,0.001,1.0,271.52899169921875,0.001,0.001,0.001,,73728,2.3344566822052,1.2160568237304688,504.1463317871094,1.000019907951355,-0.009398103691637516,0.9997774958610535,0.05035197362303734,True,True
adam,smallcnn,0,8,features.10.weight,0.001,0.9,0.999,1e-08,rms_layerwise,full_coupled,multiplicative_rms_memory,inherited,480,1,0.003,1.0,271.52899169921875,0.003,0.003,0.003,,73728,0.07814663648605347,0.0002341749204788357,0.07814658433198929,0.0017463548574596643,0.9999990463256836,0.0006146103260107338,0.9999998211860657,True,True
adam,smallcnn,0,8,features.10.weight,0.001,0.9,0.999,1e-08,rms_layerwise,full_coupled,multiplicative_rms_memory,inherited,480,5,0.003,1.0,271.52899169921875,0.003,0.003,0.003,,73728,0.5033182501792908,0.0019638394005596638,0.5390572547912598,0.6441900730133057,0.7648757696151733,0.366732120513916,0.9303327202796936,True,True
adam,smallcnn,0,8,features.10.weight,0.001,0.9,0.999,1e-08,rms_layerwise,full_coupled,multiplicative_rms_memory,inherited,480,10,0.003,1.0,271.52899169921875,0.003,0.003,0.003,,73728,0.9355112314224243,0.024674000218510628,9.747371673583984,0.9921820759773254,0.12533527612686157,0.9944922924041748,0.10521729290485382,True,True
adam,smallcnn,0,8,features.10.weight,0.001,0.9,0.999,1e-08,rms_layerwise,full_coupled,multiplicative_rms_memory,inherited,480,20,0.003,1.0,271.52899169921875,0.003,0.003,0.003,,73728,1.5112437009811401,0.42077067494392395,84.62539672851562,0.9998865127563477,0.01591930165886879,0.999973714351654,0.010406497865915298,True,True
adam,smallcnn,0,8,features.10.weight,0.001,0.9,0.999,1e-08,rms_layerwise,full_coupled,multiplicative_rms_memory,inherited,480,40,0.003,1.0,271.52899169921875,0.003,0.003,0.003,,73728,2.3344566822052,1.1667437553405762,176.29222106933594,1.0002886056900024,-0.04507988318800926,0.9998023509979248,0.02153928019106388,True,True
adam,smallcnn,0,8,features.10.weight,0.001,0.9,0.999,1e-08,rms_layerwise,full_coupled,multiplicative_rms_memory,inherited,480,1,0.01,1.0,271.52899169921875,0.01,0.01,0.01,,73728,0.07814663648605347,0.0007785150082781911,0.07814708352088928,0.0041219755075871944,0.9999986886978149,0.00018774106865748763,1.0,True,True
adam,smallcnn,0,8,features.10.weight,0.001,0.9,0.999,1e-08,rms_layerwise,full_coupled,multiplicative_rms_memory,inherited,480,5,0.01,1.0,271.52899169921875,0.01,0.01,0.01,,73728,0.5033182501792908,0.005242275074124336,0.5186929106712341,0.29442623257637024,0.9556844234466553,0.25901898741722107,0.9658826589584351,True,True
adam,smallcnn,0,8,features.10.weight,0.001,0.9,0.999,1e-08,rms_layerwise,full_coupled,multiplicative_rms_memory,inherited,480,10,0.01,1.0,271.52899169921875,0.01,0.01,0.01,,73728,0.9355112314224243,0.050359904766082764,3.812697649002075,0.9820959568023682,0.188399538397789,0.9679937958717346,0.25103792548179626,True,True
adam,smallcnn,0,8,features.10.weight,0.001,0.9,0.999,1e-08,rms_layerwise,full_coupled,multiplicative_rms_memory,inherited,480,20,0.01,1.0,271.52899169921875,0.01,0.01,0.01,,73728,1.5112437009811401,0.40853339433670044,24.74658203125,0.9987942576408386,0.051070213317871094,0.9976680874824524,0.06867429614067078,True,True
adam,smallcnn,0,8,features.10.weight,0.001,0.9,0.999,1e-08,rms_layerwise,full_coupled,multiplicative_rms_memory,inherited,480,40,0.01,1.0,271.52899169921875,0.01,0.01,0.01,,73728,2.3344566822052,1.164408802986145,51.0908203125,1.0005086660385132,-0.01534948032349348,0.9992454648017883,0.03935445100069046,True,True
adam,smallcnn,0,8,features.10.weight,0.001,0.9,0.999,1e-08,rms_layerwise,full_coupled,multiplicative_rms_memory,inherited,480,1,0.03,1.0,271.52899169921875,0.03,0.03,0.03,,73728,0.07814663648605347,0.002317892387509346,0.07815008610486984,0.012370394542813301,0.9999889731407166,0.00012775151117239147,0.9999999403953552,True,True
adam,smallcnn,0,8,features.10.weight,0.001,0.9,0.999,1e-08,rms_layerwise,full_coupled,multiplicative_rms_memory,inherited,480,5,0.03,1.0,271.52899169921875,0.03,0.03,0.03,,73728,0.5033182501792908,0.016223151236772537,0.5307697057723999,0.3931695222854614,0.9195342659950256,0.3260841965675354,0.9453453421592712,True,True
adam,smallcnn,0,8,features.10.weight,0.001,0.9,0.999,1e-08,rms_layerwise,full_coupled,multiplicative_rms_memory,inherited,480,10,0.03,1.0,271.52899169921875,0.03,0.03,0.03,,73728,0.9355112314224243,0.08934088796377182,1.970969319343567,0.9511978626251221,0.3086305856704712,0.8805781006813049,0.4739016890525818,True,True
adam,smallcnn,0,8,features.10.weight,0.001,0.9,0.999,1e-08,rms_layerwise,full_coupled,multiplicative_rms_memory,inherited,480,20,0.03,1.0,271.52899169921875,0.03,0.03,0.03,,73728,1.5112437009811401,0.4702986180782318,7.8137335777282715,0.9942876696586609,0.10728806257247925,0.9820108413696289,0.18887844681739807,True,True
adam,smallcnn,0,8,features.10.weight,0.001,0.9,0.999,1e-08,rms_layerwise,full_coupled,multiplicative_rms_memory,inherited,480,40,0.03,1.0,271.52899169921875,0.03,0.03,0.03,,73728,2.3344566822052,1.229646921157837,17.708179473876953,1.001003623008728,0.010847143828868866,0.9987078309059143,0.07571092247962952,True,True
adam,smallcnn,0,8,features.10.weight,0.001,0.9,0.999,1e-08,rms_layerwise,full_coupled,multiplicative_rms_memory,inherited,480,1,0.1,1.0,271.52899169921875,0.1,0.1,0.1,,73728,0.07814663648605347,0.007523597218096256,0.0781843289732933,0.041918493807315826,0.9998747110366821,0.002951548434793949,0.9999956488609314,True,True
adam,smallcnn,0,8,features.10.weight,0.001,0.9,0.999,1e-08,rms_layerwise,full_coupled,multiplicative_rms_memory,inherited,480,5,0.1,1.0,271.52899169921875,0.1,0.1,0.1,,73728,0.5033182501792908,0.05027543008327484,0.511908233165741,0.24213309586048126,0.9707192778587341,0.19868247210979462,0.9800690412521362,True,True
adam,smallcnn,0,8,features.10.weight,0.001,0.9,0.999,1e-08,rms_layerwise,full_coupled,multiplicative_rms_memory,inherited,480,10,0.1,1.0,271.52899169921875,0.1,0.1,0.1,,73728,0.9355112314224243,0.15014611184597015,1.2072385549545288,0.7947193384170532,0.607184886932373,0.632597029209137,0.7744812369346619,True,True
adam,smallcnn,0,8,features.10.weight,0.001,0.9,0.999,1e-08,rms_layerwise,full_coupled,multiplicative_rms_memory,inherited,480,20,0.1,1.0,271.52899169921875,0.1,0.1,0.1,,73728,1.5112437009811401,0.6045032739639282,3.932088851928711,0.9677402973175049,0.2519572675228119,0.9344996809959412,0.35701099038124084,True,True
adam,smallcnn,0,8,features.10.weight,0.001,0.9,0.999,1e-08,rms_layerwise,full_coupled,multiplicative_rms_memory,inherited,480,40,0.1,1.0,271.52899169921875,0.1,0.1,0.1,,73728,2.3344566822052,1.450380563735962,7.0796709060668945,1.0030163526535034,0.06170900538563728,0.9997677803039551,0.16557474434375763,True,True
adam,smallcnn,0,9,features.10.bias,0.001,0.9,0.999,1e-08,rms_layerwise,full_coupled,multiplicative_rms_memory,inherited,480,1,0.001,1.0,11.313708305358887,0.001,0.001,0.001,,128,0.0037890649400651455,3.7881611660850467e-06,0.0037892358377575874,0.004137618001550436,0.9999914765357971,0.0017453768523409963,0.9999983906745911,True,True
adam,smallcnn,0,9,features.10.bias,0.001,0.9,0.999,1e-08,rms_layerwise,full_coupled,multiplicative_rms_memory,inherited,480,5,0.001,1.0,11.313708305358887,0.001,0.001,0.001,,128,0.025629159063100815,2.8052056222804822e-05,0.02663247473537922,0.404031366109848,0.9147458672523499,0.2685896158218384,0.963254988193512,True,True
adam,smallcnn,0,9,features.10.bias,0.001,0.9,0.999,1e-08,rms_layerwise,full_coupled,multiplicative_rms_memory,inherited,480,10,0.001,1.0,11.313708305358887,0.001,0.001,0.001,,128,0.05705758556723595,0.008329750038683414,3.710892677307129,0.9998580813407898,0.024128686636686325,0.9996709227561951,0.029092207551002502,True,True
adam,smallcnn,0,9,features.10.bias,0.001,0.9,0.999,1e-08,rms_layerwise,full_coupled,multiplicative_rms_memory,inherited,480,20,0.001,1.0,11.313708305358887,0.001,0.001,0.001,,128,0.13585831224918365,0.34828147292137146,166.5645751953125,0.9999827742576599,0.04424671083688736,0.9999657869338989,0.04228314384818077,True,True
adam,smallcnn,0,9,features.10.bias,0.001,0.9,0.999,1e-08,rms_layerwise,full_coupled,multiplicative_rms_memory,inherited,480,40,0.001,1.0,11.313708305358887,0.001,0.001,0.001,,128,0.29763832688331604,1.1454633474349976,561.1343994140625,1.0000215768814087,-0.08276008814573288,1.0000356435775757,-0.06686421483755112,True,True
adam,smallcnn,0,9,features.10.bias,0.001,0.9,0.999,1e-08,rms_layerwise,full_coupled,multiplicative_rms_memory,inherited,480,1,0.003,1.0,11.313708305358887,0.003,0.003,0.003,,128,0.0037890649400651455,1.135419006459415e-05,0.003789294511079788,0.0017852133605629206,0.9999991655349731,0.0006642139633186162,0.9999998211860657,True,True
adam,smallcnn,0,9,features.10.bias,0.001,0.9,0.999,1e-08,rms_layerwise,full_coupled,multiplicative_rms_memory,inherited,480,5,0.003,1.0,11.313708305358887,0.003,0.003,0.003,,128,0.025629159063100815,0.00010822878539329395,0.02872363105416298,0.7019447684288025,0.7122339010238647,0.44999557733535767,0.8930310606956482,True,True
adam,smallcnn,0,9,features.10.bias,0.001,0.9,0.999,1e-08,rms_layerwise,full_coupled,multiplicative_rms_memory,inherited,480,10,0.003,1.0,11.313708305358887,0.003,0.003,0.003,,128,0.05705758556723595,0.008273165673017502,1.4376429319381714,0.9994789361953735,0.03552180901169777,0.9986048340797424,0.05497397854924202,True,True
adam,smallcnn,0,9,features.10.bias,0.001,0.9,0.999,1e-08,rms_layerwise,full_coupled,multiplicative_rms_memory,inherited,480,20,0.003,1.0,11.313708305358887,0.003,0.003,0.003,,128,0.13585831224918365,0.35130101442337036,58.99784469604492,0.999947726726532,0.045593004673719406,0.9999165534973145,0.03735809400677681,True,True
adam,smallcnn,0,9,features.10.bias,0.001,0.9,0.999,1e-08,rms_layerwise,full_coupled,multiplicative_rms_memory,inherited,480,40,0.003,1.0,11.313708305358887,0.003,0.003,0.003,,128,0.29763832688331604,1.1462342739105225,199.44686889648438,1.0000653266906738,-0.08347567170858383,1.0001317262649536,-0.08748452365398407,True,True
adam,smallcnn,0,9,features.10.bias,0.001,0.9,0.999,1e-08,rms_layerwise,full_coupled,multiplicative_rms_memory,inherited,480,1,0.01,1.0,11.313708305358887,0.01,0.01,0.01,,128,0.0037890649400651455,3.7734505895059556e-05,0.003789121750742197,0.004333002492785454,0.9999991655349731,0.00018824772268999368,0.9999998807907104,True,True
adam,smallcnn,0,9,features.10.bias,0.001,0.9,0.999,1e-08,rms_layerwise,full_coupled,multiplicative_rms_memory,inherited,480,5,0.01,1.0,11.313708305358887,0.01,0.01,0.01,,128,0.025629159063100815,0.0002752030559349805,0.027873165905475616,0.3724551796913147,0.9280558228492737,0.3932059705257416,0.9194507002830505,True,True
adam,smallcnn,0,9,features.10.bias,0.001,0.9,0.999,1e-08,rms_layerwise,full_coupled,multiplicative_rms_memory,inherited,480,10,0.01,1.0,11.313708305358887,0.01,0.01,0.01,,128,0.05705758556723595,0.020043184980750084,2.6094489097595215,0.9992350339889526,0.04109470918774605,0.9992040991783142,0.04731927067041397,True,True
adam,smallcnn,0,9,features.10.bias,0.001,0.9,0.999,1e-08,rms_layerwise,full_coupled,multiplicative_rms_memory,inherited,480,20,0.01,1.0,11.313708305358887,0.01,0.01,0.01,,128,0.13585831224918365,0.3908539414405823,28.991676330566406,0.9999114274978638,0.027220482006669044,0.9995229244232178,0.10412616282701492,True,True
adam,smallcnn,0,9,features.10.bias,0.001,0.9,0.999,1e-08,rms_layerwise,full_coupled,multiplicative_rms_memory,inherited,480,40,0.01,1.0,11.313708305358887,0.01,0.01,0.01,,128,0.29763832688331604,0.9710231423377991,63.40504455566406,0.9999709129333496,0.011009401641786098,0.9992371201515198,0.16481207311153412,True,True
adam,smallcnn,0,9,features.10.bias,0.001,0.9,0.999,1e-08,rms_layerwise,full_coupled,multiplicative_rms_memory,inherited,480,1,0.03,1.0,11.313708305358887,0.03,0.03,0.03,,128,0.0037890649400651455,0.00011226953938603401,0.0037893301341682673,0.01305137388408184,0.9999929070472717,0.0001250788482138887,1.0,True,True
adam,smallcnn,0,9,features.10.bias,0.001,0.9,0.999,1e-08,rms_layerwise,full_coupled,multiplicative_rms_memory,inherited,480,5,0.03,1.0,11.313708305358887,0.03,0.03,0.03,,128,0.025629159063100815,0.0011609315406531096,0.029775865375995636,0.754284143447876,0.6565729975700378,0.5081821084022522,0.8612498044967651,True,True
adam,smallcnn,0,9,features.10.bias,0.001,0.9,0.999,1e-08,rms_layerwise,full_coupled,multiplicative_rms_memory,inherited,480,10,0.03,1.0,11.313708305358887,0.03,0.03,0.03,,128,0.05705758556723595,0.02070613205432892,0.8478999137878418,0.9955180883407593,0.09542759507894516,0.9961197376251221,0.09119600057601929,True,True
adam,smallcnn,0,9,features.10.bias,0.001,0.9,0.999,1e-08,rms_layerwise,full_coupled,multiplicative_rms_memory,inherited,480,20,0.03,1.0,11.313708305358887,0.03,0.03,0.03,,128,0.13585831224918365,0.3668077886104584,8.615222930908203,0.9994428753852844,0.05568346381187439,0.9981101155281067,0.1276158094406128,True,True
adam,smallcnn,0,9,features.10.bias,0.001,0.9,0.999,1e-08,rms_layerwise,full_coupled,multiplicative_rms_memory,inherited,480,40,0.03,1.0,11.313708305358887,0.03,0.03,0.03,,128,0.29763832688331604,0.9696475863456726,20.44483184814453,1.0000290870666504,0.0014536858070641756,0.9977096319198608,0.16441825032234192,True,True
adam,smallcnn,0,9,features.10.bias,0.001,0.9,0.999,1e-08,rms_layerwise,full_coupled,multiplicative_rms_memory,inherited,480,1,0.1,1.0,11.313708305358887,0.1,0.1,0.1,,128,0.0037890649400651455,0.0003635474422480911,0.0037920218892395496,0.04406068101525307,0.9999250173568726,0.001208540634252131,0.9999995231628418,True,True
adam,smallcnn,0,9,features.10.bias,0.001,0.9,0.999,1e-08,rms_layerwise,full_coupled,multiplicative_rms_memory,inherited,480,5,0.1,1.0,11.313708305358887,0.1,0.1,0.1,,128,0.025629159063100815,0.0027745794504880905,0.027358628809452057,0.45139747858047485,0.8928564786911011,0.3499320447444916,0.9367752075195312,True,True
adam,smallcnn,0,9,features.10.bias,0.001,0.9,0.999,1e-08,rms_layerwise,full_coupled,multiplicative_rms_memory,inherited,480,10,0.1,1.0,11.313708305358887,0.1,0.1,0.1,,128,0.05705758556723595,0.028881577774882317,0.35091203451156616,0.9824186563491821,0.18698982894420624,0.9848161339759827,0.17397281527519226,True,True
adam,smallcnn,0,9,features.10.bias,0.001,0.9,0.999,1e-08,rms_layerwise,full_coupled,multiplicative_rms_memory,inherited,480,20,0.1,1.0,11.313708305358887,0.1,0.1,0.1,,128,0.13585831224918365,0.40228134393692017,2.9206507205963135,1.004480004310608,-0.11606883257627487,1.0076590776443481,-0.14202478528022766,True,True
adam,smallcnn,0,9,features.10.bias,0.001,0.9,0.999,1e-08,rms_layerwise,full_coupled,multiplicative_rms_memory,inherited,480,40,0.1,1.0,11.313708305358887,0.1,0.1,0.1,,128,0.29763832688331604,1.1797125339508057,6.309221267700195,1.0047818422317505,-0.17737074196338654,1.0066423416137695,-0.11768270283937454,True,True
adam,smallcnn,0,10,fc.weight,0.001,0.9,0.999,1e-08,rms_layerwise,full_coupled,multiplicative_rms_memory,inherited,480,1,0.001,1.0,25.298221588134766,0.001,0.001,0.001,,640,0.008191879838705063,8.18807166069746e-06,0.00819378811866045,0.006069162394851446,0.999981701374054,0.003015796421095729,0.9999953508377075,True,True
adam,smallcnn,0,10,fc.weight,0.001,0.9,0.999,1e-08,rms_layerwise,full_coupled,multiplicative_rms_memory,inherited,480,5,0.001,1.0,25.298221588134766,0.001,0.001,0.001,,640,0.05498800426721573,6.054041296010837e-05,0.0578976534307003,0.4201626479625702,0.9074491262435913,0.31612759828567505,0.9487172961235046,True,True
adam,smallcnn,0,10,fc.weight,0.001,0.9,0.999,1e-08,rms_layerwise,full_coupled,multiplicative_rms_memory,inherited,480,10,0.001,1.0,25.298221588134766,0.001,0.001,0.001,,640,0.11432570219039917,0.009245120920240879,4.3399658203125,0.9996845722198486,0.031684331595897675,1.0000327825546265,0.011930988170206547,True,True
adam,smallcnn,0,10,fc.weight,0.001,0.9,0.999,1e-08,rms_layerwise,full_coupled,multiplicative_rms_memory,inherited,480,20,0.001,1.0,25.298221588134766,0.001,0.001,0.001,,640,0.3828062415122986,0.3531247079372406,156.78074645996094,0.9999250769615173,0.06967805325984955,0.9996106624603271,0.16064612567424774,True,True
adam,smallcnn,0,10,fc.weight,0.001,0.9,0.999,1e-08,rms_layerwise,full_coupled,multiplicative_rms_memory,inherited,480,40,0.001,1.0,25.298221588134766,0.001,0.001,0.001,,640,0.9356767535209656,1.1282333135604858,366.7686462402344,1.0000782012939453,-0.09395959228277206,0.9995459914207458,0.1791985183954239,True,True
adam,smallcnn,0,10,fc.weight,0.001,0.9,0.999,1e-08,rms_layerwise,full_coupled,multiplicative_rms_memory,inherited,480,1,0.003,1.0,25.298221588134766,0.003,0.003,0.003,,640,0.008191879838705063,2.4545328415115364e-05,0.008190921507775784,0.0024605204816907644,0.9999977946281433,0.0010329228825867176,0.9999993443489075,True,True
adam,smallcnn,0,10,fc.weight,0.001,0.9,0.999,1e-08,rms_layerwise,full_coupled,multiplicative_rms_memory,inherited,480,5,0.003,1.0,25.298221588134766,0.003,0.003,0.003,,640,0.05498800426721573,0.0001705339818727225,0.056869130581617355,0.24907226860523224,0.9684855937957764,0.24138379096984863,0.9704360365867615,True,True
adam,smallcnn,0,10,fc.weight,0.001,0.9,0.999,1e-08,rms_layerwise,full_coupled,multiplicative_rms_memory,inherited,480,10,0.003,1.0,25.298221588134766,0.003,0.003,0.003,,640,0.11432570219039917,0.009505031630396843,1.6334600448608398,0.9986778497695923,0.05465763807296753,0.996198832988739,0.0892018973827362,True,True
adam,smallcnn,0,10,fc.weight,0.001,0.9,0.999,1e-08,rms_layerwise,full_coupled,multiplicative_rms_memory,inherited,480,20,0.003,1.0,25.298221588134766,0.003,0.003,0.003,,640,0.3828062415122986,0.37257060408592224,59.47113037109375,0.9998438954353333,0.052178096026182175,0.9998102784156799,0.032692570239305496,True,True
adam,smallcnn,0,10,fc.weight,0.001,0.9,0.999,1e-08,rms_layerwise,full_coupled,multiplicative_rms_memory,inherited,480,40,0.003,1.0,25.298221588134766,0.003,0.003,0.003,,640,0.9356767535209656,1.2100802659988403,199.7490997314453,1.0002310276031494,-0.09843475371599197,1.0004669427871704,-0.0973716601729393,True,True
adam,smallcnn,0,10,fc.weight,0.001,0.9,0.999,1e-08,rms_layerwise,full_coupled,multiplicative_rms_memory,inherited,480,1,0.01,1.0,25.298221588134766,0.01,0.01,0.01,,640,0.008191879838705063,8.165037434082478e-05,0.00819195993244648,0.00393983768299222,0.9999977350234985,0.00032848468981683254,0.9999998807907104,True,True
adam,smallcnn,0,10,fc.weight,0.001,0.9,0.999,1e-08,rms_layerwise,full_coupled,multiplicative_rms_memory,inherited,480,5,0.01,1.0,25.298221588134766,0.01,0.01,0.01,,640,0.05498800426721573,0.0005613210960291326,0.061718616634607315,0.21237072348594666,0.9771923422813416,0.4614514708518982,0.8871734738349915,True,True
adam,smallcnn,0,10,fc.weight,0.001,0.9,0.999,1e-08,rms_layerwise,full_coupled,multiplicative_rms_memory,inherited,480,10,0.01,1.0,25.298221588134766,0.01,0.01,0.01,,640,0.11432570219039917,0.014483248814940453,1.2975589036941528,0.9933516979217529,0.12341052293777466,0.9949809312820435,0.1008763238787651,True,True
adam,smallcnn,0,10,fc.weight,0.001,0.9,0.999,1e-08,rms_layerwise,full_coupled,multiplicative_rms_memory,inherited,480,20,0.01,1.0,25.298221588134766,0.01,0.01,0.01,,640,0.3828062415122986,0.43531471490859985,19.567646026611328,0.9994301795959473,0.06916958093643188,0.9977059960365295,0.12690719962120056,True,True
adam,smallcnn,0,10,fc.weight,0.001,0.9,0.999,1e-08,rms_layerwise,full_coupled,multiplicative_rms_memory,inherited,480,40,0.01,1.0,25.298221588134766,0.01,0.01,0.01,,640,0.9356767535209656,1.2606219053268433,52.53797912597656,1.000633716583252,-0.08169107884168625,0.9985980987548828,0.08756276965141296,True,True
adam,smallcnn,0,10,fc.weight,0.001,0.9,0.999,1e-08,rms_layerwise,full_coupled,multiplicative_rms_memory,inherited,480,1,0.03,1.0,25.298221588134766,0.03,0.03,0.03,,640,0.008191879838705063,0.00024336283968295902,0.008192036300897598,0.011714444495737553,0.9999799132347107,0.00016470889386255294,0.9999998807907104,True,True
adam,smallcnn,0,10,fc.weight,0.001,0.9,0.999,1e-08,rms_layerwise,full_coupled,multiplicative_rms_memory,inherited,480,5,0.03,1.0,25.298221588134766,0.03,0.03,0.03,,640,0.05498800426721573,0.0017285796348005533,0.05884208530187607,0.3160807192325592,0.9487487077713013,0.3583119809627533,0.9336024522781372,True,True
adam,smallcnn,0,10,fc.weight,0.001,0.9,0.999,1e-08,rms_layerwise,full_coupled,multiplicative_rms_memory,inherited,480,10,0.03,1.0,25.298221588134766,0.03,0.03,0.03,,640,0.11432570219039917,0.026061225682497025,0.44588926434516907,0.9923014044761658,0.12407496571540833,0.9704248309135437,0.24184170365333557,True,True
adam,smallcnn,0,10,fc.weight,0.001,0.9,0.999,1e-08,rms_layerwise,full_coupled,multiplicative_rms_memory,inherited,480,20,0.03,1.0,25.298221588134766,0.03,0.03,0.03,,640,0.3828062415122986,0.5082710981369019,7.243524551391602,0.9983397126197815,0.08472200483083725,0.9922643303871155,0.17223504185676575,True,True
adam,smallcnn,0,10,fc.weight,0.001,0.9,0.999,1e-08,rms_layerwise,full_coupled,multiplicative_rms_memory,inherited,480,40,0.03,1.0,25.298221588134766,0.03,0.03,0.03,,640,0.9356767535209656,1.3636157512664795,16.98516845703125,1.001508355140686,-0.06303232163190842,0.9936398267745972,0.1426333636045456,True,True
adam,smallcnn,0,10,fc.weight,0.001,0.9,0.999,1e-08,rms_layerwise,full_coupled,multiplicative_rms_memory,inherited,480,1,0.1,1.0,25.298221588134766,0.1,0.1,0.1,,640,0.008191879838705063,0.00079285231186077,0.008193512447178364,0.039346594363451004,0.9997847676277161,0.001375726773403585,0.9999991059303284,True,True
adam,smallcnn,0,10,fc.weight,0.001,0.9,0.999,1e-08,rms_layerwise,full_coupled,multiplicative_rms_memory,inherited,480,5,0.1,1.0,25.298221588134766,0.1,0.1,0.1,,640,0.05498800426721573,0.00752896536141634,0.061186015605926514,0.7005419731140137,0.7138029932975769,0.4401676654815674,0.8979159593582153,True,True
adam,smallcnn,0,10,fc.weight,0.001,0.9,0.999,1e-08,rms_layerwise,full_coupled,multiplicative_rms_memory,inherited,480,10,0.1,1.0,25.298221588134766,0.1,0.1,0.1,,640,0.11432570219039917,0.07671455293893814,0.3824612498283386,0.9859632253646851,0.1680416464805603,0.9559031128883362,0.29372814297676086,True,True
adam,smallcnn,0,10,fc.weight,0.001,0.9,0.999,1e-08,rms_layerwise,full_coupled,multiplicative_rms_memory,inherited,480,20,0.1,1.0,25.298221588134766,0.1,0.1,0.1,,640,0.3828062415122986,0.4562959671020508,2.3952584266662598,0.9964429140090942,0.08427123725414276,0.9800523519515991,0.20347879827022552,True,True
adam,smallcnn,0,10,fc.weight,0.001,0.9,0.999,1e-08,rms_layerwise,full_coupled,multiplicative_rms_memory,inherited,480,40,0.1,1.0,25.298221588134766,0.1,0.1,0.1,,640,0.9356767535209656,1.3305519819259644,5.114273548126221,1.00785493850708,-0.07697594910860062,0.9968616366386414,0.1086040586233139,True,True
adam,smallcnn,0,11,fc.bias,0.001,0.9,0.999,1e-08,rms_layerwise,full_coupled,multiplicative_rms_memory,inherited,480,1,0.001,1.0,2.2360680103302,0.001,0.001,0.001,,5,0.00046914874110370874,4.673495084261958e-07,0.0004679995763581246,0.005790789145976305,0.999990701675415,0.005118223372846842,0.9999898672103882,True,True
adam,smallcnn,0,11,fc.bias,0.001,0.9,0.999,1e-08,rms_layerwise,full_coupled,multiplicative_rms_memory,inherited,480,5,0.001,1.0,2.2360680103302,0.001,0.001,0.001,,5,0.0020631623920053244,3.869957254210021e-06,0.0025478971656411886,0.8487613201141357,0.5287938117980957,0.5907876491546631,0.8068324327468872,True,True
adam,smallcnn,0,11,fc.bias,0.001,0.9,0.999,1e-08,rms_layerwise,full_coupled,multiplicative_rms_memory,inherited,480,10,0.001,1.0,2.2360680103302,0.001,0.001,0.001,,5,0.007012249436229467,0.004691196605563164,0.9656217694282532,1.0000334978103638,-0.021670032292604446,1.0000920295715332,-0.009047970175743103,True,True
adam,smallcnn,0,11,fc.bias,0.001,0.9,0.999,1e-08,rms_layerwise,full_coupled,multiplicative_rms_memory,inherited,480,20,0.001,1.0,2.2360680103302,0.001,0.001,0.001,,5,0.03656242415308952,0.24005205929279327,71.71862030029297,0.9999870657920837,0.08468450605869293,0.9999396204948425,0.11862020194530487,True,True
adam,smallcnn,0,11,fc.bias,0.001,0.9,0.999,1e-08,rms_layerwise,full_coupled,multiplicative_rms_memory,inherited,480,40,0.001,1.0,2.2360680103302,0.001,0.001,0.001,,5,0.09260111302137375,0.7633754014968872,258.1904602050781,0.9999944567680359,0.045195505023002625,0.9999833106994629,0.046811457723379135,True,True
adam,smallcnn,0,11,fc.bias,0.001,0.9,0.999,1e-08,rms_layerwise,full_coupled,multiplicative_rms_memory,inherited,480,1,0.003,1.0,2.2360680103302,0.003,0.003,0.003,,5,0.00046914874110370874,1.4046975138626294e-06,0.0004690205678343773,0.0024806265719234943,0.999998927116394,0.001573288580402732,0.9999987483024597,True,True
adam,smallcnn,0,11,fc.bias,0.001,0.9,0.999,1e-08,rms_layerwise,full_coupled,multiplicative_rms_memory,inherited,480,5,0.003,1.0,2.2360680103302,0.003,0.003,0.003,,5,0.0020631623920053244,7.0608257374260575e-06,0.002080504549667239,0.48622435331344604,0.8738383650779724,0.12973932921886444,0.9915481805801392,True,True
adam,smallcnn,0,11,fc.bias,0.001,0.9,0.999,1e-08,rms_layerwise,full_coupled,multiplicative_rms_memory,inherited,480,10,0.003,1.0,2.2360680103302,0.003,0.003,0.003,,5,0.007012249436229467,0.004364691209048033,0.3270051181316376,1.000071406364441,-0.01240814384073019,0.9994811415672302,0.034911807626485825,True,True
adam,smallcnn,0,11,fc.bias,0.001,0.9,0.999,1e-08,rms_layerwise,full_coupled,multiplicative_rms_memory,inherited,480,20,0.003,1.0,2.2360680103302,0.003,0.003,0.003,,5,0.03656242415308952,0.205921933054924,25.194692611694336,0.9999608397483826,0.0738891139626503,0.9999892115592957,0.00819171592593193,True,True
adam,smallcnn,0,11,fc.bias,0.001,0.9,0.999,1e-08,rms_layerwise,full_coupled,multiplicative_rms_memory,inherited,480,40,0.003,1.0,2.2360680103302,0.003,0.003,0.003,,5,0.09260111302137375,0.7773653864860535,76.7685775756836,0.99998539686203,0.041166339069604874,0.9999944567680359,0.005224244669079781,True,True
adam,smallcnn,0,11,fc.bias,0.001,0.9,0.999,1e-08,rms_layerwise,full_coupled,multiplicative_rms_memory,inherited,480,1,0.01,1.0,2.2360680103302,0.01,0.01,0.01,,5,0.00046914874110370874,4.667186658480205e-06,0.0004691563080996275,0.005212053656578064,1.0,0.00023504534328822047,1.0,True,True
adam,smallcnn,0,11,fc.bias,0.001,0.9,0.999,1e-08,rms_layerwise,full_coupled,multiplicative_rms_memory,inherited,480,5,0.01,1.0,2.2360680103302,0.01,0.01,0.01,,5,0.0020631623920053244,2.1250176359899342e-05,0.002083598403260112,0.25743040442466736,0.9663075804710388,0.13981108367443085,0.9901782274246216,True,True
adam,smallcnn,0,11,fc.bias,0.001,0.9,0.999,1e-08,rms_layerwise,full_coupled,multiplicative_rms_memory,inherited,480,10,0.01,1.0,2.2360680103302,0.01,0.01,0.01,,5,0.007012249436229467,0.0006552539998665452,0.22688885033130646,0.9934573173522949,0.11444530636072159,0.9989141225814819,0.050570979714393616,True,True
adam,smallcnn,0,11,fc.bias,0.001,0.9,0.999,1e-08,rms_layerwise,full_coupled,multiplicative_rms_memory,inherited,480,20,0.01,1.0,2.2360680103302,0.01,0.01,0.01,,5,0.03656242415308952,0.2886021137237549,15.699861526489258,1.0001779794692993,-0.13994555175304413,1.000118374824524,-0.04968523606657982,True,True
adam,smallcnn,0,11,fc.bias,0.001,0.9,0.999,1e-08,rms_layerwise,full_coupled,multiplicative_rms_memory,inherited,480,40,0.01,1.0,2.2360680103302,0.01,0.01,0.01,,5,0.09260111302137375,0.9149609804153442,46.59978485107422,1.0002110004425049,-0.2079620361328125,1.000152587890625,-0.07576072961091995,True,True
adam,smallcnn,0,11,fc.bias,0.001,0.9,0.999,1e-08,rms_layerwise,full_coupled,multiplicative_rms_memory,inherited,480,1,0.03,1.0,2.2360680103302,0.03,0.03,0.03,,5,0.00046914874110370874,1.3866977496945765e-05,0.0004692268557846546,0.014964827336370945,1.0000001192092896,0.00023197921109385788,0.9999998807907104,True,True
adam,smallcnn,0,11,fc.bias,0.001,0.9,0.999,1e-08,rms_layerwise,full_coupled,multiplicative_rms_memory,inherited,480,5,0.03,1.0,2.2360680103302,0.03,0.03,0.03,,5,0.0020631623920053244,6.220917566679418e-05,0.0020731657277792692,0.18736569583415985,0.9823706746101379,0.09468328952789307,0.9955072402954102,True,True
adam,smallcnn,0,11,fc.bias,0.001,0.9,0.999,1e-08,rms_layerwise,full_coupled,multiplicative_rms_memory,inherited,480,10,0.03,1.0,2.2360680103302,0.03,0.03,0.03,,5,0.007012249436229467,0.008201380260288715,0.15921644866466522,1.0002925395965576,0.00141417165286839,0.9995540380477905,0.032145049422979355,True,True
adam,smallcnn,0,11,fc.bias,0.001,0.9,0.999,1e-08,rms_layerwise,full_coupled,multiplicative_rms_memory,inherited,480,20,0.03,1.0,2.2360680103302,0.03,0.03,0.03,,5,0.03656242415308952,0.3103114068508148,6.372509479522705,0.9998542070388794,0.043016184121370316,0.9997978210449219,0.03810776770114899,True,True
adam,smallcnn,0,11,fc.bias,0.001,0.9,0.999,1e-08,rms_layerwise,full_coupled,multiplicative_rms_memory,inherited,480,40,0.03,1.0,2.2360680103302,0.03,0.03,0.03,,5,0.09260111302137375,1.0932918787002563,14.418814659118652,1.0001991987228394,-0.07711903005838394,1.000531792640686,-0.07961076498031616,True,True
adam,smallcnn,0,11,fc.bias,0.001,0.9,0.999,1e-08,rms_layerwise,full_coupled,multiplicative_rms_memory,inherited,480,1,0.1,1.0,2.2360680103302,0.1,0.1,0.1,,5,0.00046914874110370874,4.466289101401344e-05,0.00046989062684588134,0.05042464658617973,0.9999998807907104,0.0015802440466359258,0.9999999403953552,True,True
adam,smallcnn,0,11,fc.bias,0.001,0.9,0.999,1e-08,rms_layerwise,full_coupled,multiplicative_rms_memory,inherited,480,5,0.1,1.0,2.2360680103302,0.1,0.1,0.1,,5,0.0020631623920053244,0.00019866475486196578,0.0020750139374285936,0.10807094722986221,0.9950911402702332,0.09902751445770264,0.9950850009918213,True,True
adam,smallcnn,0,11,fc.bias,0.001,0.9,0.999,1e-08,rms_layerwise,full_coupled,multiplicative_rms_memory,inherited,480,10,0.1,1.0,2.2360680103302,0.1,0.1,0.1,,5,0.007012249436229467,0.011914025992155075,0.061885394155979156,1.000288724899292,0.0245209950953722,0.9944871068000793,0.10517372936010361,True,True
adam,smallcnn,0,11,fc.bias,0.001,0.9,0.999,1e-08,rms_layerwise,full_coupled,multiplicative_rms_memory,inherited,480,20,0.1,1.0,2.2360680103302,0.1,0.1,0.1,,5,0.03656242415308952,0.38776010274887085,2.181107997894287,0.9993836879730225,0.07005523145198822,0.9986656308174133,0.08792528510093689,True,True
adam,smallcnn,0,11,fc.bias,0.001,0.9,0.999,1e-08,rms_layerwise,full_coupled,multiplicative_rms_memory,inherited,480,40,0.1,1.0,2.2360680103302,0.1,0.1,0.1,,5,0.09260111302137375,1.1638782024383545,4.50292444229126,1.0004650354385376,-0.05449502542614937,1.0010260343551636,-0.03963247314095497,True,True
adam,smallcnn,0,0,random_layerwise_0,0.001,0.9,0.999,1e-08,rms_random_layerwise,full_coupled,multiplicative_rms_memory,inherited,480,1,0.001,1.0,73.61093139648438,0.001,,0.0004203791618347168,0.001,140069,0.03178450092673302,3.178796396241523e-05,0.03178593888878822,0.014240325428545475,0.9998985528945923,0.007194862235337496,0.9999740719795227,True,True
adam,smallcnn,0,0,random_layerwise_0,0.001,0.9,0.999,1e-08,rms_random_layerwise,full_coupled,multiplicative_rms_memory,inherited,480,5,0.001,1.0,73.61093139648438,0.001,,0.0004203791618347168,0.001,140069,0.1979127824306488,0.00030154897831380367,0.3357866406440735,0.7583770751953125,0.6518316268920898,0.8097195625305176,0.5868226289749146,True,True
adam,smallcnn,0,0,random_layerwise_0,0.001,0.9,0.999,1e-08,rms_random_layerwise,full_coupled,multiplicative_rms_memory,inherited,480,10,0.001,1.0,73.61093139648438,0.001,,0.0004203791618347168,0.001,140069,0.3858567476272583,0.011517193168401718,6.539140224456787,0.999864935874939,0.020782895386219025,0.9987773299217224,0.05021144077181816,True,True
adam,smallcnn,0,0,random_layerwise_0,0.001,0.9,0.999,1e-08,rms_random_layerwise,full_coupled,multiplicative_rms_memory,inherited,480,20,0.001,1.0,73.61093139648438,0.001,,0.0004203791618347168,0.001,140069,0.8858848214149475,0.3960910737514496,254.74559020996094,0.9999760389328003,0.01182059571146965,0.9998766183853149,0.03722070902585983,True,True
adam,smallcnn,0,0,random_layerwise_0,0.001,0.9,0.999,1e-08,rms_random_layerwise,full_coupled,multiplicative_rms_memory,inherited,480,40,0.001,1.0,73.61093139648438,0.001,,0.0004203791618347168,0.001,140069,1.9497159719467163,1.0159845352172852,611.244384765625,0.9999874234199524,0.007471299264580011,0.9996278285980225,0.11827313154935837,True,True
adam,smallcnn,0,0,random_layerwise_0,0.001,0.9,0.999,1e-08,rms_random_layerwise,full_coupled,multiplicative_rms_memory,inherited,480,1,0.003,1.0,73.61093139648438,0.003,,0.0012611374855041504,0.003,140069,0.03178450092673302,9.535325807519257e-05,0.031785253435373306,0.004805951379239559,0.9999884963035583,0.002416153671219945,0.9999970197677612,True,True
adam,smallcnn,0,0,random_layerwise_0,0.001,0.9,0.999,1e-08,rms_random_layerwise,full_coupled,multiplicative_rms_memory,inherited,480,5,0.003,1.0,73.61093139648438,0.003,,0.0012611374855041504,0.003,140069,0.1979127824306488,0.001116221654228866,0.2822927236557007,0.8491533994674683,0.5281595587730408,0.7142619490623474,0.6998794674873352,True,True
adam,smallcnn,0,0,random_layerwise_0,0.001,0.9,0.999,1e-08,rms_random_layerwise,full_coupled,multiplicative_rms_memory,inherited,480,10,0.003,1.0,73.61093139648438,0.003,,0.0012611374855041504,0.003,140069,0.3858567476272583,0.025997547432780266,4.287890911102295,0.9999884366989136,0.022523878142237663,0.9977186918258667,0.07031615823507309,True,True
adam,smallcnn,0,0,random_layerwise_0,0.001,0.9,0.999,1e-08,rms_random_layerwise,full_coupled,multiplicative_rms_memory,inherited,480,20,0.003,1.0,73.61093139648438,0.003,,0.0012611374855041504,0.003,140069,0.8858848214149475,0.4766291677951813,59.083744049072266,1.0003626346588135,-0.06228403374552727,1.0007073879241943,-0.039694640785455704,True,True
adam,smallcnn,0,0,random_layerwise_0,0.001,0.9,0.999,1e-08,rms_random_layerwise,full_coupled,multiplicative_rms_memory,inherited,480,40,0.003,1.0,73.61093139648438,0.003,,0.0012611374855041504,0.003,140069,1.9497159719467163,1.241513967514038,136.73406982421875,1.0005897283554077,-0.12285176664590836,1.00016450881958,-0.004403446335345507,True,True
adam,smallcnn,0,0,random_layerwise_0,0.001,0.9,0.999,1e-08,rms_random_layerwise,full_coupled,multiplicative_rms_memory,inherited,480,1,0.01,1.0,73.61093139648438,0.01,,0.004203791618347168,0.01,140069,0.03178450092673302,0.000317836063914001,0.03178468719124794,0.0019146460108458996,0.999998152256012,0.000729340419638902,0.9999996423721313,True,True
adam,smallcnn,0,0,random_layerwise_0,0.001,0.9,0.999,1e-08,rms_random_layerwise,full_coupled,multiplicative_rms_memory,inherited,480,5,0.01,1.0,73.61093139648438,0.01,,0.004203791618347168,0.01,140069,0.1979127824306488,0.002340079518035054,0.21848894655704498,0.5316824316978455,0.8469445705413818,0.42169874906539917,0.906736433506012,True,True
adam,smallcnn,0,0,random_layerwise_0,0.001,0.9,0.999,1e-08,rms_random_layerwise,full_coupled,multiplicative_rms_memory,inherited,480,10,0.01,1.0,73.61093139648438,0.01,,0.004203791618347168,0.01,140069,0.3858567476272583,0.061832647770643234,2.1996877193450928,1.0005545616149902,0.02231147512793541,0.9879851341247559,0.15578964352607727,True,True
adam,smallcnn,0,0,random_layerwise_0,0.001,0.9,0.999,1e-08,rms_random_layerwise,full_coupled,multiplicative_rms_memory,inherited,480,20,0.01,1.0,73.61093139648438,0.01,,0.004203791618347168,0.01,140069,0.8858848214149475,0.4857883155345917,23.399333953857422,1.0009561777114868,-0.04333691671490669,0.9979130625724792,0.07399562746286392,True,True
adam,smallcnn,0,0,random_layerwise_0,0.001,0.9,0.999,1e-08,rms_random_layerwise,full_coupled,multiplicative_rms_memory,inherited,480,40,0.01,1.0,73.61093139648438,0.01,,0.004203791618347168,0.01,140069,1.9497159719467163,1.398211121559143,49.352294921875,1.0015952587127686,-0.10752300918102264,0.9967002272605896,0.10313855856657028,True,True
adam,smallcnn,0,0,random_layerwise_0,0.001,0.9,0.999,1e-08,rms_random_layerwise,full_coupled,multiplicative_rms_memory,inherited,480,1,0.03,1.0,73.61093139648438,0.03,,0.012611374855041503,0.03,140069,0.03178450092673302,0.0009534665150567889,0.03178456425666809,0.0038196956738829613,0.9999927282333374,0.0002441531396470964,0.9999998807907104,True,True
adam,smallcnn,0,0,random_layerwise_0,0.001,0.9,0.999,1e-08,rms_random_layerwise,full_coupled,multiplicative_rms_memory,inherited,480,5,0.03,1.0,73.61093139648438,0.03,,0.012611374855041503,0.03,140069,0.1979127824306488,0.007315312046557665,0.24650228023529053,0.5781814455986023,0.8159193396568298,0.5936481952667236,0.8047268390655518,True,True
adam,smallcnn,0,0,random_layerwise_0,0.001,0.9,0.999,1e-08,rms_random_layerwise,full_coupled,multiplicative_rms_memory,inherited,480,10,0.03,1.0,73.61093139648438,0.03,,0.012611374855041503,0.03,140069,0.3858567476272583,0.07576704025268555,1.2888944149017334,0.9971882700920105,0.09476782381534576,0.9756653904914856,0.2299821674823761,True,True
adam,smallcnn,0,0,random_layerwise_0,0.001,0.9,0.999,1e-08,rms_random_layerwise,full_coupled,multiplicative_rms_memory,inherited,480,20,0.03,1.0,73.61093139648438,0.03,,0.012611374855041503,0.03,140069,0.8858848214149475,0.3756141662597656,9.045536041259766,0.9976490139961243,0.06856562942266464,1.00236976146698,0.02474229969084263,True,True
adam,smallcnn,0,0,random_layerwise_0,0.001,0.9,0.999,1e-08,rms_random_layerwise,full_coupled,multiplicative_rms_memory,inherited,480,40,0.03,1.0,73.61093139648438,0.03,,0.012611374855041503,0.03,140069,1.9497159719467163,1.2073808908462524,19.335899353027344,1.0009996891021729,0.0035733042750507593,0.9965279698371887,0.08478981256484985,True,True
adam,smallcnn,0,0,random_layerwise_0,0.001,0.9,0.999,1e-08,rms_random_layerwise,full_coupled,multiplicative_rms_memory,inherited,480,1,0.1,1.0,73.61093139648438,0.1,,0.042037916183471684,0.1,140069,0.03178450092673302,0.0031779713463038206,0.03178564831614494,0.012623130343854427,0.9999204277992249,0.00014776401803828776,0.9999998807907104,True,True
adam,smallcnn,0,0,random_layerwise_0,0.001,0.9,0.999,1e-08,rms_random_layerwise,full_coupled,multiplicative_rms_memory,inherited,480,5,0.1,1.0,73.61093139648438,0.1,,0.042037916183471684,0.1,140069,0.1979127824306488,0.04188745096325874,0.2786749601364136,0.8509663343429565,0.5281628370285034,0.6606950759887695,0.7518069744110107,True,True
adam,smallcnn,0,0,random_layerwise_0,0.001,0.9,0.999,1e-08,rms_random_layerwise,full_coupled,multiplicative_rms_memory,inherited,480,10,0.1,1.0,73.61093139648438,0.1,,0.042037916183471684,0.1,140069,0.3858567476272583,0.2025657594203949,1.229896903038025,0.9677630662918091,0.261750191450119,0.9330782294273376,0.3630373775959015,True,True
adam,smallcnn,0,0,random_layerwise_0,0.001,0.9,0.999,1e-08,rms_random_layerwise,full_coupled,multiplicative_rms_memory,inherited,480,20,0.1,1.0,73.61093139648438,0.1,,0.042037916183471684,0.1,140069,0.8858848214149475,0.7480623126029968,4.44398307800293,1.005308747291565,0.014265128411352634,0.9965594410896301,0.11690212786197662,True,True
adam,smallcnn,0,0,random_layerwise_0,0.001,0.9,0.999,1e-08,rms_random_layerwise,full_coupled,multiplicative_rms_memory,inherited,480,40,0.1,1.0,73.61093139648438,0.1,,0.042037916183471684,0.1,140069,1.9497159719467163,1.6602128744125366,8.7936372756958,1.019812822341919,-0.1116616278886795,1.0123953819274902,0.054607637226581573,True,True
adam,smallcnn,0,1,random_layerwise_1,0.001,0.9,0.999,1e-08,rms_random_layerwise,full_coupled,multiplicative_rms_memory,inherited,480,1,0.001,1.0,165.58566284179688,0.001,,0.000683793842792511,0.001,140069,0.06213806942105293,6.215094617800787e-05,0.062137436121702194,0.00738553237169981,0.9999728798866272,0.0037192555610090494,0.9999931454658508,True,True
adam,smallcnn,0,1,random_layerwise_1,0.001,0.9,0.999,1e-08,rms_random_layerwise,full_coupled,multiplicative_rms_memory,inherited,480,5,0.001,1.0,165.58566284179688,0.001,,0.000683793842792511,0.001,140069,0.39083823561668396,0.0005005105631425977,0.494875967502594,0.6306573748588562,0.7760762572288513,0.6129428148269653,0.7901273369789124,True,True
adam,smallcnn,0,1,random_layerwise_1,0.001,0.9,0.999,1e-08,rms_random_layerwise,full_coupled,multiplicative_rms_memory,inherited,480,10,0.001,1.0,165.58566284179688,0.001,,0.000683793842792511,0.001,140069,0.747738778591156,0.01131746917963028,4.917072772979736,0.9983879923820496,0.05741455405950546,0.9875702261924744,0.15726442635059357,True,True
adam,smallcnn,0,1,random_layerwise_1,0.001,0.9,0.999,1e-08,rms_random_layerwise,full_coupled,multiplicative_rms_memory,inherited,480,20,0.001,1.0,165.58566284179688,0.001,,0.000683793842792511,0.001,140069,1.2239664793014526,0.46992942690849304,49.283958435058594,1.000025749206543,-0.008593479171395302,0.9998784065246582,0.01731332577764988,True,True
adam,smallcnn,0,1,random_layerwise_1,0.001,0.9,0.999,1e-08,rms_random_layerwise,full_coupled,multiplicative_rms_memory,inherited,480,40,0.001,1.0,165.58566284179688,0.001,,0.000683793842792511,0.001,140069,1.7990460395812988,1.253999948501587,205.3642578125,1.0000355243682861,-0.024007203057408333,1.0001357793807983,-0.01111945603042841,True,True
adam,smallcnn,0,1,random_layerwise_1,0.001,0.9,0.999,1e-08,rms_random_layerwise,full_coupled,multiplicative_rms_memory,inherited,480,1,0.003,1.0,165.58566284179688,0.003,,0.002051381528377533,0.003,140069,0.06213806942105293,0.0001865121303126216,0.06213809922337532,0.0025914283469319344,0.9999966025352478,0.0012426219182088971,0.9999992847442627,True,True
adam,smallcnn,0,1,random_layerwise_1,0.001,0.9,0.999,1e-08,rms_random_layerwise,full_coupled,multiplicative_rms_memory,inherited,480,5,0.003,1.0,165.58566284179688,0.003,,0.002051381528377533,0.003,140069,0.39083823561668396,0.0016214862698689103,0.4632232189178467,0.6894783973693848,0.7243072390556335,0.5278179049491882,0.8493762016296387,True,True
adam,smallcnn,0,1,random_layerwise_1,0.001,0.9,0.999,1e-08,rms_random_layerwise,full_coupled,multiplicative_rms_memory,inherited,480,10,0.003,1.0,165.58566284179688,0.003,,0.002051381528377533,0.003,140069,0.747738778591156,0.0176760945469141,6.66937255859375,0.9908062219619751,0.13556626439094543,0.9926050901412964,0.1217716857790947,True,True
adam,smallcnn,0,1,random_layerwise_1,0.001,0.9,0.999,1e-08,rms_random_layerwise,full_coupled,multiplicative_rms_memory,inherited,480,20,0.003,1.0,165.58566284179688,0.003,,0.002051381528377533,0.003,140069,1.2239664793014526,0.5345245003700256,100.356201171875,0.9999246001243591,0.014403963461518288,0.9996751546859741,0.03272731602191925,True,True
adam,smallcnn,0,1,random_layerwise_1,0.001,0.9,0.999,1e-08,rms_random_layerwise,full_coupled,multiplicative_rms_memory,inherited,480,40,0.003,1.0,165.58566284179688,0.003,,0.002051381528377533,0.003,140069,1.7990460395812988,1.4514342546463013,285.9773864746094,1.0000908374786377,-0.02256823517382145,0.999987006187439,0.005214176140725613,True,True
adam,smallcnn,0,1,random_layerwise_1,0.001,0.9,0.999,1e-08,rms_random_layerwise,full_coupled,multiplicative_rms_memory,inherited,480,1,0.01,1.0,165.58566284179688,0.01,,0.00683793842792511,0.01,140069,0.06213806942105293,0.0006224255776032805,0.06213821470737457,0.0025772268418222666,0.9999980926513672,0.0003779542166739702,1.0000001192092896,True,True
adam,smallcnn,0,1,random_layerwise_1,0.001,0.9,0.999,1e-08,rms_random_layerwise,full_coupled,multiplicative_rms_memory,inherited,480,5,0.01,1.0,165.58566284179688,0.01,,0.00683793842792511,0.01,140069,0.39083823561668396,0.004314463585615158,0.44074076414108276,0.44651687145233154,0.8948431015014648,0.4833327531814575,0.8755090832710266,True,True
adam,smallcnn,0,1,random_layerwise_1,0.001,0.9,0.999,1e-08,rms_random_layerwise,full_coupled,multiplicative_rms_memory,inherited,480,10,0.01,1.0,165.58566284179688,0.01,,0.00683793842792511,0.01,140069,0.747738778591156,0.05541923642158508,3.1134026050567627,0.9888519048690796,0.14962664246559143,0.9726114273071289,0.23256130516529083,True,True
adam,smallcnn,0,1,random_layerwise_1,0.001,0.9,0.999,1e-08,rms_random_layerwise,full_coupled,multiplicative_rms_memory,inherited,480,20,0.01,1.0,165.58566284179688,0.01,,0.00683793842792511,0.01,140069,1.2239664793014526,0.454946905374527,16.324373245239258,0.999745786190033,0.022899264469742775,0.9969030618667603,0.07873058319091797,True,True
adam,smallcnn,0,1,random_layerwise_1,0.001,0.9,0.999,1e-08,rms_random_layerwise,full_coupled,multiplicative_rms_memory,inherited,480,40,0.01,1.0,165.58566284179688,0.01,,0.00683793842792511,0.01,140069,1.7990460395812988,1.4417381286621094,46.61853790283203,1.0000654458999634,0.000991474138572812,0.9989187717437744,0.047298233956098557,True,True
adam,smallcnn,0,1,random_layerwise_1,0.001,0.9,0.999,1e-08,rms_random_layerwise,full_coupled,multiplicative_rms_memory,inherited,480,1,0.03,1.0,165.58566284179688,0.03,,0.020513815283775327,0.03,140069,0.06213806942105293,0.0018735649064183235,0.062138885259628296,0.007390886079519987,0.9999852180480957,0.00013113775639794767,1.0000001192092896,True,True
adam,smallcnn,0,1,random_layerwise_1,0.001,0.9,0.999,1e-08,rms_random_layerwise,full_coupled,multiplicative_rms_memory,inherited,480,5,0.03,1.0,165.58566284179688,0.03,,0.020513815283775327,0.03,140069,0.39083823561668396,0.015576064586639404,0.4381234049797058,0.6650835275650024,0.7467930316925049,0.4721080958843231,0.8816026449203491,True,True
adam,smallcnn,0,1,random_layerwise_1,0.001,0.9,0.999,1e-08,rms_random_layerwise,full_coupled,multiplicative_rms_memory,inherited,480,10,0.03,1.0,165.58566284179688,0.03,,0.020513815283775327,0.03,140069,0.747738778591156,0.11381801217794418,2.397723913192749,0.9811516404151917,0.1932772994041443,0.9531933665275574,0.3025057315826416,True,True
adam,smallcnn,0,1,random_layerwise_1,0.001,0.9,0.999,1e-08,rms_random_layerwise,full_coupled,multiplicative_rms_memory,inherited,480,20,0.03,1.0,165.58566284179688,0.03,,0.020513815283775327,0.03,140069,1.2239664793014526,0.7065628170967102,12.607585906982422,0.9990984797477722,0.04332141950726509,0.9952906966209412,0.09693531692028046,True,True
adam,smallcnn,0,1,random_layerwise_1,0.001,0.9,0.999,1e-08,rms_random_layerwise,full_coupled,multiplicative_rms_memory,inherited,480,40,0.03,1.0,165.58566284179688,0.03,,0.020513815283775327,0.03,140069,1.7990460395812988,1.8020713329315186,25.313310623168945,1.0016977787017822,-0.04176100343465805,1.001629114151001,0.012594558298587799,True,True
adam,smallcnn,0,1,random_layerwise_1,0.001,0.9,0.999,1e-08,rms_random_layerwise,full_coupled,multiplicative_rms_memory,inherited,480,1,0.1,1.0,165.58566284179688,0.1,,0.0683793842792511,0.1,140069,0.06213806942105293,0.006319797597825527,0.06214720383286476,0.024486877024173737,0.9998381733894348,0.00045905221486464143,0.9999999403953552,True,True
adam,smallcnn,0,1,random_layerwise_1,0.001,0.9,0.999,1e-08,rms_random_layerwise,full_coupled,multiplicative_rms_memory,inherited,480,5,0.1,1.0,165.58566284179688,0.1,,0.0683793842792511,0.1,140069,0.39083823561668396,0.045744817703962326,0.44274699687957764,0.5234593152999878,0.8520537614822388,0.4809782803058624,0.8767529726028442,True,True
adam,smallcnn,0,1,random_layerwise_1,0.001,0.9,0.999,1e-08,rms_random_layerwise,full_coupled,multiplicative_rms_memory,inherited,480,10,0.1,1.0,165.58566284179688,0.1,,0.0683793842792511,0.1,140069,0.747738778591156,0.19146929681301117,1.507691502571106,0.9197906255722046,0.3924139738082886,0.8595929741859436,0.5112070441246033,True,True
adam,smallcnn,0,1,random_layerwise_1,0.001,0.9,0.999,1e-08,rms_random_layerwise,full_coupled,multiplicative_rms_memory,inherited,480,20,0.1,1.0,165.58566284179688,0.1,,0.0683793842792511,0.1,140069,1.2239664793014526,0.8229961395263672,4.14988899230957,0.990985095500946,0.13470295071601868,0.952429473400116,0.30492261052131653,True,True
adam,smallcnn,0,1,random_layerwise_1,0.001,0.9,0.999,1e-08,rms_random_layerwise,full_coupled,multiplicative_rms_memory,inherited,480,40,0.1,1.0,165.58566284179688,0.1,,0.0683793842792511,0.1,140069,1.7990460395812988,1.9179810285568237,7.9353837966918945,1.003287672996521,0.011792320758104324,0.9776695966720581,0.21075335144996643,True,True
adam,smallcnn,0,2,random_layerwise_2,0.001,0.9,0.999,1e-08,rms_random_layerwise,full_coupled,multiplicative_rms_memory,inherited,480,1,0.001,1.0,60.84084701538086,0.001,,0.0007532604932785034,0.001,140069,0.025009101256728172,2.501355811546091e-05,0.025009652599692345,0.018229631707072258,0.9998338222503662,0.009148607030510902,0.9999582171440125,True,True
adam,smallcnn,0,2,random_layerwise_2,0.001,0.9,0.999,1e-08,rms_random_layerwise,full_coupled,multiplicative_rms_memory,inherited,480,5,0.001,1.0,60.84084701538086,0.001,,0.0007532604932785034,0.001,140069,0.15019607543945312,0.0007419298053719103,0.4016699194908142,0.9835343360900879,0.18188703060150146,0.9365395903587341,0.3512917160987854,True,True
adam,smallcnn,0,2,random_layerwise_2,0.001,0.9,0.999,1e-08,rms_random_layerwise,full_coupled,multiplicative_rms_memory,inherited,480,10,0.001,1.0,60.84084701538086,0.001,,0.0007532604932785034,0.001,140069,0.2835461497306824,0.010797450318932533,5.490169525146484,0.9998437166213989,0.0190780870616436,0.9997671246528625,0.030330797657370567,True,True
adam,smallcnn,0,2,random_layerwise_2,0.001,0.9,0.999,1e-08,rms_random_layerwise,full_coupled,multiplicative_rms_memory,inherited,480,20,0.001,1.0,60.84084701538086,0.001,,0.0007532604932785034,0.001,140069,0.5434654951095581,0.4138449430465698,206.9084930419922,0.9999093413352966,0.06965086609125137,0.9999046325683594,0.037615254521369934,True,True
adam,smallcnn,0,2,random_layerwise_2,0.001,0.9,0.999,1e-08,rms_random_layerwise,full_coupled,multiplicative_rms_memory,inherited,480,40,0.001,1.0,60.84084701538086,0.001,,0.0007532604932785034,0.001,140069,0.9943404197692871,1.1720668077468872,596.898681640625,0.9999245405197144,0.08947630971670151,0.999790370464325,0.12666600942611694,True,True
adam,smallcnn,0,2,random_layerwise_2,0.001,0.9,0.999,1e-08,rms_random_layerwise,full_coupled,multiplicative_rms_memory,inherited,480,1,0.003,1.0,60.84084701538086,0.003,,0.0022597814798355105,0.003,140069,0.025009101256728172,7.501595246139914e-05,0.0250087883323431,0.006148804910480976,0.9999810457229614,0.0030991926323622465,0.9999951720237732,True,True
adam,smallcnn,0,2,random_layerwise_2,0.001,0.9,0.999,1e-08,rms_random_layerwise,full_coupled,multiplicative_rms_memory,inherited,480,5,0.003,1.0,60.84084701538086,0.003,,0.0022597814798355105,0.003,140069,0.15019607543945312,0.0009220510255545378,0.20967930555343628,0.8732065558433533,0.48735207319259644,0.706228494644165,0.7080323696136475,True,True
adam,smallcnn,0,2,random_layerwise_2,0.001,0.9,0.999,1e-08,rms_random_layerwise,full_coupled,multiplicative_rms_memory,inherited,480,10,0.003,1.0,60.84084701538086,0.003,,0.0022597814798355105,0.003,140069,0.2835461497306824,0.009944755584001541,2.093106269836426,0.9967028498649597,0.08125077933073044,0.9938057661056519,0.1133173257112503,True,True
adam,smallcnn,0,2,random_layerwise_2,0.001,0.9,0.999,1e-08,rms_random_layerwise,full_coupled,multiplicative_rms_memory,inherited,480,20,0.003,1.0,60.84084701538086,0.003,,0.0022597814798355105,0.003,140069,0.5434654951095581,0.3539878726005554,52.282554626464844,0.9993718862533569,0.13862861692905426,1.0000437498092651,0.0009873495437204838,True,True
adam,smallcnn,0,2,random_layerwise_2,0.001,0.9,0.999,1e-08,rms_random_layerwise,full_coupled,multiplicative_rms_memory,inherited,480,40,0.003,1.0,60.84084701538086,0.003,,0.0022597814798355105,0.003,140069,0.9943404197692871,1.1241039037704468,133.46507263183594,0.9995975494384766,0.1529499739408493,1.0001887083053589,-0.02161659672856331,True,True
adam,smallcnn,0,2,random_layerwise_2,0.001,0.9,0.999,1e-08,rms_random_layerwise,full_coupled,multiplicative_rms_memory,inherited,480,1,0.01,1.0,60.84084701538086,0.01,,0.007532604932785034,0.01,140069,0.025009101256728172,0.0002499518159311265,0.025009354576468468,0.0020516153890639544,0.9999979734420776,0.0009250181610696018,0.9999997019767761,True,True
adam,smallcnn,0,2,random_layerwise_2,0.001,0.9,0.999,1e-08,rms_random_layerwise,full_coupled,multiplicative_rms_memory,inherited,480,5,0.01,1.0,60.84084701538086,0.01,,0.007532604932785034,0.01,140069,0.15019607543945312,0.002161185024306178,0.17283117771148682,0.7348685264587402,0.6784117221832275,0.5281690955162048,0.8493670225143433,True,True
adam,smallcnn,0,2,random_layerwise_2,0.001,0.9,0.999,1e-08,rms_random_layerwise,full_coupled,multiplicative_rms_memory,inherited,480,10,0.01,1.0,60.84084701538086,0.01,,0.007532604932785034,0.01,140069,0.2835461497306824,0.026046838611364365,2.5649166107177734,0.9964544177055359,0.08694309741258621,0.9979957342147827,0.07338643074035645,True,True
adam,smallcnn,0,2,random_layerwise_2,0.001,0.9,0.999,1e-08,rms_random_layerwise,full_coupled,multiplicative_rms_memory,inherited,480,20,0.01,1.0,60.84084701538086,0.01,,0.007532604932785034,0.01,140069,0.5434654951095581,0.536445677280426,20.82606315612793,0.9997808933258057,0.026691146194934845,1.00065279006958,-0.011972330510616302,True,True
adam,smallcnn,0,2,random_layerwise_2,0.001,0.9,0.999,1e-08,rms_random_layerwise,full_coupled,multiplicative_rms_memory,inherited,480,40,0.01,1.0,60.84084701538086,0.01,,0.007532604932785034,0.01,140069,0.9943404197692871,1.3631479740142822,47.3410758972168,0.9995714426040649,0.06240434944629669,1.0004496574401855,-0.010916180908679962,True,True
adam,smallcnn,0,2,random_layerwise_2,0.001,0.9,0.999,1e-08,rms_random_layerwise,full_coupled,multiplicative_rms_memory,inherited,480,1,0.03,1.0,60.84084701538086,0.03,,0.0225978147983551,0.03,140069,0.025009101256728172,0.0007489895215258002,0.025009116157889366,0.002787413075566292,0.9999976754188538,0.0003114894207101315,1.0,True,True
adam,smallcnn,0,2,random_layerwise_2,0.001,0.9,0.999,1e-08,rms_random_layerwise,full_coupled,multiplicative_rms_memory,inherited,480,5,0.03,1.0,60.84084701538086,0.03,,0.0225978147983551,0.03,140069,0.15019607543945312,0.004942422267049551,0.18119293451309204,0.46375346183776855,0.8863269090652466,0.5960733294487,0.8033376336097717,True,True
adam,smallcnn,0,2,random_layerwise_2,0.001,0.9,0.999,1e-08,rms_random_layerwise,full_coupled,multiplicative_rms_memory,inherited,480,10,0.03,1.0,60.84084701538086,0.03,,0.0225978147983551,0.03,140069,0.2835461497306824,0.06401622295379639,1.7701354026794434,0.9933958053588867,0.11597537994384766,0.991509199142456,0.13287317752838135,True,True
adam,smallcnn,0,2,random_layerwise_2,0.001,0.9,0.999,1e-08,rms_random_layerwise,full_coupled,multiplicative_rms_memory,inherited,480,20,0.03,1.0,60.84084701538086,0.03,,0.0225978147983551,0.03,140069,0.5434654951095581,0.5387020707130432,9.092473983764648,0.9978374242782593,0.08651044219732285,0.9995049238204956,0.038166534155607224,True,True
adam,smallcnn,0,2,random_layerwise_2,0.001,0.9,0.999,1e-08,rms_random_layerwise,full_coupled,multiplicative_rms_memory,inherited,480,40,0.03,1.0,60.84084701538086,0.03,,0.0225978147983551,0.03,140069,0.9943404197692871,1.426982045173645,19.164640426635742,0.9975636005401611,0.1268623322248459,0.9992612600326538,0.04017701745033264,True,True
adam,smallcnn,0,2,random_layerwise_2,0.001,0.9,0.999,1e-08,rms_random_layerwise,full_coupled,multiplicative_rms_memory,inherited,480,1,0.1,1.0,60.84084701538086,0.1,,0.07532604932785035,0.1,140069,0.025009101256728172,0.0024867297615855932,0.02500956319272518,0.009087363258004189,0.9999750852584839,0.00011609687499003485,1.0,True,True
adam,smallcnn,0,2,random_layerwise_2,0.001,0.9,0.999,1e-08,rms_random_layerwise,full_coupled,multiplicative_rms_memory,inherited,480,5,0.1,1.0,60.84084701538086,0.1,,0.07532604932785035,0.1,140069,0.15019607543945312,0.018226690590381622,0.1850864738225937,0.5967722535133362,0.8026946187019348,0.6151153445243835,0.7887646555900574,True,True
adam,smallcnn,0,2,random_layerwise_2,0.001,0.9,0.999,1e-08,rms_random_layerwise,full_coupled,multiplicative_rms_memory,inherited,480,10,0.1,1.0,60.84084701538086,0.1,,0.07532604932785035,0.1,140069,0.2835461497306824,0.11037232726812363,0.8795408606529236,0.9643320441246033,0.2648138105869293,0.9585634469985962,0.2870602607727051,True,True
adam,smallcnn,0,2,random_layerwise_2,0.001,0.9,0.999,1e-08,rms_random_layerwise,full_coupled,multiplicative_rms_memory,inherited,480,20,0.1,1.0,60.84084701538086,0.1,,0.07532604932785035,0.1,140069,0.5434654951095581,0.6520048379898071,4.379511833190918,0.9924942851066589,0.1313859224319458,0.9925088882446289,0.12218674272298813,True,True
adam,smallcnn,0,2,random_layerwise_2,0.001,0.9,0.999,1e-08,rms_random_layerwise,full_coupled,multiplicative_rms_memory,inherited,480,40,0.1,1.0,60.84084701538086,0.1,,0.07532604932785035,0.1,140069,0.9943404197692871,1.5284698009490967,8.785122871398926,0.9918807744979858,0.15682610869407654,0.9870783090591431,0.17002013325691223,True,True
adam,smallcnn,0,3,random_layerwise_3,0.001,0.9,0.999,1e-08,rms_random_layerwise,full_coupled,multiplicative_rms_memory,inherited,480,1,0.001,1.0,93.18309020996094,0.001,,0.0005521097183227539,0.001,140069,0.03652041777968407,3.652685336419381e-05,0.036520689725875854,0.01260558795183897,0.9999205470085144,0.006364127621054649,0.9999796748161316,True,True
adam,smallcnn,0,3,random_layerwise_3,0.001,0.9,0.999,1e-08,rms_random_layerwise,full_coupled,multiplicative_rms_memory,inherited,480,5,0.001,1.0,93.18309020996094,0.001,,0.0005521097183227539,0.001,140069,0.20641709864139557,0.0005816388293169439,0.45808225870132446,0.9434584975242615,0.3322620689868927,0.905329704284668,0.425453782081604,True,True
adam,smallcnn,0,3,random_layerwise_3,0.001,0.9,0.999,1e-08,rms_random_layerwise,full_coupled,multiplicative_rms_memory,inherited,480,10,0.001,1.0,93.18309020996094,0.001,,0.0005521097183227539,0.001,140069,0.39590510725975037,0.011161197908222675,6.791346549987793,0.9990231990814209,0.04525971785187721,0.9990395903587341,0.04561309516429901,True,True
adam,smallcnn,0,3,random_layerwise_3,0.001,0.9,0.999,1e-08,rms_random_layerwise,full_coupled,multiplicative_rms_memory,inherited,480,20,0.001,1.0,93.18309020996094,0.001,,0.0005521097183227539,0.001,140069,0.8910749554634094,0.32542139291763306,189.38015747070312,0.9999356865882874,0.024856939911842346,0.9999168515205383,0.020033612847328186,True,True
adam,smallcnn,0,3,random_layerwise_3,0.001,0.9,0.999,1e-08,rms_random_layerwise,full_coupled,multiplicative_rms_memory,inherited,480,40,0.001,1.0,93.18309020996094,0.001,,0.0005521097183227539,0.001,140069,1.9733015298843384,1.1453224420547485,396.250244140625,0.9997699856758118,0.13433721661567688,1.000009536743164,0.0006057210266590118,True,True
adam,smallcnn,0,3,random_layerwise_3,0.001,0.9,0.999,1e-08,rms_random_layerwise,full_coupled,multiplicative_rms_memory,inherited,480,1,0.003,1.0,93.18309020996094,0.003,,0.0016563291549682618,0.003,140069,0.03652041777968407,0.00010960956569761038,0.03652051091194153,0.004237248562276363,0.9999911189079285,0.0021208724938333035,0.9999977946281433,True,True
adam,smallcnn,0,3,random_layerwise_3,0.001,0.9,0.999,1e-08,rms_random_layerwise,full_coupled,multiplicative_rms_memory,inherited,480,5,0.003,1.0,93.18309020996094,0.003,,0.0016563291549682618,0.003,140069,0.20641709864139557,0.001154937082901597,0.3249514698982239,0.8574932217597961,0.5149336457252502,0.7868921756744385,0.6173492670059204,True,True
adam,smallcnn,0,3,random_layerwise_3,0.001,0.9,0.999,1e-08,rms_random_layerwise,full_coupled,multiplicative_rms_memory,inherited,480,10,0.003,1.0,93.18309020996094,0.003,,0.0016563291549682618,0.003,140069,0.39590510725975037,0.04732172563672066,7.684799671173096,0.9993746876716614,0.03745532035827637,0.99874347448349,0.050133172422647476,True,True
adam,smallcnn,0,3,random_layerwise_3,0.001,0.9,0.999,1e-08,rms_random_layerwise,full_coupled,multiplicative_rms_memory,inherited,480,20,0.003,1.0,93.18309020996094,0.003,,0.0016563291549682618,0.003,140069,0.8910749554634094,0.441302090883255,83.54813385009766,0.9996457695960999,0.06149463728070259,0.9991793036460876,0.08225588500499725,True,True
adam,smallcnn,0,3,random_layerwise_3,0.001,0.9,0.999,1e-08,rms_random_layerwise,full_coupled,multiplicative_rms_memory,inherited,480,40,0.003,1.0,93.18309020996094,0.003,,0.0016563291549682618,0.003,140069,1.9733015298843384,1.3010823726654053,203.89990234375,0.9992574453353882,0.16543017327785492,0.9996147155761719,0.04464225471019745,True,True
adam,smallcnn,0,3,random_layerwise_3,0.001,0.9,0.999,1e-08,rms_random_layerwise,full_coupled,multiplicative_rms_memory,inherited,480,1,0.01,1.0,93.18309020996094,0.01,,0.005521097183227539,0.01,140069,0.03652041777968407,0.000365706771844998,0.03652064502239227,0.0019607499707490206,0.9999990463256836,0.0006366043235175312,0.9999997615814209,True,True
adam,smallcnn,0,3,random_layerwise_3,0.001,0.9,0.999,1e-08,rms_random_layerwise,full_coupled,multiplicative_rms_memory,inherited,480,5,0.01,1.0,93.18309020996094,0.01,,0.005521097183227539,0.01,140069,0.20641709864139557,0.005684796255081892,0.3569721281528473,0.9383478760719299,0.346110075712204,0.8301796913146973,0.5578681826591492,True,True
adam,smallcnn,0,3,random_layerwise_3,0.001,0.9,0.999,1e-08,rms_random_layerwise,full_coupled,multiplicative_rms_memory,inherited,480,10,0.01,1.0,93.18309020996094,0.01,,0.005521097183227539,0.01,140069,0.39590510725975037,0.09032554924488068,4.689812660217285,0.999065101146698,0.04323487728834152,0.9980005621910095,0.06587053835391998,True,True
adam,smallcnn,0,3,random_layerwise_3,0.001,0.9,0.999,1e-08,rms_random_layerwise,full_coupled,multiplicative_rms_memory,inherited,480,20,0.01,1.0,93.18309020996094,0.01,,0.005521097183227539,0.01,140069,0.8910749554634094,0.5231732130050659,30.97498321533203,0.9996545910835266,0.028798090294003487,0.9987424612045288,0.05807068198919296,True,True
adam,smallcnn,0,3,random_layerwise_3,0.001,0.9,0.999,1e-08,rms_random_layerwise,full_coupled,multiplicative_rms_memory,inherited,480,40,0.01,1.0,93.18309020996094,0.01,,0.005521097183227539,0.01,140069,1.9733015298843384,1.397294282913208,61.534698486328125,0.9983583092689514,0.12321153283119202,0.999427080154419,0.03389602154493332,True,True
adam,smallcnn,0,3,random_layerwise_3,0.001,0.9,0.999,1e-08,rms_random_layerwise,full_coupled,multiplicative_rms_memory,inherited,480,1,0.03,1.0,93.18309020996094,0.03,,0.016563291549682616,0.03,140069,0.03652041777968407,0.0011001287493854761,0.03652060031890869,0.004502363968640566,0.9999982118606567,0.00021277462656144053,1.0,True,True
adam,smallcnn,0,3,random_layerwise_3,0.001,0.9,0.999,1e-08,rms_random_layerwise,full_coupled,multiplicative_rms_memory,inherited,480,5,0.03,1.0,93.18309020996094,0.03,,0.016563291549682616,0.03,140069,0.20641709864139557,0.008630012162029743,0.25609254837036133,0.7333788871765137,0.6808123588562012,0.6416431069374084,0.7679479122161865,True,True
adam,smallcnn,0,3,random_layerwise_3,0.001,0.9,0.999,1e-08,rms_random_layerwise,full_coupled,multiplicative_rms_memory,inherited,480,10,0.03,1.0,93.18309020996094,0.03,,0.016563291549682616,0.03,140069,0.39590510725975037,0.08027684688568115,2.244913339614868,0.9907729029655457,0.13605426251888275,0.982936680316925,0.1841079145669937,True,True
adam,smallcnn,0,3,random_layerwise_3,0.001,0.9,0.999,1e-08,rms_random_layerwise,full_coupled,multiplicative_rms_memory,inherited,480,20,0.03,1.0,93.18309020996094,0.03,,0.016563291549682616,0.03,140069,0.8910749554634094,0.5079444646835327,12.450263977050781,0.9982651472091675,0.059248656034469604,0.9993394017219543,0.045011360198259354,True,True
adam,smallcnn,0,3,random_layerwise_3,0.001,0.9,0.999,1e-08,rms_random_layerwise,full_coupled,multiplicative_rms_memory,inherited,480,40,0.03,1.0,93.18309020996094,0.03,,0.016563291549682616,0.03,140069,1.9733015298843384,1.3500535488128662,23.468935012817383,0.9949588179588318,0.1366013139486313,1.0016357898712158,0.02256893180310726,True,True
adam,smallcnn,0,3,random_layerwise_3,0.001,0.9,0.999,1e-08,rms_random_layerwise,full_coupled,multiplicative_rms_memory,inherited,480,1,0.1,1.0,93.18309020996094,0.1,,0.05521097183227539,0.1,140069,0.03652041777968407,0.003702399553731084,0.036522556096315384,0.01485940720885992,0.9999818801879883,0.00016721301653888077,0.9999999403953552,True,True
adam,smallcnn,0,3,random_layerwise_3,0.001,0.9,0.999,1e-08,rms_random_layerwise,full_coupled,multiplicative_rms_memory,inherited,480,5,0.1,1.0,93.18309020996094,0.1,,0.05521097183227539,0.1,140069,0.20641709864139557,0.026173900812864304,0.2367977499961853,0.6573692560195923,0.7543482184410095,0.5562334656715393,0.8319751024246216,True,True
adam,smallcnn,0,3,random_layerwise_3,0.001,0.9,0.999,1e-08,rms_random_layerwise,full_coupled,multiplicative_rms_memory,inherited,480,10,0.1,1.0,93.18309020996094,0.1,,0.05521097183227539,0.1,140069,0.39590510725975037,0.1444353610277176,0.9001085162162781,0.9807156920433044,0.20672811567783356,0.9211239218711853,0.3921768069267273,True,True
adam,smallcnn,0,3,random_layerwise_3,0.001,0.9,0.999,1e-08,rms_random_layerwise,full_coupled,multiplicative_rms_memory,inherited,480,20,0.1,1.0,93.18309020996094,0.1,,0.05521097183227539,0.1,140069,0.8910749554634094,0.7682082653045654,4.174092769622803,0.996555745601654,0.08763785660266876,0.9953222274780273,0.1285998523235321,True,True
adam,smallcnn,0,3,random_layerwise_3,0.001,0.9,0.999,1e-08,rms_random_layerwise,full_coupled,multiplicative_rms_memory,inherited,480,40,0.1,1.0,93.18309020996094,0.1,,0.05521097183227539,0.1,140069,1.9733015298843384,1.8371703624725342,8.600630760192871,0.9885311722755432,0.15986885130405426,1.0061819553375244,0.08769118785858154,True,True
