optimizer,architecture,seed,direction,direction_label,learning_rate,memory_component,tangent_model,step,dv_norm
adam,smallcnn,0,0,random_m_0,0.0003,m,full_coupled,0,0.0
adam,smallcnn,0,0,random_m_0,0.0003,m,full_coupled,1,0.0
adam,smallcnn,0,0,random_m_0,0.0003,m,full_coupled,2,1.2259126378921792e-05
adam,smallcnn,0,0,random_m_0,0.0003,m,full_coupled,3,2.520148700568825e-05
adam,smallcnn,0,0,random_m_0,0.0003,m,full_coupled,4,3.9498827391071245e-05
adam,smallcnn,0,0,random_m_0,0.0003,m,full_coupled,5,4.1958148358389735e-05
adam,smallcnn,0,0,random_m_0,0.0003,m,full_coupled,6,4.8488640459254384e-05
adam,smallcnn,0,0,random_m_0,0.0003,m,full_coupled,7,4.8812496970640495e-05
adam,smallcnn,0,0,random_m_0,0.0003,m,full_coupled,8,5.060392140876502e-05
adam,smallcnn,0,0,random_m_0,0.0003,m,full_coupled,9,5.4096613894216716e-05
adam,smallcnn,0,0,random_m_0,0.0003,m,full_coupled,10,6.078901424189098e-05
adam,smallcnn,0,0,random_m_0,0.0003,m,full_coupled,11,7.047302642604336e-05
adam,smallcnn,0,0,random_m_0,0.0003,m,full_coupled,12,9.131064871326089e-05
adam,smallcnn,0,0,random_m_0,0.0003,m,full_coupled,13,0.00012715726916212589
adam,smallcnn,0,0,random_m_0,0.0003,m,full_coupled,14,0.00019197356596123427
adam,smallcnn,0,0,random_m_0,0.0003,m,full_coupled,15,0.00030338874785229564
adam,smallcnn,0,0,random_m_0,0.0003,m,full_coupled,16,0.00047502818051725626
adam,smallcnn,0,0,random_m_0,0.0003,m,full_coupled,17,0.0008439063094556332
adam,smallcnn,0,0,random_m_0,0.0003,m,full_coupled,18,0.00203582807444036
adam,smallcnn,0,0,random_m_0,0.0003,m,full_coupled,19,0.00279337540268898
adam,smallcnn,0,0,random_m_0,0.0003,m,full_coupled,20,0.004252852406352758
adam,smallcnn,0,0,random_m_0,0.0003,m,full_coupled,21,0.007263783365488052
adam,smallcnn,0,0,random_m_0,0.0003,m,full_coupled,22,0.009051303379237652
adam,smallcnn,0,0,random_m_0,0.0003,m,full_coupled,23,0.01390041597187519
adam,smallcnn,0,0,random_m_0,0.0003,m,full_coupled,24,0.019013792276382446
adam,smallcnn,0,0,random_m_0,0.0003,m,full_coupled,25,0.024400994181632996
adam,smallcnn,0,0,random_m_0,0.0003,m,full_coupled,26,0.029749032109975815
adam,smallcnn,0,0,random_m_0,0.0003,m,full_coupled,27,0.04049471765756607
adam,smallcnn,0,0,random_m_0,0.0003,m,full_coupled,28,0.049040962010622025
adam,smallcnn,0,0,random_m_0,0.0003,m,full_coupled,29,0.05475665628910065
adam,smallcnn,0,0,random_m_0,0.0003,m,full_coupled,30,0.059535954147577286
adam,smallcnn,0,0,random_m_0,0.0003,m,full_coupled,31,0.07027972489595413
adam,smallcnn,0,0,random_m_0,0.0003,m,full_coupled,32,0.0814172700047493
adam,smallcnn,0,0,random_m_0,0.0003,m,full_coupled,33,0.0870668888092041
adam,smallcnn,0,0,random_m_0,0.0003,m,full_coupled,34,0.09195394814014435
adam,smallcnn,0,0,random_m_0,0.0003,m,full_coupled,35,0.11615678668022156
adam,smallcnn,0,0,random_m_0,0.0003,m,full_coupled,36,0.14026734232902527
adam,smallcnn,0,0,random_m_0,0.0003,m,full_coupled,37,0.15507330000400543
adam,smallcnn,0,0,random_m_0,0.0003,m,full_coupled,38,0.1791999638080597
adam,smallcnn,0,0,random_m_0,0.0003,m,full_coupled,39,0.216498002409935
adam,smallcnn,0,0,random_m_0,0.0003,m,full_coupled,40,0.9803997278213501
adam,smallcnn,0,0,random_m_0,0.0003,m,restricted_no_dv,0,0.0
adam,smallcnn,0,0,random_m_0,0.0003,m,restricted_no_dv,1,0.0
adam,smallcnn,0,0,random_m_0,0.0003,m,restricted_no_dv,2,0.0
adam,smallcnn,0,0,random_m_0,0.0003,m,restricted_no_dv,3,0.0
adam,smallcnn,0,0,random_m_0,0.0003,m,restricted_no_dv,4,0.0
adam,smallcnn,0,0,random_m_0,0.0003,m,restricted_no_dv,5,0.0
adam,smallcnn,0,0,random_m_0,0.0003,m,restricted_no_dv,6,0.0
adam,smallcnn,0,0,random_m_0,0.0003,m,restricted_no_dv,7,0.0
adam,smallcnn,0,0,random_m_0,0.0003,m,restricted_no_dv,8,0.0
adam,smallcnn,0,0,random_m_0,0.0003,m,restricted_no_dv,9,0.0
adam,smallcnn,0,0,random_m_0,0.0003,m,restricted_no_dv,10,0.0
adam,smallcnn,0,0,random_m_0,0.0003,m,restricted_no_dv,11,0.0
adam,smallcnn,0,0,random_m_0,0.0003,m,restricted_no_dv,12,0.0
adam,smallcnn,0,0,random_m_0,0.0003,m,restricted_no_dv,13,0.0
adam,smallcnn,0,0,random_m_0,0.0003,m,restricted_no_dv,14,0.0
adam,smallcnn,0,0,random_m_0,0.0003,m,restricted_no_dv,15,0.0
adam,smallcnn,0,0,random_m_0,0.0003,m,restricted_no_dv,16,0.0
adam,smallcnn,0,0,random_m_0,0.0003,m,restricted_no_dv,17,0.0
adam,smallcnn,0,0,random_m_0,0.0003,m,restricted_no_dv,18,0.0
adam,smallcnn,0,0,random_m_0,0.0003,m,restricted_no_dv,19,0.0
adam,smallcnn,0,0,random_m_0,0.0003,m,restricted_no_dv,20,0.0
adam,smallcnn,0,0,random_m_0,0.0003,m,restricted_no_dv,21,0.0
adam,smallcnn,0,0,random_m_0,0.0003,m,restricted_no_dv,22,0.0
adam,smallcnn,0,0,random_m_0,0.0003,m,restricted_no_dv,23,0.0
adam,smallcnn,0,0,random_m_0,0.0003,m,restricted_no_dv,24,0.0
adam,smallcnn,0,0,random_m_0,0.0003,m,restricted_no_dv,25,0.0
adam,smallcnn,0,0,random_m_0,0.0003,m,restricted_no_dv,26,0.0
adam,smallcnn,0,0,random_m_0,0.0003,m,restricted_no_dv,27,0.0
adam,smallcnn,0,0,random_m_0,0.0003,m,restricted_no_dv,28,0.0
adam,smallcnn,0,0,random_m_0,0.0003,m,restricted_no_dv,29,0.0
adam,smallcnn,0,0,random_m_0,0.0003,m,restricted_no_dv,30,0.0
adam,smallcnn,0,0,random_m_0,0.0003,m,restricted_no_dv,31,0.0
adam,smallcnn,0,0,random_m_0,0.0003,m,restricted_no_dv,32,0.0
adam,smallcnn,0,0,random_m_0,0.0003,m,restricted_no_dv,33,0.0
adam,smallcnn,0,0,random_m_0,0.0003,m,restricted_no_dv,34,0.0
adam,smallcnn,0,0,random_m_0,0.0003,m,restricted_no_dv,35,0.0
adam,smallcnn,0,0,random_m_0,0.0003,m,restricted_no_dv,36,0.0
adam,smallcnn,0,0,random_m_0,0.0003,m,restricted_no_dv,37,0.0
adam,smallcnn,0,0,random_m_0,0.0003,m,restricted_no_dv,38,0.0
adam,smallcnn,0,0,random_m_0,0.0003,m,restricted_no_dv,39,0.0
adam,smallcnn,0,0,random_m_0,0.0003,m,restricted_no_dv,40,0.0
adam,smallcnn,0,1,random_m_1,0.0003,m,full_coupled,0,0.0
adam,smallcnn,0,1,random_m_1,0.0003,m,full_coupled,1,0.0
adam,smallcnn,0,1,random_m_1,0.0003,m,full_coupled,2,1.055562370311236e-05
adam,smallcnn,0,1,random_m_1,0.0003,m,full_coupled,3,1.9644325220724568e-05
adam,smallcnn,0,1,random_m_1,0.0003,m,full_coupled,4,3.315361391287297e-05
adam,smallcnn,0,1,random_m_1,0.0003,m,full_coupled,5,4.039930354338139e-05
adam,smallcnn,0,1,random_m_1,0.0003,m,full_coupled,6,4.922107473248616e-05
adam,smallcnn,0,1,random_m_1,0.0003,m,full_coupled,7,5.431254248833284e-05
adam,smallcnn,0,1,random_m_1,0.0003,m,full_coupled,8,5.81177810090594e-05
adam,smallcnn,0,1,random_m_1,0.0003,m,full_coupled,9,5.321107164490968e-05
adam,smallcnn,0,1,random_m_1,0.0003,m,full_coupled,10,5.732217323384248e-05
adam,smallcnn,0,1,random_m_1,0.0003,m,full_coupled,11,6.878330168547109e-05
adam,smallcnn,0,1,random_m_1,0.0003,m,full_coupled,12,7.627392187714577e-05
adam,smallcnn,0,1,random_m_1,0.0003,m,full_coupled,13,9.499984298599884e-05
adam,smallcnn,0,1,random_m_1,0.0003,m,full_coupled,14,0.00012988044181838632
adam,smallcnn,0,1,random_m_1,0.0003,m,full_coupled,15,0.00018178588652517647
adam,smallcnn,0,1,random_m_1,0.0003,m,full_coupled,16,0.0003214075113646686
adam,smallcnn,0,1,random_m_1,0.0003,m,full_coupled,17,0.0006458996795117855
adam,smallcnn,0,1,random_m_1,0.0003,m,full_coupled,18,0.0017845453694462776
adam,smallcnn,0,1,random_m_1,0.0003,m,full_coupled,19,0.0026784997899085283
adam,smallcnn,0,1,random_m_1,0.0003,m,full_coupled,20,0.003959836903959513
adam,smallcnn,0,1,random_m_1,0.0003,m,full_coupled,21,0.006418504286557436
adam,smallcnn,0,1,random_m_1,0.0003,m,full_coupled,22,0.0072677256539464
adam,smallcnn,0,1,random_m_1,0.0003,m,full_coupled,23,0.009071525186300278
adam,smallcnn,0,1,random_m_1,0.0003,m,full_coupled,24,0.01070350967347622
adam,smallcnn,0,1,random_m_1,0.0003,m,full_coupled,25,0.011729118414223194
adam,smallcnn,0,1,random_m_1,0.0003,m,full_coupled,26,0.011659794487059116
adam,smallcnn,0,1,random_m_1,0.0003,m,full_coupled,27,0.014885353855788708
adam,smallcnn,0,1,random_m_1,0.0003,m,full_coupled,28,0.018579011783003807
adam,smallcnn,0,1,random_m_1,0.0003,m,full_coupled,29,0.022889448329806328
adam,smallcnn,0,1,random_m_1,0.0003,m,full_coupled,30,0.02709139697253704
adam,smallcnn,0,1,random_m_1,0.0003,m,full_coupled,31,0.032559365034103394
adam,smallcnn,0,1,random_m_1,0.0003,m,full_coupled,32,0.05219125747680664
adam,smallcnn,0,1,random_m_1,0.0003,m,full_coupled,33,0.06893337517976761
adam,smallcnn,0,1,random_m_1,0.0003,m,full_coupled,34,0.07643063366413116
adam,smallcnn,0,1,random_m_1,0.0003,m,full_coupled,35,0.09154248237609863
adam,smallcnn,0,1,random_m_1,0.0003,m,full_coupled,36,0.10030195116996765
adam,smallcnn,0,1,random_m_1,0.0003,m,full_coupled,37,0.10039622336626053
adam,smallcnn,0,1,random_m_1,0.0003,m,full_coupled,38,0.09104440361261368
adam,smallcnn,0,1,random_m_1,0.0003,m,full_coupled,39,0.10271402448415756
adam,smallcnn,0,1,random_m_1,0.0003,m,full_coupled,40,0.7305989265441895
adam,smallcnn,0,1,random_m_1,0.0003,m,restricted_no_dv,0,0.0
adam,smallcnn,0,1,random_m_1,0.0003,m,restricted_no_dv,1,0.0
adam,smallcnn,0,1,random_m_1,0.0003,m,restricted_no_dv,2,0.0
adam,smallcnn,0,1,random_m_1,0.0003,m,restricted_no_dv,3,0.0
adam,smallcnn,0,1,random_m_1,0.0003,m,restricted_no_dv,4,0.0
adam,smallcnn,0,1,random_m_1,0.0003,m,restricted_no_dv,5,0.0
adam,smallcnn,0,1,random_m_1,0.0003,m,restricted_no_dv,6,0.0
adam,smallcnn,0,1,random_m_1,0.0003,m,restricted_no_dv,7,0.0
adam,smallcnn,0,1,random_m_1,0.0003,m,restricted_no_dv,8,0.0
adam,smallcnn,0,1,random_m_1,0.0003,m,restricted_no_dv,9,0.0
adam,smallcnn,0,1,random_m_1,0.0003,m,restricted_no_dv,10,0.0
adam,smallcnn,0,1,random_m_1,0.0003,m,restricted_no_dv,11,0.0
adam,smallcnn,0,1,random_m_1,0.0003,m,restricted_no_dv,12,0.0
adam,smallcnn,0,1,random_m_1,0.0003,m,restricted_no_dv,13,0.0
adam,smallcnn,0,1,random_m_1,0.0003,m,restricted_no_dv,14,0.0
adam,smallcnn,0,1,random_m_1,0.0003,m,restricted_no_dv,15,0.0
adam,smallcnn,0,1,random_m_1,0.0003,m,restricted_no_dv,16,0.0
adam,smallcnn,0,1,random_m_1,0.0003,m,restricted_no_dv,17,0.0
adam,smallcnn,0,1,random_m_1,0.0003,m,restricted_no_dv,18,0.0
adam,smallcnn,0,1,random_m_1,0.0003,m,restricted_no_dv,19,0.0
adam,smallcnn,0,1,random_m_1,0.0003,m,restricted_no_dv,20,0.0
adam,smallcnn,0,1,random_m_1,0.0003,m,restricted_no_dv,21,0.0
adam,smallcnn,0,1,random_m_1,0.0003,m,restricted_no_dv,22,0.0
adam,smallcnn,0,1,random_m_1,0.0003,m,restricted_no_dv,23,0.0
adam,smallcnn,0,1,random_m_1,0.0003,m,restricted_no_dv,24,0.0
adam,smallcnn,0,1,random_m_1,0.0003,m,restricted_no_dv,25,0.0
adam,smallcnn,0,1,random_m_1,0.0003,m,restricted_no_dv,26,0.0
adam,smallcnn,0,1,random_m_1,0.0003,m,restricted_no_dv,27,0.0
adam,smallcnn,0,1,random_m_1,0.0003,m,restricted_no_dv,28,0.0
adam,smallcnn,0,1,random_m_1,0.0003,m,restricted_no_dv,29,0.0
adam,smallcnn,0,1,random_m_1,0.0003,m,restricted_no_dv,30,0.0
adam,smallcnn,0,1,random_m_1,0.0003,m,restricted_no_dv,31,0.0
adam,smallcnn,0,1,random_m_1,0.0003,m,restricted_no_dv,32,0.0
adam,smallcnn,0,1,random_m_1,0.0003,m,restricted_no_dv,33,0.0
adam,smallcnn,0,1,random_m_1,0.0003,m,restricted_no_dv,34,0.0
adam,smallcnn,0,1,random_m_1,0.0003,m,restricted_no_dv,35,0.0
adam,smallcnn,0,1,random_m_1,0.0003,m,restricted_no_dv,36,0.0
adam,smallcnn,0,1,random_m_1,0.0003,m,restricted_no_dv,37,0.0
adam,smallcnn,0,1,random_m_1,0.0003,m,restricted_no_dv,38,0.0
adam,smallcnn,0,1,random_m_1,0.0003,m,restricted_no_dv,39,0.0
adam,smallcnn,0,1,random_m_1,0.0003,m,restricted_no_dv,40,0.0
adam,smallcnn,0,2,random_m_2,0.0003,m,full_coupled,0,0.0
adam,smallcnn,0,2,random_m_2,0.0003,m,full_coupled,1,0.0
adam,smallcnn,0,2,random_m_2,0.0003,m,full_coupled,2,6.484021469077561e-06
adam,smallcnn,0,2,random_m_2,0.0003,m,full_coupled,3,1.660450107010547e-05
adam,smallcnn,0,2,random_m_2,0.0003,m,full_coupled,4,4.7649398766225204e-05
adam,smallcnn,0,2,random_m_2,0.0003,m,full_coupled,5,5.684674033545889e-05
adam,smallcnn,0,2,random_m_2,0.0003,m,full_coupled,6,6.259786459850147e-05
adam,smallcnn,0,2,random_m_2,0.0003,m,full_coupled,7,6.357644451782107e-05
adam,smallcnn,0,2,random_m_2,0.0003,m,full_coupled,8,6.913727702340111e-05
adam,smallcnn,0,2,random_m_2,0.0003,m,full_coupled,9,8.189475920516998e-05
adam,smallcnn,0,2,random_m_2,0.0003,m,full_coupled,10,9.647286060499027e-05
adam,smallcnn,0,2,random_m_2,0.0003,m,full_coupled,11,0.00012314146442804486
adam,smallcnn,0,2,random_m_2,0.0003,m,full_coupled,12,0.00016256804519798607
adam,smallcnn,0,2,random_m_2,0.0003,m,full_coupled,13,0.00025252188788726926
adam,smallcnn,0,2,random_m_2,0.0003,m,full_coupled,14,0.00038648827467113733
adam,smallcnn,0,2,random_m_2,0.0003,m,full_coupled,15,0.0005137231783010066
adam,smallcnn,0,2,random_m_2,0.0003,m,full_coupled,16,0.0006736303912475705
adam,smallcnn,0,2,random_m_2,0.0003,m,full_coupled,17,0.0009471246157772839
adam,smallcnn,0,2,random_m_2,0.0003,m,full_coupled,18,0.0018358357483521104
adam,smallcnn,0,2,random_m_2,0.0003,m,full_coupled,19,0.002542027970775962
adam,smallcnn,0,2,random_m_2,0.0003,m,full_coupled,20,0.003374270396307111
adam,smallcnn,0,2,random_m_2,0.0003,m,full_coupled,21,0.004661037586629391
adam,smallcnn,0,2,random_m_2,0.0003,m,full_coupled,22,0.005285641644150019
adam,smallcnn,0,2,random_m_2,0.0003,m,full_coupled,23,0.006807701196521521
adam,smallcnn,0,2,random_m_2,0.0003,m,full_coupled,24,0.009621240198612213
adam,smallcnn,0,2,random_m_2,0.0003,m,full_coupled,25,0.014551283791661263
adam,smallcnn,0,2,random_m_2,0.0003,m,full_coupled,26,0.018425142392516136
adam,smallcnn,0,2,random_m_2,0.0003,m,full_coupled,27,0.030923910439014435
adam,smallcnn,0,2,random_m_2,0.0003,m,full_coupled,28,0.041780807077884674
adam,smallcnn,0,2,random_m_2,0.0003,m,full_coupled,29,0.052521318197250366
adam,smallcnn,0,2,random_m_2,0.0003,m,full_coupled,30,0.06185803562402725
adam,smallcnn,0,2,random_m_2,0.0003,m,full_coupled,31,0.08100920170545578
adam,smallcnn,0,2,random_m_2,0.0003,m,full_coupled,32,0.10351699590682983
adam,smallcnn,0,2,random_m_2,0.0003,m,full_coupled,33,0.1194043979048729
adam,smallcnn,0,2,random_m_2,0.0003,m,full_coupled,34,0.13206206262111664
adam,smallcnn,0,2,random_m_2,0.0003,m,full_coupled,35,0.16884663701057434
adam,smallcnn,0,2,random_m_2,0.0003,m,full_coupled,36,0.21036584675312042
adam,smallcnn,0,2,random_m_2,0.0003,m,full_coupled,37,0.24126036465168
adam,smallcnn,0,2,random_m_2,0.0003,m,full_coupled,38,0.27955079078674316
adam,smallcnn,0,2,random_m_2,0.0003,m,full_coupled,39,0.34612783789634705
adam,smallcnn,0,2,random_m_2,0.0003,m,full_coupled,40,1.3642082214355469
adam,smallcnn,0,2,random_m_2,0.0003,m,restricted_no_dv,0,0.0
adam,smallcnn,0,2,random_m_2,0.0003,m,restricted_no_dv,1,0.0
adam,smallcnn,0,2,random_m_2,0.0003,m,restricted_no_dv,2,0.0
adam,smallcnn,0,2,random_m_2,0.0003,m,restricted_no_dv,3,0.0
adam,smallcnn,0,2,random_m_2,0.0003,m,restricted_no_dv,4,0.0
adam,smallcnn,0,2,random_m_2,0.0003,m,restricted_no_dv,5,0.0
adam,smallcnn,0,2,random_m_2,0.0003,m,restricted_no_dv,6,0.0
adam,smallcnn,0,2,random_m_2,0.0003,m,restricted_no_dv,7,0.0
adam,smallcnn,0,2,random_m_2,0.0003,m,restricted_no_dv,8,0.0
adam,smallcnn,0,2,random_m_2,0.0003,m,restricted_no_dv,9,0.0
adam,smallcnn,0,2,random_m_2,0.0003,m,restricted_no_dv,10,0.0
adam,smallcnn,0,2,random_m_2,0.0003,m,restricted_no_dv,11,0.0
adam,smallcnn,0,2,random_m_2,0.0003,m,restricted_no_dv,12,0.0
adam,smallcnn,0,2,random_m_2,0.0003,m,restricted_no_dv,13,0.0
adam,smallcnn,0,2,random_m_2,0.0003,m,restricted_no_dv,14,0.0
adam,smallcnn,0,2,random_m_2,0.0003,m,restricted_no_dv,15,0.0
adam,smallcnn,0,2,random_m_2,0.0003,m,restricted_no_dv,16,0.0
adam,smallcnn,0,2,random_m_2,0.0003,m,restricted_no_dv,17,0.0
adam,smallcnn,0,2,random_m_2,0.0003,m,restricted_no_dv,18,0.0
adam,smallcnn,0,2,random_m_2,0.0003,m,restricted_no_dv,19,0.0
adam,smallcnn,0,2,random_m_2,0.0003,m,restricted_no_dv,20,0.0
adam,smallcnn,0,2,random_m_2,0.0003,m,restricted_no_dv,21,0.0
adam,smallcnn,0,2,random_m_2,0.0003,m,restricted_no_dv,22,0.0
adam,smallcnn,0,2,random_m_2,0.0003,m,restricted_no_dv,23,0.0
adam,smallcnn,0,2,random_m_2,0.0003,m,restricted_no_dv,24,0.0
adam,smallcnn,0,2,random_m_2,0.0003,m,restricted_no_dv,25,0.0
adam,smallcnn,0,2,random_m_2,0.0003,m,restricted_no_dv,26,0.0
adam,smallcnn,0,2,random_m_2,0.0003,m,restricted_no_dv,27,0.0
adam,smallcnn,0,2,random_m_2,0.0003,m,restricted_no_dv,28,0.0
adam,smallcnn,0,2,random_m_2,0.0003,m,restricted_no_dv,29,0.0
adam,smallcnn,0,2,random_m_2,0.0003,m,restricted_no_dv,30,0.0
adam,smallcnn,0,2,random_m_2,0.0003,m,restricted_no_dv,31,0.0
adam,smallcnn,0,2,random_m_2,0.0003,m,restricted_no_dv,32,0.0
adam,smallcnn,0,2,random_m_2,0.0003,m,restricted_no_dv,33,0.0
adam,smallcnn,0,2,random_m_2,0.0003,m,restricted_no_dv,34,0.0
adam,smallcnn,0,2,random_m_2,0.0003,m,restricted_no_dv,35,0.0
adam,smallcnn,0,2,random_m_2,0.0003,m,restricted_no_dv,36,0.0
adam,smallcnn,0,2,random_m_2,0.0003,m,restricted_no_dv,37,0.0
adam,smallcnn,0,2,random_m_2,0.0003,m,restricted_no_dv,38,0.0
adam,smallcnn,0,2,random_m_2,0.0003,m,restricted_no_dv,39,0.0
adam,smallcnn,0,2,random_m_2,0.0003,m,restricted_no_dv,40,0.0
adam,smallcnn,0,3,random_m_3,0.0003,m,full_coupled,0,0.0
adam,smallcnn,0,3,random_m_3,0.0003,m,full_coupled,1,0.0
adam,smallcnn,0,3,random_m_3,0.0003,m,full_coupled,2,4.496701421885518e-06
adam,smallcnn,0,3,random_m_3,0.0003,m,full_coupled,3,1.0403341548226308e-05
adam,smallcnn,0,3,random_m_3,0.0003,m,full_coupled,4,2.021041109401267e-05
adam,smallcnn,0,3,random_m_3,0.0003,m,full_coupled,5,2.3650551156606525e-05
adam,smallcnn,0,3,random_m_3,0.0003,m,full_coupled,6,2.9560991606558673e-05
adam,smallcnn,0,3,random_m_3,0.0003,m,full_coupled,7,3.306963844806887e-05
adam,smallcnn,0,3,random_m_3,0.0003,m,full_coupled,8,3.638713315012865e-05
adam,smallcnn,0,3,random_m_3,0.0003,m,full_coupled,9,4.094821633771062e-05
adam,smallcnn,0,3,random_m_3,0.0003,m,full_coupled,10,4.5163018512539566e-05
adam,smallcnn,0,3,random_m_3,0.0003,m,full_coupled,11,5.277559466776438e-05
adam,smallcnn,0,3,random_m_3,0.0003,m,full_coupled,12,5.951125785941258e-05
adam,smallcnn,0,3,random_m_3,0.0003,m,full_coupled,13,7.641596312168986e-05
adam,smallcnn,0,3,random_m_3,0.0003,m,full_coupled,14,9.971123654395342e-05
adam,smallcnn,0,3,random_m_3,0.0003,m,full_coupled,15,0.0001252652727998793
adam,smallcnn,0,3,random_m_3,0.0003,m,full_coupled,16,0.00017436975031159818
adam,smallcnn,0,3,random_m_3,0.0003,m,full_coupled,17,0.00027697961195372045
adam,smallcnn,0,3,random_m_3,0.0003,m,full_coupled,18,0.000602786079980433
adam,smallcnn,0,3,random_m_3,0.0003,m,full_coupled,19,0.0009720063535496593
adam,smallcnn,0,3,random_m_3,0.0003,m,full_coupled,20,0.0020060876850038767
adam,smallcnn,0,3,random_m_3,0.0003,m,full_coupled,21,0.003203475847840309
adam,smallcnn,0,3,random_m_3,0.0003,m,full_coupled,22,0.003719317726790905
adam,smallcnn,0,3,random_m_3,0.0003,m,full_coupled,23,0.00549476919695735
adam,smallcnn,0,3,random_m_3,0.0003,m,full_coupled,24,0.007493357639759779
adam,smallcnn,0,3,random_m_3,0.0003,m,full_coupled,25,0.012540509924292564
adam,smallcnn,0,3,random_m_3,0.0003,m,full_coupled,26,0.014296465553343296
adam,smallcnn,0,3,random_m_3,0.0003,m,full_coupled,27,0.02015528827905655
adam,smallcnn,0,3,random_m_3,0.0003,m,full_coupled,28,0.024134662002325058
adam,smallcnn,0,3,random_m_3,0.0003,m,full_coupled,29,0.028217045590281487
adam,smallcnn,0,3,random_m_3,0.0003,m,full_coupled,30,0.030877310782670975
adam,smallcnn,0,3,random_m_3,0.0003,m,full_coupled,31,0.03870101645588875
adam,smallcnn,0,3,random_m_3,0.0003,m,full_coupled,32,0.049414221197366714
adam,smallcnn,0,3,random_m_3,0.0003,m,full_coupled,33,0.05775511637330055
adam,smallcnn,0,3,random_m_3,0.0003,m,full_coupled,34,0.06047934293746948
adam,smallcnn,0,3,random_m_3,0.0003,m,full_coupled,35,0.07480993121862411
adam,smallcnn,0,3,random_m_3,0.0003,m,full_coupled,36,0.10061901062726974
adam,smallcnn,0,3,random_m_3,0.0003,m,full_coupled,37,0.11095725744962692
adam,smallcnn,0,3,random_m_3,0.0003,m,full_coupled,38,0.11569834500551224
adam,smallcnn,0,3,random_m_3,0.0003,m,full_coupled,39,0.13142332434654236
adam,smallcnn,0,3,random_m_3,0.0003,m,full_coupled,40,0.6728813648223877
adam,smallcnn,0,3,random_m_3,0.0003,m,restricted_no_dv,0,0.0
adam,smallcnn,0,3,random_m_3,0.0003,m,restricted_no_dv,1,0.0
adam,smallcnn,0,3,random_m_3,0.0003,m,restricted_no_dv,2,0.0
adam,smallcnn,0,3,random_m_3,0.0003,m,restricted_no_dv,3,0.0
adam,smallcnn,0,3,random_m_3,0.0003,m,restricted_no_dv,4,0.0
adam,smallcnn,0,3,random_m_3,0.0003,m,restricted_no_dv,5,0.0
adam,smallcnn,0,3,random_m_3,0.0003,m,restricted_no_dv,6,0.0
adam,smallcnn,0,3,random_m_3,0.0003,m,restricted_no_dv,7,0.0
adam,smallcnn,0,3,random_m_3,0.0003,m,restricted_no_dv,8,0.0
adam,smallcnn,0,3,random_m_3,0.0003,m,restricted_no_dv,9,0.0
adam,smallcnn,0,3,random_m_3,0.0003,m,restricted_no_dv,10,0.0
adam,smallcnn,0,3,random_m_3,0.0003,m,restricted_no_dv,11,0.0
adam,smallcnn,0,3,random_m_3,0.0003,m,restricted_no_dv,12,0.0
adam,smallcnn,0,3,random_m_3,0.0003,m,restricted_no_dv,13,0.0
adam,smallcnn,0,3,random_m_3,0.0003,m,restricted_no_dv,14,0.0
adam,smallcnn,0,3,random_m_3,0.0003,m,restricted_no_dv,15,0.0
adam,smallcnn,0,3,random_m_3,0.0003,m,restricted_no_dv,16,0.0
adam,smallcnn,0,3,random_m_3,0.0003,m,restricted_no_dv,17,0.0
adam,smallcnn,0,3,random_m_3,0.0003,m,restricted_no_dv,18,0.0
adam,smallcnn,0,3,random_m_3,0.0003,m,restricted_no_dv,19,0.0
adam,smallcnn,0,3,random_m_3,0.0003,m,restricted_no_dv,20,0.0
adam,smallcnn,0,3,random_m_3,0.0003,m,restricted_no_dv,21,0.0
adam,smallcnn,0,3,random_m_3,0.0003,m,restricted_no_dv,22,0.0
adam,smallcnn,0,3,random_m_3,0.0003,m,restricted_no_dv,23,0.0
adam,smallcnn,0,3,random_m_3,0.0003,m,restricted_no_dv,24,0.0
adam,smallcnn,0,3,random_m_3,0.0003,m,restricted_no_dv,25,0.0
adam,smallcnn,0,3,random_m_3,0.0003,m,restricted_no_dv,26,0.0
adam,smallcnn,0,3,random_m_3,0.0003,m,restricted_no_dv,27,0.0
adam,smallcnn,0,3,random_m_3,0.0003,m,restricted_no_dv,28,0.0
adam,smallcnn,0,3,random_m_3,0.0003,m,restricted_no_dv,29,0.0
adam,smallcnn,0,3,random_m_3,0.0003,m,restricted_no_dv,30,0.0
adam,smallcnn,0,3,random_m_3,0.0003,m,restricted_no_dv,31,0.0
adam,smallcnn,0,3,random_m_3,0.0003,m,restricted_no_dv,32,0.0
adam,smallcnn,0,3,random_m_3,0.0003,m,restricted_no_dv,33,0.0
adam,smallcnn,0,3,random_m_3,0.0003,m,restricted_no_dv,34,0.0
adam,smallcnn,0,3,random_m_3,0.0003,m,restricted_no_dv,35,0.0
adam,smallcnn,0,3,random_m_3,0.0003,m,restricted_no_dv,36,0.0
adam,smallcnn,0,3,random_m_3,0.0003,m,restricted_no_dv,37,0.0
adam,smallcnn,0,3,random_m_3,0.0003,m,restricted_no_dv,38,0.0
adam,smallcnn,0,3,random_m_3,0.0003,m,restricted_no_dv,39,0.0
adam,smallcnn,0,3,random_m_3,0.0003,m,restricted_no_dv,40,0.0
adam,smallcnn,0,0,all_parameters,0.0003,rms_global,full_coupled,0,0.1458379179239273
adam,smallcnn,0,0,all_parameters,0.0003,rms_global,full_coupled,1,0.14569208025932312
adam,smallcnn,0,0,all_parameters,0.0003,rms_global,full_coupled,2,0.14567919075489044
adam,smallcnn,0,0,all_parameters,0.0003,rms_global,full_coupled,3,0.14565028250217438
adam,smallcnn,0,0,all_parameters,0.0003,rms_global,full_coupled,4,0.14580261707305908
adam,smallcnn,0,0,all_parameters,0.0003,rms_global,full_coupled,5,0.1460047960281372
adam,smallcnn,0,0,all_parameters,0.0003,rms_global,full_coupled,6,0.14607049524784088
adam,smallcnn,0,0,all_parameters,0.0003,rms_global,full_coupled,7,0.1460774540901184
adam,smallcnn,0,0,all_parameters,0.0003,rms_global,full_coupled,8,0.1459904909133911
adam,smallcnn,0,0,all_parameters,0.0003,rms_global,full_coupled,9,0.14589349925518036
adam,smallcnn,0,0,all_parameters,0.0003,rms_global,full_coupled,10,0.14577141404151917
adam,smallcnn,0,0,all_parameters,0.0003,rms_global,full_coupled,11,0.14564596116542816
adam,smallcnn,0,0,all_parameters,0.0003,rms_global,full_coupled,12,0.1455104500055313
adam,smallcnn,0,0,all_parameters,0.0003,rms_global,full_coupled,13,0.14537249505519867
adam,smallcnn,0,0,all_parameters,0.0003,rms_global,full_coupled,14,0.14523407816886902
adam,smallcnn,0,0,all_parameters,0.0003,rms_global,full_coupled,15,0.1450929045677185
adam,smallcnn,0,0,all_parameters,0.0003,rms_global,full_coupled,16,0.14494916796684265
adam,smallcnn,0,0,all_parameters,0.0003,rms_global,full_coupled,17,0.1448047161102295
adam,smallcnn,0,0,all_parameters,0.0003,rms_global,full_coupled,18,0.14466235041618347
adam,smallcnn,0,0,all_parameters,0.0003,rms_global,full_coupled,19,0.14451658725738525
adam,smallcnn,0,0,all_parameters,0.0003,rms_global,full_coupled,20,0.14437033236026764
adam,smallcnn,0,0,all_parameters,0.0003,rms_global,full_coupled,21,0.14422577619552612
adam,smallcnn,0,0,all_parameters,0.0003,rms_global,full_coupled,22,0.14407657086849213
adam,smallcnn,0,0,all_parameters,0.0003,rms_global,full_coupled,23,0.1439293920993805
adam,smallcnn,0,0,all_parameters,0.0003,rms_global,full_coupled,24,0.1437837928533554
adam,smallcnn,0,0,all_parameters,0.0003,rms_global,full_coupled,25,0.14363522827625275
adam,smallcnn,0,0,all_parameters,0.0003,rms_global,full_coupled,26,0.1434890776872635
adam,smallcnn,0,0,all_parameters,0.0003,rms_global,full_coupled,27,0.14333857595920563
adam,smallcnn,0,0,all_parameters,0.0003,rms_global,full_coupled,28,0.14319293200969696
adam,smallcnn,0,0,all_parameters,0.0003,rms_global,full_coupled,29,0.1430487185716629
adam,smallcnn,0,0,all_parameters,0.0003,rms_global,full_coupled,30,0.1429048627614975
adam,smallcnn,0,0,all_parameters,0.0003,rms_global,full_coupled,31,0.14276015758514404
adam,smallcnn,0,0,all_parameters,0.0003,rms_global,full_coupled,32,0.14261168241500854
adam,smallcnn,0,0,all_parameters,0.0003,rms_global,full_coupled,33,0.14246846735477448
adam,smallcnn,0,0,all_parameters,0.0003,rms_global,full_coupled,34,0.14232957363128662
adam,smallcnn,0,0,all_parameters,0.0003,rms_global,full_coupled,35,0.14218705892562866
adam,smallcnn,0,0,all_parameters,0.0003,rms_global,full_coupled,36,0.14204320311546326
adam,smallcnn,0,0,all_parameters,0.0003,rms_global,full_coupled,37,0.1419086754322052
adam,smallcnn,0,0,all_parameters,0.0003,rms_global,full_coupled,38,0.14177365601062775
adam,smallcnn,0,0,all_parameters,0.0003,rms_global,full_coupled,39,0.1416366994380951
adam,smallcnn,0,0,all_parameters,0.0003,rms_global,full_coupled,40,0.14136306941509247
adam,smallcnn,0,0,features.0.weight,0.0003,rms_layerwise,full_coupled,0,0.09801393002271652
adam,smallcnn,0,0,features.0.weight,0.0003,rms_layerwise,full_coupled,1,0.09791591763496399
adam,smallcnn,0,0,features.0.weight,0.0003,rms_layerwise,full_coupled,2,0.09783845394849777
adam,smallcnn,0,0,features.0.weight,0.0003,rms_layerwise,full_coupled,3,0.09772291034460068
adam,smallcnn,0,0,features.0.weight,0.0003,rms_layerwise,full_coupled,4,0.09762616455554962
adam,smallcnn,0,0,features.0.weight,0.0003,rms_layerwise,full_coupled,5,0.09756705909967422
adam,smallcnn,0,0,features.0.weight,0.0003,rms_layerwise,full_coupled,6,0.09748069941997528
adam,smallcnn,0,0,features.0.weight,0.0003,rms_layerwise,full_coupled,7,0.09739582985639572
adam,smallcnn,0,0,features.0.weight,0.0003,rms_layerwise,full_coupled,8,0.09730059653520584
adam,smallcnn,0,0,features.0.weight,0.0003,rms_layerwise,full_coupled,9,0.09720472246408463
adam,smallcnn,0,0,features.0.weight,0.0003,rms_layerwise,full_coupled,10,0.09710781276226044
adam,smallcnn,0,0,features.0.weight,0.0003,rms_layerwise,full_coupled,11,0.09701086580753326
adam,smallcnn,0,0,features.0.weight,0.0003,rms_layerwise,full_coupled,12,0.0969139039516449
adam,smallcnn,0,0,features.0.weight,0.0003,rms_layerwise,full_coupled,13,0.09681714326143265
adam,smallcnn,0,0,features.0.weight,0.0003,rms_layerwise,full_coupled,14,0.09672047197818756
adam,smallcnn,0,0,features.0.weight,0.0003,rms_layerwise,full_coupled,15,0.09662388265132904
adam,smallcnn,0,0,features.0.weight,0.0003,rms_layerwise,full_coupled,16,0.0965273454785347
adam,smallcnn,0,0,features.0.weight,0.0003,rms_layerwise,full_coupled,17,0.09643072634935379
adam,smallcnn,0,0,features.0.weight,0.0003,rms_layerwise,full_coupled,18,0.09633435308933258
adam,smallcnn,0,0,features.0.weight,0.0003,rms_layerwise,full_coupled,19,0.09623794257640839
adam,smallcnn,0,0,features.0.weight,0.0003,rms_layerwise,full_coupled,20,0.09614159911870956
adam,smallcnn,0,0,features.0.weight,0.0003,rms_layerwise,full_coupled,21,0.09604548662900925
adam,smallcnn,0,0,features.0.weight,0.0003,rms_layerwise,full_coupled,22,0.09594912081956863
adam,smallcnn,0,0,features.0.weight,0.0003,rms_layerwise,full_coupled,23,0.09585288912057877
adam,smallcnn,0,0,features.0.weight,0.0003,rms_layerwise,full_coupled,24,0.09575682878494263
adam,smallcnn,0,0,features.0.weight,0.0003,rms_layerwise,full_coupled,25,0.09566070139408112
adam,smallcnn,0,0,features.0.weight,0.0003,rms_layerwise,full_coupled,26,0.09556498378515244
adam,smallcnn,0,0,features.0.weight,0.0003,rms_layerwise,full_coupled,27,0.09546899050474167
adam,smallcnn,0,0,features.0.weight,0.0003,rms_layerwise,full_coupled,28,0.09537342935800552
adam,smallcnn,0,0,features.0.weight,0.0003,rms_layerwise,full_coupled,29,0.09527798742055893
adam,smallcnn,0,0,features.0.weight,0.0003,rms_layerwise,full_coupled,30,0.095182865858078
adam,smallcnn,0,0,features.0.weight,0.0003,rms_layerwise,full_coupled,31,0.09508778154850006
adam,smallcnn,0,0,features.0.weight,0.0003,rms_layerwise,full_coupled,32,0.09499203413724899
adam,smallcnn,0,0,features.0.weight,0.0003,rms_layerwise,full_coupled,33,0.09489700198173523
adam,smallcnn,0,0,features.0.weight,0.0003,rms_layerwise,full_coupled,34,0.09480217844247818
adam,smallcnn,0,0,features.0.weight,0.0003,rms_layerwise,full_coupled,35,0.09470763802528381
adam,smallcnn,0,0,features.0.weight,0.0003,rms_layerwise,full_coupled,36,0.09461333602666855
adam,smallcnn,0,0,features.0.weight,0.0003,rms_layerwise,full_coupled,37,0.09451957046985626
adam,smallcnn,0,0,features.0.weight,0.0003,rms_layerwise,full_coupled,38,0.09442556649446487
adam,smallcnn,0,0,features.0.weight,0.0003,rms_layerwise,full_coupled,39,0.09433100372552872
adam,smallcnn,0,0,features.0.weight,0.0003,rms_layerwise,full_coupled,40,0.09424282610416412
adam,smallcnn,0,1,features.0.bias,0.0003,rms_layerwise,full_coupled,0,0.05912215635180473
adam,smallcnn,0,1,features.0.bias,0.0003,rms_layerwise,full_coupled,1,0.059063032269477844
adam,smallcnn,0,1,features.0.bias,0.0003,rms_layerwise,full_coupled,2,0.059004317969083786
adam,smallcnn,0,1,features.0.bias,0.0003,rms_layerwise,full_coupled,3,0.05894400551915169
adam,smallcnn,0,1,features.0.bias,0.0003,rms_layerwise,full_coupled,4,0.05888594314455986
adam,smallcnn,0,1,features.0.bias,0.0003,rms_layerwise,full_coupled,5,0.05883000046014786
adam,smallcnn,0,1,features.0.bias,0.0003,rms_layerwise,full_coupled,6,0.05877312645316124
adam,smallcnn,0,1,features.0.bias,0.0003,rms_layerwise,full_coupled,7,0.0587153397500515
adam,smallcnn,0,1,features.0.bias,0.0003,rms_layerwise,full_coupled,8,0.05865701660513878
adam,smallcnn,0,1,features.0.bias,0.0003,rms_layerwise,full_coupled,9,0.05859854817390442
adam,smallcnn,0,1,features.0.bias,0.0003,rms_layerwise,full_coupled,10,0.05854000151157379
adam,smallcnn,0,1,features.0.bias,0.0003,rms_layerwise,full_coupled,11,0.05848149582743645
adam,smallcnn,0,1,features.0.bias,0.0003,rms_layerwise,full_coupled,12,0.05842302367091179
adam,smallcnn,0,1,features.0.bias,0.0003,rms_layerwise,full_coupled,13,0.05836460739374161
adam,smallcnn,0,1,features.0.bias,0.0003,rms_layerwise,full_coupled,14,0.0583062469959259
adam,smallcnn,0,1,features.0.bias,0.0003,rms_layerwise,full_coupled,15,0.05824793875217438
adam,smallcnn,0,1,features.0.bias,0.0003,rms_layerwise,full_coupled,16,0.05818968266248703
adam,smallcnn,0,1,features.0.bias,0.0003,rms_layerwise,full_coupled,17,0.058131489902734756
adam,smallcnn,0,1,features.0.bias,0.0003,rms_layerwise,full_coupled,18,0.05807335674762726
adam,smallcnn,0,1,features.0.bias,0.0003,rms_layerwise,full_coupled,19,0.05801526829600334
adam,smallcnn,0,1,features.0.bias,0.0003,rms_layerwise,full_coupled,20,0.0579572431743145
adam,smallcnn,0,1,features.0.bias,0.0003,rms_layerwise,full_coupled,21,0.05789928883314133
adam,smallcnn,0,1,features.0.bias,0.0003,rms_layerwise,full_coupled,22,0.057841382920742035
adam,smallcnn,0,1,features.0.bias,0.0003,rms_layerwise,full_coupled,23,0.05778353661298752
adam,smallcnn,0,1,features.0.bias,0.0003,rms_layerwise,full_coupled,24,0.057725753635168076
adam,smallcnn,0,1,features.0.bias,0.0003,rms_layerwise,full_coupled,25,0.05766801908612251
adam,smallcnn,0,1,features.0.bias,0.0003,rms_layerwise,full_coupled,26,0.057610344141721725
adam,smallcnn,0,1,features.0.bias,0.0003,rms_layerwise,full_coupled,27,0.05755273252725601
adam,smallcnn,0,1,features.0.bias,0.0003,rms_layerwise,full_coupled,28,0.05749519541859627
adam,smallcnn,0,1,features.0.bias,0.0003,rms_layerwise,full_coupled,29,0.0574377067387104
adam,smallcnn,0,1,features.0.bias,0.0003,rms_layerwise,full_coupled,30,0.05738028138875961
adam,smallcnn,0,1,features.0.bias,0.0003,rms_layerwise,full_coupled,31,0.05732293426990509
adam,smallcnn,0,1,features.0.bias,0.0003,rms_layerwise,full_coupled,32,0.05726560577750206
adam,smallcnn,0,1,features.0.bias,0.0003,rms_layerwise,full_coupled,33,0.057208333164453506
adam,smallcnn,0,1,features.0.bias,0.0003,rms_layerwise,full_coupled,34,0.057151131331920624
adam,smallcnn,0,1,features.0.bias,0.0003,rms_layerwise,full_coupled,35,0.05709405615925789
adam,smallcnn,0,1,features.0.bias,0.0003,rms_layerwise,full_coupled,36,0.05703701078891754
adam,smallcnn,0,1,features.0.bias,0.0003,rms_layerwise,full_coupled,37,0.05698003992438316
adam,smallcnn,0,1,features.0.bias,0.0003,rms_layerwise,full_coupled,38,0.056923069059848785
adam,smallcnn,0,1,features.0.bias,0.0003,rms_layerwise,full_coupled,39,0.056866131722927094
adam,smallcnn,0,1,features.0.bias,0.0003,rms_layerwise,full_coupled,40,0.056812506169080734
adam,smallcnn,0,2,features.2.weight,0.0003,rms_layerwise,full_coupled,0,0.06436942517757416
adam,smallcnn,0,2,features.2.weight,0.0003,rms_layerwise,full_coupled,1,0.06430505961179733
adam,smallcnn,0,2,features.2.weight,0.0003,rms_layerwise,full_coupled,2,0.0642440915107727
adam,smallcnn,0,2,features.2.weight,0.0003,rms_layerwise,full_coupled,3,0.06416013091802597
adam,smallcnn,0,2,features.2.weight,0.0003,rms_layerwise,full_coupled,4,0.06412101536989212
adam,smallcnn,0,2,features.2.weight,0.0003,rms_layerwise,full_coupled,5,0.06407826393842697
adam,smallcnn,0,2,features.2.weight,0.0003,rms_layerwise,full_coupled,6,0.06401894986629486
adam,smallcnn,0,2,features.2.weight,0.0003,rms_layerwise,full_coupled,7,0.06396640092134476
adam,smallcnn,0,2,features.2.weight,0.0003,rms_layerwise,full_coupled,8,0.06390577554702759
adam,smallcnn,0,2,features.2.weight,0.0003,rms_layerwise,full_coupled,9,0.0638444647192955
adam,smallcnn,0,2,features.2.weight,0.0003,rms_layerwise,full_coupled,10,0.0637819692492485
adam,smallcnn,0,2,features.2.weight,0.0003,rms_layerwise,full_coupled,11,0.06371963024139404
adam,smallcnn,0,2,features.2.weight,0.0003,rms_layerwise,full_coupled,12,0.06365669518709183
adam,smallcnn,0,2,features.2.weight,0.0003,rms_layerwise,full_coupled,13,0.06359373033046722
adam,smallcnn,0,2,features.2.weight,0.0003,rms_layerwise,full_coupled,14,0.06353092938661575
adam,smallcnn,0,2,features.2.weight,0.0003,rms_layerwise,full_coupled,15,0.06346779316663742
adam,smallcnn,0,2,features.2.weight,0.0003,rms_layerwise,full_coupled,16,0.06340450048446655
adam,smallcnn,0,2,features.2.weight,0.0003,rms_layerwise,full_coupled,17,0.06334112584590912
adam,smallcnn,0,2,features.2.weight,0.0003,rms_layerwise,full_coupled,18,0.06327787041664124
adam,smallcnn,0,2,features.2.weight,0.0003,rms_layerwise,full_coupled,19,0.06321443617343903
adam,smallcnn,0,2,features.2.weight,0.0003,rms_layerwise,full_coupled,20,0.06315083801746368
adam,smallcnn,0,2,features.2.weight,0.0003,rms_layerwise,full_coupled,21,0.06308764219284058
adam,smallcnn,0,2,features.2.weight,0.0003,rms_layerwise,full_coupled,22,0.063023641705513
adam,smallcnn,0,2,features.2.weight,0.0003,rms_layerwise,full_coupled,23,0.06296008080244064
adam,smallcnn,0,2,features.2.weight,0.0003,rms_layerwise,full_coupled,24,0.06289683282375336
adam,smallcnn,0,2,features.2.weight,0.0003,rms_layerwise,full_coupled,25,0.0628327876329422
adam,smallcnn,0,2,features.2.weight,0.0003,rms_layerwise,full_coupled,26,0.06276946514844894
adam,smallcnn,0,2,features.2.weight,0.0003,rms_layerwise,full_coupled,27,0.062705859541893
adam,smallcnn,0,2,features.2.weight,0.0003,rms_layerwise,full_coupled,28,0.06264306604862213
adam,smallcnn,0,2,features.2.weight,0.0003,rms_layerwise,full_coupled,29,0.06258036941289902
adam,smallcnn,0,2,features.2.weight,0.0003,rms_layerwise,full_coupled,30,0.06251781433820724
adam,smallcnn,0,2,features.2.weight,0.0003,rms_layerwise,full_coupled,31,0.06245529279112816
adam,smallcnn,0,2,features.2.weight,0.0003,rms_layerwise,full_coupled,32,0.06239286810159683
adam,smallcnn,0,2,features.2.weight,0.0003,rms_layerwise,full_coupled,33,0.062330663204193115
adam,smallcnn,0,2,features.2.weight,0.0003,rms_layerwise,full_coupled,34,0.062268879264593124
adam,smallcnn,0,2,features.2.weight,0.0003,rms_layerwise,full_coupled,35,0.06220732256770134
adam,smallcnn,0,2,features.2.weight,0.0003,rms_layerwise,full_coupled,36,0.062144991010427475
adam,smallcnn,0,2,features.2.weight,0.0003,rms_layerwise,full_coupled,37,0.06208394840359688
adam,smallcnn,0,2,features.2.weight,0.0003,rms_layerwise,full_coupled,38,0.06202289089560509
adam,smallcnn,0,2,features.2.weight,0.0003,rms_layerwise,full_coupled,39,0.06196203827857971
adam,smallcnn,0,2,features.2.weight,0.0003,rms_layerwise,full_coupled,40,0.061904143542051315
adam,smallcnn,0,3,features.2.bias,0.0003,rms_layerwise,full_coupled,0,0.05034486576914787
adam,smallcnn,0,3,features.2.bias,0.0003,rms_layerwise,full_coupled,1,0.05029451847076416
adam,smallcnn,0,3,features.2.bias,0.0003,rms_layerwise,full_coupled,2,0.0502445250749588
adam,smallcnn,0,3,features.2.bias,0.0003,rms_layerwise,full_coupled,3,0.05019357427954674
adam,smallcnn,0,3,features.2.bias,0.0003,rms_layerwise,full_coupled,4,0.0501442551612854
adam,smallcnn,0,3,features.2.bias,0.0003,rms_layerwise,full_coupled,5,0.05009546875953674
adam,smallcnn,0,3,features.2.bias,0.0003,rms_layerwise,full_coupled,6,0.05004628747701645
adam,smallcnn,0,3,features.2.bias,0.0003,rms_layerwise,full_coupled,7,0.04999694600701332
adam,smallcnn,0,3,features.2.bias,0.0003,rms_layerwise,full_coupled,8,0.04994730278849602
adam,smallcnn,0,3,features.2.bias,0.0003,rms_layerwise,full_coupled,9,0.049897611141204834
adam,smallcnn,0,3,features.2.bias,0.0003,rms_layerwise,full_coupled,10,0.04984782636165619
adam,smallcnn,0,3,features.2.bias,0.0003,rms_layerwise,full_coupled,11,0.04979809373617172
adam,smallcnn,0,3,features.2.bias,0.0003,rms_layerwise,full_coupled,12,0.04974837228655815
adam,smallcnn,0,3,features.2.bias,0.0003,rms_layerwise,full_coupled,13,0.049698684364557266
adam,smallcnn,0,3,features.2.bias,0.0003,rms_layerwise,full_coupled,14,0.04964905232191086
adam,smallcnn,0,3,features.2.bias,0.0003,rms_layerwise,full_coupled,15,0.04959943890571594
adam,smallcnn,0,3,features.2.bias,0.0003,rms_layerwise,full_coupled,16,0.04954985901713371
adam,smallcnn,0,3,features.2.bias,0.0003,rms_layerwise,full_coupled,17,0.049500320106744766
adam,smallcnn,0,3,features.2.bias,0.0003,rms_layerwise,full_coupled,18,0.0494508258998394
adam,smallcnn,0,3,features.2.bias,0.0003,rms_layerwise,full_coupled,19,0.049401361495256424
adam,smallcnn,0,3,features.2.bias,0.0003,rms_layerwise,full_coupled,20,0.04935193434357643
adam,smallcnn,0,3,features.2.bias,0.0003,rms_layerwise,full_coupled,21,0.049302585422992706
adam,smallcnn,0,3,features.2.bias,0.0003,rms_layerwise,full_coupled,22,0.04925324022769928
adam,smallcnn,0,3,features.2.bias,0.0003,rms_layerwise,full_coupled,23,0.049203965812921524
adam,smallcnn,0,3,features.2.bias,0.0003,rms_layerwise,full_coupled,24,0.04915475472807884
adam,smallcnn,0,3,features.2.bias,0.0003,rms_layerwise,full_coupled,25,0.04910554364323616
adam,smallcnn,0,3,features.2.bias,0.0003,rms_layerwise,full_coupled,26,0.049056410789489746
adam,smallcnn,0,3,features.2.bias,0.0003,rms_layerwise,full_coupled,27,0.049007315188646317
adam,smallcnn,0,3,features.2.bias,0.0003,rms_layerwise,full_coupled,28,0.04895830899477005
adam,smallcnn,0,3,features.2.bias,0.0003,rms_layerwise,full_coupled,29,0.04890934377908707
adam,smallcnn,0,3,features.2.bias,0.0003,rms_layerwise,full_coupled,30,0.04886044189333916
adam,smallcnn,0,3,features.2.bias,0.0003,rms_layerwise,full_coupled,31,0.04881158098578453
adam,smallcnn,0,3,features.2.bias,0.0003,rms_layerwise,full_coupled,32,0.04876277968287468
adam,smallcnn,0,3,features.2.bias,0.0003,rms_layerwise,full_coupled,33,0.04871402680873871
adam,smallcnn,0,3,features.2.bias,0.0003,rms_layerwise,full_coupled,34,0.04866533726453781
adam,smallcnn,0,3,features.2.bias,0.0003,rms_layerwise,full_coupled,35,0.048616718500852585
adam,smallcnn,0,3,features.2.bias,0.0003,rms_layerwise,full_coupled,36,0.04856811836361885
adam,smallcnn,0,3,features.2.bias,0.0003,rms_layerwise,full_coupled,37,0.04851960763335228
adam,smallcnn,0,3,features.2.bias,0.0003,rms_layerwise,full_coupled,38,0.04847114160656929
adam,smallcnn,0,3,features.2.bias,0.0003,rms_layerwise,full_coupled,39,0.04842273145914078
adam,smallcnn,0,3,features.2.bias,0.0003,rms_layerwise,full_coupled,40,0.048374369740486145
adam,smallcnn,0,4,features.5.weight,0.0003,rms_layerwise,full_coupled,0,0.006097251549363136
adam,smallcnn,0,4,features.5.weight,0.0003,rms_layerwise,full_coupled,1,0.006091154646128416
adam,smallcnn,0,4,features.5.weight,0.0003,rms_layerwise,full_coupled,2,0.0060875555500388145
adam,smallcnn,0,4,features.5.weight,0.0003,rms_layerwise,full_coupled,3,0.006094438023865223
adam,smallcnn,0,4,features.5.weight,0.0003,rms_layerwise,full_coupled,4,0.006118325516581535
adam,smallcnn,0,4,features.5.weight,0.0003,rms_layerwise,full_coupled,5,0.006148755084723234
adam,smallcnn,0,4,features.5.weight,0.0003,rms_layerwise,full_coupled,6,0.006180123426020145
adam,smallcnn,0,4,features.5.weight,0.0003,rms_layerwise,full_coupled,7,0.006194286048412323
adam,smallcnn,0,4,features.5.weight,0.0003,rms_layerwise,full_coupled,8,0.006197209004312754
adam,smallcnn,0,4,features.5.weight,0.0003,rms_layerwise,full_coupled,9,0.006196583621203899
adam,smallcnn,0,4,features.5.weight,0.0003,rms_layerwise,full_coupled,10,0.00619210209697485
adam,smallcnn,0,4,features.5.weight,0.0003,rms_layerwise,full_coupled,11,0.0061870599165558815
adam,smallcnn,0,4,features.5.weight,0.0003,rms_layerwise,full_coupled,12,0.006181187462061644
adam,smallcnn,0,4,features.5.weight,0.0003,rms_layerwise,full_coupled,13,0.0061751422472298145
adam,smallcnn,0,4,features.5.weight,0.0003,rms_layerwise,full_coupled,14,0.006169143598526716
adam,smallcnn,0,4,features.5.weight,0.0003,rms_layerwise,full_coupled,15,0.006163009442389011
adam,smallcnn,0,4,features.5.weight,0.0003,rms_layerwise,full_coupled,16,0.0061568608507514
adam,smallcnn,0,4,features.5.weight,0.0003,rms_layerwise,full_coupled,17,0.006150676868855953
adam,smallcnn,0,4,features.5.weight,0.0003,rms_layerwise,full_coupled,18,0.006144545041024685
adam,smallcnn,0,4,features.5.weight,0.0003,rms_layerwise,full_coupled,19,0.0061383782885968685
adam,smallcnn,0,4,features.5.weight,0.0003,rms_layerwise,full_coupled,20,0.006132198963314295
adam,smallcnn,0,4,features.5.weight,0.0003,rms_layerwise,full_coupled,21,0.0061260852962732315
adam,smallcnn,0,4,features.5.weight,0.0003,rms_layerwise,full_coupled,22,0.0061198389157652855
adam,smallcnn,0,4,features.5.weight,0.0003,rms_layerwise,full_coupled,23,0.006113623268902302
adam,smallcnn,0,4,features.5.weight,0.0003,rms_layerwise,full_coupled,24,0.006107453256845474
adam,smallcnn,0,4,features.5.weight,0.0003,rms_layerwise,full_coupled,25,0.006101214326918125
adam,smallcnn,0,4,features.5.weight,0.0003,rms_layerwise,full_coupled,26,0.0060950350016355515
adam,smallcnn,0,4,features.5.weight,0.0003,rms_layerwise,full_coupled,27,0.0060887266881763935
adam,smallcnn,0,4,features.5.weight,0.0003,rms_layerwise,full_coupled,28,0.00608258880674839
adam,smallcnn,0,4,features.5.weight,0.0003,rms_layerwise,full_coupled,29,0.00607647467404604
adam,smallcnn,0,4,features.5.weight,0.0003,rms_layerwise,full_coupled,30,0.006070383358746767
adam,smallcnn,0,4,features.5.weight,0.0003,rms_layerwise,full_coupled,31,0.006064320914447308
adam,smallcnn,0,4,features.5.weight,0.0003,rms_layerwise,full_coupled,32,0.006058175582438707
adam,smallcnn,0,4,features.5.weight,0.0003,rms_layerwise,full_coupled,33,0.006052196491509676
adam,smallcnn,0,4,features.5.weight,0.0003,rms_layerwise,full_coupled,34,0.0060462336987257
adam,smallcnn,0,4,features.5.weight,0.0003,rms_layerwise,full_coupled,35,0.006040338426828384
adam,smallcnn,0,4,features.5.weight,0.0003,rms_layerwise,full_coupled,36,0.0060343556106090546
adam,smallcnn,0,4,features.5.weight,0.0003,rms_layerwise,full_coupled,37,0.006028431933373213
adam,smallcnn,0,4,features.5.weight,0.0003,rms_layerwise,full_coupled,38,0.006022570189088583
adam,smallcnn,0,4,features.5.weight,0.0003,rms_layerwise,full_coupled,39,0.006016496103256941
adam,smallcnn,0,4,features.5.weight,0.0003,rms_layerwise,full_coupled,40,0.0060115079395473
adam,smallcnn,0,5,features.5.bias,0.0003,rms_layerwise,full_coupled,0,0.015561002306640148
adam,smallcnn,0,5,features.5.bias,0.0003,rms_layerwise,full_coupled,1,0.015545441769063473
adam,smallcnn,0,5,features.5.bias,0.0003,rms_layerwise,full_coupled,2,0.015530445612967014
adam,smallcnn,0,5,features.5.bias,0.0003,rms_layerwise,full_coupled,3,0.015515264123678207
adam,smallcnn,0,5,features.5.bias,0.0003,rms_layerwise,full_coupled,4,0.015500348061323166
adam,smallcnn,0,5,features.5.bias,0.0003,rms_layerwise,full_coupled,5,0.015485955402255058
adam,smallcnn,0,5,features.5.bias,0.0003,rms_layerwise,full_coupled,6,0.015471212565898895
adam,smallcnn,0,5,features.5.bias,0.0003,rms_layerwise,full_coupled,7,0.0154563644900918
adam,smallcnn,0,5,features.5.bias,0.0003,rms_layerwise,full_coupled,8,0.015441203489899635
adam,smallcnn,0,5,features.5.bias,0.0003,rms_layerwise,full_coupled,9,0.01542593352496624
adam,smallcnn,0,5,features.5.bias,0.0003,rms_layerwise,full_coupled,10,0.0154105881229043
adam,smallcnn,0,5,features.5.bias,0.0003,rms_layerwise,full_coupled,11,0.015395252965390682
adam,smallcnn,0,5,features.5.bias,0.0003,rms_layerwise,full_coupled,12,0.015379906632006168
adam,smallcnn,0,5,features.5.bias,0.0003,rms_layerwise,full_coupled,13,0.01536455936729908
adam,smallcnn,0,5,features.5.bias,0.0003,rms_layerwise,full_coupled,14,0.01534922793507576
adam,smallcnn,0,5,features.5.bias,0.0003,rms_layerwise,full_coupled,15,0.015333899296820164
adam,smallcnn,0,5,features.5.bias,0.0003,rms_layerwise,full_coupled,16,0.015318573452532291
adam,smallcnn,0,5,features.5.bias,0.0003,rms_layerwise,full_coupled,17,0.015303259715437889
adam,smallcnn,0,5,features.5.bias,0.0003,rms_layerwise,full_coupled,18,0.015287964604794979
adam,smallcnn,0,5,features.5.bias,0.0003,rms_layerwise,full_coupled,19,0.015272669494152069
adam,smallcnn,0,5,features.5.bias,0.0003,rms_layerwise,full_coupled,20,0.015257390215992928
adam,smallcnn,0,5,features.5.bias,0.0003,rms_layerwise,full_coupled,21,0.0152421360835433
adam,smallcnn,0,5,features.5.bias,0.0003,rms_layerwise,full_coupled,22,0.015226883813738823
adam,smallcnn,0,5,features.5.bias,0.0003,rms_layerwise,full_coupled,23,0.015211651101708412
adam,smallcnn,0,5,features.5.bias,0.0003,rms_layerwise,full_coupled,24,0.015196437016129494
adam,smallcnn,0,5,features.5.bias,0.0003,rms_layerwise,full_coupled,25,0.015181224793195724
adam,smallcnn,0,5,features.5.bias,0.0003,rms_layerwise,full_coupled,26,0.01516603771597147
adam,smallcnn,0,5,features.5.bias,0.0003,rms_layerwise,full_coupled,27,0.015150857158005238
adam,smallcnn,0,5,features.5.bias,0.0003,rms_layerwise,full_coupled,28,0.015135707333683968
adam,smallcnn,0,5,features.5.bias,0.0003,rms_layerwise,full_coupled,29,0.015120567753911018
adam,smallcnn,0,5,features.5.bias,0.0003,rms_layerwise,full_coupled,30,0.01510544866323471
adam,smallcnn,0,5,features.5.bias,0.0003,rms_layerwise,full_coupled,31,0.015090348199009895
adam,smallcnn,0,5,features.5.bias,0.0003,rms_layerwise,full_coupled,32,0.015075258910655975
adam,smallcnn,0,5,features.5.bias,0.0003,rms_layerwise,full_coupled,33,0.015060188248753548
adam,smallcnn,0,5,features.5.bias,0.0003,rms_layerwise,full_coupled,34,0.015045136213302612
adam,smallcnn,0,5,features.5.bias,0.0003,rms_layerwise,full_coupled,35,0.015030109323561192
adam,smallcnn,0,5,features.5.bias,0.0003,rms_layerwise,full_coupled,36,0.015015091747045517
adam,smallcnn,0,5,features.5.bias,0.0003,rms_layerwise,full_coupled,37,0.01500009372830391
adam,smallcnn,0,5,features.5.bias,0.0003,rms_layerwise,full_coupled,38,0.014985110610723495
adam,smallcnn,0,5,features.5.bias,0.0003,rms_layerwise,full_coupled,39,0.014970139600336552
adam,smallcnn,0,5,features.5.bias,0.0003,rms_layerwise,full_coupled,40,0.014955021440982819
adam,smallcnn,0,6,features.7.weight,0.0003,rms_layerwise,full_coupled,0,0.0018912007799372077
adam,smallcnn,0,6,features.7.weight,0.0003,rms_layerwise,full_coupled,1,0.0018893096130341291
adam,smallcnn,0,6,features.7.weight,0.0003,rms_layerwise,full_coupled,2,0.0018900519935414195
adam,smallcnn,0,6,features.7.weight,0.0003,rms_layerwise,full_coupled,3,0.0019059721380472183
adam,smallcnn,0,6,features.7.weight,0.0003,rms_layerwise,full_coupled,4,0.0019466242520138621
adam,smallcnn,0,6,features.7.weight,0.0003,rms_layerwise,full_coupled,5,0.0020227981731295586
adam,smallcnn,0,6,features.7.weight,0.0003,rms_layerwise,full_coupled,6,0.0021031247451901436
adam,smallcnn,0,6,features.7.weight,0.0003,rms_layerwise,full_coupled,7,0.0021451162174344063
adam,smallcnn,0,6,features.7.weight,0.0003,rms_layerwise,full_coupled,8,0.0021637505851686
adam,smallcnn,0,6,features.7.weight,0.0003,rms_layerwise,full_coupled,9,0.0021755367051810026
adam,smallcnn,0,6,features.7.weight,0.0003,rms_layerwise,full_coupled,10,0.002178196096792817
adam,smallcnn,0,6,features.7.weight,0.0003,rms_layerwise,full_coupled,11,0.0021799467504024506
adam,smallcnn,0,6,features.7.weight,0.0003,rms_layerwise,full_coupled,12,0.002179189585149288
adam,smallcnn,0,6,features.7.weight,0.0003,rms_layerwise,full_coupled,13,0.002177642658352852
adam,smallcnn,0,6,features.7.weight,0.0003,rms_layerwise,full_coupled,14,0.002176175359636545
adam,smallcnn,0,6,features.7.weight,0.0003,rms_layerwise,full_coupled,15,0.002174259629100561
adam,smallcnn,0,6,features.7.weight,0.0003,rms_layerwise,full_coupled,16,0.0021721706725656986
adam,smallcnn,0,6,features.7.weight,0.0003,rms_layerwise,full_coupled,17,0.0021699704229831696
adam,smallcnn,0,6,features.7.weight,0.0003,rms_layerwise,full_coupled,18,0.002167902886867523
adam,smallcnn,0,6,features.7.weight,0.0003,rms_layerwise,full_coupled,19,0.0021656581666320562
adam,smallcnn,0,6,features.7.weight,0.0003,rms_layerwise,full_coupled,20,0.0021634220611304045
adam,smallcnn,0,6,features.7.weight,0.0003,rms_layerwise,full_coupled,21,0.00216122530400753
adam,smallcnn,0,6,features.7.weight,0.0003,rms_layerwise,full_coupled,22,0.0021588285453617573
adam,smallcnn,0,6,features.7.weight,0.0003,rms_layerwise,full_coupled,23,0.0021564557682722807
adam,smallcnn,0,6,features.7.weight,0.0003,rms_layerwise,full_coupled,24,0.0021541642490774393
adam,smallcnn,0,6,features.7.weight,0.0003,rms_layerwise,full_coupled,25,0.0021519260480999947
adam,smallcnn,0,6,features.7.weight,0.0003,rms_layerwise,full_coupled,26,0.0021496445406228304
adam,smallcnn,0,6,features.7.weight,0.0003,rms_layerwise,full_coupled,27,0.0021472852677106857
adam,smallcnn,0,6,features.7.weight,0.0003,rms_layerwise,full_coupled,28,0.0021447092294692993
adam,smallcnn,0,6,features.7.weight,0.0003,rms_layerwise,full_coupled,29,0.0021423574071377516
adam,smallcnn,0,6,features.7.weight,0.0003,rms_layerwise,full_coupled,30,0.0021399236284196377
adam,smallcnn,0,6,features.7.weight,0.0003,rms_layerwise,full_coupled,31,0.002137499861419201
adam,smallcnn,0,6,features.7.weight,0.0003,rms_layerwise,full_coupled,32,0.0021354006603360176
adam,smallcnn,0,6,features.7.weight,0.0003,rms_layerwise,full_coupled,33,0.0021331426687538624
adam,smallcnn,0,6,features.7.weight,0.0003,rms_layerwise,full_coupled,34,0.0021308979485183954
adam,smallcnn,0,6,features.7.weight,0.0003,rms_layerwise,full_coupled,35,0.002128399210050702
adam,smallcnn,0,6,features.7.weight,0.0003,rms_layerwise,full_coupled,36,0.002126089995726943
adam,smallcnn,0,6,features.7.weight,0.0003,rms_layerwise,full_coupled,37,0.0021238247863948345
adam,smallcnn,0,6,features.7.weight,0.0003,rms_layerwise,full_coupled,38,0.0021215754095464945
adam,smallcnn,0,6,features.7.weight,0.0003,rms_layerwise,full_coupled,39,0.002119518117979169
adam,smallcnn,0,6,features.7.weight,0.0003,rms_layerwise,full_coupled,40,0.002109401160851121
adam,smallcnn,0,7,features.7.bias,0.0003,rms_layerwise,full_coupled,0,0.002043516607955098
adam,smallcnn,0,7,features.7.bias,0.0003,rms_layerwise,full_coupled,1,0.002041473053395748
adam,smallcnn,0,7,features.7.bias,0.0003,rms_layerwise,full_coupled,2,0.0020394420716911554
adam,smallcnn,0,7,features.7.bias,0.0003,rms_layerwise,full_coupled,3,0.0020374099258333445
adam,smallcnn,0,7,features.7.bias,0.0003,rms_layerwise,full_coupled,4,0.002035390352830291
adam,smallcnn,0,7,features.7.bias,0.0003,rms_layerwise,full_coupled,5,0.0020334082655608654
adam,smallcnn,0,7,features.7.bias,0.0003,rms_layerwise,full_coupled,6,0.0020314189605414867
adam,smallcnn,0,7,features.7.bias,0.0003,rms_layerwise,full_coupled,7,0.00202943105250597
adam,smallcnn,0,7,features.7.bias,0.0003,rms_layerwise,full_coupled,8,0.0020274256821721792
adam,smallcnn,0,7,features.7.bias,0.0003,rms_layerwise,full_coupled,9,0.0020254228729754686
adam,smallcnn,0,7,features.7.bias,0.0003,rms_layerwise,full_coupled,10,0.002023411449044943
adam,smallcnn,0,7,features.7.bias,0.0003,rms_layerwise,full_coupled,11,0.0020214011892676353
adam,smallcnn,0,7,features.7.bias,0.0003,rms_layerwise,full_coupled,12,0.002019390929490328
adam,smallcnn,0,7,features.7.bias,0.0003,rms_layerwise,full_coupled,13,0.0020173806697130203
adam,smallcnn,0,7,features.7.bias,0.0003,rms_layerwise,full_coupled,14,0.002015372272580862
adam,smallcnn,0,7,features.7.bias,0.0003,rms_layerwise,full_coupled,15,0.0020133645739406347
adam,smallcnn,0,7,features.7.bias,0.0003,rms_layerwise,full_coupled,16,0.002011355012655258
adam,smallcnn,0,7,features.7.bias,0.0003,rms_layerwise,full_coupled,17,0.0020093468483537436
adam,smallcnn,0,7,features.7.bias,0.0003,rms_layerwise,full_coupled,18,0.002007340081036091
adam,smallcnn,0,7,features.7.bias,0.0003,rms_layerwise,full_coupled,19,0.0020053319167345762
adam,smallcnn,0,7,features.7.bias,0.0003,rms_layerwise,full_coupled,20,0.002003324683755636
adam,smallcnn,0,7,features.7.bias,0.0003,rms_layerwise,full_coupled,21,0.0020013218745589256
adam,smallcnn,0,7,features.7.bias,0.0003,rms_layerwise,full_coupled,22,0.001999319763854146
adam,smallcnn,0,7,features.7.bias,0.0003,rms_layerwise,full_coupled,23,0.0019973197486251593
adam,smallcnn,0,7,features.7.bias,0.0003,rms_layerwise,full_coupled,24,0.001995322061702609
adam,smallcnn,0,7,features.7.bias,0.0003,rms_layerwise,full_coupled,25,0.001993325538933277
adam,smallcnn,0,7,features.7.bias,0.0003,rms_layerwise,full_coupled,26,0.0019913313444703817
adam,smallcnn,0,7,features.7.bias,0.0003,rms_layerwise,full_coupled,27,0.00198933994397521
adam,smallcnn,0,7,features.7.bias,0.0003,rms_layerwise,full_coupled,28,0.0019873492419719696
adam,smallcnn,0,7,features.7.bias,0.0003,rms_layerwise,full_coupled,29,0.0019853601697832346
adam,smallcnn,0,7,features.7.bias,0.0003,rms_layerwise,full_coupled,30,0.001983372960239649
adam,smallcnn,0,7,features.7.bias,0.0003,rms_layerwise,full_coupled,31,0.001981387147679925
adam,smallcnn,0,7,features.7.bias,0.0003,rms_layerwise,full_coupled,32,0.00197941018268466
adam,smallcnn,0,7,features.7.bias,0.0003,rms_layerwise,full_coupled,33,0.0019774320535361767
adam,smallcnn,0,7,features.7.bias,0.0003,rms_layerwise,full_coupled,34,0.0019754536915570498
adam,smallcnn,0,7,features.7.bias,0.0003,rms_layerwise,full_coupled,35,0.001973479287698865
adam,smallcnn,0,7,features.7.bias,0.0003,rms_layerwise,full_coupled,36,0.0019715072121471167
adam,smallcnn,0,7,features.7.bias,0.0003,rms_layerwise,full_coupled,37,0.0019695390947163105
adam,smallcnn,0,7,features.7.bias,0.0003,rms_layerwise,full_coupled,38,0.0019675688818097115
adam,smallcnn,0,7,features.7.bias,0.0003,rms_layerwise,full_coupled,39,0.001965602394193411
adam,smallcnn,0,7,features.7.bias,0.0003,rms_layerwise,full_coupled,40,0.001963697373867035
adam,smallcnn,0,8,features.10.weight,0.0003,rms_layerwise,full_coupled,0,0.00066879962105304
adam,smallcnn,0,8,features.10.weight,0.0003,rms_layerwise,full_coupled,1,0.0006681308150291443
adam,smallcnn,0,8,features.10.weight,0.0003,rms_layerwise,full_coupled,2,0.0006698961369693279
adam,smallcnn,0,8,features.10.weight,0.0003,rms_layerwise,full_coupled,3,0.0006899816216900945
adam,smallcnn,0,8,features.10.weight,0.0003,rms_layerwise,full_coupled,4,0.0007427807431668043
adam,smallcnn,0,8,features.10.weight,0.0003,rms_layerwise,full_coupled,5,0.000837724597658962
adam,smallcnn,0,8,features.10.weight,0.0003,rms_layerwise,full_coupled,6,0.0009364508441649377
adam,smallcnn,0,8,features.10.weight,0.0003,rms_layerwise,full_coupled,7,0.0009904889157041907
adam,smallcnn,0,8,features.10.weight,0.0003,rms_layerwise,full_coupled,8,0.0010184196289628744
adam,smallcnn,0,8,features.10.weight,0.0003,rms_layerwise,full_coupled,9,0.001041355892084539
adam,smallcnn,0,8,features.10.weight,0.0003,rms_layerwise,full_coupled,10,0.0010506755206733942
adam,smallcnn,0,8,features.10.weight,0.0003,rms_layerwise,full_coupled,11,0.001057180343195796
adam,smallcnn,0,8,features.10.weight,0.0003,rms_layerwise,full_coupled,12,0.0010594500927254558
adam,smallcnn,0,8,features.10.weight,0.0003,rms_layerwise,full_coupled,13,0.0010600036475807428
adam,smallcnn,0,8,features.10.weight,0.0003,rms_layerwise,full_coupled,14,0.001060218783095479
adam,smallcnn,0,8,features.10.weight,0.0003,rms_layerwise,full_coupled,15,0.0010597383370622993
adam,smallcnn,0,8,features.10.weight,0.0003,rms_layerwise,full_coupled,16,0.001058586174622178
adam,smallcnn,0,8,features.10.weight,0.0003,rms_layerwise,full_coupled,17,0.0010573174804449081
adam,smallcnn,0,8,features.10.weight,0.0003,rms_layerwise,full_coupled,18,0.0010562670649960637
adam,smallcnn,0,8,features.10.weight,0.0003,rms_layerwise,full_coupled,19,0.0010548413265496492
adam,smallcnn,0,8,features.10.weight,0.0003,rms_layerwise,full_coupled,20,0.0010536175686866045
adam,smallcnn,0,8,features.10.weight,0.0003,rms_layerwise,full_coupled,21,0.0010521129006519914
adam,smallcnn,0,8,features.10.weight,0.0003,rms_layerwise,full_coupled,22,0.0010504524689167738
adam,smallcnn,0,8,features.10.weight,0.0003,rms_layerwise,full_coupled,23,0.0010489891283214092
adam,smallcnn,0,8,features.10.weight,0.0003,rms_layerwise,full_coupled,24,0.001047695754095912
adam,smallcnn,0,8,features.10.weight,0.0003,rms_layerwise,full_coupled,25,0.0010466137900948524
adam,smallcnn,0,8,features.10.weight,0.0003,rms_layerwise,full_coupled,26,0.0010453832801431417
adam,smallcnn,0,8,features.10.weight,0.0003,rms_layerwise,full_coupled,27,0.0010436223819851875
adam,smallcnn,0,8,features.10.weight,0.0003,rms_layerwise,full_coupled,28,0.0010419556638225913
adam,smallcnn,0,8,features.10.weight,0.0003,rms_layerwise,full_coupled,29,0.0010406319051980972
adam,smallcnn,0,8,features.10.weight,0.0003,rms_layerwise,full_coupled,30,0.0010391537798568606
adam,smallcnn,0,8,features.10.weight,0.0003,rms_layerwise,full_coupled,31,0.001037418725900352
adam,smallcnn,0,8,features.10.weight,0.0003,rms_layerwise,full_coupled,32,0.0010357399005442858
adam,smallcnn,0,8,features.10.weight,0.0003,rms_layerwise,full_coupled,33,0.0010345224291086197
adam,smallcnn,0,8,features.10.weight,0.0003,rms_layerwise,full_coupled,34,0.0010336636332795024
adam,smallcnn,0,8,features.10.weight,0.0003,rms_layerwise,full_coupled,35,0.0010315529070794582
adam,smallcnn,0,8,features.10.weight,0.0003,rms_layerwise,full_coupled,36,0.001029993174597621
adam,smallcnn,0,8,features.10.weight,0.0003,rms_layerwise,full_coupled,37,0.001028633676469326
adam,smallcnn,0,8,features.10.weight,0.0003,rms_layerwise,full_coupled,38,0.0010283271549269557
adam,smallcnn,0,8,features.10.weight,0.0003,rms_layerwise,full_coupled,39,0.0010284421732649207
adam,smallcnn,0,8,features.10.weight,0.0003,rms_layerwise,full_coupled,40,0.0010287147015333176
adam,smallcnn,0,9,features.10.bias,0.0003,rms_layerwise,full_coupled,0,0.0002159456635126844
adam,smallcnn,0,9,features.10.bias,0.0003,rms_layerwise,full_coupled,1,0.00021572972764261067
adam,smallcnn,0,9,features.10.bias,0.0003,rms_layerwise,full_coupled,2,0.00021551437384914607
adam,smallcnn,0,9,features.10.bias,0.0003,rms_layerwise,full_coupled,3,0.00021530056255869567
adam,smallcnn,0,9,features.10.bias,0.0003,rms_layerwise,full_coupled,4,0.00021508779900614172
adam,smallcnn,0,9,features.10.bias,0.0003,rms_layerwise,full_coupled,5,0.00021487803314812481
adam,smallcnn,0,9,features.10.bias,0.0003,rms_layerwise,full_coupled,6,0.00021466880571097136
adam,smallcnn,0,9,features.10.bias,0.0003,rms_layerwise,full_coupled,7,0.00021446011669468135
adam,smallcnn,0,9,features.10.bias,0.0003,rms_layerwise,full_coupled,8,0.0002142497105523944
adam,smallcnn,0,9,features.10.bias,0.0003,rms_layerwise,full_coupled,9,0.0002140406722901389
adam,smallcnn,0,9,features.10.bias,0.0003,rms_layerwise,full_coupled,10,0.00021383077546488494
adam,smallcnn,0,9,features.10.bias,0.0003,rms_layerwise,full_coupled,11,0.00021362051484175026
adam,smallcnn,0,9,features.10.bias,0.0003,rms_layerwise,full_coupled,12,0.00021341066167224199
adam,smallcnn,0,9,features.10.bias,0.0003,rms_layerwise,full_coupled,13,0.00021320107043720782
adam,smallcnn,0,9,features.10.bias,0.0003,rms_layerwise,full_coupled,14,0.00021299249783623964
adam,smallcnn,0,9,features.10.bias,0.0003,rms_layerwise,full_coupled,15,0.0002127854386344552
adam,smallcnn,0,9,features.10.bias,0.0003,rms_layerwise,full_coupled,16,0.00021257816115394235
adam,smallcnn,0,9,features.10.bias,0.0003,rms_layerwise,full_coupled,17,0.00021237035980448127
adam,smallcnn,0,9,features.10.bias,0.0003,rms_layerwise,full_coupled,18,0.00021216386812739074
adam,smallcnn,0,9,features.10.bias,0.0003,rms_layerwise,full_coupled,19,0.00021195353474467993
adam,smallcnn,0,9,features.10.bias,0.0003,rms_layerwise,full_coupled,20,0.00021174215362407267
adam,smallcnn,0,9,features.10.bias,0.0003,rms_layerwise,full_coupled,21,0.00021153490524739027
adam,smallcnn,0,9,features.10.bias,0.0003,rms_layerwise,full_coupled,22,0.000211323203984648
adam,smallcnn,0,9,features.10.bias,0.0003,rms_layerwise,full_coupled,23,0.00021111368550918996
adam,smallcnn,0,9,features.10.bias,0.0003,rms_layerwise,full_coupled,24,0.00021090421068947762
adam,smallcnn,0,9,features.10.bias,0.0003,rms_layerwise,full_coupled,25,0.00021069034119136631
adam,smallcnn,0,9,features.10.bias,0.0003,rms_layerwise,full_coupled,26,0.0002104796440107748
adam,smallcnn,0,9,features.10.bias,0.0003,rms_layerwise,full_coupled,27,0.0002102708094753325
adam,smallcnn,0,9,features.10.bias,0.0003,rms_layerwise,full_coupled,28,0.00021006420138292015
adam,smallcnn,0,9,features.10.bias,0.0003,rms_layerwise,full_coupled,29,0.0002098543627653271
adam,smallcnn,0,9,features.10.bias,0.0003,rms_layerwise,full_coupled,30,0.000209643374546431
adam,smallcnn,0,9,features.10.bias,0.0003,rms_layerwise,full_coupled,31,0.0002094297669827938
adam,smallcnn,0,9,features.10.bias,0.0003,rms_layerwise,full_coupled,32,0.00020922468684148043
adam,smallcnn,0,9,features.10.bias,0.0003,rms_layerwise,full_coupled,33,0.00020901484822388738
adam,smallcnn,0,9,features.10.bias,0.0003,rms_layerwise,full_coupled,34,0.00020880492229480296
adam,smallcnn,0,9,features.10.bias,0.0003,rms_layerwise,full_coupled,35,0.0002085956366499886
adam,smallcnn,0,9,features.10.bias,0.0003,rms_layerwise,full_coupled,36,0.0002083870640490204
adam,smallcnn,0,9,features.10.bias,0.0003,rms_layerwise,full_coupled,37,0.00020818230404984206
adam,smallcnn,0,9,features.10.bias,0.0003,rms_layerwise,full_coupled,38,0.00020797457545995712
adam,smallcnn,0,9,features.10.bias,0.0003,rms_layerwise,full_coupled,39,0.0002077701356029138
adam,smallcnn,0,9,features.10.bias,0.0003,rms_layerwise,full_coupled,40,0.00020769673574250191
adam,smallcnn,0,10,fc.weight,0.0003,rms_layerwise,full_coupled,0,0.034341610968112946
adam,smallcnn,0,10,fc.weight,0.0003,rms_layerwise,full_coupled,1,0.034307267516851425
adam,smallcnn,0,10,fc.weight,0.0003,rms_layerwise,full_coupled,2,0.03427312895655632
adam,smallcnn,0,10,fc.weight,0.0003,rms_layerwise,full_coupled,3,0.03423947095870972
adam,smallcnn,0,10,fc.weight,0.0003,rms_layerwise,full_coupled,4,0.034206509590148926
adam,smallcnn,0,10,fc.weight,0.0003,rms_layerwise,full_coupled,5,0.03417322784662247
adam,smallcnn,0,10,fc.weight,0.0003,rms_layerwise,full_coupled,6,0.03414001315832138
adam,smallcnn,0,10,fc.weight,0.0003,rms_layerwise,full_coupled,7,0.03410646319389343
adam,smallcnn,0,10,fc.weight,0.0003,rms_layerwise,full_coupled,8,0.034073010087013245
adam,smallcnn,0,10,fc.weight,0.0003,rms_layerwise,full_coupled,9,0.034039661288261414
adam,smallcnn,0,10,fc.weight,0.0003,rms_layerwise,full_coupled,10,0.034006208181381226
adam,smallcnn,0,10,fc.weight,0.0003,rms_layerwise,full_coupled,11,0.033972810953855515
adam,smallcnn,0,10,fc.weight,0.0003,rms_layerwise,full_coupled,12,0.033939242362976074
adam,smallcnn,0,10,fc.weight,0.0003,rms_layerwise,full_coupled,13,0.033905643969774246
adam,smallcnn,0,10,fc.weight,0.0003,rms_layerwise,full_coupled,14,0.033871956169605255
adam,smallcnn,0,10,fc.weight,0.0003,rms_layerwise,full_coupled,15,0.03383823111653328
adam,smallcnn,0,10,fc.weight,0.0003,rms_layerwise,full_coupled,16,0.03380446508526802
adam,smallcnn,0,10,fc.weight,0.0003,rms_layerwise,full_coupled,17,0.033770691603422165
adam,smallcnn,0,10,fc.weight,0.0003,rms_layerwise,full_coupled,18,0.03373689949512482
adam,smallcnn,0,10,fc.weight,0.0003,rms_layerwise,full_coupled,19,0.03370312228798866
adam,smallcnn,0,10,fc.weight,0.0003,rms_layerwise,full_coupled,20,0.03366938233375549
adam,smallcnn,0,10,fc.weight,0.0003,rms_layerwise,full_coupled,21,0.03363562002778053
adam,smallcnn,0,10,fc.weight,0.0003,rms_layerwise,full_coupled,22,0.033601682633161545
adam,smallcnn,0,10,fc.weight,0.0003,rms_layerwise,full_coupled,23,0.03356792405247688
adam,smallcnn,0,10,fc.weight,0.0003,rms_layerwise,full_coupled,24,0.033534225076436996
adam,smallcnn,0,10,fc.weight,0.0003,rms_layerwise,full_coupled,25,0.033500511199235916
adam,smallcnn,0,10,fc.weight,0.0003,rms_layerwise,full_coupled,26,0.0334668904542923
adam,smallcnn,0,10,fc.weight,0.0003,rms_layerwise,full_coupled,27,0.03343295678496361
adam,smallcnn,0,10,fc.weight,0.0003,rms_layerwise,full_coupled,28,0.03339913487434387
adam,smallcnn,0,10,fc.weight,0.0003,rms_layerwise,full_coupled,29,0.0333656407892704
adam,smallcnn,0,10,fc.weight,0.0003,rms_layerwise,full_coupled,30,0.033332228660583496
adam,smallcnn,0,10,fc.weight,0.0003,rms_layerwise,full_coupled,31,0.03329882770776749
adam,smallcnn,0,10,fc.weight,0.0003,rms_layerwise,full_coupled,32,0.03326539322733879
adam,smallcnn,0,10,fc.weight,0.0003,rms_layerwise,full_coupled,33,0.033231936395168304
adam,smallcnn,0,10,fc.weight,0.0003,rms_layerwise,full_coupled,34,0.033198773860931396
adam,smallcnn,0,10,fc.weight,0.0003,rms_layerwise,full_coupled,35,0.03316544368863106
adam,smallcnn,0,10,fc.weight,0.0003,rms_layerwise,full_coupled,36,0.03313252329826355
adam,smallcnn,0,10,fc.weight,0.0003,rms_layerwise,full_coupled,37,0.03309963271021843
adam,smallcnn,0,10,fc.weight,0.0003,rms_layerwise,full_coupled,38,0.03306658938527107
adam,smallcnn,0,10,fc.weight,0.0003,rms_layerwise,full_coupled,39,0.033033717423677444
adam,smallcnn,0,10,fc.weight,0.0003,rms_layerwise,full_coupled,40,0.033002112060785294
adam,smallcnn,0,11,fc.bias,0.0003,rms_layerwise,full_coupled,0,0.004647261928766966
adam,smallcnn,0,11,fc.bias,0.0003,rms_layerwise,full_coupled,1,0.004642615094780922
adam,smallcnn,0,11,fc.bias,0.0003,rms_layerwise,full_coupled,2,0.0046379719860851765
adam,smallcnn,0,11,fc.bias,0.0003,rms_layerwise,full_coupled,3,0.0046333312056958675
adam,smallcnn,0,11,fc.bias,0.0003,rms_layerwise,full_coupled,4,0.0046286932192742825
adam,smallcnn,0,11,fc.bias,0.0003,rms_layerwise,full_coupled,5,0.004624065477401018
adam,smallcnn,0,11,fc.bias,0.0003,rms_layerwise,full_coupled,6,0.004619438201189041
adam,smallcnn,0,11,fc.bias,0.0003,rms_layerwise,full_coupled,7,0.0046148221008479595
adam,smallcnn,0,11,fc.bias,0.0003,rms_layerwise,full_coupled,8,0.004610214848071337
adam,smallcnn,0,11,fc.bias,0.0003,rms_layerwise,full_coupled,9,0.0046056234277784824
adam,smallcnn,0,11,fc.bias,0.0003,rms_layerwise,full_coupled,10,0.0046010445803403854
adam,smallcnn,0,11,fc.bias,0.0003,rms_layerwise,full_coupled,11,0.0045964689925313
adam,smallcnn,0,11,fc.bias,0.0003,rms_layerwise,full_coupled,12,0.004591893870383501
adam,smallcnn,0,11,fc.bias,0.0003,rms_layerwise,full_coupled,13,0.0045873369090259075
adam,smallcnn,0,11,fc.bias,0.0003,rms_layerwise,full_coupled,14,0.004582793451845646
adam,smallcnn,0,11,fc.bias,0.0003,rms_layerwise,full_coupled,15,0.0045782397501170635
adam,smallcnn,0,11,fc.bias,0.0003,rms_layerwise,full_coupled,16,0.004573693498969078
adam,smallcnn,0,11,fc.bias,0.0003,rms_layerwise,full_coupled,17,0.004569163080304861
adam,smallcnn,0,11,fc.bias,0.0003,rms_layerwise,full_coupled,18,0.004564656410366297
adam,smallcnn,0,11,fc.bias,0.0003,rms_layerwise,full_coupled,19,0.004560105502605438
adam,smallcnn,0,11,fc.bias,0.0003,rms_layerwise,full_coupled,20,0.00455559091642499
adam,smallcnn,0,11,fc.bias,0.0003,rms_layerwise,full_coupled,21,0.004551079124212265
adam,smallcnn,0,11,fc.bias,0.0003,rms_layerwise,full_coupled,22,0.004546540789306164
adam,smallcnn,0,11,fc.bias,0.0003,rms_layerwise,full_coupled,23,0.00454203225672245
adam,smallcnn,0,11,fc.bias,0.0003,rms_layerwise,full_coupled,24,0.004537530709058046
adam,smallcnn,0,11,fc.bias,0.0003,rms_layerwise,full_coupled,25,0.004533019382506609
adam,smallcnn,0,11,fc.bias,0.0003,rms_layerwise,full_coupled,26,0.004528496414422989
adam,smallcnn,0,11,fc.bias,0.0003,rms_layerwise,full_coupled,27,0.004524017218500376
adam,smallcnn,0,11,fc.bias,0.0003,rms_layerwise,full_coupled,28,0.004519513342529535
adam,smallcnn,0,11,fc.bias,0.0003,rms_layerwise,full_coupled,29,0.004514982458204031
adam,smallcnn,0,11,fc.bias,0.0003,rms_layerwise,full_coupled,30,0.0045104497112333775
adam,smallcnn,0,11,fc.bias,0.0003,rms_layerwise,full_coupled,31,0.004505949094891548
adam,smallcnn,0,11,fc.bias,0.0003,rms_layerwise,full_coupled,32,0.004501474555581808
adam,smallcnn,0,11,fc.bias,0.0003,rms_layerwise,full_coupled,33,0.004496975801885128
adam,smallcnn,0,11,fc.bias,0.0003,rms_layerwise,full_coupled,34,0.004492486827075481
adam,smallcnn,0,11,fc.bias,0.0003,rms_layerwise,full_coupled,35,0.004487987142056227
adam,smallcnn,0,11,fc.bias,0.0003,rms_layerwise,full_coupled,36,0.004483474418520927
adam,smallcnn,0,11,fc.bias,0.0003,rms_layerwise,full_coupled,37,0.004479038994759321
adam,smallcnn,0,11,fc.bias,0.0003,rms_layerwise,full_coupled,38,0.004474611021578312
adam,smallcnn,0,11,fc.bias,0.0003,rms_layerwise,full_coupled,39,0.004470196086913347
adam,smallcnn,0,11,fc.bias,0.0003,rms_layerwise,full_coupled,40,0.0044657145626842976
adam,smallcnn,0,0,random_layerwise_0,0.0003,rms_random_layerwise,full_coupled,0,0.04944035783410072
adam,smallcnn,0,0,random_layerwise_0,0.0003,rms_random_layerwise,full_coupled,1,0.04939091578125954
adam,smallcnn,0,0,random_layerwise_0,0.0003,rms_random_layerwise,full_coupled,2,0.04934367910027504
adam,smallcnn,0,0,random_layerwise_0,0.0003,rms_random_layerwise,full_coupled,3,0.04929473251104355
adam,smallcnn,0,0,random_layerwise_0,0.0003,rms_random_layerwise,full_coupled,4,0.049248240888118744
adam,smallcnn,0,0,random_layerwise_0,0.0003,rms_random_layerwise,full_coupled,5,0.04920980706810951
adam,smallcnn,0,0,random_layerwise_0,0.0003,rms_random_layerwise,full_coupled,6,0.04916733130812645
adam,smallcnn,0,0,random_layerwise_0,0.0003,rms_random_layerwise,full_coupled,7,0.04912401735782623
adam,smallcnn,0,0,random_layerwise_0,0.0003,rms_random_layerwise,full_coupled,8,0.04907742515206337
adam,smallcnn,0,0,random_layerwise_0,0.0003,rms_random_layerwise,full_coupled,9,0.04903021082282066
adam,smallcnn,0,0,random_layerwise_0,0.0003,rms_random_layerwise,full_coupled,10,0.048981375992298126
adam,smallcnn,0,0,random_layerwise_0,0.0003,rms_random_layerwise,full_coupled,11,0.04893270879983902
adam,smallcnn,0,0,random_layerwise_0,0.0003,rms_random_layerwise,full_coupled,12,0.048883724957704544
adam,smallcnn,0,0,random_layerwise_0,0.0003,rms_random_layerwise,full_coupled,13,0.04883480817079544
adam,smallcnn,0,0,random_layerwise_0,0.0003,rms_random_layerwise,full_coupled,14,0.04878602176904678
adam,smallcnn,0,0,random_layerwise_0,0.0003,rms_random_layerwise,full_coupled,15,0.048737093806266785
adam,smallcnn,0,0,random_layerwise_0,0.0003,rms_random_layerwise,full_coupled,16,0.04868829622864723
adam,smallcnn,0,0,random_layerwise_0,0.0003,rms_random_layerwise,full_coupled,17,0.048639506101608276
adam,smallcnn,0,0,random_layerwise_0,0.0003,rms_random_layerwise,full_coupled,18,0.04859054088592529
adam,smallcnn,0,0,random_layerwise_0,0.0003,rms_random_layerwise,full_coupled,19,0.048541873693466187
adam,smallcnn,0,0,random_layerwise_0,0.0003,rms_random_layerwise,full_coupled,20,0.04849327355623245
adam,smallcnn,0,0,random_layerwise_0,0.0003,rms_random_layerwise,full_coupled,21,0.04844466224312782
adam,smallcnn,0,0,random_layerwise_0,0.0003,rms_random_layerwise,full_coupled,22,0.04839596897363663
adam,smallcnn,0,0,random_layerwise_0,0.0003,rms_random_layerwise,full_coupled,23,0.04834751412272453
adam,smallcnn,0,0,random_layerwise_0,0.0003,rms_random_layerwise,full_coupled,24,0.04829913750290871
adam,smallcnn,0,0,random_layerwise_0,0.0003,rms_random_layerwise,full_coupled,25,0.04825076833367348
adam,smallcnn,0,0,random_layerwise_0,0.0003,rms_random_layerwise,full_coupled,26,0.04820246621966362
adam,smallcnn,0,0,random_layerwise_0,0.0003,rms_random_layerwise,full_coupled,27,0.048154182732105255
adam,smallcnn,0,0,random_layerwise_0,0.0003,rms_random_layerwise,full_coupled,28,0.04810585454106331
adam,smallcnn,0,0,random_layerwise_0,0.0003,rms_random_layerwise,full_coupled,29,0.048057764768600464
adam,smallcnn,0,0,random_layerwise_0,0.0003,rms_random_layerwise,full_coupled,30,0.04800977557897568
adam,smallcnn,0,0,random_layerwise_0,0.0003,rms_random_layerwise,full_coupled,31,0.04796162620186806
adam,smallcnn,0,0,random_layerwise_0,0.0003,rms_random_layerwise,full_coupled,32,0.0479138158261776
adam,smallcnn,0,0,random_layerwise_0,0.0003,rms_random_layerwise,full_coupled,33,0.047866128385066986
adam,smallcnn,0,0,random_layerwise_0,0.0003,rms_random_layerwise,full_coupled,34,0.047818154096603394
adam,smallcnn,0,0,random_layerwise_0,0.0003,rms_random_layerwise,full_coupled,35,0.047770556062459946
adam,smallcnn,0,0,random_layerwise_0,0.0003,rms_random_layerwise,full_coupled,36,0.04772334173321724
adam,smallcnn,0,0,random_layerwise_0,0.0003,rms_random_layerwise,full_coupled,37,0.047675710171461105
adam,smallcnn,0,0,random_layerwise_0,0.0003,rms_random_layerwise,full_coupled,38,0.04762814939022064
adam,smallcnn,0,0,random_layerwise_0,0.0003,rms_random_layerwise,full_coupled,39,0.04758002981543541
adam,smallcnn,0,0,random_layerwise_0,0.0003,rms_random_layerwise,full_coupled,40,0.047534242272377014
adam,smallcnn,0,1,random_layerwise_1,0.0003,rms_random_layerwise,full_coupled,0,0.0298983883112669
adam,smallcnn,0,1,random_layerwise_1,0.0003,rms_random_layerwise,full_coupled,1,0.029868492856621742
adam,smallcnn,0,1,random_layerwise_1,0.0003,rms_random_layerwise,full_coupled,2,0.029836492612957954
adam,smallcnn,0,1,random_layerwise_1,0.0003,rms_random_layerwise,full_coupled,3,0.02978428639471531
adam,smallcnn,0,1,random_layerwise_1,0.0003,rms_random_layerwise,full_coupled,4,0.029744643718004227
adam,smallcnn,0,1,random_layerwise_1,0.0003,rms_random_layerwise,full_coupled,5,0.029710670933127403
adam,smallcnn,0,1,random_layerwise_1,0.0003,rms_random_layerwise,full_coupled,6,0.029676923528313637
adam,smallcnn,0,1,random_layerwise_1,0.0003,rms_random_layerwise,full_coupled,7,0.029646078124642372
adam,smallcnn,0,1,random_layerwise_1,0.0003,rms_random_layerwise,full_coupled,8,0.02961563691496849
adam,smallcnn,0,1,random_layerwise_1,0.0003,rms_random_layerwise,full_coupled,9,0.029586920514702797
adam,smallcnn,0,1,random_layerwise_1,0.0003,rms_random_layerwise,full_coupled,10,0.02955792471766472
adam,smallcnn,0,1,random_layerwise_1,0.0003,rms_random_layerwise,full_coupled,11,0.029528524726629257
adam,smallcnn,0,1,random_layerwise_1,0.0003,rms_random_layerwise,full_coupled,12,0.029498960822820663
adam,smallcnn,0,1,random_layerwise_1,0.0003,rms_random_layerwise,full_coupled,13,0.02946949377655983
adam,smallcnn,0,1,random_layerwise_1,0.0003,rms_random_layerwise,full_coupled,14,0.029439885169267654
adam,smallcnn,0,1,random_layerwise_1,0.0003,rms_random_layerwise,full_coupled,15,0.029410410672426224
adam,smallcnn,0,1,random_layerwise_1,0.0003,rms_random_layerwise,full_coupled,16,0.029380900785326958
adam,smallcnn,0,1,random_layerwise_1,0.0003,rms_random_layerwise,full_coupled,17,0.029351411387324333
adam,smallcnn,0,1,random_layerwise_1,0.0003,rms_random_layerwise,full_coupled,18,0.02932191826403141
adam,smallcnn,0,1,random_layerwise_1,0.0003,rms_random_layerwise,full_coupled,19,0.029292594641447067
adam,smallcnn,0,1,random_layerwise_1,0.0003,rms_random_layerwise,full_coupled,20,0.029263267293572426
adam,smallcnn,0,1,random_layerwise_1,0.0003,rms_random_layerwise,full_coupled,21,0.029233885928988457
adam,smallcnn,0,1,random_layerwise_1,0.0003,rms_random_layerwise,full_coupled,22,0.029204370453953743
adam,smallcnn,0,1,random_layerwise_1,0.0003,rms_random_layerwise,full_coupled,23,0.029175078496336937
adam,smallcnn,0,1,random_layerwise_1,0.0003,rms_random_layerwise,full_coupled,24,0.029145874083042145
adam,smallcnn,0,1,random_layerwise_1,0.0003,rms_random_layerwise,full_coupled,25,0.02911638841032982
adam,smallcnn,0,1,random_layerwise_1,0.0003,rms_random_layerwise,full_coupled,26,0.02908722497522831
adam,smallcnn,0,1,random_layerwise_1,0.0003,rms_random_layerwise,full_coupled,27,0.029057832434773445
adam,smallcnn,0,1,random_layerwise_1,0.0003,rms_random_layerwise,full_coupled,28,0.029028883203864098
adam,smallcnn,0,1,random_layerwise_1,0.0003,rms_random_layerwise,full_coupled,29,0.02900015376508236
adam,smallcnn,0,1,random_layerwise_1,0.0003,rms_random_layerwise,full_coupled,30,0.028971431776881218
adam,smallcnn,0,1,random_layerwise_1,0.0003,rms_random_layerwise,full_coupled,31,0.02894263155758381
adam,smallcnn,0,1,random_layerwise_1,0.0003,rms_random_layerwise,full_coupled,32,0.02891315147280693
adam,smallcnn,0,1,random_layerwise_1,0.0003,rms_random_layerwise,full_coupled,33,0.028884151950478554
adam,smallcnn,0,1,random_layerwise_1,0.0003,rms_random_layerwise,full_coupled,34,0.028855765238404274
adam,smallcnn,0,1,random_layerwise_1,0.0003,rms_random_layerwise,full_coupled,35,0.028827523812651634
adam,smallcnn,0,1,random_layerwise_1,0.0003,rms_random_layerwise,full_coupled,36,0.028798632323741913
adam,smallcnn,0,1,random_layerwise_1,0.0003,rms_random_layerwise,full_coupled,37,0.02877083793282509
adam,smallcnn,0,1,random_layerwise_1,0.0003,rms_random_layerwise,full_coupled,38,0.028743160888552666
adam,smallcnn,0,1,random_layerwise_1,0.0003,rms_random_layerwise,full_coupled,39,0.02871602214872837
adam,smallcnn,0,1,random_layerwise_1,0.0003,rms_random_layerwise,full_coupled,40,0.028683919459581375
adam,smallcnn,0,2,random_layerwise_2,0.0003,rms_random_layerwise,full_coupled,0,0.02586369588971138
adam,smallcnn,0,2,random_layerwise_2,0.0003,rms_random_layerwise,full_coupled,1,0.02583783119916916
adam,smallcnn,0,2,random_layerwise_2,0.0003,rms_random_layerwise,full_coupled,2,0.025812754407525063
adam,smallcnn,0,2,random_layerwise_2,0.0003,rms_random_layerwise,full_coupled,3,0.025787772610783577
adam,smallcnn,0,2,random_layerwise_2,0.0003,rms_random_layerwise,full_coupled,4,0.025761820375919342
adam,smallcnn,0,2,random_layerwise_2,0.0003,rms_random_layerwise,full_coupled,5,0.02574104256927967
adam,smallcnn,0,2,random_layerwise_2,0.0003,rms_random_layerwise,full_coupled,6,0.025722792372107506
adam,smallcnn,0,2,random_layerwise_2,0.0003,rms_random_layerwise,full_coupled,7,0.025700747966766357
adam,smallcnn,0,2,random_layerwise_2,0.0003,rms_random_layerwise,full_coupled,8,0.02567736990749836
adam,smallcnn,0,2,random_layerwise_2,0.0003,rms_random_layerwise,full_coupled,9,0.025653427466750145
adam,smallcnn,0,2,random_layerwise_2,0.0003,rms_random_layerwise,full_coupled,10,0.025628497824072838
adam,smallcnn,0,2,random_layerwise_2,0.0003,rms_random_layerwise,full_coupled,11,0.02560342103242874
adam,smallcnn,0,2,random_layerwise_2,0.0003,rms_random_layerwise,full_coupled,12,0.025578103959560394
adam,smallcnn,0,2,random_layerwise_2,0.0003,rms_random_layerwise,full_coupled,13,0.025552647188305855
adam,smallcnn,0,2,random_layerwise_2,0.0003,rms_random_layerwise,full_coupled,14,0.025527164340019226
adam,smallcnn,0,2,random_layerwise_2,0.0003,rms_random_layerwise,full_coupled,15,0.025501590222120285
adam,smallcnn,0,2,random_layerwise_2,0.0003,rms_random_layerwise,full_coupled,16,0.02547602728009224
adam,smallcnn,0,2,random_layerwise_2,0.0003,rms_random_layerwise,full_coupled,17,0.025450456887483597
adam,smallcnn,0,2,random_layerwise_2,0.0003,rms_random_layerwise,full_coupled,18,0.02542484737932682
adam,smallcnn,0,2,random_layerwise_2,0.0003,rms_random_layerwise,full_coupled,19,0.025399325415492058
adam,smallcnn,0,2,random_layerwise_2,0.0003,rms_random_layerwise,full_coupled,20,0.02537388913333416
adam,smallcnn,0,2,random_layerwise_2,0.0003,rms_random_layerwise,full_coupled,21,0.025348389521241188
adam,smallcnn,0,2,random_layerwise_2,0.0003,rms_random_layerwise,full_coupled,22,0.025322748348116875
adam,smallcnn,0,2,random_layerwise_2,0.0003,rms_random_layerwise,full_coupled,23,0.02529723010957241
adam,smallcnn,0,2,random_layerwise_2,0.0003,rms_random_layerwise,full_coupled,24,0.025271790102124214
adam,smallcnn,0,2,random_layerwise_2,0.0003,rms_random_layerwise,full_coupled,25,0.02524639666080475
adam,smallcnn,0,2,random_layerwise_2,0.0003,rms_random_layerwise,full_coupled,26,0.025221023708581924
adam,smallcnn,0,2,random_layerwise_2,0.0003,rms_random_layerwise,full_coupled,27,0.025195438414812088
adam,smallcnn,0,2,random_layerwise_2,0.0003,rms_random_layerwise,full_coupled,28,0.02516978792846203
adam,smallcnn,0,2,random_layerwise_2,0.0003,rms_random_layerwise,full_coupled,29,0.025144364684820175
adam,smallcnn,0,2,random_layerwise_2,0.0003,rms_random_layerwise,full_coupled,30,0.025118974968791008
adam,smallcnn,0,2,random_layerwise_2,0.0003,rms_random_layerwise,full_coupled,31,0.025093648582696915
adam,smallcnn,0,2,random_layerwise_2,0.0003,rms_random_layerwise,full_coupled,32,0.025068359449505806
adam,smallcnn,0,2,random_layerwise_2,0.0003,rms_random_layerwise,full_coupled,33,0.02504311501979828
adam,smallcnn,0,2,random_layerwise_2,0.0003,rms_random_layerwise,full_coupled,34,0.02501796931028366
adam,smallcnn,0,2,random_layerwise_2,0.0003,rms_random_layerwise,full_coupled,35,0.02499213255941868
adam,smallcnn,0,2,random_layerwise_2,0.0003,rms_random_layerwise,full_coupled,36,0.024966955184936523
adam,smallcnn,0,2,random_layerwise_2,0.0003,rms_random_layerwise,full_coupled,37,0.024941574782133102
adam,smallcnn,0,2,random_layerwise_2,0.0003,rms_random_layerwise,full_coupled,38,0.02491646632552147
adam,smallcnn,0,2,random_layerwise_2,0.0003,rms_random_layerwise,full_coupled,39,0.024891700595617294
adam,smallcnn,0,2,random_layerwise_2,0.0003,rms_random_layerwise,full_coupled,40,0.024855485185980797
adam,smallcnn,0,3,random_layerwise_3,0.0003,rms_random_layerwise,full_coupled,0,0.02764434553682804
adam,smallcnn,0,3,random_layerwise_3,0.0003,rms_random_layerwise,full_coupled,1,0.027616700157523155
adam,smallcnn,0,3,random_layerwise_3,0.0003,rms_random_layerwise,full_coupled,2,0.027587290853261948
adam,smallcnn,0,3,random_layerwise_3,0.0003,rms_random_layerwise,full_coupled,3,0.027564387768507004
adam,smallcnn,0,3,random_layerwise_3,0.0003,rms_random_layerwise,full_coupled,4,0.027552993968129158
adam,smallcnn,0,3,random_layerwise_3,0.0003,rms_random_layerwise,full_coupled,5,0.027539145201444626
adam,smallcnn,0,3,random_layerwise_3,0.0003,rms_random_layerwise,full_coupled,6,0.02752147801220417
adam,smallcnn,0,3,random_layerwise_3,0.0003,rms_random_layerwise,full_coupled,7,0.027502035722136497
adam,smallcnn,0,3,random_layerwise_3,0.0003,rms_random_layerwise,full_coupled,8,0.027478350326418877
adam,smallcnn,0,3,random_layerwise_3,0.0003,rms_random_layerwise,full_coupled,9,0.027454128488898277
adam,smallcnn,0,3,random_layerwise_3,0.0003,rms_random_layerwise,full_coupled,10,0.027428293600678444
adam,smallcnn,0,3,random_layerwise_3,0.0003,rms_random_layerwise,full_coupled,11,0.027402803301811218
adam,smallcnn,0,3,random_layerwise_3,0.0003,rms_random_layerwise,full_coupled,12,0.02737661451101303
adam,smallcnn,0,3,random_layerwise_3,0.0003,rms_random_layerwise,full_coupled,13,0.027350012212991714
adam,smallcnn,0,3,random_layerwise_3,0.0003,rms_random_layerwise,full_coupled,14,0.027323521673679352
adam,smallcnn,0,3,random_layerwise_3,0.0003,rms_random_layerwise,full_coupled,15,0.027296729385852814
adam,smallcnn,0,3,random_layerwise_3,0.0003,rms_random_layerwise,full_coupled,16,0.027269696816802025
adam,smallcnn,0,3,random_layerwise_3,0.0003,rms_random_layerwise,full_coupled,17,0.02724269963800907
adam,smallcnn,0,3,random_layerwise_3,0.0003,rms_random_layerwise,full_coupled,18,0.027215691283345222
adam,smallcnn,0,3,random_layerwise_3,0.0003,rms_random_layerwise,full_coupled,19,0.027188504114747047
adam,smallcnn,0,3,random_layerwise_3,0.0003,rms_random_layerwise,full_coupled,20,0.02716122567653656
adam,smallcnn,0,3,random_layerwise_3,0.0003,rms_random_layerwise,full_coupled,21,0.02713412418961525
adam,smallcnn,0,3,random_layerwise_3,0.0003,rms_random_layerwise,full_coupled,22,0.027106821537017822
adam,smallcnn,0,3,random_layerwise_3,0.0003,rms_random_layerwise,full_coupled,23,0.027079736813902855
adam,smallcnn,0,3,random_layerwise_3,0.0003,rms_random_layerwise,full_coupled,24,0.02705269493162632
adam,smallcnn,0,3,random_layerwise_3,0.0003,rms_random_layerwise,full_coupled,25,0.027025435119867325
adam,smallcnn,0,3,random_layerwise_3,0.0003,rms_random_layerwise,full_coupled,26,0.02699824795126915
adam,smallcnn,0,3,random_layerwise_3,0.0003,rms_random_layerwise,full_coupled,27,0.026971232146024704
adam,smallcnn,0,3,random_layerwise_3,0.0003,rms_random_layerwise,full_coupled,28,0.0269443541765213
adam,smallcnn,0,3,random_layerwise_3,0.0003,rms_random_layerwise,full_coupled,29,0.026917442679405212
adam,smallcnn,0,3,random_layerwise_3,0.0003,rms_random_layerwise,full_coupled,30,0.02689063549041748
adam,smallcnn,0,3,random_layerwise_3,0.0003,rms_random_layerwise,full_coupled,31,0.026863640174269676
adam,smallcnn,0,3,random_layerwise_3,0.0003,rms_random_layerwise,full_coupled,32,0.02683723159134388
adam,smallcnn,0,3,random_layerwise_3,0.0003,rms_random_layerwise,full_coupled,33,0.026810631155967712
adam,smallcnn,0,3,random_layerwise_3,0.0003,rms_random_layerwise,full_coupled,34,0.02678385004401207
adam,smallcnn,0,3,random_layerwise_3,0.0003,rms_random_layerwise,full_coupled,35,0.02675721049308777
adam,smallcnn,0,3,random_layerwise_3,0.0003,rms_random_layerwise,full_coupled,36,0.02673044055700302
adam,smallcnn,0,3,random_layerwise_3,0.0003,rms_random_layerwise,full_coupled,37,0.02670370787382126
adam,smallcnn,0,3,random_layerwise_3,0.0003,rms_random_layerwise,full_coupled,38,0.026676947250962257
adam,smallcnn,0,3,random_layerwise_3,0.0003,rms_random_layerwise,full_coupled,39,0.026650452986359596
adam,smallcnn,0,3,random_layerwise_3,0.0003,rms_random_layerwise,full_coupled,40,0.02662469446659088
adam,smallcnn,0,0,random_m_0,0.001,m,full_coupled,0,0.0
adam,smallcnn,0,0,random_m_0,0.001,m,full_coupled,1,0.0
adam,smallcnn,0,0,random_m_0,0.001,m,full_coupled,2,2.3901233362266794e-05
adam,smallcnn,0,0,random_m_0,0.001,m,full_coupled,3,4.033587174490094e-05
adam,smallcnn,0,0,random_m_0,0.001,m,full_coupled,4,5.919938485021703e-05
adam,smallcnn,0,0,random_m_0,0.001,m,full_coupled,5,0.0001148738811025396
adam,smallcnn,0,0,random_m_0,0.001,m,full_coupled,6,0.000225974727072753
adam,smallcnn,0,0,random_m_0,0.001,m,full_coupled,7,0.00023564818548038602
adam,smallcnn,0,0,random_m_0,0.001,m,full_coupled,8,0.0002832891477737576
adam,smallcnn,0,0,random_m_0,0.001,m,full_coupled,9,0.0009038068819791079
adam,smallcnn,0,0,random_m_0,0.001,m,full_coupled,10,0.004502317402511835
adam,smallcnn,0,0,random_m_0,0.001,m,full_coupled,11,0.009709163568913937
adam,smallcnn,0,0,random_m_0,0.001,m,full_coupled,12,0.016498921439051628
adam,smallcnn,0,0,random_m_0,0.001,m,full_coupled,13,0.019542882218956947
adam,smallcnn,0,0,random_m_0,0.001,m,full_coupled,14,0.020323164761066437
adam,smallcnn,0,0,random_m_0,0.001,m,full_coupled,15,0.021426644176244736
adam,smallcnn,0,0,random_m_0,0.001,m,full_coupled,16,0.03291446343064308
adam,smallcnn,0,0,random_m_0,0.001,m,full_coupled,17,0.042716462165117264
adam,smallcnn,0,0,random_m_0,0.001,m,full_coupled,18,0.05498381331562996
adam,smallcnn,0,0,random_m_0,0.001,m,full_coupled,19,0.10278100520372391
adam,smallcnn,0,0,random_m_0,0.001,m,full_coupled,20,0.14270494878292084
adam,smallcnn,0,0,random_m_0,0.001,m,full_coupled,21,0.21138279139995575
adam,smallcnn,0,0,random_m_0,0.001,m,full_coupled,22,0.672560453414917
adam,smallcnn,0,0,random_m_0,0.001,m,full_coupled,23,0.8039852976799011
adam,smallcnn,0,0,random_m_0,0.001,m,full_coupled,24,1.1336363554000854
adam,smallcnn,0,0,random_m_0,0.001,m,full_coupled,25,1.867626428604126
adam,smallcnn,0,0,random_m_0,0.001,m,full_coupled,26,1.9816515445709229
adam,smallcnn,0,0,random_m_0,0.001,m,full_coupled,27,1.9605892896652222
adam,smallcnn,0,0,random_m_0,0.001,m,full_coupled,28,2.0765860080718994
adam,smallcnn,0,0,random_m_0,0.001,m,full_coupled,29,6.071929931640625
adam,smallcnn,0,0,random_m_0,0.001,m,full_coupled,30,7.042125701904297
adam,smallcnn,0,0,random_m_0,0.001,m,full_coupled,31,6.671356201171875
adam,smallcnn,0,0,random_m_0,0.001,m,full_coupled,32,7.499988079071045
adam,smallcnn,0,0,random_m_0,0.001,m,full_coupled,33,8.54643440246582
adam,smallcnn,0,0,random_m_0,0.001,m,full_coupled,34,7.978404521942139
adam,smallcnn,0,0,random_m_0,0.001,m,full_coupled,35,7.614914894104004
adam,smallcnn,0,0,random_m_0,0.001,m,full_coupled,36,8.18738842010498
adam,smallcnn,0,0,random_m_0,0.001,m,full_coupled,37,8.267488479614258
adam,smallcnn,0,0,random_m_0,0.001,m,full_coupled,38,8.11445426940918
adam,smallcnn,0,0,random_m_0,0.001,m,full_coupled,39,7.92705774307251
adam,smallcnn,0,0,random_m_0,0.001,m,full_coupled,40,7.650232791900635
adam,smallcnn,0,0,random_m_0,0.001,m,restricted_no_dv,0,0.0
adam,smallcnn,0,0,random_m_0,0.001,m,restricted_no_dv,1,0.0
adam,smallcnn,0,0,random_m_0,0.001,m,restricted_no_dv,2,0.0
adam,smallcnn,0,0,random_m_0,0.001,m,restricted_no_dv,3,0.0
adam,smallcnn,0,0,random_m_0,0.001,m,restricted_no_dv,4,0.0
adam,smallcnn,0,0,random_m_0,0.001,m,restricted_no_dv,5,0.0
adam,smallcnn,0,0,random_m_0,0.001,m,restricted_no_dv,6,0.0
adam,smallcnn,0,0,random_m_0,0.001,m,restricted_no_dv,7,0.0
adam,smallcnn,0,0,random_m_0,0.001,m,restricted_no_dv,8,0.0
adam,smallcnn,0,0,random_m_0,0.001,m,restricted_no_dv,9,0.0
adam,smallcnn,0,0,random_m_0,0.001,m,restricted_no_dv,10,0.0
adam,smallcnn,0,0,random_m_0,0.001,m,restricted_no_dv,11,0.0
adam,smallcnn,0,0,random_m_0,0.001,m,restricted_no_dv,12,0.0
adam,smallcnn,0,0,random_m_0,0.001,m,restricted_no_dv,13,0.0
adam,smallcnn,0,0,random_m_0,0.001,m,restricted_no_dv,14,0.0
adam,smallcnn,0,0,random_m_0,0.001,m,restricted_no_dv,15,0.0
adam,smallcnn,0,0,random_m_0,0.001,m,restricted_no_dv,16,0.0
adam,smallcnn,0,0,random_m_0,0.001,m,restricted_no_dv,17,0.0
adam,smallcnn,0,0,random_m_0,0.001,m,restricted_no_dv,18,0.0
adam,smallcnn,0,0,random_m_0,0.001,m,restricted_no_dv,19,0.0
adam,smallcnn,0,0,random_m_0,0.001,m,restricted_no_dv,20,0.0
adam,smallcnn,0,0,random_m_0,0.001,m,restricted_no_dv,21,0.0
adam,smallcnn,0,0,random_m_0,0.001,m,restricted_no_dv,22,0.0
adam,smallcnn,0,0,random_m_0,0.001,m,restricted_no_dv,23,0.0
adam,smallcnn,0,0,random_m_0,0.001,m,restricted_no_dv,24,0.0
adam,smallcnn,0,0,random_m_0,0.001,m,restricted_no_dv,25,0.0
adam,smallcnn,0,0,random_m_0,0.001,m,restricted_no_dv,26,0.0
adam,smallcnn,0,0,random_m_0,0.001,m,restricted_no_dv,27,0.0
adam,smallcnn,0,0,random_m_0,0.001,m,restricted_no_dv,28,0.0
adam,smallcnn,0,0,random_m_0,0.001,m,restricted_no_dv,29,0.0
adam,smallcnn,0,0,random_m_0,0.001,m,restricted_no_dv,30,0.0
adam,smallcnn,0,0,random_m_0,0.001,m,restricted_no_dv,31,0.0
adam,smallcnn,0,0,random_m_0,0.001,m,restricted_no_dv,32,0.0
adam,smallcnn,0,0,random_m_0,0.001,m,restricted_no_dv,33,0.0
adam,smallcnn,0,0,random_m_0,0.001,m,restricted_no_dv,34,0.0
adam,smallcnn,0,0,random_m_0,0.001,m,restricted_no_dv,35,0.0
adam,smallcnn,0,0,random_m_0,0.001,m,restricted_no_dv,36,0.0
adam,smallcnn,0,0,random_m_0,0.001,m,restricted_no_dv,37,0.0
adam,smallcnn,0,0,random_m_0,0.001,m,restricted_no_dv,38,0.0
adam,smallcnn,0,0,random_m_0,0.001,m,restricted_no_dv,39,0.0
adam,smallcnn,0,0,random_m_0,0.001,m,restricted_no_dv,40,0.0
adam,smallcnn,0,1,random_m_1,0.001,m,full_coupled,0,0.0
adam,smallcnn,0,1,random_m_1,0.001,m,full_coupled,1,0.0
adam,smallcnn,0,1,random_m_1,0.001,m,full_coupled,2,1.5487985365325585e-05
adam,smallcnn,0,1,random_m_1,0.001,m,full_coupled,3,3.070175807806663e-05
adam,smallcnn,0,1,random_m_1,0.001,m,full_coupled,4,4.3279913370497525e-05
adam,smallcnn,0,1,random_m_1,0.001,m,full_coupled,5,0.0001711496734060347
adam,smallcnn,0,1,random_m_1,0.001,m,full_coupled,6,0.0002968423068523407
adam,smallcnn,0,1,random_m_1,0.001,m,full_coupled,7,0.0003210550348740071
adam,smallcnn,0,1,random_m_1,0.001,m,full_coupled,8,0.00035779326572082937
adam,smallcnn,0,1,random_m_1,0.001,m,full_coupled,9,0.0004870317061431706
adam,smallcnn,0,1,random_m_1,0.001,m,full_coupled,10,0.0009634284651838243
adam,smallcnn,0,1,random_m_1,0.001,m,full_coupled,11,0.003774891374632716
adam,smallcnn,0,1,random_m_1,0.001,m,full_coupled,12,0.00507985008880496
adam,smallcnn,0,1,random_m_1,0.001,m,full_coupled,13,0.007359535899013281
adam,smallcnn,0,1,random_m_1,0.001,m,full_coupled,14,0.014775476418435574
adam,smallcnn,0,1,random_m_1,0.001,m,full_coupled,15,0.017830152064561844
adam,smallcnn,0,1,random_m_1,0.001,m,full_coupled,16,0.05604094639420509
adam,smallcnn,0,1,random_m_1,0.001,m,full_coupled,17,0.23528286814689636
adam,smallcnn,0,1,random_m_1,0.001,m,full_coupled,18,0.31703832745552063
adam,smallcnn,0,1,random_m_1,0.001,m,full_coupled,19,0.2810598313808441
adam,smallcnn,0,1,random_m_1,0.001,m,full_coupled,20,0.4728223979473114
adam,smallcnn,0,1,random_m_1,0.001,m,full_coupled,21,0.9483897089958191
adam,smallcnn,0,1,random_m_1,0.001,m,full_coupled,22,1.5984106063842773
adam,smallcnn,0,1,random_m_1,0.001,m,full_coupled,23,1.439668893814087
adam,smallcnn,0,1,random_m_1,0.001,m,full_coupled,24,2.791304588317871
adam,smallcnn,0,1,random_m_1,0.001,m,full_coupled,25,4.728723526000977
adam,smallcnn,0,1,random_m_1,0.001,m,full_coupled,26,5.633636951446533
adam,smallcnn,0,1,random_m_1,0.001,m,full_coupled,27,8.322690963745117
adam,smallcnn,0,1,random_m_1,0.001,m,full_coupled,28,8.284720420837402
adam,smallcnn,0,1,random_m_1,0.001,m,full_coupled,29,15.75191879272461
adam,smallcnn,0,1,random_m_1,0.001,m,full_coupled,30,22.794811248779297
adam,smallcnn,0,1,random_m_1,0.001,m,full_coupled,31,15.720380783081055
adam,smallcnn,0,1,random_m_1,0.001,m,full_coupled,32,16.76753807067871
adam,smallcnn,0,1,random_m_1,0.001,m,full_coupled,33,21.327695846557617
adam,smallcnn,0,1,random_m_1,0.001,m,full_coupled,34,17.74479866027832
adam,smallcnn,0,1,random_m_1,0.001,m,full_coupled,35,15.744987487792969
adam,smallcnn,0,1,random_m_1,0.001,m,full_coupled,36,16.96477699279785
adam,smallcnn,0,1,random_m_1,0.001,m,full_coupled,37,17.163293838500977
adam,smallcnn,0,1,random_m_1,0.001,m,full_coupled,38,16.62650489807129
adam,smallcnn,0,1,random_m_1,0.001,m,full_coupled,39,16.231781005859375
adam,smallcnn,0,1,random_m_1,0.001,m,full_coupled,40,15.557634353637695
adam,smallcnn,0,1,random_m_1,0.001,m,restricted_no_dv,0,0.0
adam,smallcnn,0,1,random_m_1,0.001,m,restricted_no_dv,1,0.0
adam,smallcnn,0,1,random_m_1,0.001,m,restricted_no_dv,2,0.0
adam,smallcnn,0,1,random_m_1,0.001,m,restricted_no_dv,3,0.0
adam,smallcnn,0,1,random_m_1,0.001,m,restricted_no_dv,4,0.0
adam,smallcnn,0,1,random_m_1,0.001,m,restricted_no_dv,5,0.0
adam,smallcnn,0,1,random_m_1,0.001,m,restricted_no_dv,6,0.0
adam,smallcnn,0,1,random_m_1,0.001,m,restricted_no_dv,7,0.0
adam,smallcnn,0,1,random_m_1,0.001,m,restricted_no_dv,8,0.0
adam,smallcnn,0,1,random_m_1,0.001,m,restricted_no_dv,9,0.0
adam,smallcnn,0,1,random_m_1,0.001,m,restricted_no_dv,10,0.0
adam,smallcnn,0,1,random_m_1,0.001,m,restricted_no_dv,11,0.0
adam,smallcnn,0,1,random_m_1,0.001,m,restricted_no_dv,12,0.0
adam,smallcnn,0,1,random_m_1,0.001,m,restricted_no_dv,13,0.0
adam,smallcnn,0,1,random_m_1,0.001,m,restricted_no_dv,14,0.0
adam,smallcnn,0,1,random_m_1,0.001,m,restricted_no_dv,15,0.0
adam,smallcnn,0,1,random_m_1,0.001,m,restricted_no_dv,16,0.0
adam,smallcnn,0,1,random_m_1,0.001,m,restricted_no_dv,17,0.0
adam,smallcnn,0,1,random_m_1,0.001,m,restricted_no_dv,18,0.0
adam,smallcnn,0,1,random_m_1,0.001,m,restricted_no_dv,19,0.0
adam,smallcnn,0,1,random_m_1,0.001,m,restricted_no_dv,20,0.0
adam,smallcnn,0,1,random_m_1,0.001,m,restricted_no_dv,21,0.0
adam,smallcnn,0,1,random_m_1,0.001,m,restricted_no_dv,22,0.0
adam,smallcnn,0,1,random_m_1,0.001,m,restricted_no_dv,23,0.0
adam,smallcnn,0,1,random_m_1,0.001,m,restricted_no_dv,24,0.0
adam,smallcnn,0,1,random_m_1,0.001,m,restricted_no_dv,25,0.0
adam,smallcnn,0,1,random_m_1,0.001,m,restricted_no_dv,26,0.0
adam,smallcnn,0,1,random_m_1,0.001,m,restricted_no_dv,27,0.0
adam,smallcnn,0,1,random_m_1,0.001,m,restricted_no_dv,28,0.0
adam,smallcnn,0,1,random_m_1,0.001,m,restricted_no_dv,29,0.0
adam,smallcnn,0,1,random_m_1,0.001,m,restricted_no_dv,30,0.0
adam,smallcnn,0,1,random_m_1,0.001,m,restricted_no_dv,31,0.0
adam,smallcnn,0,1,random_m_1,0.001,m,restricted_no_dv,32,0.0
adam,smallcnn,0,1,random_m_1,0.001,m,restricted_no_dv,33,0.0
adam,smallcnn,0,1,random_m_1,0.001,m,restricted_no_dv,34,0.0
adam,smallcnn,0,1,random_m_1,0.001,m,restricted_no_dv,35,0.0
adam,smallcnn,0,1,random_m_1,0.001,m,restricted_no_dv,36,0.0
adam,smallcnn,0,1,random_m_1,0.001,m,restricted_no_dv,37,0.0
adam,smallcnn,0,1,random_m_1,0.001,m,restricted_no_dv,38,0.0
adam,smallcnn,0,1,random_m_1,0.001,m,restricted_no_dv,39,0.0
adam,smallcnn,0,1,random_m_1,0.001,m,restricted_no_dv,40,0.0
adam,smallcnn,0,2,random_m_2,0.001,m,full_coupled,0,0.0
adam,smallcnn,0,2,random_m_2,0.001,m,full_coupled,1,0.0
adam,smallcnn,0,2,random_m_2,0.001,m,full_coupled,2,1.5460736904060468e-05
adam,smallcnn,0,2,random_m_2,0.001,m,full_coupled,3,3.35125696437899e-05
adam,smallcnn,0,2,random_m_2,0.001,m,full_coupled,4,6.472768291132525e-05
adam,smallcnn,0,2,random_m_2,0.001,m,full_coupled,5,0.00013336326810531318
adam,smallcnn,0,2,random_m_2,0.001,m,full_coupled,6,0.00025245954748243093
adam,smallcnn,0,2,random_m_2,0.001,m,full_coupled,7,0.0002839159860741347
adam,smallcnn,0,2,random_m_2,0.001,m,full_coupled,8,0.000336715136654675
adam,smallcnn,0,2,random_m_2,0.001,m,full_coupled,9,0.0008172413217835128
adam,smallcnn,0,2,random_m_2,0.001,m,full_coupled,10,0.0024795460049062967
adam,smallcnn,0,2,random_m_2,0.001,m,full_coupled,11,0.004018245730549097
adam,smallcnn,0,2,random_m_2,0.001,m,full_coupled,12,0.009879170916974545
adam,smallcnn,0,2,random_m_2,0.001,m,full_coupled,13,0.014136184006929398
adam,smallcnn,0,2,random_m_2,0.001,m,full_coupled,14,0.022233519703149796
adam,smallcnn,0,2,random_m_2,0.001,m,full_coupled,15,0.05005845054984093
adam,smallcnn,0,2,random_m_2,0.001,m,full_coupled,16,0.07675104588270187
adam,smallcnn,0,2,random_m_2,0.001,m,full_coupled,17,0.08706924319267273
adam,smallcnn,0,2,random_m_2,0.001,m,full_coupled,18,0.1735386848449707
adam,smallcnn,0,2,random_m_2,0.001,m,full_coupled,19,0.23191925883293152
adam,smallcnn,0,2,random_m_2,0.001,m,full_coupled,20,0.31665199995040894
adam,smallcnn,0,2,random_m_2,0.001,m,full_coupled,21,0.3366478383541107
adam,smallcnn,0,2,random_m_2,0.001,m,full_coupled,22,1.229249119758606
adam,smallcnn,0,2,random_m_2,0.001,m,full_coupled,23,1.1595830917358398
adam,smallcnn,0,2,random_m_2,0.001,m,full_coupled,24,2.882276773452759
adam,smallcnn,0,2,random_m_2,0.001,m,full_coupled,25,4.15249490737915
adam,smallcnn,0,2,random_m_2,0.001,m,full_coupled,26,4.186987400054932
adam,smallcnn,0,2,random_m_2,0.001,m,full_coupled,27,4.665965557098389
adam,smallcnn,0,2,random_m_2,0.001,m,full_coupled,28,4.999396324157715
adam,smallcnn,0,2,random_m_2,0.001,m,full_coupled,29,9.762970924377441
adam,smallcnn,0,2,random_m_2,0.001,m,full_coupled,30,10.557950973510742
adam,smallcnn,0,2,random_m_2,0.001,m,full_coupled,31,13.86533260345459
adam,smallcnn,0,2,random_m_2,0.001,m,full_coupled,32,15.131950378417969
adam,smallcnn,0,2,random_m_2,0.001,m,full_coupled,33,16.060815811157227
adam,smallcnn,0,2,random_m_2,0.001,m,full_coupled,34,15.82624340057373
adam,smallcnn,0,2,random_m_2,0.001,m,full_coupled,35,16.186891555786133
adam,smallcnn,0,2,random_m_2,0.001,m,full_coupled,36,16.84383773803711
adam,smallcnn,0,2,random_m_2,0.001,m,full_coupled,37,16.874217987060547
adam,smallcnn,0,2,random_m_2,0.001,m,full_coupled,38,16.755037307739258
adam,smallcnn,0,2,random_m_2,0.001,m,full_coupled,39,16.574079513549805
adam,smallcnn,0,2,random_m_2,0.001,m,full_coupled,40,17.067916870117188
adam,smallcnn,0,2,random_m_2,0.001,m,restricted_no_dv,0,0.0
adam,smallcnn,0,2,random_m_2,0.001,m,restricted_no_dv,1,0.0
adam,smallcnn,0,2,random_m_2,0.001,m,restricted_no_dv,2,0.0
adam,smallcnn,0,2,random_m_2,0.001,m,restricted_no_dv,3,0.0
adam,smallcnn,0,2,random_m_2,0.001,m,restricted_no_dv,4,0.0
adam,smallcnn,0,2,random_m_2,0.001,m,restricted_no_dv,5,0.0
adam,smallcnn,0,2,random_m_2,0.001,m,restricted_no_dv,6,0.0
adam,smallcnn,0,2,random_m_2,0.001,m,restricted_no_dv,7,0.0
adam,smallcnn,0,2,random_m_2,0.001,m,restricted_no_dv,8,0.0
adam,smallcnn,0,2,random_m_2,0.001,m,restricted_no_dv,9,0.0
adam,smallcnn,0,2,random_m_2,0.001,m,restricted_no_dv,10,0.0
adam,smallcnn,0,2,random_m_2,0.001,m,restricted_no_dv,11,0.0
adam,smallcnn,0,2,random_m_2,0.001,m,restricted_no_dv,12,0.0
adam,smallcnn,0,2,random_m_2,0.001,m,restricted_no_dv,13,0.0
adam,smallcnn,0,2,random_m_2,0.001,m,restricted_no_dv,14,0.0
adam,smallcnn,0,2,random_m_2,0.001,m,restricted_no_dv,15,0.0
adam,smallcnn,0,2,random_m_2,0.001,m,restricted_no_dv,16,0.0
adam,smallcnn,0,2,random_m_2,0.001,m,restricted_no_dv,17,0.0
adam,smallcnn,0,2,random_m_2,0.001,m,restricted_no_dv,18,0.0
adam,smallcnn,0,2,random_m_2,0.001,m,restricted_no_dv,19,0.0
adam,smallcnn,0,2,random_m_2,0.001,m,restricted_no_dv,20,0.0
adam,smallcnn,0,2,random_m_2,0.001,m,restricted_no_dv,21,0.0
adam,smallcnn,0,2,random_m_2,0.001,m,restricted_no_dv,22,0.0
adam,smallcnn,0,2,random_m_2,0.001,m,restricted_no_dv,23,0.0
adam,smallcnn,0,2,random_m_2,0.001,m,restricted_no_dv,24,0.0
adam,smallcnn,0,2,random_m_2,0.001,m,restricted_no_dv,25,0.0
adam,smallcnn,0,2,random_m_2,0.001,m,restricted_no_dv,26,0.0
adam,smallcnn,0,2,random_m_2,0.001,m,restricted_no_dv,27,0.0
adam,smallcnn,0,2,random_m_2,0.001,m,restricted_no_dv,28,0.0
adam,smallcnn,0,2,random_m_2,0.001,m,restricted_no_dv,29,0.0
adam,smallcnn,0,2,random_m_2,0.001,m,restricted_no_dv,30,0.0
adam,smallcnn,0,2,random_m_2,0.001,m,restricted_no_dv,31,0.0
adam,smallcnn,0,2,random_m_2,0.001,m,restricted_no_dv,32,0.0
adam,smallcnn,0,2,random_m_2,0.001,m,restricted_no_dv,33,0.0
adam,smallcnn,0,2,random_m_2,0.001,m,restricted_no_dv,34,0.0
adam,smallcnn,0,2,random_m_2,0.001,m,restricted_no_dv,35,0.0
adam,smallcnn,0,2,random_m_2,0.001,m,restricted_no_dv,36,0.0
adam,smallcnn,0,2,random_m_2,0.001,m,restricted_no_dv,37,0.0
adam,smallcnn,0,2,random_m_2,0.001,m,restricted_no_dv,38,0.0
adam,smallcnn,0,2,random_m_2,0.001,m,restricted_no_dv,39,0.0
adam,smallcnn,0,2,random_m_2,0.001,m,restricted_no_dv,40,0.0
adam,smallcnn,0,3,random_m_3,0.001,m,full_coupled,0,0.0
adam,smallcnn,0,3,random_m_3,0.001,m,full_coupled,1,0.0
adam,smallcnn,0,3,random_m_3,0.001,m,full_coupled,2,1.2870109458162915e-05
adam,smallcnn,0,3,random_m_3,0.001,m,full_coupled,3,2.819806286424864e-05
adam,smallcnn,0,3,random_m_3,0.001,m,full_coupled,4,6.484951882157475e-05
adam,smallcnn,0,3,random_m_3,0.001,m,full_coupled,5,9.893385140458122e-05
adam,smallcnn,0,3,random_m_3,0.001,m,full_coupled,6,0.0001905099197756499
adam,smallcnn,0,3,random_m_3,0.001,m,full_coupled,7,0.00020976430096197873
adam,smallcnn,0,3,random_m_3,0.001,m,full_coupled,8,0.000250852172030136
adam,smallcnn,0,3,random_m_3,0.001,m,full_coupled,9,0.0008755300077609718
adam,smallcnn,0,3,random_m_3,0.001,m,full_coupled,10,0.0030969621147960424
adam,smallcnn,0,3,random_m_3,0.001,m,full_coupled,11,0.0062814741395413876
adam,smallcnn,0,3,random_m_3,0.001,m,full_coupled,12,0.01658797822892666
adam,smallcnn,0,3,random_m_3,0.001,m,full_coupled,13,0.024875525385141373
adam,smallcnn,0,3,random_m_3,0.001,m,full_coupled,14,0.03566180169582367
adam,smallcnn,0,3,random_m_3,0.001,m,full_coupled,15,0.06760099530220032
adam,smallcnn,0,3,random_m_3,0.001,m,full_coupled,16,0.08693177998065948
adam,smallcnn,0,3,random_m_3,0.001,m,full_coupled,17,0.11125000566244125
adam,smallcnn,0,3,random_m_3,0.001,m,full_coupled,18,0.2089792639017105
adam,smallcnn,0,3,random_m_3,0.001,m,full_coupled,19,0.22694797813892365
adam,smallcnn,0,3,random_m_3,0.001,m,full_coupled,20,0.30487990379333496
adam,smallcnn,0,3,random_m_3,0.001,m,full_coupled,21,0.42133015394210815
adam,smallcnn,0,3,random_m_3,0.001,m,full_coupled,22,1.4560192823410034
adam,smallcnn,0,3,random_m_3,0.001,m,full_coupled,23,1.5024462938308716
adam,smallcnn,0,3,random_m_3,0.001,m,full_coupled,24,2.7174596786499023
adam,smallcnn,0,3,random_m_3,0.001,m,full_coupled,25,4.19506311416626
adam,smallcnn,0,3,random_m_3,0.001,m,full_coupled,26,4.455540657043457
adam,smallcnn,0,3,random_m_3,0.001,m,full_coupled,27,4.444770812988281
adam,smallcnn,0,3,random_m_3,0.001,m,full_coupled,28,4.799467086791992
adam,smallcnn,0,3,random_m_3,0.001,m,full_coupled,29,7.184948444366455
adam,smallcnn,0,3,random_m_3,0.001,m,full_coupled,30,7.460063457489014
adam,smallcnn,0,3,random_m_3,0.001,m,full_coupled,31,8.9363374710083
adam,smallcnn,0,3,random_m_3,0.001,m,full_coupled,32,9.01236629486084
adam,smallcnn,0,3,random_m_3,0.001,m,full_coupled,33,8.913187980651855
adam,smallcnn,0,3,random_m_3,0.001,m,full_coupled,34,9.15118408203125
adam,smallcnn,0,3,random_m_3,0.001,m,full_coupled,35,9.609370231628418
adam,smallcnn,0,3,random_m_3,0.001,m,full_coupled,36,9.629169464111328
adam,smallcnn,0,3,random_m_3,0.001,m,full_coupled,37,9.582220077514648
adam,smallcnn,0,3,random_m_3,0.001,m,full_coupled,38,9.661229133605957
adam,smallcnn,0,3,random_m_3,0.001,m,full_coupled,39,9.685199737548828
adam,smallcnn,0,3,random_m_3,0.001,m,full_coupled,40,11.611166000366211
adam,smallcnn,0,3,random_m_3,0.001,m,restricted_no_dv,0,0.0
adam,smallcnn,0,3,random_m_3,0.001,m,restricted_no_dv,1,0.0
adam,smallcnn,0,3,random_m_3,0.001,m,restricted_no_dv,2,0.0
adam,smallcnn,0,3,random_m_3,0.001,m,restricted_no_dv,3,0.0
adam,smallcnn,0,3,random_m_3,0.001,m,restricted_no_dv,4,0.0
adam,smallcnn,0,3,random_m_3,0.001,m,restricted_no_dv,5,0.0
adam,smallcnn,0,3,random_m_3,0.001,m,restricted_no_dv,6,0.0
adam,smallcnn,0,3,random_m_3,0.001,m,restricted_no_dv,7,0.0
adam,smallcnn,0,3,random_m_3,0.001,m,restricted_no_dv,8,0.0
adam,smallcnn,0,3,random_m_3,0.001,m,restricted_no_dv,9,0.0
adam,smallcnn,0,3,random_m_3,0.001,m,restricted_no_dv,10,0.0
adam,smallcnn,0,3,random_m_3,0.001,m,restricted_no_dv,11,0.0
adam,smallcnn,0,3,random_m_3,0.001,m,restricted_no_dv,12,0.0
adam,smallcnn,0,3,random_m_3,0.001,m,restricted_no_dv,13,0.0
adam,smallcnn,0,3,random_m_3,0.001,m,restricted_no_dv,14,0.0
adam,smallcnn,0,3,random_m_3,0.001,m,restricted_no_dv,15,0.0
adam,smallcnn,0,3,random_m_3,0.001,m,restricted_no_dv,16,0.0
adam,smallcnn,0,3,random_m_3,0.001,m,restricted_no_dv,17,0.0
adam,smallcnn,0,3,random_m_3,0.001,m,restricted_no_dv,18,0.0
adam,smallcnn,0,3,random_m_3,0.001,m,restricted_no_dv,19,0.0
adam,smallcnn,0,3,random_m_3,0.001,m,restricted_no_dv,20,0.0
adam,smallcnn,0,3,random_m_3,0.001,m,restricted_no_dv,21,0.0
adam,smallcnn,0,3,random_m_3,0.001,m,restricted_no_dv,22,0.0
adam,smallcnn,0,3,random_m_3,0.001,m,restricted_no_dv,23,0.0
adam,smallcnn,0,3,random_m_3,0.001,m,restricted_no_dv,24,0.0
adam,smallcnn,0,3,random_m_3,0.001,m,restricted_no_dv,25,0.0
adam,smallcnn,0,3,random_m_3,0.001,m,restricted_no_dv,26,0.0
adam,smallcnn,0,3,random_m_3,0.001,m,restricted_no_dv,27,0.0
adam,smallcnn,0,3,random_m_3,0.001,m,restricted_no_dv,28,0.0
adam,smallcnn,0,3,random_m_3,0.001,m,restricted_no_dv,29,0.0
adam,smallcnn,0,3,random_m_3,0.001,m,restricted_no_dv,30,0.0
adam,smallcnn,0,3,random_m_3,0.001,m,restricted_no_dv,31,0.0
adam,smallcnn,0,3,random_m_3,0.001,m,restricted_no_dv,32,0.0
adam,smallcnn,0,3,random_m_3,0.001,m,restricted_no_dv,33,0.0
adam,smallcnn,0,3,random_m_3,0.001,m,restricted_no_dv,34,0.0
adam,smallcnn,0,3,random_m_3,0.001,m,restricted_no_dv,35,0.0
adam,smallcnn,0,3,random_m_3,0.001,m,restricted_no_dv,36,0.0
adam,smallcnn,0,3,random_m_3,0.001,m,restricted_no_dv,37,0.0
adam,smallcnn,0,3,random_m_3,0.001,m,restricted_no_dv,38,0.0
adam,smallcnn,0,3,random_m_3,0.001,m,restricted_no_dv,39,0.0
adam,smallcnn,0,3,random_m_3,0.001,m,restricted_no_dv,40,0.0
adam,smallcnn,0,0,all_parameters,0.001,rms_global,full_coupled,0,0.1458379179239273
adam,smallcnn,0,0,all_parameters,0.001,rms_global,full_coupled,1,0.14569208025932312
adam,smallcnn,0,0,all_parameters,0.001,rms_global,full_coupled,2,0.14569447934627533
adam,smallcnn,0,0,all_parameters,0.001,rms_global,full_coupled,3,0.14580696821212769
adam,smallcnn,0,0,all_parameters,0.001,rms_global,full_coupled,4,0.145717054605484
adam,smallcnn,0,0,all_parameters,0.001,rms_global,full_coupled,5,0.14561253786087036
adam,smallcnn,0,0,all_parameters,0.001,rms_global,full_coupled,6,0.14548175036907196
adam,smallcnn,0,0,all_parameters,0.001,rms_global,full_coupled,7,0.14533784985542297
adam,smallcnn,0,0,all_parameters,0.001,rms_global,full_coupled,8,0.14519399404525757
adam,smallcnn,0,0,all_parameters,0.001,rms_global,full_coupled,9,0.1450490802526474
adam,smallcnn,0,0,all_parameters,0.001,rms_global,full_coupled,10,0.1449010968208313
adam,smallcnn,0,0,all_parameters,0.001,rms_global,full_coupled,11,0.14475305378437042
adam,smallcnn,0,0,all_parameters,0.001,rms_global,full_coupled,12,0.1446017175912857
adam,smallcnn,0,0,all_parameters,0.001,rms_global,full_coupled,13,0.14445443451404572
adam,smallcnn,0,0,all_parameters,0.001,rms_global,full_coupled,14,0.144307941198349
adam,smallcnn,0,0,all_parameters,0.001,rms_global,full_coupled,15,0.1441604644060135
adam,smallcnn,0,0,all_parameters,0.001,rms_global,full_coupled,16,0.14401648938655853
adam,smallcnn,0,0,all_parameters,0.001,rms_global,full_coupled,17,0.1438676416873932
adam,smallcnn,0,0,all_parameters,0.001,rms_global,full_coupled,18,0.14372281730175018
adam,smallcnn,0,0,all_parameters,0.001,rms_global,full_coupled,19,0.14358481764793396
adam,smallcnn,0,0,all_parameters,0.001,rms_global,full_coupled,20,0.14343611896038055
adam,smallcnn,0,0,all_parameters,0.001,rms_global,full_coupled,21,0.1433357447385788
adam,smallcnn,0,0,all_parameters,0.001,rms_global,full_coupled,22,0.14321176707744598
adam,smallcnn,0,0,all_parameters,0.001,rms_global,full_coupled,23,0.14296716451644897
adam,smallcnn,0,0,all_parameters,0.001,rms_global,full_coupled,24,0.14263449609279633
adam,smallcnn,0,0,all_parameters,0.001,rms_global,full_coupled,25,0.14254266023635864
adam,smallcnn,0,0,all_parameters,0.001,rms_global,full_coupled,26,0.14199678599834442
adam,smallcnn,0,0,all_parameters,0.001,rms_global,full_coupled,27,0.1418275535106659
adam,smallcnn,0,0,all_parameters,0.001,rms_global,full_coupled,28,0.1417011171579361
adam,smallcnn,0,0,all_parameters,0.001,rms_global,full_coupled,29,0.14147624373435974
adam,smallcnn,0,0,all_parameters,0.001,rms_global,full_coupled,30,0.14133191108703613
adam,smallcnn,0,0,all_parameters,0.001,rms_global,full_coupled,31,0.14152927696704865
adam,smallcnn,0,0,all_parameters,0.001,rms_global,full_coupled,32,0.14131739735603333
adam,smallcnn,0,0,all_parameters,0.001,rms_global,full_coupled,33,0.14104001224040985
adam,smallcnn,0,0,all_parameters,0.001,rms_global,full_coupled,34,0.14099940657615662
adam,smallcnn,0,0,all_parameters,0.001,rms_global,full_coupled,35,0.1409912109375
adam,smallcnn,0,0,all_parameters,0.001,rms_global,full_coupled,36,0.1408064067363739
adam,smallcnn,0,0,all_parameters,0.001,rms_global,full_coupled,37,0.14066056907176971
adam,smallcnn,0,0,all_parameters,0.001,rms_global,full_coupled,38,0.14055094122886658
adam,smallcnn,0,0,all_parameters,0.001,rms_global,full_coupled,39,0.14044539630413055
adam,smallcnn,0,0,all_parameters,0.001,rms_global,full_coupled,40,0.14090408384799957
adam,smallcnn,0,0,features.0.weight,0.001,rms_layerwise,full_coupled,0,0.09801393002271652
adam,smallcnn,0,0,features.0.weight,0.001,rms_layerwise,full_coupled,1,0.09791591763496399
adam,smallcnn,0,0,features.0.weight,0.001,rms_layerwise,full_coupled,2,0.09784124791622162
adam,smallcnn,0,0,features.0.weight,0.001,rms_layerwise,full_coupled,3,0.09768914431333542
adam,smallcnn,0,0,features.0.weight,0.001,rms_layerwise,full_coupled,4,0.0975925624370575
adam,smallcnn,0,0,features.0.weight,0.001,rms_layerwise,full_coupled,5,0.09749598056077957
adam,smallcnn,0,0,features.0.weight,0.001,rms_layerwise,full_coupled,6,0.0973987802863121
adam,smallcnn,0,0,features.0.weight,0.001,rms_layerwise,full_coupled,7,0.0973014310002327
adam,smallcnn,0,0,features.0.weight,0.001,rms_layerwise,full_coupled,8,0.09720414131879807
adam,smallcnn,0,0,features.0.weight,0.001,rms_layerwise,full_coupled,9,0.09710684418678284
adam,smallcnn,0,0,features.0.weight,0.001,rms_layerwise,full_coupled,10,0.09700924903154373
adam,smallcnn,0,0,features.0.weight,0.001,rms_layerwise,full_coupled,11,0.09691203385591507
adam,smallcnn,0,0,features.0.weight,0.001,rms_layerwise,full_coupled,12,0.09681447595357895
adam,smallcnn,0,0,features.0.weight,0.001,rms_layerwise,full_coupled,13,0.09671731293201447
adam,smallcnn,0,0,features.0.weight,0.001,rms_layerwise,full_coupled,14,0.09662025421857834
adam,smallcnn,0,0,features.0.weight,0.001,rms_layerwise,full_coupled,15,0.09652363508939743
adam,smallcnn,0,0,features.0.weight,0.001,rms_layerwise,full_coupled,16,0.0964275673031807
adam,smallcnn,0,0,features.0.weight,0.001,rms_layerwise,full_coupled,17,0.09633027017116547
adam,smallcnn,0,0,features.0.weight,0.001,rms_layerwise,full_coupled,18,0.09623230993747711
adam,smallcnn,0,0,features.0.weight,0.001,rms_layerwise,full_coupled,19,0.09613586217164993
adam,smallcnn,0,0,features.0.weight,0.001,rms_layerwise,full_coupled,20,0.09603958576917648
adam,smallcnn,0,0,features.0.weight,0.001,rms_layerwise,full_coupled,21,0.09594842791557312
adam,smallcnn,0,0,features.0.weight,0.001,rms_layerwise,full_coupled,22,0.09584613889455795
adam,smallcnn,0,0,features.0.weight,0.001,rms_layerwise,full_coupled,23,0.09574250131845474
adam,smallcnn,0,0,features.0.weight,0.001,rms_layerwise,full_coupled,24,0.09564140439033508
adam,smallcnn,0,0,features.0.weight,0.001,rms_layerwise,full_coupled,25,0.09552879631519318
adam,smallcnn,0,0,features.0.weight,0.001,rms_layerwise,full_coupled,26,0.09543853253126144
adam,smallcnn,0,0,features.0.weight,0.001,rms_layerwise,full_coupled,27,0.09533976018428802
adam,smallcnn,0,0,features.0.weight,0.001,rms_layerwise,full_coupled,28,0.09524958580732346
adam,smallcnn,0,0,features.0.weight,0.001,rms_layerwise,full_coupled,29,0.0952313244342804
adam,smallcnn,0,0,features.0.weight,0.001,rms_layerwise,full_coupled,30,0.09515096247196198
adam,smallcnn,0,0,features.0.weight,0.001,rms_layerwise,full_coupled,31,0.09552626311779022
adam,smallcnn,0,0,features.0.weight,0.001,rms_layerwise,full_coupled,32,0.09554541856050491
adam,smallcnn,0,0,features.0.weight,0.001,rms_layerwise,full_coupled,33,0.09547975659370422
adam,smallcnn,0,0,features.0.weight,0.001,rms_layerwise,full_coupled,34,0.09542229026556015
adam,smallcnn,0,0,features.0.weight,0.001,rms_layerwise,full_coupled,35,0.0954241007566452
adam,smallcnn,0,0,features.0.weight,0.001,rms_layerwise,full_coupled,36,0.09533640742301941
adam,smallcnn,0,0,features.0.weight,0.001,rms_layerwise,full_coupled,37,0.09524043649435043
adam,smallcnn,0,0,features.0.weight,0.001,rms_layerwise,full_coupled,38,0.09516618400812149
adam,smallcnn,0,0,features.0.weight,0.001,rms_layerwise,full_coupled,39,0.09508593380451202
adam,smallcnn,0,0,features.0.weight,0.001,rms_layerwise,full_coupled,40,0.09532658010721207
adam,smallcnn,0,1,features.0.bias,0.001,rms_layerwise,full_coupled,0,0.05912215635180473
adam,smallcnn,0,1,features.0.bias,0.001,rms_layerwise,full_coupled,1,0.059063032269477844
adam,smallcnn,0,1,features.0.bias,0.001,rms_layerwise,full_coupled,2,0.05900322273373604
adam,smallcnn,0,1,features.0.bias,0.001,rms_layerwise,full_coupled,3,0.05894409120082855
adam,smallcnn,0,1,features.0.bias,0.001,rms_layerwise,full_coupled,4,0.05888548493385315
adam,smallcnn,0,1,features.0.bias,0.001,rms_layerwise,full_coupled,5,0.05882669612765312
adam,smallcnn,0,1,features.0.bias,0.001,rms_layerwise,full_coupled,6,0.05876787751913071
adam,smallcnn,0,1,features.0.bias,0.001,rms_layerwise,full_coupled,7,0.058709099888801575
adam,smallcnn,0,1,features.0.bias,0.001,rms_layerwise,full_coupled,8,0.05865039303898811
adam,smallcnn,0,1,features.0.bias,0.001,rms_layerwise,full_coupled,9,0.05859174206852913
adam,smallcnn,0,1,features.0.bias,0.001,rms_layerwise,full_coupled,10,0.05853314697742462
adam,smallcnn,0,1,features.0.bias,0.001,rms_layerwise,full_coupled,11,0.05847461521625519
adam,smallcnn,0,1,features.0.bias,0.001,rms_layerwise,full_coupled,12,0.058416131883859634
adam,smallcnn,0,1,features.0.bias,0.001,rms_layerwise,full_coupled,13,0.058357711881399155
adam,smallcnn,0,1,features.0.bias,0.001,rms_layerwise,full_coupled,14,0.058299366384744644
adam,smallcnn,0,1,features.0.bias,0.001,rms_layerwise,full_coupled,15,0.058241069316864014
adam,smallcnn,0,1,features.0.bias,0.001,rms_layerwise,full_coupled,16,0.05818287283182144
adam,smallcnn,0,1,features.0.bias,0.001,rms_layerwise,full_coupled,17,0.058124642819166183
adam,smallcnn,0,1,features.0.bias,0.001,rms_layerwise,full_coupled,18,0.05806649103760719
adam,smallcnn,0,1,features.0.bias,0.001,rms_layerwise,full_coupled,19,0.05800843611359596
adam,smallcnn,0,1,features.0.bias,0.001,rms_layerwise,full_coupled,20,0.05795041471719742
adam,smallcnn,0,1,features.0.bias,0.001,rms_layerwise,full_coupled,21,0.05789268761873245
adam,smallcnn,0,1,features.0.bias,0.001,rms_layerwise,full_coupled,22,0.05783474072813988
adam,smallcnn,0,1,features.0.bias,0.001,rms_layerwise,full_coupled,23,0.05777718126773834
adam,smallcnn,0,1,features.0.bias,0.001,rms_layerwise,full_coupled,24,0.05771958827972412
adam,smallcnn,0,1,features.0.bias,0.001,rms_layerwise,full_coupled,25,0.057662367820739746
adam,smallcnn,0,1,features.0.bias,0.001,rms_layerwise,full_coupled,26,0.057602979242801666
adam,smallcnn,0,1,features.0.bias,0.001,rms_layerwise,full_coupled,27,0.057547058910131454
adam,smallcnn,0,1,features.0.bias,0.001,rms_layerwise,full_coupled,28,0.057490065693855286
adam,smallcnn,0,1,features.0.bias,0.001,rms_layerwise,full_coupled,29,0.05743909627199173
adam,smallcnn,0,1,features.0.bias,0.001,rms_layerwise,full_coupled,30,0.05738469958305359
adam,smallcnn,0,1,features.0.bias,0.001,rms_layerwise,full_coupled,31,0.05733096972107887
adam,smallcnn,0,1,features.0.bias,0.001,rms_layerwise,full_coupled,32,0.05727584660053253
adam,smallcnn,0,1,features.0.bias,0.001,rms_layerwise,full_coupled,33,0.057220056653022766
adam,smallcnn,0,1,features.0.bias,0.001,rms_layerwise,full_coupled,34,0.057163503021001816
adam,smallcnn,0,1,features.0.bias,0.001,rms_layerwise,full_coupled,35,0.05710933357477188
adam,smallcnn,0,1,features.0.bias,0.001,rms_layerwise,full_coupled,36,0.057053085416555405
adam,smallcnn,0,1,features.0.bias,0.001,rms_layerwise,full_coupled,37,0.056996043771505356
adam,smallcnn,0,1,features.0.bias,0.001,rms_layerwise,full_coupled,38,0.05693915858864784
adam,smallcnn,0,1,features.0.bias,0.001,rms_layerwise,full_coupled,39,0.05688240006566048
adam,smallcnn,0,1,features.0.bias,0.001,rms_layerwise,full_coupled,40,0.05684037506580353
adam,smallcnn,0,2,features.2.weight,0.001,rms_layerwise,full_coupled,0,0.06436942517757416
adam,smallcnn,0,2,features.2.weight,0.001,rms_layerwise,full_coupled,1,0.06430505961179733
adam,smallcnn,0,2,features.2.weight,0.001,rms_layerwise,full_coupled,2,0.06423262506723404
adam,smallcnn,0,2,features.2.weight,0.001,rms_layerwise,full_coupled,3,0.06418240815401077
adam,smallcnn,0,2,features.2.weight,0.001,rms_layerwise,full_coupled,4,0.06412102282047272
adam,smallcnn,0,2,features.2.weight,0.001,rms_layerwise,full_coupled,5,0.06405840069055557
adam,smallcnn,0,2,features.2.weight,0.001,rms_layerwise,full_coupled,6,0.06399419903755188
adam,smallcnn,0,2,features.2.weight,0.001,rms_layerwise,full_coupled,7,0.06393042206764221
adam,smallcnn,0,2,features.2.weight,0.001,rms_layerwise,full_coupled,8,0.06386664509773254
adam,smallcnn,0,2,features.2.weight,0.001,rms_layerwise,full_coupled,9,0.06380271911621094
adam,smallcnn,0,2,features.2.weight,0.001,rms_layerwise,full_coupled,10,0.06373844295740128
adam,smallcnn,0,2,features.2.weight,0.001,rms_layerwise,full_coupled,11,0.06367403268814087
adam,smallcnn,0,2,features.2.weight,0.001,rms_layerwise,full_coupled,12,0.06360908597707748
adam,smallcnn,0,2,features.2.weight,0.001,rms_layerwise,full_coupled,13,0.06354498118162155
adam,smallcnn,0,2,features.2.weight,0.001,rms_layerwise,full_coupled,14,0.06348122656345367
adam,smallcnn,0,2,features.2.weight,0.001,rms_layerwise,full_coupled,15,0.06341782212257385
adam,smallcnn,0,2,features.2.weight,0.001,rms_layerwise,full_coupled,16,0.06335482001304626
adam,smallcnn,0,2,features.2.weight,0.001,rms_layerwise,full_coupled,17,0.06329192221164703
adam,smallcnn,0,2,features.2.weight,0.001,rms_layerwise,full_coupled,18,0.06322970241308212
adam,smallcnn,0,2,features.2.weight,0.001,rms_layerwise,full_coupled,19,0.06316821277141571
adam,smallcnn,0,2,features.2.weight,0.001,rms_layerwise,full_coupled,20,0.06310485303401947
adam,smallcnn,0,2,features.2.weight,0.001,rms_layerwise,full_coupled,21,0.06304846704006195
adam,smallcnn,0,2,features.2.weight,0.001,rms_layerwise,full_coupled,22,0.06298927962779999
adam,smallcnn,0,2,features.2.weight,0.001,rms_layerwise,full_coupled,23,0.06291688978672028
adam,smallcnn,0,2,features.2.weight,0.001,rms_layerwise,full_coupled,24,0.06284177303314209
adam,smallcnn,0,2,features.2.weight,0.001,rms_layerwise,full_coupled,25,0.06278013437986374
adam,smallcnn,0,2,features.2.weight,0.001,rms_layerwise,full_coupled,26,0.06270089000463486
adam,smallcnn,0,2,features.2.weight,0.001,rms_layerwise,full_coupled,27,0.06264298409223557
adam,smallcnn,0,2,features.2.weight,0.001,rms_layerwise,full_coupled,28,0.06258208304643631
adam,smallcnn,0,2,features.2.weight,0.001,rms_layerwise,full_coupled,29,0.06256233900785446
adam,smallcnn,0,2,features.2.weight,0.001,rms_layerwise,full_coupled,30,0.06250518560409546
adam,smallcnn,0,2,features.2.weight,0.001,rms_layerwise,full_coupled,31,0.06255616992712021
adam,smallcnn,0,2,features.2.weight,0.001,rms_layerwise,full_coupled,32,0.06250064820051193
adam,smallcnn,0,2,features.2.weight,0.001,rms_layerwise,full_coupled,33,0.062429364770650864
adam,smallcnn,0,2,features.2.weight,0.001,rms_layerwise,full_coupled,34,0.06238941475749016
adam,smallcnn,0,2,features.2.weight,0.001,rms_layerwise,full_coupled,35,0.06237724795937538
adam,smallcnn,0,2,features.2.weight,0.001,rms_layerwise,full_coupled,36,0.062312304973602295
adam,smallcnn,0,2,features.2.weight,0.001,rms_layerwise,full_coupled,37,0.06224668025970459
adam,smallcnn,0,2,features.2.weight,0.001,rms_layerwise,full_coupled,38,0.06218792870640755
adam,smallcnn,0,2,features.2.weight,0.001,rms_layerwise,full_coupled,39,0.06213613972067833
adam,smallcnn,0,2,features.2.weight,0.001,rms_layerwise,full_coupled,40,0.06223504990339279
adam,smallcnn,0,3,features.2.bias,0.001,rms_layerwise,full_coupled,0,0.05034486576914787
adam,smallcnn,0,3,features.2.bias,0.001,rms_layerwise,full_coupled,1,0.05029451847076416
adam,smallcnn,0,3,features.2.bias,0.001,rms_layerwise,full_coupled,2,0.05024398863315582
adam,smallcnn,0,3,features.2.bias,0.001,rms_layerwise,full_coupled,3,0.05019396170973778
adam,smallcnn,0,3,features.2.bias,0.001,rms_layerwise,full_coupled,4,0.05014398321509361
adam,smallcnn,0,3,features.2.bias,0.001,rms_layerwise,full_coupled,5,0.050093941390514374
adam,smallcnn,0,3,features.2.bias,0.001,rms_layerwise,full_coupled,6,0.05004388093948364
adam,smallcnn,0,3,features.2.bias,0.001,rms_layerwise,full_coupled,7,0.04999386519193649
adam,smallcnn,0,3,features.2.bias,0.001,rms_layerwise,full_coupled,8,0.04994388669729233
adam,smallcnn,0,3,features.2.bias,0.001,rms_layerwise,full_coupled,9,0.049893952906131744
adam,smallcnn,0,3,features.2.bias,0.001,rms_layerwise,full_coupled,10,0.04984404146671295
adam,smallcnn,0,3,features.2.bias,0.001,rms_layerwise,full_coupled,11,0.04979415610432625
adam,smallcnn,0,3,features.2.bias,0.001,rms_layerwise,full_coupled,12,0.04974430426955223
adam,smallcnn,0,3,features.2.bias,0.001,rms_layerwise,full_coupled,13,0.04969453811645508
adam,smallcnn,0,3,features.2.bias,0.001,rms_layerwise,full_coupled,14,0.049644835293293
adam,smallcnn,0,3,features.2.bias,0.001,rms_layerwise,full_coupled,15,0.049595192074775696
adam,smallcnn,0,3,features.2.bias,0.001,rms_layerwise,full_coupled,16,0.04954560101032257
adam,smallcnn,0,3,features.2.bias,0.001,rms_layerwise,full_coupled,17,0.04949608072638512
adam,smallcnn,0,3,features.2.bias,0.001,rms_layerwise,full_coupled,18,0.04944661259651184
adam,smallcnn,0,3,features.2.bias,0.001,rms_layerwise,full_coupled,19,0.049397218972444534
adam,smallcnn,0,3,features.2.bias,0.001,rms_layerwise,full_coupled,20,0.049347810447216034
adam,smallcnn,0,3,features.2.bias,0.001,rms_layerwise,full_coupled,21,0.0492987334728241
adam,smallcnn,0,3,features.2.bias,0.001,rms_layerwise,full_coupled,22,0.04924954101443291
adam,smallcnn,0,3,features.2.bias,0.001,rms_layerwise,full_coupled,23,0.04919993877410889
adam,smallcnn,0,3,features.2.bias,0.001,rms_layerwise,full_coupled,24,0.04915023595094681
adam,smallcnn,0,3,features.2.bias,0.001,rms_layerwise,full_coupled,25,0.04910097271203995
adam,smallcnn,0,3,features.2.bias,0.001,rms_layerwise,full_coupled,26,0.049050915986299515
adam,smallcnn,0,3,features.2.bias,0.001,rms_layerwise,full_coupled,27,0.04900183901190758
adam,smallcnn,0,3,features.2.bias,0.001,rms_layerwise,full_coupled,28,0.048952873796224594
adam,smallcnn,0,3,features.2.bias,0.001,rms_layerwise,full_coupled,29,0.04890451580286026
adam,smallcnn,0,3,features.2.bias,0.001,rms_layerwise,full_coupled,30,0.04885528236627579
adam,smallcnn,0,3,features.2.bias,0.001,rms_layerwise,full_coupled,31,0.04880940169095993
adam,smallcnn,0,3,features.2.bias,0.001,rms_layerwise,full_coupled,32,0.048760417848825455
adam,smallcnn,0,3,features.2.bias,0.001,rms_layerwise,full_coupled,33,0.048710908740758896
adam,smallcnn,0,3,features.2.bias,0.001,rms_layerwise,full_coupled,34,0.048662781715393066
adam,smallcnn,0,3,features.2.bias,0.001,rms_layerwise,full_coupled,35,0.04861503466963768
adam,smallcnn,0,3,features.2.bias,0.001,rms_layerwise,full_coupled,36,0.04856610670685768
adam,smallcnn,0,3,features.2.bias,0.001,rms_layerwise,full_coupled,37,0.04851749539375305
adam,smallcnn,0,3,features.2.bias,0.001,rms_layerwise,full_coupled,38,0.04846910759806633
adam,smallcnn,0,3,features.2.bias,0.001,rms_layerwise,full_coupled,39,0.04842082038521767
adam,smallcnn,0,3,features.2.bias,0.001,rms_layerwise,full_coupled,40,0.04837576299905777
adam,smallcnn,0,4,features.5.weight,0.001,rms_layerwise,full_coupled,0,0.006097251549363136
adam,smallcnn,0,4,features.5.weight,0.001,rms_layerwise,full_coupled,1,0.006091154646128416
adam,smallcnn,0,4,features.5.weight,0.001,rms_layerwise,full_coupled,2,0.006091712508350611
adam,smallcnn,0,4,features.5.weight,0.001,rms_layerwise,full_coupled,3,0.006108294241130352
adam,smallcnn,0,4,features.5.weight,0.001,rms_layerwise,full_coupled,4,0.0061095221899449825
adam,smallcnn,0,4,features.5.weight,0.001,rms_layerwise,full_coupled,5,0.006104662083089352
adam,smallcnn,0,4,features.5.weight,0.001,rms_layerwise,full_coupled,6,0.006098745856434107
adam,smallcnn,0,4,features.5.weight,0.001,rms_layerwise,full_coupled,7,0.0060926987789571285
adam,smallcnn,0,4,features.5.weight,0.001,rms_layerwise,full_coupled,8,0.006086655426770449
adam,smallcnn,0,4,features.5.weight,0.001,rms_layerwise,full_coupled,9,0.006080550141632557
adam,smallcnn,0,4,features.5.weight,0.001,rms_layerwise,full_coupled,10,0.006074381526559591
adam,smallcnn,0,4,features.5.weight,0.001,rms_layerwise,full_coupled,11,0.006068233400583267
adam,smallcnn,0,4,features.5.weight,0.001,rms_layerwise,full_coupled,12,0.006062035448849201
adam,smallcnn,0,4,features.5.weight,0.001,rms_layerwise,full_coupled,13,0.006055936217308044
adam,smallcnn,0,4,features.5.weight,0.001,rms_layerwise,full_coupled,14,0.0060498835518956184
adam,smallcnn,0,4,features.5.weight,0.001,rms_layerwise,full_coupled,15,0.006043894682079554
adam,smallcnn,0,4,features.5.weight,0.001,rms_layerwise,full_coupled,16,0.006037886720150709
adam,smallcnn,0,4,features.5.weight,0.001,rms_layerwise,full_coupled,17,0.006031908094882965
adam,smallcnn,0,4,features.5.weight,0.001,rms_layerwise,full_coupled,18,0.006025991402566433
adam,smallcnn,0,4,features.5.weight,0.001,rms_layerwise,full_coupled,19,0.006020595319569111
adam,smallcnn,0,4,features.5.weight,0.001,rms_layerwise,full_coupled,20,0.0060148886404931545
adam,smallcnn,0,4,features.5.weight,0.001,rms_layerwise,full_coupled,21,0.006010367069393396
adam,smallcnn,0,4,features.5.weight,0.001,rms_layerwise,full_coupled,22,0.006006232462823391
adam,smallcnn,0,4,features.5.weight,0.001,rms_layerwise,full_coupled,23,0.005998282693326473
adam,smallcnn,0,4,features.5.weight,0.001,rms_layerwise,full_coupled,24,0.005995435640215874
adam,smallcnn,0,4,features.5.weight,0.001,rms_layerwise,full_coupled,25,0.0059963408857584
adam,smallcnn,0,4,features.5.weight,0.001,rms_layerwise,full_coupled,26,0.005996687337756157
adam,smallcnn,0,4,features.5.weight,0.001,rms_layerwise,full_coupled,27,0.006003031972795725
adam,smallcnn,0,4,features.5.weight,0.001,rms_layerwise,full_coupled,28,0.005996593274176121
adam,smallcnn,0,4,features.5.weight,0.001,rms_layerwise,full_coupled,29,0.0060631996020674706
adam,smallcnn,0,4,features.5.weight,0.001,rms_layerwise,full_coupled,30,0.0061317915096879005
adam,smallcnn,0,4,features.5.weight,0.001,rms_layerwise,full_coupled,31,0.006082015112042427
adam,smallcnn,0,4,features.5.weight,0.001,rms_layerwise,full_coupled,32,0.0060879229567945
adam,smallcnn,0,4,features.5.weight,0.001,rms_layerwise,full_coupled,33,0.006134615745395422
adam,smallcnn,0,4,features.5.weight,0.001,rms_layerwise,full_coupled,34,0.00609543127939105
adam,smallcnn,0,4,features.5.weight,0.001,rms_layerwise,full_coupled,35,0.006084573920816183
adam,smallcnn,0,4,features.5.weight,0.001,rms_layerwise,full_coupled,36,0.0060940273106098175
adam,smallcnn,0,4,features.5.weight,0.001,rms_layerwise,full_coupled,37,0.006088981404900551
adam,smallcnn,0,4,features.5.weight,0.001,rms_layerwise,full_coupled,38,0.0060792588628828526
adam,smallcnn,0,4,features.5.weight,0.001,rms_layerwise,full_coupled,39,0.00607002479955554
adam,smallcnn,0,4,features.5.weight,0.001,rms_layerwise,full_coupled,40,0.006105524953454733
adam,smallcnn,0,5,features.5.bias,0.001,rms_layerwise,full_coupled,0,0.015561002306640148
adam,smallcnn,0,5,features.5.bias,0.001,rms_layerwise,full_coupled,1,0.015545441769063473
adam,smallcnn,0,5,features.5.bias,0.001,rms_layerwise,full_coupled,2,0.015530685894191265
adam,smallcnn,0,5,features.5.bias,0.001,rms_layerwise,full_coupled,3,0.015515404753386974
adam,smallcnn,0,5,features.5.bias,0.001,rms_layerwise,full_coupled,4,0.015500074252486229
adam,smallcnn,0,5,features.5.bias,0.001,rms_layerwise,full_coupled,5,0.015484681352972984
adam,smallcnn,0,5,features.5.bias,0.001,rms_layerwise,full_coupled,6,0.015469268895685673
adam,smallcnn,0,5,features.5.bias,0.001,rms_layerwise,full_coupled,7,0.015453815460205078
adam,smallcnn,0,5,features.5.bias,0.001,rms_layerwise,full_coupled,8,0.015438373200595379
adam,smallcnn,0,5,features.5.bias,0.001,rms_layerwise,full_coupled,9,0.015422934666275978
adam,smallcnn,0,5,features.5.bias,0.001,rms_layerwise,full_coupled,10,0.015407503582537174
adam,smallcnn,0,5,features.5.bias,0.001,rms_layerwise,full_coupled,11,0.015392083674669266
adam,smallcnn,0,5,features.5.bias,0.001,rms_layerwise,full_coupled,12,0.015376679599285126
adam,smallcnn,0,5,features.5.bias,0.001,rms_layerwise,full_coupled,13,0.015361297875642776
adam,smallcnn,0,5,features.5.bias,0.001,rms_layerwise,full_coupled,14,0.015345933847129345
adam,smallcnn,0,5,features.5.bias,0.001,rms_layerwise,full_coupled,15,0.015330586582422256
adam,smallcnn,0,5,features.5.bias,0.001,rms_layerwise,full_coupled,16,0.015315255150198936
adam,smallcnn,0,5,features.5.bias,0.001,rms_layerwise,full_coupled,17,0.015299948863685131
adam,smallcnn,0,5,features.5.bias,0.001,rms_layerwise,full_coupled,18,0.015284670516848564
adam,smallcnn,0,5,features.5.bias,0.001,rms_layerwise,full_coupled,19,0.015269403345882893
adam,smallcnn,0,5,features.5.bias,0.001,rms_layerwise,full_coupled,20,0.015254122205078602
adam,smallcnn,0,5,features.5.bias,0.001,rms_layerwise,full_coupled,21,0.015238974243402481
adam,smallcnn,0,5,features.5.bias,0.001,rms_layerwise,full_coupled,22,0.015223746187984943
adam,smallcnn,0,5,features.5.bias,0.001,rms_layerwise,full_coupled,23,0.015208382159471512
adam,smallcnn,0,5,features.5.bias,0.001,rms_layerwise,full_coupled,24,0.015193048864603043
adam,smallcnn,0,5,features.5.bias,0.001,rms_layerwise,full_coupled,25,0.015177781693637371
adam,smallcnn,0,5,features.5.bias,0.001,rms_layerwise,full_coupled,26,0.015162373892962933
adam,smallcnn,0,5,features.5.bias,0.001,rms_layerwise,full_coupled,27,0.015147149562835693
adam,smallcnn,0,5,features.5.bias,0.001,rms_layerwise,full_coupled,28,0.015132000669836998
adam,smallcnn,0,5,features.5.bias,0.001,rms_layerwise,full_coupled,29,0.015116846188902855
adam,smallcnn,0,5,features.5.bias,0.001,rms_layerwise,full_coupled,30,0.015101630240678787
adam,smallcnn,0,5,features.5.bias,0.001,rms_layerwise,full_coupled,31,0.015086960047483444
adam,smallcnn,0,5,features.5.bias,0.001,rms_layerwise,full_coupled,32,0.01507176086306572
adam,smallcnn,0,5,features.5.bias,0.001,rms_layerwise,full_coupled,33,0.015056543983519077
adam,smallcnn,0,5,features.5.bias,0.001,rms_layerwise,full_coupled,34,0.015041567385196686
adam,smallcnn,0,5,features.5.bias,0.001,rms_layerwise,full_coupled,35,0.015026557259261608
adam,smallcnn,0,5,features.5.bias,0.001,rms_layerwise,full_coupled,36,0.015011454932391644
adam,smallcnn,0,5,features.5.bias,0.001,rms_layerwise,full_coupled,37,0.01499645970761776
adam,smallcnn,0,5,features.5.bias,0.001,rms_layerwise,full_coupled,38,0.014981495216488838
adam,smallcnn,0,5,features.5.bias,0.001,rms_layerwise,full_coupled,39,0.014966537244617939
adam,smallcnn,0,5,features.5.bias,0.001,rms_layerwise,full_coupled,40,0.014951912686228752
adam,smallcnn,0,6,features.7.weight,0.001,rms_layerwise,full_coupled,0,0.0018912007799372077
adam,smallcnn,0,6,features.7.weight,0.001,rms_layerwise,full_coupled,1,0.0018893096130341291
adam,smallcnn,0,6,features.7.weight,0.001,rms_layerwise,full_coupled,2,0.001895617344416678
adam,smallcnn,0,6,features.7.weight,0.001,rms_layerwise,full_coupled,3,0.0019176527857780457
adam,smallcnn,0,6,features.7.weight,0.001,rms_layerwise,full_coupled,4,0.0019254334038123488
adam,smallcnn,0,6,features.7.weight,0.001,rms_layerwise,full_coupled,5,0.001927337609231472
adam,smallcnn,0,6,features.7.weight,0.001,rms_layerwise,full_coupled,6,0.0019265224691480398
adam,smallcnn,0,6,features.7.weight,0.001,rms_layerwise,full_coupled,7,0.001924700802192092
adam,smallcnn,0,6,features.7.weight,0.001,rms_layerwise,full_coupled,8,0.0019228380406275392
adam,smallcnn,0,6,features.7.weight,0.001,rms_layerwise,full_coupled,9,0.0019209274323657155
adam,smallcnn,0,6,features.7.weight,0.001,rms_layerwise,full_coupled,10,0.0019189603626728058
adam,smallcnn,0,6,features.7.weight,0.001,rms_layerwise,full_coupled,11,0.0019169908482581377
adam,smallcnn,0,6,features.7.weight,0.001,rms_layerwise,full_coupled,12,0.0019149924628436565
adam,smallcnn,0,6,features.7.weight,0.001,rms_layerwise,full_coupled,13,0.00191305682528764
adam,smallcnn,0,6,features.7.weight,0.001,rms_layerwise,full_coupled,14,0.001911128289066255
adam,smallcnn,0,6,features.7.weight,0.001,rms_layerwise,full_coupled,15,0.0019091522553935647
adam,smallcnn,0,6,features.7.weight,0.001,rms_layerwise,full_coupled,16,0.0019071316346526146
adam,smallcnn,0,6,features.7.weight,0.001,rms_layerwise,full_coupled,17,0.0019051425624638796
adam,smallcnn,0,6,features.7.weight,0.001,rms_layerwise,full_coupled,18,0.0019031736301258206
adam,smallcnn,0,6,features.7.weight,0.001,rms_layerwise,full_coupled,19,0.0019013442797586322
adam,smallcnn,0,6,features.7.weight,0.001,rms_layerwise,full_coupled,20,0.0018994193524122238
adam,smallcnn,0,6,features.7.weight,0.001,rms_layerwise,full_coupled,21,0.0018974334234371781
adam,smallcnn,0,6,features.7.weight,0.001,rms_layerwise,full_coupled,22,0.0018965445924550295
adam,smallcnn,0,6,features.7.weight,0.001,rms_layerwise,full_coupled,23,0.0018969153752550483
adam,smallcnn,0,6,features.7.weight,0.001,rms_layerwise,full_coupled,24,0.0018957162974402308
adam,smallcnn,0,6,features.7.weight,0.001,rms_layerwise,full_coupled,25,0.001904334407299757
adam,smallcnn,0,6,features.7.weight,0.001,rms_layerwise,full_coupled,26,0.0019033228745684028
adam,smallcnn,0,6,features.7.weight,0.001,rms_layerwise,full_coupled,27,0.0019110317807644606
adam,smallcnn,0,6,features.7.weight,0.001,rms_layerwise,full_coupled,28,0.0019101552898064256
adam,smallcnn,0,6,features.7.weight,0.001,rms_layerwise,full_coupled,29,0.0019636324141174555
adam,smallcnn,0,6,features.7.weight,0.001,rms_layerwise,full_coupled,30,0.0020025328267365694
adam,smallcnn,0,6,features.7.weight,0.001,rms_layerwise,full_coupled,31,0.002260314067825675
adam,smallcnn,0,6,features.7.weight,0.001,rms_layerwise,full_coupled,32,0.002259392524138093
adam,smallcnn,0,6,features.7.weight,0.001,rms_layerwise,full_coupled,33,0.00220993859693408
adam,smallcnn,0,6,features.7.weight,0.001,rms_layerwise,full_coupled,34,0.0022237845696508884
adam,smallcnn,0,6,features.7.weight,0.001,rms_layerwise,full_coupled,35,0.0023079353850334883
adam,smallcnn,0,6,features.7.weight,0.001,rms_layerwise,full_coupled,36,0.0023008964490145445
adam,smallcnn,0,6,features.7.weight,0.001,rms_layerwise,full_coupled,37,0.0022971101570874453
adam,smallcnn,0,6,features.7.weight,0.001,rms_layerwise,full_coupled,38,0.002311861142516136
adam,smallcnn,0,6,features.7.weight,0.001,rms_layerwise,full_coupled,39,0.0023311306722462177
adam,smallcnn,0,6,features.7.weight,0.001,rms_layerwise,full_coupled,40,0.002508689882233739
adam,smallcnn,0,7,features.7.bias,0.001,rms_layerwise,full_coupled,0,0.002043516607955098
adam,smallcnn,0,7,features.7.bias,0.001,rms_layerwise,full_coupled,1,0.002041473053395748
adam,smallcnn,0,7,features.7.bias,0.001,rms_layerwise,full_coupled,2,0.0020394413731992245
adam,smallcnn,0,7,features.7.bias,0.001,rms_layerwise,full_coupled,3,0.0020373950246721506
adam,smallcnn,0,7,features.7.bias,0.001,rms_layerwise,full_coupled,4,0.002035364741459489
adam,smallcnn,0,7,features.7.bias,0.001,rms_layerwise,full_coupled,5,0.0020333488937467337
adam,smallcnn,0,7,features.7.bias,0.001,rms_layerwise,full_coupled,6,0.0020313358400017023
adam,smallcnn,0,7,features.7.bias,0.001,rms_layerwise,full_coupled,7,0.002029311377555132
adam,smallcnn,0,7,features.7.bias,0.001,rms_layerwise,full_coupled,8,0.0020272855181246996
adam,smallcnn,0,7,features.7.bias,0.001,rms_layerwise,full_coupled,9,0.0020252596586942673
adam,smallcnn,0,7,features.7.bias,0.001,rms_layerwise,full_coupled,10,0.0020232335664331913
adam,smallcnn,0,7,features.7.bias,0.001,rms_layerwise,full_coupled,11,0.002021209569647908
adam,smallcnn,0,7,features.7.bias,0.001,rms_layerwise,full_coupled,12,0.0020191874355077744
adam,smallcnn,0,7,features.7.bias,0.001,rms_layerwise,full_coupled,13,0.002017167629674077
adam,smallcnn,0,7,features.7.bias,0.001,rms_layerwise,full_coupled,14,0.0020151478238403797
adam,smallcnn,0,7,features.7.bias,0.001,rms_layerwise,full_coupled,15,0.002013130346313119
adam,smallcnn,0,7,features.7.bias,0.001,rms_layerwise,full_coupled,16,0.0020111154299229383
adam,smallcnn,0,7,features.7.bias,0.001,rms_layerwise,full_coupled,17,0.002009105170145631
adam,smallcnn,0,7,features.7.bias,0.001,rms_layerwise,full_coupled,18,0.002007096540182829
adam,smallcnn,0,7,features.7.bias,0.001,rms_layerwise,full_coupled,19,0.002005085116252303
adam,smallcnn,0,7,features.7.bias,0.001,rms_layerwise,full_coupled,20,0.002003069268539548
adam,smallcnn,0,7,features.7.bias,0.001,rms_layerwise,full_coupled,21,0.0020010671578347683
adam,smallcnn,0,7,features.7.bias,0.001,rms_layerwise,full_coupled,22,0.001999049913138151
adam,smallcnn,0,7,features.7.bias,0.001,rms_layerwise,full_coupled,23,0.0019970231223851442
adam,smallcnn,0,7,features.7.bias,0.001,rms_layerwise,full_coupled,24,0.001995088765397668
adam,smallcnn,0,7,features.7.bias,0.001,rms_layerwise,full_coupled,25,0.001992967911064625
adam,smallcnn,0,7,features.7.bias,0.001,rms_layerwise,full_coupled,26,0.0019911611452698708
adam,smallcnn,0,7,features.7.bias,0.001,rms_layerwise,full_coupled,27,0.0019890328403562307
adam,smallcnn,0,7,features.7.bias,0.001,rms_layerwise,full_coupled,28,0.001987032126635313
adam,smallcnn,0,7,features.7.bias,0.001,rms_layerwise,full_coupled,29,0.001984989969059825
adam,smallcnn,0,7,features.7.bias,0.001,rms_layerwise,full_coupled,30,0.0019829431548714638
adam,smallcnn,0,7,features.7.bias,0.001,rms_layerwise,full_coupled,31,0.0019815138075500727
adam,smallcnn,0,7,features.7.bias,0.001,rms_layerwise,full_coupled,32,0.0019793810788542032
adam,smallcnn,0,7,features.7.bias,0.001,rms_layerwise,full_coupled,33,0.0019771528895944357
adam,smallcnn,0,7,features.7.bias,0.001,rms_layerwise,full_coupled,34,0.001975288847461343
adam,smallcnn,0,7,features.7.bias,0.001,rms_layerwise,full_coupled,35,0.0019734776578843594
adam,smallcnn,0,7,features.7.bias,0.001,rms_layerwise,full_coupled,36,0.0019714348018169403
adam,smallcnn,0,7,features.7.bias,0.001,rms_layerwise,full_coupled,37,0.00196946132928133
adam,smallcnn,0,7,features.7.bias,0.001,rms_layerwise,full_coupled,38,0.0019675297662615776
adam,smallcnn,0,7,features.7.bias,0.001,rms_layerwise,full_coupled,39,0.001965621020644903
adam,smallcnn,0,7,features.7.bias,0.001,rms_layerwise,full_coupled,40,0.001964074093848467
adam,smallcnn,0,8,features.10.weight,0.001,rms_layerwise,full_coupled,0,0.00066879962105304
adam,smallcnn,0,8,features.10.weight,0.001,rms_layerwise,full_coupled,1,0.0006681308150291443
adam,smallcnn,0,8,features.10.weight,0.001,rms_layerwise,full_coupled,2,0.0006762929260730743
adam,smallcnn,0,8,features.10.weight,0.001,rms_layerwise,full_coupled,3,0.0007143557886593044
adam,smallcnn,0,8,features.10.weight,0.001,rms_layerwise,full_coupled,4,0.0007366866338998079
adam,smallcnn,0,8,features.10.weight,0.001,rms_layerwise,full_coupled,5,0.0007443756912834942
adam,smallcnn,0,8,features.10.weight,0.001,rms_layerwise,full_coupled,6,0.0007458341424353421
adam,smallcnn,0,8,features.10.weight,0.001,rms_layerwise,full_coupled,7,0.0007450200500898063
adam,smallcnn,0,8,features.10.weight,0.001,rms_layerwise,full_coupled,8,0.0007442506030201912
adam,smallcnn,0,8,features.10.weight,0.001,rms_layerwise,full_coupled,9,0.0007434063591063023
adam,smallcnn,0,8,features.10.weight,0.001,rms_layerwise,full_coupled,10,0.0007425328949466348
adam,smallcnn,0,8,features.10.weight,0.001,rms_layerwise,full_coupled,11,0.0007417129236273468
adam,smallcnn,0,8,features.10.weight,0.001,rms_layerwise,full_coupled,12,0.0007407982484437525
adam,smallcnn,0,8,features.10.weight,0.001,rms_layerwise,full_coupled,13,0.0007399841560982168
adam,smallcnn,0,8,features.10.weight,0.001,rms_layerwise,full_coupled,14,0.000739074544981122
adam,smallcnn,0,8,features.10.weight,0.001,rms_layerwise,full_coupled,15,0.000738101196475327
adam,smallcnn,0,8,features.10.weight,0.001,rms_layerwise,full_coupled,16,0.000737240829039365
adam,smallcnn,0,8,features.10.weight,0.001,rms_layerwise,full_coupled,17,0.0007361504249274731
adam,smallcnn,0,8,features.10.weight,0.001,rms_layerwise,full_coupled,18,0.000735524226911366
adam,smallcnn,0,8,features.10.weight,0.001,rms_layerwise,full_coupled,19,0.0007353578694164753
adam,smallcnn,0,8,features.10.weight,0.001,rms_layerwise,full_coupled,20,0.0007354996632784605
adam,smallcnn,0,8,features.10.weight,0.001,rms_layerwise,full_coupled,21,0.0007380514871329069
adam,smallcnn,0,8,features.10.weight,0.001,rms_layerwise,full_coupled,22,0.0007534470059908926
adam,smallcnn,0,8,features.10.weight,0.001,rms_layerwise,full_coupled,23,0.0007559150108136237
adam,smallcnn,0,8,features.10.weight,0.001,rms_layerwise,full_coupled,24,0.0007536772754974663
adam,smallcnn,0,8,features.10.weight,0.001,rms_layerwise,full_coupled,25,0.0008039239910431206
adam,smallcnn,0,8,features.10.weight,0.001,rms_layerwise,full_coupled,26,0.0008307254174724221
adam,smallcnn,0,8,features.10.weight,0.001,rms_layerwise,full_coupled,27,0.0008123227744363248
adam,smallcnn,0,8,features.10.weight,0.001,rms_layerwise,full_coupled,28,0.0008295706356875598
adam,smallcnn,0,8,features.10.weight,0.001,rms_layerwise,full_coupled,29,0.0011177018750458956
adam,smallcnn,0,8,features.10.weight,0.001,rms_layerwise,full_coupled,30,0.0012319760862737894
adam,smallcnn,0,8,features.10.weight,0.001,rms_layerwise,full_coupled,31,0.002077525481581688
adam,smallcnn,0,8,features.10.weight,0.001,rms_layerwise,full_coupled,32,0.002068491419777274
adam,smallcnn,0,8,features.10.weight,0.001,rms_layerwise,full_coupled,33,0.0019270465709269047
adam,smallcnn,0,8,features.10.weight,0.001,rms_layerwise,full_coupled,34,0.0019916044548153877
adam,smallcnn,0,8,features.10.weight,0.001,rms_layerwise,full_coupled,35,0.00219842535443604
adam,smallcnn,0,8,features.10.weight,0.001,rms_layerwise,full_coupled,36,0.0021858338732272387
adam,smallcnn,0,8,features.10.weight,0.001,rms_layerwise,full_coupled,37,0.0021781015675514936
adam,smallcnn,0,8,features.10.weight,0.001,rms_layerwise,full_coupled,38,0.002203713171184063
adam,smallcnn,0,8,features.10.weight,0.001,rms_layerwise,full_coupled,39,0.002238511573523283
adam,smallcnn,0,8,features.10.weight,0.001,rms_layerwise,full_coupled,40,0.002629803027957678
adam,smallcnn,0,9,features.10.bias,0.001,rms_layerwise,full_coupled,0,0.0002159456635126844
adam,smallcnn,0,9,features.10.bias,0.001,rms_layerwise,full_coupled,1,0.00021572972764261067
adam,smallcnn,0,9,features.10.bias,0.001,rms_layerwise,full_coupled,2,0.00021551545069087297
adam,smallcnn,0,9,features.10.bias,0.001,rms_layerwise,full_coupled,3,0.0002153015520889312
adam,smallcnn,0,9,features.10.bias,0.001,rms_layerwise,full_coupled,4,0.00021508792997337878
adam,smallcnn,0,9,features.10.bias,0.001,rms_layerwise,full_coupled,5,0.00021487528283614665
adam,smallcnn,0,9,features.10.bias,0.001,rms_layerwise,full_coupled,6,0.00021466484759002924
adam,smallcnn,0,9,features.10.bias,0.001,rms_layerwise,full_coupled,7,0.00021445432503242046
adam,smallcnn,0,9,features.10.bias,0.001,rms_layerwise,full_coupled,8,0.0002142451558029279
adam,smallcnn,0,9,features.10.bias,0.001,rms_layerwise,full_coupled,9,0.00021403955179266632
adam,smallcnn,0,9,features.10.bias,0.001,rms_layerwise,full_coupled,10,0.00021382866543717682
adam,smallcnn,0,9,features.10.bias,0.001,rms_layerwise,full_coupled,11,0.00021361373364925385
adam,smallcnn,0,9,features.10.bias,0.001,rms_layerwise,full_coupled,12,0.0002134004607796669
adam,smallcnn,0,9,features.10.bias,0.001,rms_layerwise,full_coupled,13,0.00021318637300282717
adam,smallcnn,0,9,features.10.bias,0.001,rms_layerwise,full_coupled,14,0.0002129722706740722
adam,smallcnn,0,9,features.10.bias,0.001,rms_layerwise,full_coupled,15,0.00021276439656503499
adam,smallcnn,0,9,features.10.bias,0.001,rms_layerwise,full_coupled,16,0.00021254787861835212
adam,smallcnn,0,9,features.10.bias,0.001,rms_layerwise,full_coupled,17,0.00021234260930214077
adam,smallcnn,0,9,features.10.bias,0.001,rms_layerwise,full_coupled,18,0.000212141327210702
adam,smallcnn,0,9,features.10.bias,0.001,rms_layerwise,full_coupled,19,0.0002119275159202516
adam,smallcnn,0,9,features.10.bias,0.001,rms_layerwise,full_coupled,20,0.00021172786364331841
adam,smallcnn,0,9,features.10.bias,0.001,rms_layerwise,full_coupled,21,0.0002115364040946588
adam,smallcnn,0,9,features.10.bias,0.001,rms_layerwise,full_coupled,22,0.00021150882821530104
adam,smallcnn,0,9,features.10.bias,0.001,rms_layerwise,full_coupled,23,0.00021116668358445168
adam,smallcnn,0,9,features.10.bias,0.001,rms_layerwise,full_coupled,24,0.00021133925474714488
adam,smallcnn,0,9,features.10.bias,0.001,rms_layerwise,full_coupled,25,0.00021108730288688093
adam,smallcnn,0,9,features.10.bias,0.001,rms_layerwise,full_coupled,26,0.00021199001639615744
adam,smallcnn,0,9,features.10.bias,0.001,rms_layerwise,full_coupled,27,0.00021254181046970189
adam,smallcnn,0,9,features.10.bias,0.001,rms_layerwise,full_coupled,28,0.0002123821177519858
adam,smallcnn,0,9,features.10.bias,0.001,rms_layerwise,full_coupled,29,0.00022257168893702328
adam,smallcnn,0,9,features.10.bias,0.001,rms_layerwise,full_coupled,30,0.0002254738355986774
adam,smallcnn,0,9,features.10.bias,0.001,rms_layerwise,full_coupled,31,0.00022462221386376768
adam,smallcnn,0,9,features.10.bias,0.001,rms_layerwise,full_coupled,32,0.00022713601356372237
adam,smallcnn,0,9,features.10.bias,0.001,rms_layerwise,full_coupled,33,0.00023148630862124264
adam,smallcnn,0,9,features.10.bias,0.001,rms_layerwise,full_coupled,34,0.00022764268214814365
adam,smallcnn,0,9,features.10.bias,0.001,rms_layerwise,full_coupled,35,0.00022575123875867575
adam,smallcnn,0,9,features.10.bias,0.001,rms_layerwise,full_coupled,36,0.0002271869161631912
adam,smallcnn,0,9,features.10.bias,0.001,rms_layerwise,full_coupled,37,0.0002272134879603982
adam,smallcnn,0,9,features.10.bias,0.001,rms_layerwise,full_coupled,38,0.00022655035718344152
adam,smallcnn,0,9,features.10.bias,0.001,rms_layerwise,full_coupled,39,0.0002258703316329047
adam,smallcnn,0,9,features.10.bias,0.001,rms_layerwise,full_coupled,40,0.00023187993792816997
adam,smallcnn,0,10,fc.weight,0.001,rms_layerwise,full_coupled,0,0.034341610968112946
adam,smallcnn,0,10,fc.weight,0.001,rms_layerwise,full_coupled,1,0.034307267516851425
adam,smallcnn,0,10,fc.weight,0.001,rms_layerwise,full_coupled,2,0.0342729389667511
adam,smallcnn,0,10,fc.weight,0.001,rms_layerwise,full_coupled,3,0.0342404767870903
adam,smallcnn,0,10,fc.weight,0.001,rms_layerwise,full_coupled,4,0.034208547323942184
adam,smallcnn,0,10,fc.weight,0.001,rms_layerwise,full_coupled,5,0.03417554870247841
adam,smallcnn,0,10,fc.weight,0.001,rms_layerwise,full_coupled,6,0.03414202854037285
adam,smallcnn,0,10,fc.weight,0.001,rms_layerwise,full_coupled,7,0.03410806879401207
adam,smallcnn,0,10,fc.weight,0.001,rms_layerwise,full_coupled,8,0.0340740829706192
adam,smallcnn,0,10,fc.weight,0.001,rms_layerwise,full_coupled,9,0.03404005244374275
adam,smallcnn,0,10,fc.weight,0.001,rms_layerwise,full_coupled,10,0.03400599583983421
adam,smallcnn,0,10,fc.weight,0.001,rms_layerwise,full_coupled,11,0.03397190943360329
adam,smallcnn,0,10,fc.weight,0.001,rms_layerwise,full_coupled,12,0.03393781930208206
adam,smallcnn,0,10,fc.weight,0.001,rms_layerwise,full_coupled,13,0.0339038223028183
adam,smallcnn,0,10,fc.weight,0.001,rms_layerwise,full_coupled,14,0.03386982902884483
adam,smallcnn,0,10,fc.weight,0.001,rms_layerwise,full_coupled,15,0.03383568674325943
adam,smallcnn,0,10,fc.weight,0.001,rms_layerwise,full_coupled,16,0.033801764249801636
adam,smallcnn,0,10,fc.weight,0.001,rms_layerwise,full_coupled,17,0.033767860382795334
adam,smallcnn,0,10,fc.weight,0.001,rms_layerwise,full_coupled,18,0.03373466432094574
adam,smallcnn,0,10,fc.weight,0.001,rms_layerwise,full_coupled,19,0.033700715750455856
adam,smallcnn,0,10,fc.weight,0.001,rms_layerwise,full_coupled,20,0.033666785806417465
adam,smallcnn,0,10,fc.weight,0.001,rms_layerwise,full_coupled,21,0.03363095596432686
adam,smallcnn,0,10,fc.weight,0.001,rms_layerwise,full_coupled,22,0.033604979515075684
adam,smallcnn,0,10,fc.weight,0.001,rms_layerwise,full_coupled,23,0.03357244282960892
adam,smallcnn,0,10,fc.weight,0.001,rms_layerwise,full_coupled,24,0.033538397401571274
adam,smallcnn,0,10,fc.weight,0.001,rms_layerwise,full_coupled,25,0.03352504223585129
adam,smallcnn,0,10,fc.weight,0.001,rms_layerwise,full_coupled,26,0.03350384905934334
adam,smallcnn,0,10,fc.weight,0.001,rms_layerwise,full_coupled,27,0.03346754238009453
adam,smallcnn,0,10,fc.weight,0.001,rms_layerwise,full_coupled,28,0.03343589976429939
adam,smallcnn,0,10,fc.weight,0.001,rms_layerwise,full_coupled,29,0.0334353931248188
adam,smallcnn,0,10,fc.weight,0.001,rms_layerwise,full_coupled,30,0.03340476006269455
adam,smallcnn,0,10,fc.weight,0.001,rms_layerwise,full_coupled,31,0.03336409851908684
adam,smallcnn,0,10,fc.weight,0.001,rms_layerwise,full_coupled,32,0.03333630785346031
adam,smallcnn,0,10,fc.weight,0.001,rms_layerwise,full_coupled,33,0.03330675885081291
adam,smallcnn,0,10,fc.weight,0.001,rms_layerwise,full_coupled,34,0.033267173916101456
adam,smallcnn,0,10,fc.weight,0.001,rms_layerwise,full_coupled,35,0.033232275396585464
adam,smallcnn,0,10,fc.weight,0.001,rms_layerwise,full_coupled,36,0.03319643810391426
adam,smallcnn,0,10,fc.weight,0.001,rms_layerwise,full_coupled,37,0.03316269442439079
adam,smallcnn,0,10,fc.weight,0.001,rms_layerwise,full_coupled,38,0.03313059359788895
adam,smallcnn,0,10,fc.weight,0.001,rms_layerwise,full_coupled,39,0.03309814631938934
adam,smallcnn,0,10,fc.weight,0.001,rms_layerwise,full_coupled,40,0.03306340053677559
adam,smallcnn,0,11,fc.bias,0.001,rms_layerwise,full_coupled,0,0.004647261928766966
adam,smallcnn,0,11,fc.bias,0.001,rms_layerwise,full_coupled,1,0.004642615094780922
adam,smallcnn,0,11,fc.bias,0.001,rms_layerwise,full_coupled,2,0.004637965001165867
adam,smallcnn,0,11,fc.bias,0.001,rms_layerwise,full_coupled,3,0.0046333069913089275
adam,smallcnn,0,11,fc.bias,0.001,rms_layerwise,full_coupled,4,0.004628673195838928
adam,smallcnn,0,11,fc.bias,0.001,rms_layerwise,full_coupled,5,0.004624053370207548
adam,smallcnn,0,11,fc.bias,0.001,rms_layerwise,full_coupled,6,0.004619428887963295
adam,smallcnn,0,11,fc.bias,0.001,rms_layerwise,full_coupled,7,0.00461480813100934
adam,smallcnn,0,11,fc.bias,0.001,rms_layerwise,full_coupled,8,0.00461018830537796
adam,smallcnn,0,11,fc.bias,0.001,rms_layerwise,full_coupled,9,0.004605616442859173
adam,smallcnn,0,11,fc.bias,0.001,rms_layerwise,full_coupled,10,0.004601052962243557
adam,smallcnn,0,11,fc.bias,0.001,rms_layerwise,full_coupled,11,0.004596448037773371
adam,smallcnn,0,11,fc.bias,0.001,rms_layerwise,full_coupled,12,0.004591840319335461
adam,smallcnn,0,11,fc.bias,0.001,rms_layerwise,full_coupled,13,0.004587250296026468
adam,smallcnn,0,11,fc.bias,0.001,rms_layerwise,full_coupled,14,0.004582667723298073
adam,smallcnn,0,11,fc.bias,0.001,rms_layerwise,full_coupled,15,0.00457814522087574
adam,smallcnn,0,11,fc.bias,0.001,rms_layerwise,full_coupled,16,0.004573567770421505
adam,smallcnn,0,11,fc.bias,0.001,rms_layerwise,full_coupled,17,0.004568995907902718
adam,smallcnn,0,11,fc.bias,0.001,rms_layerwise,full_coupled,18,0.0045644305646419525
adam,smallcnn,0,11,fc.bias,0.001,rms_layerwise,full_coupled,19,0.004559936933219433
adam,smallcnn,0,11,fc.bias,0.001,rms_layerwise,full_coupled,20,0.004555440042167902
adam,smallcnn,0,11,fc.bias,0.001,rms_layerwise,full_coupled,21,0.004550842568278313
adam,smallcnn,0,11,fc.bias,0.001,rms_layerwise,full_coupled,22,0.00454613845795393
adam,smallcnn,0,11,fc.bias,0.001,rms_layerwise,full_coupled,23,0.00454157218337059
adam,smallcnn,0,11,fc.bias,0.001,rms_layerwise,full_coupled,24,0.004537189844995737
adam,smallcnn,0,11,fc.bias,0.001,rms_layerwise,full_coupled,25,0.00453260587528348
adam,smallcnn,0,11,fc.bias,0.001,rms_layerwise,full_coupled,26,0.004528215620666742
adam,smallcnn,0,11,fc.bias,0.001,rms_layerwise,full_coupled,27,0.004523675888776779
adam,smallcnn,0,11,fc.bias,0.001,rms_layerwise,full_coupled,28,0.0045191519893705845
adam,smallcnn,0,11,fc.bias,0.001,rms_layerwise,full_coupled,29,0.0045147002674639225
adam,smallcnn,0,11,fc.bias,0.001,rms_layerwise,full_coupled,30,0.004510143306106329
adam,smallcnn,0,11,fc.bias,0.001,rms_layerwise,full_coupled,31,0.00450561661273241
adam,smallcnn,0,11,fc.bias,0.001,rms_layerwise,full_coupled,32,0.004501171410083771
adam,smallcnn,0,11,fc.bias,0.001,rms_layerwise,full_coupled,33,0.0044967252761125565
adam,smallcnn,0,11,fc.bias,0.001,rms_layerwise,full_coupled,34,0.004492153413593769
adam,smallcnn,0,11,fc.bias,0.001,rms_layerwise,full_coupled,35,0.004487698897719383
adam,smallcnn,0,11,fc.bias,0.001,rms_layerwise,full_coupled,36,0.0044833156280219555
adam,smallcnn,0,11,fc.bias,0.001,rms_layerwise,full_coupled,37,0.00447881082072854
adam,smallcnn,0,11,fc.bias,0.001,rms_layerwise,full_coupled,38,0.004474280402064323
adam,smallcnn,0,11,fc.bias,0.001,rms_layerwise,full_coupled,39,0.004469740204513073
adam,smallcnn,0,11,fc.bias,0.001,rms_layerwise,full_coupled,40,0.004465403035283089
adam,smallcnn,0,0,random_layerwise_0,0.001,rms_random_layerwise,full_coupled,0,0.04944035783410072
adam,smallcnn,0,0,random_layerwise_0,0.001,rms_random_layerwise,full_coupled,1,0.04939091578125954
adam,smallcnn,0,0,random_layerwise_0,0.001,rms_random_layerwise,full_coupled,2,0.04934445396065712
adam,smallcnn,0,0,random_layerwise_0,0.001,rms_random_layerwise,full_coupled,3,0.04929215461015701
adam,smallcnn,0,0,random_layerwise_0,0.001,rms_random_layerwise,full_coupled,4,0.0492449589073658
adam,smallcnn,0,0,random_layerwise_0,0.001,rms_random_layerwise,full_coupled,5,0.04919758811593056
adam,smallcnn,0,0,random_layerwise_0,0.001,rms_random_layerwise,full_coupled,6,0.049148399382829666
adam,smallcnn,0,0,random_layerwise_0,0.001,rms_random_layerwise,full_coupled,7,0.04909919947385788
adam,smallcnn,0,0,random_layerwise_0,0.001,rms_random_layerwise,full_coupled,8,0.049050044268369675
adam,smallcnn,0,0,random_layerwise_0,0.001,rms_random_layerwise,full_coupled,9,0.04900084063410759
adam,smallcnn,0,0,random_layerwise_0,0.001,rms_random_layerwise,full_coupled,10,0.048951782286167145
adam,smallcnn,0,0,random_layerwise_0,0.001,rms_random_layerwise,full_coupled,11,0.04890275374054909
adam,smallcnn,0,0,random_layerwise_0,0.001,rms_random_layerwise,full_coupled,12,0.048854004591703415
adam,smallcnn,0,0,random_layerwise_0,0.001,rms_random_layerwise,full_coupled,13,0.04880521818995476
adam,smallcnn,0,0,random_layerwise_0,0.001,rms_random_layerwise,full_coupled,14,0.04875650256872177
adam,smallcnn,0,0,random_layerwise_0,0.001,rms_random_layerwise,full_coupled,15,0.04870786517858505
adam,smallcnn,0,0,random_layerwise_0,0.001,rms_random_layerwise,full_coupled,16,0.04865939915180206
adam,smallcnn,0,0,random_layerwise_0,0.001,rms_random_layerwise,full_coupled,17,0.04861137270927429
adam,smallcnn,0,0,random_layerwise_0,0.001,rms_random_layerwise,full_coupled,18,0.048562388867139816
adam,smallcnn,0,0,random_layerwise_0,0.001,rms_random_layerwise,full_coupled,19,0.04851425439119339
adam,smallcnn,0,0,random_layerwise_0,0.001,rms_random_layerwise,full_coupled,20,0.04846596345305443
adam,smallcnn,0,0,random_layerwise_0,0.001,rms_random_layerwise,full_coupled,21,0.04841691628098488
adam,smallcnn,0,0,random_layerwise_0,0.001,rms_random_layerwise,full_coupled,22,0.04836709424853325
adam,smallcnn,0,0,random_layerwise_0,0.001,rms_random_layerwise,full_coupled,23,0.04831857234239578
adam,smallcnn,0,0,random_layerwise_0,0.001,rms_random_layerwise,full_coupled,24,0.048275794833898544
adam,smallcnn,0,0,random_layerwise_0,0.001,rms_random_layerwise,full_coupled,25,0.04822337627410889
adam,smallcnn,0,0,random_layerwise_0,0.001,rms_random_layerwise,full_coupled,26,0.048214517533779144
adam,smallcnn,0,0,random_layerwise_0,0.001,rms_random_layerwise,full_coupled,27,0.0481545552611351
adam,smallcnn,0,0,random_layerwise_0,0.001,rms_random_layerwise,full_coupled,28,0.048099733889102936
adam,smallcnn,0,0,random_layerwise_0,0.001,rms_random_layerwise,full_coupled,29,0.04804495349526405
adam,smallcnn,0,0,random_layerwise_0,0.001,rms_random_layerwise,full_coupled,30,0.04797663167119026
adam,smallcnn,0,0,random_layerwise_0,0.001,rms_random_layerwise,full_coupled,31,0.04805303364992142
adam,smallcnn,0,0,random_layerwise_0,0.001,rms_random_layerwise,full_coupled,32,0.04800033941864967
adam,smallcnn,0,0,random_layerwise_0,0.001,rms_random_layerwise,full_coupled,33,0.04791787266731262
adam,smallcnn,0,0,random_layerwise_0,0.001,rms_random_layerwise,full_coupled,34,0.047879088670015335
adam,smallcnn,0,0,random_layerwise_0,0.001,rms_random_layerwise,full_coupled,35,0.04784104600548744
adam,smallcnn,0,0,random_layerwise_0,0.001,rms_random_layerwise,full_coupled,36,0.04779527336359024
adam,smallcnn,0,0,random_layerwise_0,0.001,rms_random_layerwise,full_coupled,37,0.047746557742357254
adam,smallcnn,0,0,random_layerwise_0,0.001,rms_random_layerwise,full_coupled,38,0.047702059149742126
adam,smallcnn,0,0,random_layerwise_0,0.001,rms_random_layerwise,full_coupled,39,0.0476548857986927
adam,smallcnn,0,0,random_layerwise_0,0.001,rms_random_layerwise,full_coupled,40,0.04763397201895714
adam,smallcnn,0,1,random_layerwise_1,0.001,rms_random_layerwise,full_coupled,0,0.0298983883112669
adam,smallcnn,0,1,random_layerwise_1,0.001,rms_random_layerwise,full_coupled,1,0.029868492856621742
adam,smallcnn,0,1,random_layerwise_1,0.001,rms_random_layerwise,full_coupled,2,0.029829133301973343
adam,smallcnn,0,1,random_layerwise_1,0.001,rms_random_layerwise,full_coupled,3,0.029775403439998627
adam,smallcnn,0,1,random_layerwise_1,0.001,rms_random_layerwise,full_coupled,4,0.029748225584626198
adam,smallcnn,0,1,random_layerwise_1,0.001,rms_random_layerwise,full_coupled,5,0.029716260731220245
adam,smallcnn,0,1,random_layerwise_1,0.001,rms_random_layerwise,full_coupled,6,0.029685959219932556
adam,smallcnn,0,1,random_layerwise_1,0.001,rms_random_layerwise,full_coupled,7,0.02965591289103031
adam,smallcnn,0,1,random_layerwise_1,0.001,rms_random_layerwise,full_coupled,8,0.029626108705997467
adam,smallcnn,0,1,random_layerwise_1,0.001,rms_random_layerwise,full_coupled,9,0.029596325010061264
adam,smallcnn,0,1,random_layerwise_1,0.001,rms_random_layerwise,full_coupled,10,0.02956658974289894
adam,smallcnn,0,1,random_layerwise_1,0.001,rms_random_layerwise,full_coupled,11,0.029536860063672066
adam,smallcnn,0,1,random_layerwise_1,0.001,rms_random_layerwise,full_coupled,12,0.029506901279091835
adam,smallcnn,0,1,random_layerwise_1,0.001,rms_random_layerwise,full_coupled,13,0.02947721816599369
adam,smallcnn,0,1,random_layerwise_1,0.001,rms_random_layerwise,full_coupled,14,0.02944759465754032
adam,smallcnn,0,1,random_layerwise_1,0.001,rms_random_layerwise,full_coupled,15,0.029418010264635086
adam,smallcnn,0,1,random_layerwise_1,0.001,rms_random_layerwise,full_coupled,16,0.029388926923274994
adam,smallcnn,0,1,random_layerwise_1,0.001,rms_random_layerwise,full_coupled,17,0.02935929223895073
adam,smallcnn,0,1,random_layerwise_1,0.001,rms_random_layerwise,full_coupled,18,0.029330553486943245
adam,smallcnn,0,1,random_layerwise_1,0.001,rms_random_layerwise,full_coupled,19,0.02930276282131672
adam,smallcnn,0,1,random_layerwise_1,0.001,rms_random_layerwise,full_coupled,20,0.029274333268404007
adam,smallcnn,0,1,random_layerwise_1,0.001,rms_random_layerwise,full_coupled,21,0.02925204113125801
adam,smallcnn,0,1,random_layerwise_1,0.001,rms_random_layerwise,full_coupled,22,0.029230959713459015
adam,smallcnn,0,1,random_layerwise_1,0.001,rms_random_layerwise,full_coupled,23,0.029187802225351334
adam,smallcnn,0,1,random_layerwise_1,0.001,rms_random_layerwise,full_coupled,24,0.029142873361706734
adam,smallcnn,0,1,random_layerwise_1,0.001,rms_random_layerwise,full_coupled,25,0.029122335836291313
adam,smallcnn,0,1,random_layerwise_1,0.001,rms_random_layerwise,full_coupled,26,0.02902960777282715
adam,smallcnn,0,1,random_layerwise_1,0.001,rms_random_layerwise,full_coupled,27,0.029006563127040863
adam,smallcnn,0,1,random_layerwise_1,0.001,rms_random_layerwise,full_coupled,28,0.028985021635890007
adam,smallcnn,0,1,random_layerwise_1,0.001,rms_random_layerwise,full_coupled,29,0.029002202674746513
adam,smallcnn,0,1,random_layerwise_1,0.001,rms_random_layerwise,full_coupled,30,0.02897479012608528
adam,smallcnn,0,1,random_layerwise_1,0.001,rms_random_layerwise,full_coupled,31,0.029155483469367027
adam,smallcnn,0,1,random_layerwise_1,0.001,rms_random_layerwise,full_coupled,32,0.029124584048986435
adam,smallcnn,0,1,random_layerwise_1,0.001,rms_random_layerwise,full_coupled,33,0.029070841148495674
adam,smallcnn,0,1,random_layerwise_1,0.001,rms_random_layerwise,full_coupled,34,0.02907010354101658
adam,smallcnn,0,1,random_layerwise_1,0.001,rms_random_layerwise,full_coupled,35,0.029093550518155098
adam,smallcnn,0,1,random_layerwise_1,0.001,rms_random_layerwise,full_coupled,36,0.029058856889605522
adam,smallcnn,0,1,random_layerwise_1,0.001,rms_random_layerwise,full_coupled,37,0.029027514159679413
adam,smallcnn,0,1,random_layerwise_1,0.001,rms_random_layerwise,full_coupled,38,0.029005032032728195
adam,smallcnn,0,1,random_layerwise_1,0.001,rms_random_layerwise,full_coupled,39,0.0289889108389616
adam,smallcnn,0,1,random_layerwise_1,0.001,rms_random_layerwise,full_coupled,40,0.02912094071507454
adam,smallcnn,0,2,random_layerwise_2,0.001,rms_random_layerwise,full_coupled,0,0.02586369588971138
adam,smallcnn,0,2,random_layerwise_2,0.001,rms_random_layerwise,full_coupled,1,0.02583783119916916
adam,smallcnn,0,2,random_layerwise_2,0.001,rms_random_layerwise,full_coupled,2,0.025814050808548927
adam,smallcnn,0,2,random_layerwise_2,0.001,rms_random_layerwise,full_coupled,3,0.025786038488149643
adam,smallcnn,0,2,random_layerwise_2,0.001,rms_random_layerwise,full_coupled,4,0.02576221525669098
adam,smallcnn,0,2,random_layerwise_2,0.001,rms_random_layerwise,full_coupled,5,0.025737233459949493
adam,smallcnn,0,2,random_layerwise_2,0.001,rms_random_layerwise,full_coupled,6,0.025711890310049057
adam,smallcnn,0,2,random_layerwise_2,0.001,rms_random_layerwise,full_coupled,7,0.0256861113011837
adam,smallcnn,0,2,random_layerwise_2,0.001,rms_random_layerwise,full_coupled,8,0.025660406798124313
adam,smallcnn,0,2,random_layerwise_2,0.001,rms_random_layerwise,full_coupled,9,0.025634627789258957
adam,smallcnn,0,2,random_layerwise_2,0.001,rms_random_layerwise,full_coupled,10,0.025608902797102928
adam,smallcnn,0,2,random_layerwise_2,0.001,rms_random_layerwise,full_coupled,11,0.025583241134881973
adam,smallcnn,0,2,random_layerwise_2,0.001,rms_random_layerwise,full_coupled,12,0.025557558983564377
adam,smallcnn,0,2,random_layerwise_2,0.001,rms_random_layerwise,full_coupled,13,0.02553190104663372
adam,smallcnn,0,2,random_layerwise_2,0.001,rms_random_layerwise,full_coupled,14,0.02550620213150978
adam,smallcnn,0,2,random_layerwise_2,0.001,rms_random_layerwise,full_coupled,15,0.025480525568127632
adam,smallcnn,0,2,random_layerwise_2,0.001,rms_random_layerwise,full_coupled,16,0.025454923510551453
adam,smallcnn,0,2,random_layerwise_2,0.001,rms_random_layerwise,full_coupled,17,0.025429245084524155
adam,smallcnn,0,2,random_layerwise_2,0.001,rms_random_layerwise,full_coupled,18,0.025403544306755066
adam,smallcnn,0,2,random_layerwise_2,0.001,rms_random_layerwise,full_coupled,19,0.025378206744790077
adam,smallcnn,0,2,random_layerwise_2,0.001,rms_random_layerwise,full_coupled,20,0.025352614000439644
adam,smallcnn,0,2,random_layerwise_2,0.001,rms_random_layerwise,full_coupled,21,0.025326386094093323
adam,smallcnn,0,2,random_layerwise_2,0.001,rms_random_layerwise,full_coupled,22,0.02530493214726448
adam,smallcnn,0,2,random_layerwise_2,0.001,rms_random_layerwise,full_coupled,23,0.025283444672822952
adam,smallcnn,0,2,random_layerwise_2,0.001,rms_random_layerwise,full_coupled,24,0.025261858478188515
adam,smallcnn,0,2,random_layerwise_2,0.001,rms_random_layerwise,full_coupled,25,0.025246988981962204
adam,smallcnn,0,2,random_layerwise_2,0.001,rms_random_layerwise,full_coupled,26,0.025231655687093735
adam,smallcnn,0,2,random_layerwise_2,0.001,rms_random_layerwise,full_coupled,27,0.02520715445280075
adam,smallcnn,0,2,random_layerwise_2,0.001,rms_random_layerwise,full_coupled,28,0.025182856246829033
adam,smallcnn,0,2,random_layerwise_2,0.001,rms_random_layerwise,full_coupled,29,0.025161050260066986
adam,smallcnn,0,2,random_layerwise_2,0.001,rms_random_layerwise,full_coupled,30,0.025137439370155334
adam,smallcnn,0,2,random_layerwise_2,0.001,rms_random_layerwise,full_coupled,31,0.025091199204325676
adam,smallcnn,0,2,random_layerwise_2,0.001,rms_random_layerwise,full_coupled,32,0.025075387209653854
adam,smallcnn,0,2,random_layerwise_2,0.001,rms_random_layerwise,full_coupled,33,0.025058802217245102
adam,smallcnn,0,2,random_layerwise_2,0.001,rms_random_layerwise,full_coupled,34,0.02502705343067646
adam,smallcnn,0,2,random_layerwise_2,0.001,rms_random_layerwise,full_coupled,35,0.02499331161379814
adam,smallcnn,0,2,random_layerwise_2,0.001,rms_random_layerwise,full_coupled,36,0.024969199672341347
adam,smallcnn,0,2,random_layerwise_2,0.001,rms_random_layerwise,full_coupled,37,0.02494385652244091
adam,smallcnn,0,2,random_layerwise_2,0.001,rms_random_layerwise,full_coupled,38,0.024919282644987106
adam,smallcnn,0,2,random_layerwise_2,0.001,rms_random_layerwise,full_coupled,39,0.024892548099160194
adam,smallcnn,0,2,random_layerwise_2,0.001,rms_random_layerwise,full_coupled,40,0.024823151528835297
adam,smallcnn,0,3,random_layerwise_3,0.001,rms_random_layerwise,full_coupled,0,0.02764434553682804
adam,smallcnn,0,3,random_layerwise_3,0.001,rms_random_layerwise,full_coupled,1,0.027616700157523155
adam,smallcnn,0,3,random_layerwise_3,0.001,rms_random_layerwise,full_coupled,2,0.027588190510869026
adam,smallcnn,0,3,random_layerwise_3,0.001,rms_random_layerwise,full_coupled,3,0.027580497786402702
adam,smallcnn,0,3,random_layerwise_3,0.001,rms_random_layerwise,full_coupled,4,0.027555832639336586
adam,smallcnn,0,3,random_layerwise_3,0.001,rms_random_layerwise,full_coupled,5,0.027532711625099182
adam,smallcnn,0,3,random_layerwise_3,0.001,rms_random_layerwise,full_coupled,6,0.027506673708558083
adam,smallcnn,0,3,random_layerwise_3,0.001,rms_random_layerwise,full_coupled,7,0.02747952751815319
adam,smallcnn,0,3,random_layerwise_3,0.001,rms_random_layerwise,full_coupled,8,0.02745225466787815
adam,smallcnn,0,3,random_layerwise_3,0.001,rms_random_layerwise,full_coupled,9,0.027425000444054604
adam,smallcnn,0,3,random_layerwise_3,0.001,rms_random_layerwise,full_coupled,10,0.027397649362683296
adam,smallcnn,0,3,random_layerwise_3,0.001,rms_random_layerwise,full_coupled,11,0.027370046824216843
adam,smallcnn,0,3,random_layerwise_3,0.001,rms_random_layerwise,full_coupled,12,0.027342472225427628
adam,smallcnn,0,3,random_layerwise_3,0.001,rms_random_layerwise,full_coupled,13,0.02731509692966938
adam,smallcnn,0,3,random_layerwise_3,0.001,rms_random_layerwise,full_coupled,14,0.027287820354104042
adam,smallcnn,0,3,random_layerwise_3,0.001,rms_random_layerwise,full_coupled,15,0.02726079896092415
adam,smallcnn,0,3,random_layerwise_3,0.001,rms_random_layerwise,full_coupled,16,0.02723369561135769
adam,smallcnn,0,3,random_layerwise_3,0.001,rms_random_layerwise,full_coupled,17,0.027206886559724808
adam,smallcnn,0,3,random_layerwise_3,0.001,rms_random_layerwise,full_coupled,18,0.027179572731256485
adam,smallcnn,0,3,random_layerwise_3,0.001,rms_random_layerwise,full_coupled,19,0.02715192548930645
adam,smallcnn,0,3,random_layerwise_3,0.001,rms_random_layerwise,full_coupled,20,0.027123775333166122
adam,smallcnn,0,3,random_layerwise_3,0.001,rms_random_layerwise,full_coupled,21,0.02709619142115116
adam,smallcnn,0,3,random_layerwise_3,0.001,rms_random_layerwise,full_coupled,22,0.027067167684435844
adam,smallcnn,0,3,random_layerwise_3,0.001,rms_random_layerwise,full_coupled,23,0.027041535824537277
adam,smallcnn,0,3,random_layerwise_3,0.001,rms_random_layerwise,full_coupled,24,0.027019798755645752
adam,smallcnn,0,3,random_layerwise_3,0.001,rms_random_layerwise,full_coupled,25,0.026987144723534584
adam,smallcnn,0,3,random_layerwise_3,0.001,rms_random_layerwise,full_coupled,26,0.026992030441761017
adam,smallcnn,0,3,random_layerwise_3,0.001,rms_random_layerwise,full_coupled,27,0.026963036507368088
adam,smallcnn,0,3,random_layerwise_3,0.001,rms_random_layerwise,full_coupled,28,0.026932844892144203
adam,smallcnn,0,3,random_layerwise_3,0.001,rms_random_layerwise,full_coupled,29,0.02691688947379589
adam,smallcnn,0,3,random_layerwise_3,0.001,rms_random_layerwise,full_coupled,30,0.026884833350777626
adam,smallcnn,0,3,random_layerwise_3,0.001,rms_random_layerwise,full_coupled,31,0.026924878358840942
adam,smallcnn,0,3,random_layerwise_3,0.001,rms_random_layerwise,full_coupled,32,0.02690955065190792
adam,smallcnn,0,3,random_layerwise_3,0.001,rms_random_layerwise,full_coupled,33,0.026882974430918694
adam,smallcnn,0,3,random_layerwise_3,0.001,rms_random_layerwise,full_coupled,34,0.02685720846056938
adam,smallcnn,0,3,random_layerwise_3,0.001,rms_random_layerwise,full_coupled,35,0.026834502816200256
adam,smallcnn,0,3,random_layerwise_3,0.001,rms_random_layerwise,full_coupled,36,0.026810187846422195
adam,smallcnn,0,3,random_layerwise_3,0.001,rms_random_layerwise,full_coupled,37,0.02678355574607849
adam,smallcnn,0,3,random_layerwise_3,0.001,rms_random_layerwise,full_coupled,38,0.026756808161735535
adam,smallcnn,0,3,random_layerwise_3,0.001,rms_random_layerwise,full_coupled,39,0.02673027664422989
adam,smallcnn,0,3,random_layerwise_3,0.001,rms_random_layerwise,full_coupled,40,0.026709912344813347
