learning_rate,memory_component,direction,direction_label,horizon,radius_scale,tangent_norm,endpoint_norm,predicted_endpoint_norm,centered_fd_norm,endpoint_error,endpoint_cosine,centered_error,centered_cosine,first_order_residual,residual_over_endpoint,fd_delta_norm,fd_rho,fd_resolvable_1e3
3e-05,m,0,random_m_0,1,1e-06,294.7397155761719,0.00029473999165929854,0.00029473972972482443,294.7399597167969,0.0007205382571555674,0.9999997019767761,0.0005337288603186607,0.9999998807907104,2.1237144665064989e-07,0.0007205382571555674,0.0005894798669032753,356.2973937988281,False
3e-05,m,0,random_m_0,5,1e-06,1205.2354736328125,0.001205237116664648,0.0012052354868501425,1205.2366943359375,0.0009254844626411796,0.9999995827674866,0.0003156815655529499,1.0,1.1154281764902407e-06,0.0009254844626411796,0.002410473534837365,1457.2255859375,True
3e-05,m,0,random_m_0,10,1e-06,1916.4451904296875,0.0019164495170116425,0.0019164452096447349,1916.445556640625,0.0019030639668926597,0.9999982118606567,0.00037639550282619894,1.0000001192092896,3.6471262774284696e-06,0.0019030639668926597,0.0038328911177814007,2318.06689453125,True
3e-05,m,0,random_m_0,20,1e-06,2579.730224609375,0.0025797332637012005,0.0025797300040721893,2579.7255859375,0.0061960662715137005,0.9999808669090271,0.0008225803030654788,0.9999996423721313,1.598419839865528e-05,0.0061960662715137005,0.00515945116057992,3122.90185546875,True
3e-05,m,0,random_m_0,40,1e-06,2884.47314453125,0.0029730917885899544,0.002884472953155637,2908.283935546875,0.23469878733158112,0.972070038318634,0.11988230794668198,0.992788553237915,0.0006977810407988727,0.23469878733158112,0.005816567689180374,3523.883544921875,True
3e-05,m,0,random_m_0,1,3e-06,294.7397155761719,0.0008842195966280997,0.0008842191891744733,294.7398376464844,0.00029457404161803424,0.9999999403953552,0.00020467338617891073,1.0,2.6046814127766993e-07,0.00029457404161803424,0.0017684390768408775,1068.891845703125,True
3e-05,m,0,random_m_0,5,3e-06,1205.2354736328125,0.0036157085560262203,0.003615706693381071,1205.236328125,0.00030234575388021767,1.0,0.00012563460040837526,1.0000001192092896,1.0931942142633488e-06,0.00030234575388021767,0.007231418043375015,4371.67529296875,True
3e-05,m,0,random_m_0,10,3e-06,1916.4451904296875,0.005749338306486607,0.005749335512518883,1916.4459228515625,0.00040709690074436367,0.9999998807907104,0.00025757664116099477,1.0,2.3405377760354895e-06,0.00040709690074436367,0.011498674750328064,6954.20166015625,True
3e-05,m,0,random_m_0,20,3e-06,2579.730224609375,0.007738796528428793,0.007739190477877855,2579.709716796875,0.0011308257235214114,0.9999994039535522,0.0010942381341010332,0.9999993443489075,8.751230780035257e-06,0.0011308257235214114,0.015478257089853287,9368.6474609375,True
3e-05,m,0,random_m_0,40,3e-06,2884.47314453125,0.008686639368534088,0.008653419092297554,2889.484619140625,0.0810602456331253,0.9967093467712402,0.05258734151721001,0.9986163973808289,0.0007041411008685827,0.0810602456331253,0.017336906865239143,10503.314453125,True
3e-05,m,0,random_m_0,1,1e-05,294.7397155761719,0.0029473972972482443,0.0029473970644176006,294.73968505859375,0.00011324448132654652,1.0000001192092896,7.307299529202282e-05,1.0000001192092896,3.3377648378518643e-07,0.00011324448132654652,0.005894794128835201,3562.97119140625,True
3e-05,m,0,random_m_0,5,1e-05,1205.2354736328125,0.012052356265485287,0.012052355334162712,1205.235595703125,9.74317008513026e-05,0.9999998211860657,4.0255785279441625e-05,1.0,1.174281578641967e-06,9.74317008513026e-05,0.024104712530970573,14572.2421875,True
3e-05,m,0,random_m_0,10,1e-05,1916.4451904296875,0.01916445605456829,0.019164450466632843,1916.445068359375,0.00031190557638183236,1.0,0.00013536996266338974,1.0,5.977500677545322e-06,0.00031190557638183236,0.038328900933265686,23180.662109375,True
3e-05,m,0,random_m_0,20,1e-05,2579.730224609375,0.02579331211745739,0.025797300040721893,2579.947509765625,0.0021522545721381903,0.9999977350234985,0.010339111089706421,0.9999465346336365,5.551377034862526e-05,0.0021522545721381903,0.05159895122051239,31231.70703125,True
3e-05,m,0,random_m_0,40,1e-05,2884.47314453125,0.028870198875665665,0.02884472906589508,2886.374755859375,0.0437445193529129,0.999042809009552,0.032165445387363434,0.9994825720787048,0.00126291299238801,0.0437445193529129,0.05772749334573746,34973.3671875,True
3e-05,m,0,random_m_0,1,3e-05,294.7397155761719,0.008842192590236664,0.00884219165891409,294.73974609375,4.5757260522805154e-05,1.0000001192092896,2.722942917898763e-05,1.0000001192092896,4.045944876907015e-07,4.5757260522805154e-05,0.017684387043118477,10688.9169921875,True
3e-05,m,0,random_m_0,5,3e-05,1205.2354736328125,0.03615706413984299,0.03615706413984299,1205.235595703125,3.587270839489065e-05,1.0000001192092896,1.5947445717756636e-05,1.0,1.2970518810107023e-06,3.587270839489065e-05,0.07231413573026657,43716.72265625,True
3e-05,m,0,random_m_0,10,3e-05,1916.4451904296875,0.05749340355396271,0.05749335512518883,1916.6002197265625,0.00010989020665874705,1.0,0.003343144664540887,0.9999945163726807,6.317962288449053e-06,0.00010989020665874705,0.11499601602554321,69547.625,True
3e-05,m,0,random_m_0,20,3e-05,2579.730224609375,0.07735738903284073,0.07739190757274628,2579.720703125,0.006012405268847942,0.9999818801879883,0.00875654723495245,0.9999616146087646,0.00046510397805832326,0.006012405268847942,0.1547832489013672,93686.8828125,True
3e-05,m,0,random_m_0,40,3e-05,2884.47314453125,0.0866180807352066,0.08653418719768524,2885.440185546875,0.08150257915258408,0.996675968170166,0.043250687420368195,0.9990644454956055,0.007059596944600344,0.08150257915258408,0.17312641441822052,104886.140625,True
3e-05,m,0,random_m_0,1,0.0001,294.7397155761719,0.02947397157549858,0.02947397157549858,294.7397155761719,1.5322659237426706e-05,0.9999999403953552,8.549402082280722e-06,1.0,4.5161962702877645e-07,1.5322659237426706e-05,0.05894794315099716,35629.71484375,True
3e-05,m,0,random_m_0,5,0.0001,1205.2354736328125,0.12052351236343384,0.12052354961633682,1205.2354736328125,2.2862330297357403e-05,1.0000001192092896,4.629812337952899e-06,1.0,2.7554483494895976e-06,2.2862330297357403e-05,0.24104709923267365,145722.40625,True
3e-05,m,0,random_m_0,10,0.0001,1916.4451904296875,0.19157131016254425,0.19164451956748962,1916.1778564453125,0.004914950113743544,0.9999880194664001,0.003142143599689007,0.9999951124191284,0.0009415633976459503,0.004914950113743544,0.3832355737686157,231774.3125,True
3e-05,m,0,random_m_0,20,0.0001,2579.730224609375,0.25760793685913086,0.2579730153083801,2578.745361328125,0.01387834269553423,0.9999048113822937,0.010461514815688133,0.9999452829360962,0.0035751713439822197,0.01387834269553423,0.5157490968704224,312171.5625,True
3e-05,m,0,random_m_0,40,0.0001,2884.47314453125,0.2878822684288025,0.2884472906589508,2881.910400390625,0.05388420820236206,0.9985530972480774,0.03907604143023491,0.9992375373840332,0.015512309037148952,0.05388420820236206,0.5763821005821228,349192.78125,True
3e-05,m,0,random_m_0,1,0.0003,294.7397155761719,0.08842191845178604,0.08842191845178604,294.7397155761719,5.275723651720909e-06,1.0000001192092896,2.909040404119878e-06,1.0,4.6648960960737895e-07,5.275723651720909e-06,0.17684383690357208,106889.1484375,True
3e-05,m,0,random_m_0,5,0.0003,1205.2354736328125,0.3613090217113495,0.36157068610191345,1204.573974609375,0.008895683102309704,0.9999607801437378,0.006620130501687527,0.999978244304657,0.003214090596884489,0.008895683102309704,0.722744345664978,436927.21875,True
3e-05,m,0,random_m_0,10,0.0003,1916.4451904296875,0.5733775496482849,0.5749335885047913,1913.235595703125,0.02949056401848793,0.9995699524879456,0.01688963547348976,0.9998589754104614,0.016909226775169373,0.02949056401848793,1.1479413509368896,694255.25,True
3e-05,m,0,random_m_0,20,0.0003,2579.730224609375,0.7697752714157104,0.7739191055297852,2572.576416015625,0.040556684136390686,0.9991964101791382,0.022701995447278023,0.9997468590736389,0.03121953085064888,0.040556684136390686,1.5435459613800049,934274.3125,True
3e-05,m,0,random_m_0,40,0.0003,2884.47314453125,0.8597174882888794,0.8653419613838196,2870.204833984375,0.07149185240268707,0.997482419013977,0.04664009064435959,0.998930037021637,0.06146279349923134,0.07149185240268707,1.7221229076385498,1043323.3125,True
3e-05,m,0,random_m_0,1,0.001,294.7397155761719,0.2947397530078888,0.2947397232055664,294.73974609375,1.6104019096019329e-06,1.0,8.846069476931007e-07,1.0,4.746494539631385e-07,1.6104019096019329e-06,0.5894795060157776,356297.1875,True
3e-05,m,0,random_m_0,5,0.001,1205.2354736328125,1.1972733736038208,1.2052356004714966,1200.82568359375,0.03837212547659874,0.9992905855178833,0.019757742062211037,0.9998122453689575,0.045941926538944244,0.03837212547659874,2.401651382446289,1451892.25,True
3e-05,m,0,random_m_0,10,0.001,1916.4451904296875,1.880059003829956,1.916445255279541,1893.250732421875,0.08823322504758835,0.9963650703430176,0.04589502513408661,0.9990336894989014,0.16588367521762848,0.08823322504758835,3.78650164604187,2290011.25,True
3e-05,m,0,random_m_0,20,0.001,2579.730224609375,2.4779975414276123,2.579730272293091,2493.798095703125,0.12987974286079407,0.9927077889442444,0.08397024124860764,0.9971657991409302,0.32184168696403503,0.12987974286079407,4.98759651184082,3018882.25,True
3e-05,m,0,random_m_0,40,0.001,2884.47314453125,2.7354445457458496,2.8844733238220215,2748.173828125,0.15522493422031403,0.9899823665618896,0.11274237185716629,0.995116651058197,0.4246092140674591,0.15522493422031403,5.496347427368164,3329882.75,True
3e-05,m,0,random_m_0,1,0.003,294.7397155761719,0.8842191696166992,0.8842191696166992,294.73974609375,5.497963115885796e-07,1.0000001192092896,3.0657631100439175e-07,0.9999998807907104,4.861404363509791e-07,5.497963115885796e-07,1.7684383392333984,1068891.5,True
3e-05,m,0,random_m_0,5,0.003,1205.2354736328125,3.459831476211548,3.6157066822052,1161.2926025390625,0.17082999646663666,0.9870086908340454,0.10098431259393692,0.9957769513130188,0.5910429954528809,0.17082999646663666,6.967755317687988,4212280.5,True
3e-05,m,0,random_m_0,10,0.003,1916.4451904296875,5.214997291564941,5.749335765838623,1754.6572265625,0.2607826888561249,0.9739177823066711,0.1952393501996994,0.9864418506622314,1.3599810600280762,0.2607826888561249,10.52794361114502,6367120.0,True
3e-05,m,0,random_m_0,20,0.003,2579.730224609375,6.687685012817383,7.739190101623535,2253.70947265625,0.3427334725856781,0.959928035736084,0.2788563072681427,0.9751740097999573,2.292093515396118,0.3427334725856781,13.522256851196289,8184723.5,True
3e-05,m,0,random_m_0,40,0.003,2884.47314453125,7.296757698059082,8.653419494628906,2458.333984375,0.3804222643375397,0.9535585045814514,0.31795844435691833,0.9697235822677612,2.7758491039276123,0.3804222643375397,14.75000286102295,8936076.0,True
3e-05,m,0,random_m_0,1,0.01,294.7397155761719,2.947397232055664,2.947397232055664,294.7397155761719,1.824444382236834e-07,1.0,1.188810827557063e-07,1.0,5.377362413128139e-07,1.824444382236834e-07,5.894794464111328,3562971.5,True
3e-05,m,0,random_m_0,5,0.01,1205.2354736328125,9.82523250579834,12.05235481262207,996.21923828125,0.4726954996585846,0.9298673272132874,0.39133957028388977,0.954899251461029,4.644343376159668,0.4726954996585846,19.92438507080078,12045070.0,True
3e-05,m,0,random_m_0,10,0.01,1916.4451904296875,14.410412788391113,19.164451599121094,1455.575439453125,0.6340174078941345,0.8897882699966431,0.5555896162986755,0.9208472371101379,9.136451721191406,0.6340174078941345,29.11151123046875,17606144.0,True
3e-05,m,0,random_m_0,20,0.01,2579.730224609375,18.322256088256836,25.797300338745117,1842.1961669921875,0.743564248085022,0.8627663850784302,0.6711621284484863,0.8963927030563354,13.623774528503418,0.743564248085022,36.84392166137695,22300812.0,True
3e-05,m,0,random_m_0,40,0.01,2884.47314453125,19.853824615478516,28.844730377197266,1990.6082763671875,0.7935596704483032,0.8538535237312317,0.7254955172538757,0.8879584670066833,15.755193710327148,0.7935596704483032,39.81216812133789,24119628.0,True
3e-05,rms_global,0,all_parameters,1,0.001,0.004053112585097551,4.0773602449917234e-06,4.053112661495106e-06,0.004059821832925081,0.11238960921764374,0.9936643838882446,0.05668923258781433,0.9983919262886047,4.58252941371029e-07,0.11238960921764374,8.11964400782017e-06,4.9077301025390625,False
3e-05,rms_global,0,all_parameters,5,0.001,0.031437572091817856,3.169401315972209e-05,3.1437575671589e-05,0.03146698698401451,0.1580849289894104,0.9874355792999268,0.09272684901952744,0.9956972599029541,5.010345830669394e-06,0.1580849289894104,6.293397018453106e-05,38.04604721069336,False
3e-05,rms_global,0,all_parameters,10,0.001,0.07549404352903366,7.70697370171547e-05,7.549404836026952e-05,0.07601626962423325,0.23090577125549316,0.9729982614517212,0.15643379092216492,0.987703263759613,1.7795846360968426e-05,0.23090577125549316,0.00015203254588413984,91.9466781616211,False
3e-05,rms_global,0,all_parameters,20,0.001,0.15266969799995422,0.0001589353778399527,0.00015266970149241388,0.1816350221633911,0.3197760581970215,0.9475822448730469,0.5630249977111816,0.8265580534934998,5.0823731726268306e-05,0.3197760581970215,0.00036327005364000797,219.8793487548828,False
3e-05,rms_global,0,all_parameters,40,0.001,0.23390115797519684,0.00048608629731461406,0.00023390116984955966,0.5604826807975769,0.8902527093887329,0.4561547040939331,0.9463215470314026,0.3338344693183899,0.0004327396454755217,0.8902527093887329,0.00112096534576267,679.1206665039062,False
3e-05,rms_global,0,all_parameters,1,0.003,0.004053112585097551,1.2154959222243633e-05,1.215933843923267e-05,0.00405382364988327,0.037674807012081146,0.9992907047271729,0.018796510994434357,0.9998233318328857,4.579357550937857e-07,0.037674807012081146,2.432294058962725e-05,14.701436042785645,False
3e-05,rms_global,0,all_parameters,5,0.003,0.031437572091817856,9.48467495618388e-05,9.431271610083058e-05,0.031494140625,0.12534835934638977,0.992115318775177,0.07642831653356552,0.9970757961273193,1.1888883818755858e-05,0.12534835934638977,0.00018896485562436283,114.23664855957031,False
3e-05,rms_global,0,all_parameters,10,0.003,0.07549404352903366,0.00022767316841054708,0.0002264821232529357,0.07548003643751144,0.14639057219028473,0.9892424941062927,0.09670528769493103,0.995324969291687,3.332920459797606e-05,0.14639057219028473,0.0004528802237473428,273.8941955566406,False
3e-05,rms_global,0,all_parameters,20,0.003,0.15266969799995422,0.0004612456832546741,0.0004580090753734112,0.1551131010055542,0.20640243589878082,0.9785732626914978,0.2520226836204529,0.9678599834442139,9.520223102299497e-05,0.20640243589878082,0.0009306785650551319,563.3192138671875,False
3e-05,rms_global,0,all_parameters,40,0.003,0.23390115797519684,0.0008730661356821656,0.0007017034804448485,0.2871561646461487,0.6514195799827576,0.7599778175354004,0.686261773109436,0.7320210337638855,0.0005687323864549398,0.6514195799827576,0.0017229369841516018,1043.8165283203125,True
3e-05,rms_global,0,all_parameters,1,0.01,0.004053112585097551,4.038342376588844e-05,4.053112570545636e-05,0.0040532504208385944,0.012092952616512775,0.9999339580535889,0.00567252142354846,0.9999839663505554,4.883548285761208e-07,0.012092952616512775,8.10650089988485e-05,48.997859954833984,False
3e-05,rms_global,0,all_parameters,5,0.01,0.031437572091817856,0.00031416158890351653,0.0003143757348880172,0.03144606947898865,0.06994709372520447,0.9975556135177612,0.04252628609538078,0.999095618724823,2.1974688934278674e-05,0.06994709372520447,0.0006289214361459017,380.2076110839844,False
3e-05,rms_global,0,all_parameters,10,0.01,0.07549404352903366,0.0007515786564908922,0.0007549404399469495,0.0751660093665123,0.09454242885112762,0.9955607056617737,0.06304238736629486,0.9980307817459106,7.105607073754072e-05,0.09454242885112762,0.0015033201780170202,909.1823120117188,False
3e-05,rms_global,0,all_parameters,20,0.01,0.15266969799995422,0.0015181561466306448,0.0015266969567164779,0.15057390928268433,0.16414228081703186,0.986619770526886,0.11304662376642227,0.9937934279441833,0.00024919360294006765,0.16414228081703186,0.003011478343978524,1822.7813720703125,True
3e-05,rms_global,0,all_parameters,40,0.01,0.23390115797519684,0.0024850722402334213,0.002339011523872614,0.23608125746250153,0.4356572926044464,0.9010105729103088,0.3592410683631897,0.9349145889282227,0.0010826397920027375,0.4356572926044464,0.004721624776721001,2860.5283203125,True
3e-05,rms_global,0,all_parameters,1,0.03,0.004053112585097551,0.00012024590250803158,0.00012159338075434789,0.004053282551467419,0.012705824337899685,0.9999822378158569,0.00191524310503155,0.9999982118606567,1.5278233149729203e-06,0.012705824337899685,0.00024319696240127087,146.9947509765625,False
3e-05,rms_global,0,all_parameters,5,0.03,0.031437572091817856,0.0009360704571008682,0.0009431272046640515,0.031392231583595276,0.044651854783296585,0.9990387558937073,0.02933165244758129,0.9995715618133545,4.179728057351895e-05,0.044651854783296585,0.0018835337832570076,1138.669921875,True
3e-05,rms_global,0,all_parameters,10,0.03,0.07549404352903366,0.002243268536403775,0.0022648212034255266,0.07506872713565826,0.060978252440690994,0.9982042908668518,0.043555933982133865,0.9990727305412292,0.00013679059338755906,0.060978252440690994,0.004504123702645302,2724.016845703125,True
3e-05,rms_global,0,all_parameters,20,0.03,0.15266969799995422,0.004501917399466038,0.004580090753734112,0.15016545355319977,0.10384093970060349,0.9948487877845764,0.0909881442785263,0.9960653185844421,0.00046748333261348307,0.10384093970060349,0.00900992751121521,5453.51025390625,True
3e-05,rms_global,0,all_parameters,40,0.03,0.23390115797519684,0.007054077927023172,0.007017034571617842,0.2310623675584793,0.34144458174705505,0.9414139986038208,0.30553025007247925,0.9539666175842285,0.002408576663583517,0.34144458174705505,0.013863742351531982,8399.1484375,True
3e-05,rms_global,0,all_parameters,1,0.1,0.004053112585097551,0.0003904855693690479,0.0004053112643305212,0.004054667893797159,0.04093432053923607,0.999887228012085,0.0020259905140846968,0.9999980330467224,1.5984262063284405e-05,0.04093432053923607,0.0008109335321933031,490.1499328613281,False
3e-05,rms_global,0,all_parameters,5,0.1,0.031437572091817856,0.0030729013960808516,0.0031437573488801718,0.03136449307203293,0.04164452478289604,0.9994122385978699,0.018852440640330315,0.9998255968093872,0.00012796951341442764,0.04164452478289604,0.0062728989869356155,3792.212890625,True
3e-05,rms_global,0,all_parameters,10,0.1,0.07549404352903366,0.007412059232592583,0.007549404166638851,0.07496964931488037,0.047832272946834564,0.9990454316139221,0.030556809157133102,0.9995606541633606,0.0003545356448739767,0.047832272946834564,0.014993930235505104,9068.072265625,True
3e-05,rms_global,0,all_parameters,20,0.1,0.15266969799995422,0.014957576990127563,0.015266969799995422,0.1498718112707138,0.09874878078699112,0.9954326748847961,0.08610910922288895,0.99653160572052,0.0014770424459129572,0.09874878078699112,0.02997436374425888,18142.8203125,True
3e-05,rms_global,0,all_parameters,40,0.1,0.23390115797519684,0.02296784147620201,0.023390116170048714,0.22525255382061005,0.26570022106170654,0.9655049443244934,0.22284452617168427,0.9767981767654419,0.006102560553699732,0.26570022106170654,0.04505051299929619,27293.203125,True
3e-05,rms_layerwise,0,features.0.weight,1,0.001,0.0003726509748958051,3.9155725062300917e-07,3.726510158230667e-07,0.0003808593610301614,0.311760276556015,0.9501619935035706,0.15455953776836395,0.988029956817627,1.2207199517888512e-07,0.311760276556015,7.617187520736479e-07,0.4604032039642334,False
3e-05,rms_layerwise,0,features.0.weight,5,0.001,0.0026013485621660948,5.092645551485475e-06,2.601348796815728e-06,0.0034375994000583887,0.8611750602722168,0.5083145499229431,0.6545097827911377,0.7560538053512573,4.385659394756658e-06,0.8611750602722168,6.875198778288905e-06,4.156326770782471,False
3e-05,rms_layerwise,0,features.0.weight,10,0.001,0.006430087145417929,1.1032733709726017e-05,6.430087523767725e-06,0.00798492506146431,0.8126498460769653,0.5827521085739136,0.5876810550689697,0.8091018795967102,8.96574965736363e-06,0.8126498460769653,1.5969852029229514e-05,9.658292770385742,False
3e-05,rms_layerwise,0,features.0.weight,20,0.001,0.014394735917448997,3.055700653931126e-05,1.4394737263501156e-05,0.02102520503103733,0.8842939734458923,0.46694880723953247,0.7362899780273438,0.6767127513885498,2.7021376808988862e-05,0.8842939734458923,4.205040750093758e-05,25.452184677124023,False
3e-05,rms_layerwise,0,features.0.weight,40,0.001,0.02622663788497448,7.65533113735728e-05,2.622663669171743e-05,0.04785425215959549,0.9417296648025513,0.3364274501800537,0.8393024802207947,0.5436821579933167,7.209252362372354e-05,0.9417296648025513,9.570849942974746e-05,57.983612060546875,False
3e-05,rms_layerwise,0,features.0.weight,1,0.003,0.0003726509748958051,1.1241156698815757e-06,1.1179529337823624e-06,0.00037404216709546745,0.10751637071371078,0.994203507900238,0.0538579523563385,0.9985511302947998,1.2086083245321788e-07,0.10751637071371078,2.2442529825639213e-06,1.3564865589141846,False
3e-05,rms_layerwise,0,features.0.weight,5,0.003,0.0026013485621660948,9.185288035951089e-06,7.804046617820859e-06,0.002755001187324524,0.5413716435432434,0.8408291935920715,0.34435033798217773,0.9388565421104431,4.97265455123852e-06,0.5413716435432434,1.653000435908325e-05,9.993034362792969,False
3e-05,rms_layerwise,0,features.0.weight,10,0.003,0.006430087145417929,2.3415615942212753e-05,1.9290258933324367e-05,0.006975322496145964,0.5784787535667419,0.8157375454902649,0.40554991364479065,0.9141054749488831,1.3545436559070367e-05,0.5784787535667419,4.185193029115908e-05,25.311330795288086,False
3e-05,rms_layerwise,0,features.0.weight,20,0.003,0.014394735917448997,5.911345942877233e-05,4.318420906201936e-05,0.016441915184259415,0.7007421255111694,0.7136151790618896,0.511547863483429,0.8594053983688354,4.142329271417111e-05,0.7007421255111694,9.86514933174476e-05,59.711570739746094,False
3e-05,rms_layerwise,0,features.0.weight,40,0.003,0.02622663788497448,0.00012174871517345309,7.86799137131311e-05,0.03338664025068283,0.7725715041160583,0.6350268721580505,0.6333675384521484,0.7739379405975342,9.405959281139076e-05,0.7725715041160583,0.00020031981694046408,121.36087036132812,False
3e-05,rms_layerwise,0,features.0.weight,1,0.01,0.0003726509748958051,3.708712483785348e-06,3.726509703483316e-06,0.00037264000275172293,0.03204338997602463,0.9995004534721375,0.015179412439465523,0.9998847842216492,1.1883972916848506e-07,0.03204338997602463,7.452800218743505e-06,4.504672050476074,False
3e-05,rms_layerwise,0,features.0.weight,5,0.01,0.0026013485621660948,2.9131855626474135e-05,2.601348387543112e-05,0.002720836317166686,0.4688659608364105,0.8833218812942505,0.2928292453289032,0.9561647772789001,1.3658936040883418e-05,0.4688659608364105,5.441672328743152e-05,32.897037506103516,False
3e-05,rms_layerwise,0,features.0.weight,10,0.01,0.006430087145417929,7.03257173881866e-05,6.430086796171963e-05,0.006721143610775471,0.4223487079143524,0.9064675569534302,0.28304770588874817,0.9591087698936462,2.9701976018259302e-05,0.4223487079143524,0.00013442286581266671,81.29664611816406,False
3e-05,rms_layerwise,0,features.0.weight,20,0.01,0.014394735917448997,0.00015956729475874454,0.00014394737081602216,0.015390357933938503,0.4484228491783142,0.8938596844673157,0.36093461513519287,0.9325951337814331,7.155362254707143e-05,0.4484228491783142,0.00030780714587308466,186.30886840820312,False
3e-05,rms_layerwise,0,features.0.weight,40,0.01,0.02622663788497448,0.00032027674023993313,0.0002622663741931319,0.030620073899626732,0.5853175520896912,0.8108439445495605,0.5239165425300598,0.8517827391624451,0.00018746359273791313,0.5853175520896912,0.0006124015199020505,371.0146179199219,False
3e-05,rms_layerwise,0,features.0.weight,1,0.03,0.0003726509748958051,1.104049169953214e-05,1.1179528883076273e-05,0.0003726042923517525,0.017083780840039253,0.999934196472168,0.0054227495566010475,0.9999854564666748,1.8861334183384315e-07,0.017083780840039253,2.235625834146049e-05,13.512720108032227,False
3e-05,rms_layerwise,0,features.0.weight,5,0.03,0.0026013485621660948,7.892712892498821e-05,7.804045890225098e-05,0.0026237887796014547,0.21262001991271973,0.977203369140625,0.1330619901418686,0.9911077618598938,1.678148692008108e-05,0.21262001991271973,0.0001574273337610066,95.17098236083984,False
3e-05,rms_layerwise,0,features.0.weight,10,0.03,0.006430087145417929,0.00019636254000943154,0.0001929026038851589,0.006522319279611111,0.2386167198419571,0.971178412437439,0.16623301804065704,0.9860865473747253,4.685538442572579e-05,0.2386167198419571,0.0003913391847163439,236.67523193359375,False
3e-05,rms_layerwise,0,features.0.weight,20,0.03,0.014394735917448997,0.0004487745463848114,0.000431842083344236,0.015050261281430721,0.2975604832172394,0.9547327160835266,0.2984871566295624,0.9544157981872559,0.00013353757094591856,0.2975604832172394,0.0009030156652443111,546.575439453125,False
3e-05,rms_layerwise,0,features.0.weight,40,0.03,0.02622663788497448,0.000922118138987571,0.0007867990643717349,0.031981926411390305,0.5323520302772522,0.8465495109558105,0.5900132656097412,0.8074911832809448,0.0004908914561383426,0.5323520302772522,0.001918915775604546,1162.54736328125,True
3e-05,rms_layerwise,0,features.0.weight,1,0.1,0.0003726509748958051,3.574832226149738e-05,3.726509748958051e-05,0.0003728980664163828,0.043734122067689896,0.9999460577964783,0.001972125144675374,0.9999982714653015,1.5634215060345014e-06,0.043734122067689896,7.457961328327656e-05,45.077911376953125,False
3e-05,rms_layerwise,0,features.0.weight,5,0.1,0.0026013485621660948,0.00025458878371864557,0.0002601348387543112,0.0026134904474020004,0.14943042397499084,0.9893056154251099,0.10284668952226639,0.9946973323822021,3.804330845014192e-05,0.14943042397499084,0.0005226980429142714,315.9914245605469,False
3e-05,rms_layerwise,0,features.0.weight,10,0.1,0.006430087145417929,0.0006354286451824009,0.0006430087378248572,0.0064755952917039394,0.17300096154212952,0.9852820038795471,0.12686872482299805,0.991919994354248,0.00010992976604029536,0.17300096154212952,0.001295118941925466,783.2657470703125,False
3e-05,rms_layerwise,0,features.0.weight,20,0.1,0.014394735917448997,0.0014496797230094671,0.0014394739409908652,0.01457061804831028,0.23532536625862122,0.9721394181251526,0.17202763259410858,0.9850962162017822,0.0003411463985685259,0.23532536625862122,0.0029141237027943134,1763.854736328125,True
3e-05,rms_layerwise,0,features.0.weight,40,0.1,0.02622663788497448,0.0028218640945851803,0.0026226637419313192,0.02762674167752266,0.42126527428627014,0.9072091579437256,0.3510906994342804,0.9364301562309265,0.001188753405585885,0.42126527428627014,0.005525348708033562,3347.45263671875,True
3e-05,rms_random_layerwise,0,random_layerwise_0,1,0.001,0.0009535349672660232,1.027283474286378e-06,9.535349931866222e-07,0.0009749149321578443,0.36873361468315125,0.9295359253883362,0.2035425752401352,0.9790666103363037,3.7879394199080707e-07,0.36873361468315125,1.949829766090261e-06,1.1785292625427246,False
3e-05,rms_random_layerwise,0,random_layerwise_0,5,0.001,0.007300642319023609,7.4325153036625125e-06,7.300642664631596e-06,0.007640491239726543,0.178322896361351,0.9839734435081482,0.29471713304519653,0.9555845856666565,1.3253876431917888e-06,0.178322896361351,1.5280982552212663e-05,9.23795223236084,False
3e-05,rms_random_layerwise,0,random_layerwise_0,10,0.001,0.01789567619562149,1.8163607819587924e-05,1.7895677956403233e-05,0.018447447568178177,0.17873793840408325,0.9838976860046387,0.2398470640182495,0.9708109498023987,3.2465259209857322e-06,0.17873793840408325,3.689489676617086e-05,22.31340217590332,False
3e-05,rms_random_layerwise,0,random_layerwise_0,20,0.001,0.038571134209632874,4.0499911847291514e-05,3.8571135519305244e-05,0.04104799032211304,0.2867765724658966,0.958014190196991,0.32732337713241577,0.9449269771575928,1.1614425602601841e-05,0.2867765724658966,8.209597581299022e-05,49.69088363647461,False
3e-05,rms_random_layerwise,0,random_layerwise_0,40,0.001,0.06614755094051361,0.000414381007431075,6.614755693590268e-05,0.216279536485672,0.986664891242981,0.16279606521129608,0.9502230882644653,0.3116242587566376,0.0004088551795575768,0.986664891242981,0.0004325590853113681,262.0596618652344,False
3e-05,rms_random_layerwise,0,random_layerwise_0,1,0.003,0.0009535349672660232,2.8881729576824e-06,2.86060480902961e-06,0.0009560697944834828,0.1422339230775833,0.9898333549499512,0.07566168904304504,0.9971335530281067,4.107961615318345e-07,0.1422339230775833,5.736418643209618e-06,3.467244863510132,False
3e-05,rms_random_layerwise,0,random_layerwise_0,5,0.003,0.007300642319023609,2.1984375052852556e-05,2.1901927539147437e-05,0.007339931093156338,0.08773795515298843,0.996143639087677,0.10751298069953918,0.9942038059234619,1.9288640942249913e-06,0.08773795515298843,4.40395888290368e-05,26.623655319213867,False
3e-05,rms_random_layerwise,0,random_layerwise_0,10,0.003,0.01789567619562149,5.427690120995976e-05,5.368702841224149e-05,0.017979200929403305,0.16750092804431915,0.9858773946762085,0.11590485274791718,0.9932625889778137,9.09143182070693e-06,0.16750092804431915,0.00010787520295707509,65.24107360839844,False
3e-05,rms_random_layerwise,0,random_layerwise_0,20,0.003,0.038571134209632874,0.00011887014261446893,0.00011571341019589454,0.0390947125852108,0.22487981617450714,0.974386990070343,0.17361369729042053,0.9848154783248901,2.6731497200671583e-05,0.22487981617450714,0.00023456827329937369,141.97900390625,False
3e-05,rms_random_layerwise,0,random_layerwise_0,40,0.003,0.06614755094051361,0.0004627502057701349,0.00019844266353175044,0.09714031219482422,0.9011766314506531,0.433476984500885,0.7273228764533997,0.6863163709640503,0.0004170196480117738,0.9011766314506531,0.0005828418070450425,353.1062927246094,False
3e-05,rms_random_layerwise,0,random_layerwise_0,1,0.01,0.0009535349672660232,9.543339729134459e-06,9.535348908684682e-06,0.0009537447476759553,0.0474291630089283,0.9988746047019958,0.023919913917779922,0.9997137188911438,4.526326335962949e-07,0.0474291630089283,1.9074894225923344e-05,11.529376029968262,False
3e-05,rms_random_layerwise,0,random_layerwise_0,5,0.01,0.007300642319023609,7.326527702389285e-05,7.300642027985305e-05,0.007312091067433357,0.08266037702560425,0.9965779185295105,0.05885157734155655,0.9982666373252869,6.0561355894606095e-06,0.08266037702560425,0.00014624181494582444,88.40889739990234,False
3e-05,rms_random_layerwise,0,random_layerwise_0,10,0.01,0.01789567619562149,0.00017956765077542514,0.0001789567613741383,0.0179305262863636,0.09445417672395706,0.9955297708511353,0.08192673325538635,0.9966393709182739,1.696091567282565e-05,0.09445417672395706,0.00035861050128005445,216.88148498535156,False
3e-05,rms_random_layerwise,0,random_layerwise_0,20,0.01,0.038571134209632874,0.0003893476095981896,0.0003857113479170948,0.03884609043598175,0.12573778629302979,0.9920644760131836,0.11690566688776016,0.9931430816650391,4.895570600638166e-05,0.12573778629302979,0.0007769218063913286,470.2536315917969,False
3e-05,rms_random_layerwise,0,random_layerwise_0,40,0.01,0.06614755094051361,0.0007988975266925991,0.0006614755257032812,0.07124064117670059,0.5582592487335205,0.8296682238578796,0.3645097315311432,0.9312034249305725,0.0004459919291548431,0.5582592487335205,0.0014248127117753029,863.2022094726562,False
3e-05,rms_random_layerwise,0,random_layerwise_0,1,0.03,0.0009535349672660232,2.8609585569938645e-05,2.8606045816559345e-05,0.0009536021971143782,0.01644265465438366,0.9998648762702942,0.008001240901648998,0.9999679923057556,4.7041754669407965e-07,0.01644265465438366,5.7216137065552175e-05,34.58296203613281,False
3e-05,rms_random_layerwise,0,random_layerwise_0,5,0.03,0.007300642319023609,0.00021919117716606706,0.00021901926083955914,0.007303931750357151,0.04106017202138901,0.999156653881073,0.02747969888150692,0.9996224045753479,9.00002760317875e-06,0.04106017202138901,0.0004382359329611063,264.9307556152344,False
3e-05,rms_random_layerwise,0,random_layerwise_0,10,0.03,0.01789567619562149,0.0005382613744586706,0.0005368702695704997,0.017907941713929176,0.06592492759227753,0.9978247284889221,0.047325070947408676,0.9988797307014465,3.548484164639376e-05,0.06592492759227753,0.0010744765168055892,649.8250122070312,False
3e-05,rms_random_layerwise,0,random_layerwise_0,20,0.03,0.038571134209632874,0.0011765967356041074,0.0011571339564397931,0.03877662494778633,0.17899762094020844,0.9838495254516602,0.1042596772313118,0.9945501089096069,0.00021060800645500422,0.17899762094020844,0.002326597459614277,1408.2381591796875,True
3e-05,rms_random_layerwise,0,random_layerwise_0,40,0.03,0.06614755094051361,0.002264494774863124,0.0019844265189021826,0.06975340843200684,0.48890456557273865,0.8723463416099548,0.3204135298728943,0.9472784399986267,0.00110712181776762,0.48890456557273865,0.0041852048598229885,2535.5458984375,True
3e-05,rms_random_layerwise,0,random_layerwise_0,1,0.1,0.0009535349672660232,9.5340445113834e-05,9.535349090583622e-05,0.0009535825811326504,0.013501130975782871,0.9999089241027832,0.0024335249327123165,0.9999970197677612,1.2872037586930674e-06,0.013501130975782871,0.00019071651331614703,115.27416229248047,False
3e-05,rms_random_layerwise,0,random_layerwise_0,5,0.1,0.007300642319023609,0.0007300881552509964,0.0007300642319023609,0.007303946651518345,0.031071145087480545,0.9995172023773193,0.01965061016380787,0.9998069405555725,2.268467505928129e-05,0.031071145087480545,0.0014607892371714115,883.104248046875,False
3e-05,rms_random_layerwise,0,random_layerwise_0,10,0.1,0.01789567619562149,0.0017892075702548027,0.0017895676428452134,0.01789124496281147,0.04508499428629875,0.9989839196205139,0.02977650985121727,0.999556839466095,8.06664174888283e-05,0.04508499428629875,0.0035782488994300365,2164.063720703125,True
3e-05,rms_random_layerwise,0,random_layerwise_0,20,0.1,0.038571134209632874,0.003860832890495658,0.003857113653793931,0.03856799751520157,0.0787472054362297,0.9968968033790588,0.05112408474087715,0.9986931681632996,0.00030402978882193565,0.0787472054362297,0.007713599130511284,4668.87158203125,True
3e-05,rms_random_layerwise,0,random_layerwise_0,40,0.1,0.06614755094051361,0.006897978018969297,0.0066147553734481335,0.06730956584215164,0.28945064544677734,0.9571945071220398,0.18839187920093536,0.9820941090583801,0.001996624283492565,0.28945064544677734,0.013461913913488388,8155.7060546875,True
0.0001,m,0,random_m_0,1,1e-06,982.4657592773438,0.000982466503046453,0.000982465804554522,982.466064453125,0.00027167145162820816,0.9999997615814209,0.00018657551845535636,1.0,2.6690810273066745e-07,0.00027167145162820816,0.001964932307600975,1187.667724609375,True
0.0001,m,0,random_m_0,5,1e-06,4015.733154296875,0.004015734419226646,0.0040157330222427845,4015.73486328125,0.0007715442916378379,0.9999997615814209,0.00017280649626627564,1.0,3.0983169381215703e-06,0.0007715442916378379,0.008031469769775867,4857.20751953125,True
0.0001,m,0,random_m_0,10,1e-06,6372.1865234375,0.006372195668518543,0.006372186820954084,6372.18896484375,0.0012677935883402824,0.9999991655349731,0.0002432661276543513,1.0,8.078628525254317e-06,0.0012677935883402824,0.012744379229843616,7715.06640625,True
0.0001,m,0,random_m_0,20,1e-06,8524.2568359375,0.010352975688874722,0.008524256758391857,9676.2900390625,0.5720281600952148,0.8202399015426636,0.47172605991363525,0.8817453980445862,0.005922193638980389,0.5720281600952148,0.01935257948935032,11728.4033203125,True
0.0001,m,0,random_m_0,40,1e-06,9427.025390625,0.032949477434158325,0.009427024982869625,20956.857421875,0.9571424126625061,0.28963902592658997,0.8914249539375305,0.4531809091567993,0.03153734281659126,0.9571424126625061,0.0419137142598629,25399.61328125,True
0.0001,m,0,random_m_0,1,3e-06,982.4657592773438,0.002947397530078888,0.0029473972972482443,982.4658203125,0.00011288057430647314,1.0,7.235519296955317e-05,1.0,3.3270393373641127e-07,0.00011288057430647314,0.005894794594496489,3563.001708984375,True
0.0001,m,0,random_m_0,5,3e-06,4015.733154296875,0.012047184631228447,0.01204719953238964,4015.734130859375,0.0002884426503442228,1.0,0.00018859970441553742,1.0,3.4749220958474325e-06,0.0002884426503442228,0.02409440279006958,14571.619140625,True
0.0001,m,0,random_m_0,10,3e-06,6372.1865234375,0.019118083640933037,0.019116559997200966,6371.4150390625,0.03584371134638786,0.9993575811386108,0.017926059663295746,0.9998393058776855,0.0006852630176581442,0.03584371134638786,0.038228489458560944,23142.384765625,True
0.0001,m,0,random_m_0,20,3e-06,8524.2568359375,0.02705780230462551,0.025572773069143295,8762.9677734375,0.33119115233421326,0.943564772605896,0.23255516588687897,0.9725832939147949,0.008961305022239685,0.33119115233421326,0.052577804774045944,31864.16015625,True
0.0001,m,0,random_m_0,40,3e-06,9427.025390625,0.04860014095902443,0.0282810777425766,12104.052734375,0.8142620921134949,0.5804990530014038,0.625010073184967,0.7806186676025391,0.03957325220108032,0.8142620921134949,0.0726243183016777,44010.16796875,True
0.0001,m,0,random_m_0,1,1e-05,982.4657592773438,0.009824657812714577,0.009824656881392002,982.4657592773438,4.1418908949708566e-05,1.0,2.4496439436916262e-05,1.0000001192092896,4.069266310580133e-07,4.1418908949708566e-05,0.019649315625429153,11876.6728515625,True
0.0001,m,0,random_m_0,5,1e-05,4015.733154296875,0.04015713930130005,0.04015733301639557,4015.734130859375,9.708296420285478e-05,0.9999998807907104,2.8334217859082855e-05,0.9999999403953552,3.898574050253956e-06,9.708296420285478e-05,0.08031468093395233,48572.06640625,True
0.0001,m,0,random_m_0,10,1e-05,6372.1865234375,0.06369637697935104,0.06372185796499252,6370.126953125,0.03125029802322388,0.9995120763778687,0.01562519185245037,0.9998781085014343,0.0019905308727174997,0.03125029802322388,0.12740254402160645,77125.6953125,True
0.0001,m,0,random_m_0,20,1e-05,8524.2568359375,0.08750245720148087,0.08524256944656372,8627.3388671875,0.2381950467824936,0.9712218046188354,0.1610223948955536,0.9869512915611267,0.020842652767896652,0.2381950467824936,0.17254675924777985,104569.9375,True
0.0001,m,0,random_m_0,40,1e-05,9427.025390625,0.11136312782764435,0.094270259141922,10223.6865234375,0.5477383136749268,0.8367070555686951,0.4003945589065552,0.9163606762886047,0.0609978549182415,0.5477383136749268,0.20447373390197754,123910.609375,True
0.0001,m,0,random_m_0,1,3e-05,982.4657592773438,0.02947397157549858,0.02947397157549858,982.4656982421875,1.5213971892080735e-05,1.0,8.536270797776524e-06,0.9999999403953552,4.4841615931545675e-07,1.5213971892080735e-05,0.05894794315099716,35630.015625,True
0.0001,m,0,random_m_0,5,3e-05,4015.733154296875,0.12034409493207932,0.1204719990491867,4013.50439453125,0.024716192856431007,0.999695360660553,0.01411719061434269,0.9999005198478699,0.0029744477942585945,0.024716192856431007,0.24081027507781982,145635.296875,True
0.0001,m,0,random_m_0,10,3e-05,6372.1865234375,0.19091561436653137,0.19116558134555817,6367.1728515625,0.036754198372364044,0.9993263483047485,0.022521667182445526,0.9997469186782837,0.007016949821263552,0.036754198372364044,0.38203033804893494,231269.75,True
0.0001,m,0,random_m_0,20,3e-05,8524.2568359375,0.25623154640197754,0.25572770833969116,8518.1416015625,0.11209598928689957,0.9937067627906799,0.07140399515628815,0.9974528551101685,0.028722530230879784,0.11209598928689957,0.511088490486145,309739.1875,True
0.0001,m,0,random_m_0,40,3e-05,9427.025390625,0.2917310893535614,0.2828107476234436,9555.6748046875,0.27957218885421753,0.9601693153381348,0.21989181637763977,0.9755857586860657,0.08155990391969681,0.27957218885421753,0.5733404755592346,347443.0,True
0.0001,m,0,random_m_0,1,0.0001,982.4657592773438,0.09824657440185547,0.09824657440185547,982.4657592773438,4.716411694971612e-06,1.0,2.5981007638620213e-06,0.9999999403953552,4.633713217572222e-07,4.716411694971612e-06,0.19649314880371094,118766.71875,True
0.0001,m,0,random_m_0,5,0.0001,4015.733154296875,0.40125399827957153,0.4015733003616333,4014.078857421875,0.01996448077261448,0.9998012781143188,0.009811028838157654,0.999951958656311,0.00801082793623209,0.01996448077261448,0.802815854549408,485520.5,True
0.0001,m,0,random_m_0,10,0.0001,6372.1865234375,0.6355512738227844,0.6372186541557312,6366.7763671875,0.03245924413204193,0.9994779825210571,0.02084486000239849,0.9997833967208862,0.020629514008760452,0.03245924413204193,1.2733553647994995,770851.3125,True
0.0001,m,0,random_m_0,20,0.0001,8524.2568359375,0.8457628488540649,0.8524256348609924,8452.583984375,0.08616286516189575,0.9963478446006775,0.06184413656592369,0.9981393218040466,0.07287334650754929,0.08616286516189575,1.690516710281372,1024517.8125,True
0.0001,m,0,random_m_0,40,0.0001,9427.025390625,0.9441141486167908,0.9427025318145752,9371.478515625,0.18948695063591003,0.9820215702056885,0.1657760739326477,0.9863576292991638,0.17889730632305145,0.18948695063591003,1.874295711517334,1135818.875,True
0.0001,m,0,random_m_0,1,0.0003,982.4657592773438,0.2947397232055664,0.2947397530078888,982.4657592773438,1.6182034414669033e-06,1.0,8.819129675430304e-07,1.0000001192092896,4.769488555211865e-07,1.6182034414669033e-06,0.5894794464111328,356300.15625,True
0.0001,m,0,random_m_0,5,0.0003,4015.733154296875,1.1952757835388184,1.2047200202941895,3999.314453125,0.04178077355027199,0.9991649389266968,0.020711371675133705,0.9997947812080383,0.04993954673409462,0.04178077355027199,2.3995885848999023,1451203.875,True
0.0001,m,0,random_m_0,10,0.0003,6372.1865234375,1.8648922443389893,1.9116560220718384,6260.0966796875,0.10015211254358292,0.9954141974449158,0.05775915086269379,0.9985187649726868,0.1867728978395462,0.10015211254358292,3.7560579776763916,2273805.25,True
0.0001,m,0,random_m_0,20,0.0003,8524.2568359375,2.4213151931762695,2.557277202606201,8158.71875,0.16186486184597015,0.9890890717506409,0.11056575179100037,0.995110273361206,0.3919258713722229,0.16186486184597015,4.895231246948242,2966697.5,True
0.0001,m,0,random_m_0,40,0.0003,9427.025390625,2.648688793182373,2.8281078338623047,8907.958984375,0.21041591465473175,0.9814157485961914,0.16749992966651917,0.9883486032485962,0.5573262572288513,0.21041591465473175,5.344775199890137,3238921.5,True
0.0001,m,0,random_m_0,1,0.001,982.4657592773438,0.9824658036231995,0.9824658036231995,982.4657592773438,4.985964210391103e-07,1.0,2.7935891466768226e-07,1.0000001192092896,4.89853903218318e-07,4.985964210391103e-07,1.964931607246399,1187667.25,True
0.0001,m,0,random_m_0,5,0.001,4015.733154296875,3.819622039794922,4.015733242034912,3847.952392578125,0.1865181028842926,0.9847086668014526,0.11323995143175125,0.9947671294212341,0.712428629398346,0.1865181028842926,7.695904731750488,4654267.0,True
0.0001,m,0,random_m_0,10,0.001,6372.1865234375,5.723938465118408,6.372186660766602,5790.810546875,0.27890729904174805,0.9708229303359985,0.20761267840862274,0.984994649887085,1.5964481830596924,0.27890729904174805,11.581621170043945,7011167.5,True
0.0001,m,0,random_m_0,20,0.001,8524.2568359375,7.252841472625732,8.52425765991211,7305.5751953125,0.36341968178749084,0.9568858742713928,0.30033963918685913,0.9732706546783447,2.6358251571655273,0.36341968178749084,14.611150741577148,8854916.0,True
0.0001,m,0,random_m_0,40,0.001,9427.025390625,7.8097825050354,9.42702579498291,7823.7216796875,0.4085732400417328,0.9486154913902283,0.3532162308692932,0.9656552076339722,3.1908679008483887,0.4085732400417328,15.647444725036621,9482315.0,True
0.0001,m,0,random_m_0,1,0.003,982.4657592773438,2.947397232055664,2.947397232055664,982.4657592773438,1.8197650319962122e-07,1.0000001192092896,1.2329017806678166e-07,1.0000001192092896,5.363570494409942e-07,1.8197650319962122e-07,5.894794464111328,3563001.75,True
0.0001,m,0,random_m_0,5,0.003,4015.733154296875,9.770426750183105,12.047200202941895,3311.9814453125,0.47715890407562256,0.9296937584877014,0.3928481936454773,0.9549770951271057,4.662045955657959,0.47715890407562256,19.871889114379883,12017961.0,True
0.0001,m,0,random_m_0,10,0.003,6372.1865234375,14.228918075561523,19.116559982299805,4801.72509765625,0.6434192657470703,0.8898415565490723,0.5619505643844604,0.921322762966156,9.155159950256348,0.6434192657470703,28.810348510742188,17440924.0,True
0.0001,m,0,random_m_0,20,0.003,8524.2568359375,17.62571144104004,25.572771072387695,5895.32177734375,0.7711262702941895,0.8651355504989624,0.6993108987808228,0.8996577262878418,13.591649055480957,0.7711262702941895,35.37192916870117,21436742.0,True
0.0001,m,0,random_m_0,40,0.003,9427.025390625,18.544279098510742,28.281076431274414,6174.97021484375,0.837892472743988,0.8602086901664734,0.7744420766830444,0.8944096565246582,15.53811264038086,0.837892472743988,37.04981994628906,22452106.0,True
0.0001,m,0,random_m_0,1,0.01,982.4657592773438,9.824657440185547,9.824657440185547,982.4656982421875,9.003503720350636e-08,1.0,8.005928719967415e-08,1.0,8.845634056342533e-07,9.003503720350636e-08,19.649314880371094,11876672.0,True
0.0001,m,0,random_m_0,5,0.01,4015.733154296875,25.390331268310547,40.15733337402344,2486.2939453125,0.8825863599777222,0.8606787323951721,0.8649922609329224,0.8855201005935669,22.409160614013672,0.8825863599777222,49.72587966918945,30072816.0,True
0.0001,m,0,random_m_0,10,0.01,6372.1865234375,35.03847122192383,63.721866607666016,3371.96142578125,1.184443712234497,0.7985404133796692,1.1943985223770142,0.8320097923278809,41.5010986328125,1.184443712234497,67.4392318725586,40825696.0,True
0.0001,m,0,random_m_0,20,0.01,8524.2568359375,40.91053771972656,85.24256896972656,3897.42822265625,1.4625349044799805,0.7684941291809082,1.501214623451233,0.8069811463356018,59.833091735839844,1.4625349044799805,77.94857025146484,47239816.0,True
0.0001,m,0,random_m_0,40,0.01,9427.025390625,42.38499450683594,94.27025604248047,4023.578857421875,1.5968139171600342,0.7636638283729553,1.6512541770935059,0.8029960989952087,67.68094635009766,1.5968139171600342,80.4715805053711,48765592.0,True
0.0001,rms_global,0,all_parameters,1,0.001,0.013510375283658504,1.3519315871235449e-05,1.3510376447811723e-05,0.013514561578631401,0.03385411575436592,0.9994267225265503,0.01702716201543808,0.999855101108551,4.576844787607115e-07,0.03385411575436592,2.7029123884858564e-05,16.337263107299805,False
0.0001,rms_global,0,all_parameters,5,0.001,0.1008521020412445,0.0001024261218844913,0.00010085209942189977,0.10320859402418137,0.19273366034030914,0.9812567234039307,0.25527575612068176,0.9669225215911865,1.9740960851777345e-05,0.19273366034030914,0.00020641718583647162,124.83531951904297,False
0.0001,rms_global,0,all_parameters,10,0.001,0.22400103509426117,0.0002367542329011485,0.00022400106536224484,0.23084397614002228,0.381985604763031,0.9244231581687927,0.32498711347579956,0.9460312724113464,9.043670434039086e-05,0.381985604763031,0.00046168797416612506,279.4920959472656,False
0.0001,rms_global,0,all_parameters,20,0.001,0.3824208378791809,0.0005425588460639119,0.0003824208688456565,3.052016019821167,0.7879124879837036,0.6214138269424438,0.9947234988212585,0.10464976727962494,0.00042748887790367007,0.7879124879837036,0.006104031577706337,3699.276611328125,True
0.0001,rms_global,0,all_parameters,40,0.001,0.571311354637146,0.010722244158387184,0.0005713113350793719,10.390764236450195,0.9991157054901123,0.043229300528764725,0.9995115399360657,0.0363718643784523,0.010712762363255024,0.9991157054901123,0.02078152820467949,12593.5576171875,True
0.0001,rms_global,0,all_parameters,1,0.003,0.013510375283658504,4.0493418055120856e-05,4.053112570545636e-05,0.013510682620108128,0.011432747356593609,0.9999351501464844,0.005717512685805559,0.9999837279319763,4.6295102151816536e-07,0.011432747356593609,8.106409950414672e-05,48.99772644042969,False
0.0001,rms_global,0,all_parameters,5,0.003,0.1008521020412445,0.0003044595068786293,0.0003025562909897417,0.10084842145442963,0.18733623623847961,0.9823618531227112,0.14112865924835205,0.9900417327880859,5.70362972212024e-05,0.18733623623847961,0.0006050905212759972,365.9417724609375,False
0.0001,rms_global,0,all_parameters,10,0.003,0.22400103509426117,0.0006805914454162121,0.0006720031378790736,0.22307227551937103,0.26596173644065857,0.9642606973648071,0.19822096824645996,0.9804443120956421,0.00018101127352565527,0.26596173644065857,0.0013384337071329355,810.247802734375,False
0.0001,rms_global,0,all_parameters,20,0.003,0.3824208378791809,0.004314613528549671,0.0011472625192254782,1.3580946922302246,0.9709176421165466,0.24073271453380585,0.9681360125541687,0.2521490454673767,0.0041891345754265785,0.9709176421165466,0.008148567751049995,4938.34375,True
0.0001,rms_global,0,all_parameters,40,0.003,0.571311354637146,0.02385782264173031,0.0017139340052381158,5.11079216003418,1.01016104221344,-0.10623935610055923,1.0012558698654175,0.04465197026729584,0.02410024218261242,1.01016104221344,0.030664751306176186,18582.767578125,True
0.0001,rms_global,0,all_parameters,1,0.01,0.013510375283658504,0.000134607995278202,0.000135103749926202,0.013510547578334808,0.005268682260066271,0.999992847442627,0.0017078837845474482,0.9999986290931702,7.092068017300335e-07,0.005268682260066271,0.00027021096320822835,163.32411193847656,False
0.0001,rms_global,0,all_parameters,5,0.01,0.1008521020412445,0.0010039974004030228,0.001008520950563252,0.10014355182647705,0.10977551341056824,0.9940117001533508,0.07338517904281616,0.9973511099815369,0.00011021432874258608,0.10977551341056824,0.0020028711296617985,1211.2802734375,True
0.0001,rms_global,0,all_parameters,10,0.01,0.22400103509426117,0.0022282972931861877,0.002240010304376483,0.2209548056125641,0.1894642859697342,0.9821592569351196,0.14830149710178375,0.9892465472221375,0.00042218275484628975,0.1894642859697342,0.004419095814228058,2675.1884765625,True
0.0001,rms_global,0,all_parameters,20,0.01,0.3824208378791809,0.006792355328798294,0.0038242083974182606,0.64591383934021,0.8607380986213684,0.5116346478462219,0.8458269238471985,0.5363578796386719,0.005846438929438591,0.8607380986213684,0.012918276712298393,7828.9697265625,True
0.0001,rms_global,0,all_parameters,40,0.01,0.571311354637146,0.03272087872028351,0.005713113117963076,2.1413536071777344,1.0065149068832397,0.049865882843732834,0.9932884573936462,0.15847089886665344,0.032934051007032394,1.0065149068832397,0.042827069759368896,25953.10546875,True
0.0001,rms_global,0,all_parameters,1,0.03,0.013510375283658504,0.00040082246414385736,0.0004053112643305212,0.013510843738913536,0.01214789878576994,0.9999889731407166,0.0005849196459166706,0.9999998211860657,4.869150870945305e-06,0.01214789878576994,0.0008106506429612637,489.98309326171875,False
0.0001,rms_global,0,all_parameters,5,0.03,0.1008521020412445,0.0029987902380526066,0.003025562735274434,0.1003289669752121,0.06039611995220184,0.998231828212738,0.048230983316898346,0.9988564848899841,0.00018111529061570764,0.06039611995220184,0.006019738502800465,3640.56884765625,True
0.0001,rms_global,0,all_parameters,10,0.03,0.22400103509426117,0.006594944279640913,0.0067200311459600925,0.2202947735786438,0.11471088975667953,0.9937196373939514,0.1170840859413147,0.9933983087539673,0.0007565119303762913,0.11471088975667953,0.013217686675488949,8001.5927734375,True
0.0001,rms_global,0,all_parameters,20,0.03,0.3824208378791809,0.012586425058543682,0.011472624726593494,0.42434796690940857,0.5695127248764038,0.8263790011405945,0.580256998538971,0.8186099529266357,0.007168129086494446,0.5695127248764038,0.025460876524448395,15430.2646484375,True
0.0001,rms_global,0,all_parameters,40,0.03,0.571311354637146,0.03621526062488556,0.017139339819550514,1.0412105321884155,0.9660866856575012,0.30707472562789917,0.9235525131225586,0.4083489179611206,0.034987080842256546,0.9660866856575012,0.0624726302921772,37858.26953125,True
0.0001,rms_global,0,all_parameters,1,0.1,0.013510375283658504,0.0013016286538913846,0.0013510375283658504,0.013515600934624672,0.04090907424688339,0.999888002872467,0.0019507571123540401,0.999998152256012,5.32484264113009e-05,0.04090907424688339,0.002703120233491063,1633.85205078125,True
0.0001,rms_global,0,all_parameters,5,0.1,0.1008521020412445,0.009839595295488834,0.01008521020412445,0.10034120082855225,0.051901452243328094,0.9989899396896362,0.03707006573677063,0.9993292093276978,0.0005106892785988748,0.051901452243328094,0.02006823942065239,12136.7080078125,True
0.0001,rms_global,0,all_parameters,10,0.1,0.22400103509426117,0.021825863048434258,0.022400105372071266,0.21967263519763947,0.1274745613336563,0.9924205541610718,0.09648185223340988,0.995625913143158,0.0027822423726320267,0.1274745613336563,0.04393452778458595,26596.650390625,True
0.0001,rms_global,0,all_parameters,20,0.1,0.3824208378791809,0.03812886402010918,0.03824208676815033,0.3735181987285614,0.43699967861175537,0.9048027992248535,0.3834892809391022,0.9284571409225464,0.016662301495671272,0.43699967861175537,0.0747036412358284,45273.265625,True
0.0001,rms_global,0,all_parameters,40,0.1,0.571311354637146,0.07042205333709717,0.05713113397359848,0.6238435506820679,0.9134166836738586,0.5077395439147949,0.8526275157928467,0.6069619059562683,0.06432467699050903,0.9134166836738586,0.1247687041759491,75609.546875,True
0.0001,rms_layerwise,0,features.0.weight,1,0.001,0.001242169993929565,1.2510977285273839e-06,1.242170014847943e-06,0.001245403429493308,0.09346560388803482,0.9956262111663818,0.046722277998924255,0.998909056186676,1.1693460777451037e-07,0.09346560388803482,2.4908069917728426e-06,1.5055230855941772,False
0.0001,rms_layerwise,0,features.0.weight,5,0.001,0.008447481319308281,1.9601924577727914e-05,8.447481377515942e-06,0.012501250952482224,0.9012560248374939,0.43329331278800964,0.733965277671814,0.6791959404945374,1.7666352505329996e-05,0.9012560248374939,2.5002504116855562e-05,15.12081241607666,False
0.0001,rms_layerwise,0,features.0.weight,10,0.001,0.020183973014354706,4.727827763417736e-05,2.0183975721010938e-05,0.03217780590057373,0.9035936594009399,0.42839300632476807,0.77239990234375,0.635185956954956,4.272035221219994e-05,0.9035936594009399,6.435560499085113e-05,38.958961486816406,False
0.0001,rms_layerwise,0,features.0.weight,20,0.001,0.041387055069208145,0.0002062575367745012,4.138705844525248e-05,0.11697043478488922,0.9800190925598145,0.19891104102134705,0.9346485137939453,0.35557714104652405,0.0002021363325184211,0.9800190925598145,0.00023394085292238742,141.777099609375,False
0.0001,rms_layerwise,0,features.0.weight,40,0.001,0.07115320861339569,0.00426689675077796,7.115321204764768e-05,3.9082157611846924,0.9995929598808289,0.03273976966738701,0.9998819231987,0.01558912917971611,0.004265159834176302,0.9995929598808289,0.007816431112587452,4736.7392578125,True
0.0001,rms_layerwise,0,features.0.weight,1,0.003,0.001242169993929565,3.7261158922774484e-06,3.726509703483316e-06,0.0012425300665199757,0.0314398929476738,0.9995057582855225,0.01603972539305687,0.9998713135719299,1.1714868719536753e-07,0.0314398929476738,7.455179911630694e-06,4.506148338317871,False
0.0001,rms_layerwise,0,features.0.weight,5,0.003,0.008447481319308281,3.297847433714196e-05,2.5342444132547826e-05,0.012098414823412895,0.632742166519165,0.7743852138519287,0.7154892683029175,0.6986237168312073,2.0866871636826545e-05,0.632742166519165,7.259048288688064e-05,43.90068817138672,False
0.0001,rms_layerwise,0,features.0.weight,10,0.003,0.020183973014354706,9.460499131819233e-05,6.0551916249096394e-05,0.02954743802547455,0.7659578323364258,0.6428973078727722,0.7229053974151611,0.6909920573234558,7.246343739097938e-05,0.7659578323364258,0.0001772846153471619,107.32280731201172,False
0.0001,rms_layerwise,0,features.0.weight,20,0.003,0.041387055069208145,0.00030097103444859385,0.0001241611607838422,0.2351973056793213,0.9152715802192688,0.4029516279697418,0.9844845533370972,0.1754721850156784,0.0002754702290985733,0.9152715802192688,0.00141118373721838,855.2313232421875,False
0.0001,rms_layerwise,0,features.0.weight,40,0.003,0.07115320861339569,0.006189631298184395,0.00021345962886698544,2.962714672088623,1.000760555267334,-0.004817191977053881,0.9967452883720398,0.14731036126613617,0.006194338668137789,1.000760555267334,0.017776288092136383,10772.3896484375,True
0.0001,rms_layerwise,0,features.0.weight,1,0.01,0.001242169993929565,1.2369489013508428e-05,1.2421698556863703e-05,0.0012419904815033078,0.010524476878345013,0.9999537467956543,0.0045846994034945965,0.9999894499778748,1.301823999710905e-07,0.010524476878345013,2.483980824763421e-05,15.013972282409668,False
0.0001,rms_layerwise,0,features.0.weight,5,0.01,0.008447481319308281,9.164679067907855e-05,8.447481377515942e-05,0.009107327088713646,0.42919784784317017,0.9033967852592468,0.38703450560569763,0.922081470489502,3.933460538974032e-05,0.42919784784317017,0.0001821465411921963,110.15711975097656,False
0.0001,rms_layerwise,0,features.0.weight,10,0.01,0.020183973014354706,0.0002352758019696921,0.0002018397208303213,0.02290457859635353,0.5530140995979309,0.8335279226303101,0.48337727785110474,0.8754311203956604,0.00013011082774028182,0.5530140995979309,0.0004580915265250951,277.3149108886719,False
0.0001,rms_layerwise,0,features.0.weight,20,0.01,0.041387055069208145,0.0012516676215454936,0.00041387052624486387,0.2756781578063965,0.9471029043197632,0.32107314467430115,0.9898204803466797,0.1425238996744156,0.00118545803707093,0.9471029043197632,0.005513562820851803,3341.429931640625,True
0.0001,rms_layerwise,0,features.0.weight,40,0.01,0.07115320861339569,0.010959841310977936,0.0007115320768207312,1.0168631076812744,1.001529335975647,0.008887816220521927,0.9920841455459595,0.147666797041893,0.01097660232335329,1.001529335975647,0.020337263122200966,12324.333984375,True
0.0001,rms_layerwise,0,features.0.weight,1,0.03,0.001242169993929565,3.6802259273827076e-05,3.726509748958051e-05,0.0012421472929418087,0.013384034857153893,0.9999897480010986,0.0016273075016215444,0.9999986886978149,4.92562719500711e-07,0.013384034857153893,7.452884165104479e-05,45.047607421875,False
0.0001,rms_layerwise,0,features.0.weight,5,0.03,0.008447481319308281,0.0002575686667114496,0.00025342442677356303,0.008594832383096218,0.2707541286945343,0.9628783464431763,0.215035080909729,0.9766261577606201,6.973778363317251e-05,0.2707541286945343,0.0005156898987479508,311.8747863769531,False
0.0001,rms_layerwise,0,features.0.weight,10,0.03,0.020183973014354706,0.0006349770701490343,0.0006055192206986248,0.020939288660883904,0.36987757682800293,0.929395854473114,0.29369115829467773,0.9559338092803955,0.00023486379359383136,0.36987757682800293,0.0012563572963699698,760.5611572265625,False
0.0001,rms_layerwise,0,features.0.weight,20,0.03,0.041387055069208145,0.005960918962955475,0.001241611666046083,0.13699090480804443,0.978803277015686,0.2048327475786209,0.9556112885475159,0.2947232127189636,0.00583456689491868,0.978803277015686,0.008219454437494278,4981.3037109375,True
0.0001,rms_layerwise,0,features.0.weight,40,0.03,0.07115320861339569,0.028840528801083565,0.002134596463292837,0.5016415119171143,1.0025453567504883,0.002572546014562249,0.9906812310218811,0.13631249964237213,0.028913939371705055,1.0025453567504883,0.03009849041700363,18239.615234375,True
0.0001,rms_layerwise,0,features.0.weight,1,0.1,0.001242169993929565,0.00011917249503312632,0.00012421699648257345,0.0012430623173713684,0.04350775480270386,0.9999514818191528,0.0013103424571454525,0.9999993443489075,5.184927431400865e-06,0.04350775480270386,0.0002486124576535076,150.269287109375,False
0.0001,rms_layerwise,0,features.0.weight,5,0.1,0.008447481319308281,0.0008352203294634819,0.0008447481086477637,0.008501279167830944,0.20797643065452576,0.9786810874938965,0.13515466451644897,0.9908286333084106,0.0001737061538733542,0.20797643065452576,0.0017002560198307037,1028.26708984375,True
0.0001,rms_layerwise,0,features.0.weight,10,0.1,0.020183973014354706,0.0020412418525666,0.0020183974411338568,0.02056325227022171,0.30506446957588196,0.9530044794082642,0.22610948979854584,0.9741300940513611,0.0006227103294804692,0.30506446957588196,0.00411265017464757,2489.675537109375,True
0.0001,rms_layerwise,0,features.0.weight,20,0.1,0.041387055069208145,0.008346689864993095,0.004138705786317587,0.06509479880332947,0.8802967667579651,0.47488629817962646,0.7832402586936951,0.6218748688697815,0.007347563747316599,0.8802967667579651,0.013018959201872349,7889.9873046875,True
0.0001,rms_layerwise,0,features.0.weight,40,0.1,0.07115320861339569,0.03341660648584366,0.007115321233868599,0.20133791863918304,0.9911638498306274,0.14777840673923492,0.9490275382995605,0.31725871562957764,0.03312133252620697,0.9911638498306274,0.04026758298277855,24402.0625,True
0.0001,rms_random_layerwise,0,random_layerwise_0,1,0.001,0.0031784498132765293,3.2076752631837735e-06,3.178450015184353e-06,0.0031874636188149452,0.1295328289270401,0.9915753602981567,0.06879297643899918,0.9976310133934021,4.1549927232154005e-07,0.1295328289270401,6.374927124852547e-06,3.8532092571258545,False
0.0001,rms_random_layerwise,0,random_layerwise_0,5,0.001,0.02403263747692108,2.4177237719413824e-05,2.403263897576835e-05,0.02449873276054859,0.14540895819664001,0.9893825650215149,0.21329830586910248,0.9769951105117798,3.5155867408320773e-06,0.14540895819664001,4.899746272712946e-05,29.63228988647461,False
0.0001,rms_random_layerwise,0,random_layerwise_0,10,0.001,0.05728057399392128,6.363915599649772e-05,5.7280580222141e-05,0.060567885637283325,0.43110573291778564,0.9023041129112244,0.32461750507354736,0.9458454847335815,2.7435204174253158e-05,0.43110573291778564,0.00012113577395211905,73.33197784423828,False
0.0001,rms_random_layerwise,0,random_layerwise_0,20,0.001,0.11182557791471481,0.00013779439905192703,0.00011182558228028938,0.15442544221878052,0.5676374435424805,0.8233636617660522,0.6888422966003418,0.7249116897583008,7.821726467227563e-05,0.5676374435424805,0.0003088508965447545,187.1754608154297,False
0.0001,rms_random_layerwise,0,random_layerwise_0,40,0.001,0.16200578212738037,0.0072267381474375725,0.0001620057737454772,3.8545565605163574,0.9997867345809937,0.02072576805949211,0.9990821480751038,0.04284262657165527,0.007225196808576584,0.9997867345809937,0.007709112949669361,4671.70458984375,True
0.0001,rms_random_layerwise,0,random_layerwise_0,1,0.003,0.0031784498132765293,9.54650568019133e-06,9.535348908684682e-06,0.00317981094121933,0.04713913053274155,0.998888373374939,0.023943666368722916,0.9997133016586304,4.5001399939792464e-07,0.04713913053274155,1.907886689878069e-05,11.531875610351562,False
0.0001,rms_random_layerwise,0,random_layerwise_0,5,0.003,0.02403263747692108,7.240302511490881e-05,7.209791510831565e-05,0.024262385442852974,0.1103036031126976,0.9938997626304626,0.13351520895957947,0.9910468459129333,7.986314813024364e-06,0.1103036031126976,0.00014557431859429926,88.03926086425781,False
0.0001,rms_random_layerwise,0,random_layerwise_0,10,0.003,0.05728057399392128,0.00018097617430612445,0.00017184173339046538,0.05878811702132225,0.30188462138175964,0.9533522129058838,0.2207740992307663,0.9753255248069763,5.463392517413013e-05,0.30188462138175964,0.0003527286753524095,213.53140258789062,False
0.0001,rms_random_layerwise,0,random_layerwise_0,20,0.003,0.11182557791471481,0.0004299718129914254,0.00033547673956491053,0.1212516501545906,0.6146222352981567,0.78886878490448,0.38246670365333557,0.9239709377288818,0.00026427023112773895,0.6146222352981567,0.0007275098469108343,440.8988037109375,False
0.0001,rms_random_layerwise,0,random_layerwise_0,40,0.003,0.16200578212738037,0.008925564587116241,0.0004860173212364316,1.612884283065796,0.9985809326171875,0.05327007919549942,0.9948455095291138,0.10140703618526459,0.008912898600101471,0.9985809326171875,0.009677305817604065,5864.4248046875,True
0.0001,rms_random_layerwise,0,random_layerwise_0,1,0.01,0.0031784498132765293,3.178891711286269e-05,3.1784496968612075e-05,0.0031786842737346888,0.01431434415280819,0.9998973608016968,0.0072020068764686584,0.9999740719795227,4.550375081180391e-07,0.01431434415280819,6.35736869298853e-05,38.42596435546875,False
0.0001,rms_random_layerwise,0,random_layerwise_0,5,0.01,0.02403263747692108,0.0002443460689391941,0.00024032636429183185,0.024211186915636063,0.15693138539791107,0.9876179695129395,0.10011141002178192,0.9949789047241211,3.834556628135033e-05,0.15693138539791107,0.00048422368126921356,292.8448791503906,False
0.0001,rms_random_layerwise,0,random_layerwise_0,10,0.01,0.05728057399392128,0.0005870664026588202,0.0005728057585656643,0.058034349232912064,0.19801653921604156,0.9802090525627136,0.14956411719322205,0.9887535572052002,0.00011624886246863753,0.19801653921604156,0.0011606869520619512,702.6452026367188,False
0.0001,rms_random_layerwise,0,random_layerwise_0,20,0.01,0.11182557791471481,0.004734896123409271,0.0011182557791471481,0.25795918703079224,0.9704135060310364,0.24150794744491577,0.8993510603904724,0.4372432827949524,0.004594807047396898,0.9704135060310364,0.005159183405339718,3126.66259765625,True
0.0001,rms_random_layerwise,0,random_layerwise_0,40,0.01,0.16200578212738037,0.023077651858329773,0.0016200576210394502,1.188331961631775,0.9958038926124573,0.09474799782037735,0.9882048964500427,0.15417280793190002,0.022980814799666405,0.9958038926124573,0.023766638711094856,14402.5283203125,True
0.0001,rms_random_layerwise,0,random_layerwise_0,1,0.03,0.0031784498132765293,9.535021672490984e-05,9.535349090583622e-05,0.003178537357598543,0.00607127882540226,0.9999815225601196,0.0024041063152253628,0.9999970197677612,5.788977546217211e-07,0.00607127882540226,0.00019071224960498512,115.2725601196289,False
0.0001,rms_random_layerwise,0,random_layerwise_0,5,0.03,0.02403263747692108,0.0007235492230392992,0.000720979121979326,0.02409977652132511,0.0782773420214653,0.9969316124916077,0.07017519325017929,0.9975346326828003,5.663751289830543e-05,0.0782773420214653,0.0014459865633398294,874.4920654296875,False
0.0001,rms_random_layerwise,0,random_layerwise_0,10,0.03,0.05728057399392128,0.0017308882670477033,0.0017184172756969929,0.057543978095054626,0.11685942113399506,0.9931485056877136,0.09289127588272095,0.9956764578819275,0.00020227060304023325,0.11685942113399506,0.0034526388626545668,2090.12451171875,True
0.0001,rms_random_layerwise,0,random_layerwise_0,20,0.03,0.11182557791471481,0.00680554611608386,0.0033547673374414444,0.15531575679779053,0.8677082061767578,0.4970911741256714,0.6921880841255188,0.7217192649841309,0.005905228201299906,0.8677082061767578,0.009318945929408073,5647.6376953125,True
0.0001,rms_random_layerwise,0,random_layerwise_0,40,0.03,0.16200578212738037,0.027582524344325066,0.004860172979533672,0.5682859420776367,0.9816403985023499,0.1913406252861023,0.9576238393783569,0.2880368232727051,0.02707611955702305,0.9816403985023499,0.034097157418727875,20662.798828125,True
0.0001,rms_random_layerwise,0,random_layerwise_0,1,0.1,0.0031784498132765293,0.0003177976468577981,0.0003178449987899512,0.003178571118041873,0.012691738083958626,0.9999194741249084,0.0007350599626079202,0.9999996423721313,4.033404366055038e-06,0.012691738083958626,0.0006357142119668424,384.2459411621094,False
0.0001,rms_random_layerwise,0,random_layerwise_0,5,0.1,0.02403263747692108,0.0024053037632256746,0.002403263933956623,0.024062540382146835,0.04059506207704544,0.9991756081581116,0.03703340142965317,0.9993142485618591,9.764346032170579e-05,0.04059506207704544,0.0048125083558261395,2910.469970703125,True
0.0001,rms_random_layerwise,0,random_layerwise_0,10,0.1,0.05728057399392128,0.005964125972241163,0.00572805805131793,0.05795040354132652,0.2796068787574768,0.9601146578788757,0.1504390984773636,0.9886192083358765,0.001667610602453351,0.2796068787574768,0.011590080335736275,7016.28857421875,True
0.0001,rms_random_layerwise,0,random_layerwise_0,20,0.1,0.11182557791471481,0.014213057234883308,0.011182558722794056,0.1208115965127945,0.6122106909751892,0.7907044291496277,0.3714729845523834,0.9284481406211853,0.008701384998857975,0.6122106909751892,0.02416232042014599,14643.2900390625,True
0.0001,rms_random_layerwise,0,random_layerwise_0,40,0.1,0.16200578212738037,0.042882636189460754,0.016200577840209007,0.27335023880004883,0.9335449934005737,0.3589545786380768,0.8187406063079834,0.5744525790214539,0.040032871067523956,0.9335449934005737,0.054670050740242004,33129.92578125,True
0.0003,m,0,random_m_0,1,1e-06,2947.3974609375,0.002947397530078888,0.0029473972972482443,2947.397216796875,0.00011372813605703413,1.0,7.245749293360859e-05,1.0,3.352020314650872e-07,0.00011372813605703413,0.005894794128835201,3563.075927734375,True
0.0003,m,0,random_m_0,5,1e-06,12024.8798828125,0.012024685740470886,0.01202488038688898,12109.345703125,0.00036854625795967877,0.9999998807907104,0.10665883868932724,0.9942964315414429,4.431652996572666e-06,0.00036854625795967877,0.024218691512942314,14657.197265625,True
0.0003,m,0,random_m_0,10,1e-06,18911.466796875,0.019265316426753998,0.018911467865109444,19310.62890625,0.1791500598192215,0.9838241338729858,0.2047511637210846,0.9788141846656799,0.0034513825085014105,0.1791500598192215,0.03862125799059868,23397.462890625,True
0.0003,m,0,random_m_0,20,1e-06,24691.388671875,0.05509575828909874,0.0246913880109787,39890.83203125,0.8961638808250427,0.44374510645866394,0.7885400652885437,0.6149961948394775,0.04937482997775078,0.8961638808250427,0.0797816589474678,48285.57421875,True
0.0003,m,0,random_m_0,40,1e-06,27675.21484375,0.1532185971736908,0.027675213292241096,103979.3671875,0.9906283617019653,0.14195354282855988,0.9741095900535583,0.22909468412399292,0.15178269147872925,0.9906283617019653,0.20795872807502747,124837.0234375,True
0.0003,m,0,random_m_0,1,3e-06,2947.3974609375,0.008842194452881813,0.008842192590236664,2947.398193359375,4.572936813929118e-05,1.0,2.6987363526131958e-05,1.0,4.043479577831022e-07,4.572936813929118e-05,0.017684388905763626,10689.2314453125,True
0.0003,m,0,random_m_0,5,3e-06,12024.8798828125,0.0360729917883873,0.03607464209198952,12038.8017578125,0.0010713044321164489,0.9999993443489075,0.0366591177880764,0.9993278980255127,3.864515383611433e-05,0.0010713044321164489,0.07223281264305115,43715.43359375,True
0.0003,m,0,random_m_0,10,3e-06,18911.466796875,0.056858692318201065,0.05673440173268318,18956.427734375,0.06995418667793274,0.9975501894950867,0.0706985741853714,0.9974977374076843,0.003977503627538681,0.06995418667793274,0.11373856663703918,68904.8984375,True
0.0003,m,0,random_m_0,20,3e-06,24691.388671875,0.09313234686851501,0.0740741640329361,26032.25,0.627126157283783,0.7790877819061279,0.35833269357681274,0.9337108731269836,0.05840573459863663,0.627126157283783,0.15619347989559174,94531.6484375,True
0.0003,m,0,random_m_0,40,3e-06,27675.21484375,0.212660014629364,0.08302564173936844,48075.3125,0.9485582709312439,0.32358023524284363,0.8514139652252197,0.5267683863639832,0.20172041654586792,0.9485582709312439,0.2884518504142761,173156.8125,True
0.0003,m,0,random_m_0,1,1e-05,2947.3974609375,0.02947397343814373,0.02947397343814373,2947.3974609375,1.5306713976315223e-05,1.0000001192092896,8.513038665114436e-06,1.0,4.511496740633447e-07,1.5306713976315223e-05,0.05894794687628746,35630.76171875,True
0.0003,m,0,random_m_0,5,1e-05,12024.8798828125,0.12023086100816727,0.12024879455566406,12028.28125,0.0030349534936249256,0.9999954700469971,0.012163965962827206,0.999925971031189,0.0003648950660135597,0.0030349534936249256,0.24056562781333923,145590.765625,True
0.0003,m,0,random_m_0,10,1e-05,18911.466796875,0.1899968534708023,0.18911466002464294,18922.2578125,0.11449359357357025,0.9934259653091431,0.06345825642347336,0.9979855418205261,0.021753422915935516,0.11449359357357025,0.3784451484680176,229268.984375,True
0.0003,m,0,random_m_0,20,1e-05,24691.388671875,0.2824676036834717,0.2469138652086258,25387.265625,0.5164270997047424,0.8565123677253723,0.3202827274799347,0.9476503133773804,0.14587391912937164,0.5164270997047424,0.5077453851699829,307298.4375,True
0.0003,m,0,random_m_0,40,1e-05,27675.21484375,0.4519885778427124,0.27675214409828186,33658.2265625,0.8440712690353394,0.5409561395645142,0.6565588712692261,0.7570838928222656,0.38151058554649353,0.8440712690353394,0.6731644868850708,404098.71875,True
0.0003,m,0,random_m_0,1,3e-05,2947.3974609375,0.08842191845178604,0.08842191845178604,2947.397216796875,5.282895017444389e-06,1.0000001192092896,2.894613089665654e-06,1.0000001192092896,4.6712369794477127e-07,5.282895017444389e-06,0.17684383690357208,106892.28125,True
0.0003,m,0,random_m_0,5,3e-05,12024.8798828125,0.36076462268829346,0.3607463836669922,12028.15625,0.02001909539103508,0.9997996091842651,0.011476981453597546,0.999934196472168,0.007222181186079979,0.02001909539103508,0.7216894030570984,436767.78125,True
0.0003,m,0,random_m_0,10,3e-05,18911.466796875,0.565729022026062,0.5673439502716064,18882.162109375,0.073917917907238,0.997279942035675,0.04523690417408943,0.9989795684814453,0.04181751236319542,0.073917917907238,1.132929801940918,686349.5625,True
0.0003,m,0,random_m_0,20,3e-05,24691.388671875,0.7549573183059692,0.7407415509223938,24845.498046875,0.28252112865448,0.9595057368278503,0.18891622126102448,0.982063353061676,0.21329139173030853,0.28252112865448,1.4907299280166626,902221.8125,True
0.0003,m,0,random_m_0,40,3e-05,27675.21484375,1.0409603118896484,0.830256462097168,30392.400390625,0.7298667430877686,0.691736102104187,0.5588093400001526,0.8329254984855652,0.7597623467445374,0.7298667430877686,1.8235441446304321,1094668.25,True
0.0003,m,0,random_m_0,1,0.0001,2947.3974609375,0.2947397530078888,0.2947397232055664,2947.3974609375,1.613187009752437e-06,1.0,8.798432418188895e-07,1.0,4.7547032977490744e-07,1.613187009752437e-06,0.5894794464111328,356307.59375,True
0.0003,m,0,random_m_0,5,0.0001,12024.8798828125,1.1938025951385498,1.2024879455566406,11981.3779296875,0.059071242809295654,0.9982941746711731,0.032475829124450684,0.9994811415672302,0.07051940262317657,0.059071242809295654,2.396275520324707,1450230.5,True
0.0003,m,0,random_m_0,10,0.0001,18911.466796875,1.8514808416366577,1.8911466598510742,18581.9296875,0.12563997507095337,0.9924975037574768,0.0774940773844719,0.997204065322876,0.2326200008392334,0.12563997507095337,3.716385841369629,2251454.25,True
0.0003,m,0,random_m_0,20,0.0001,24691.388671875,2.4114911556243896,2.4691388607025146,23983.7109375,0.24243485927581787,0.9715777635574341,0.17660294473171234,0.9852755665779114,0.5846295356750488,0.24243485927581787,4.796741962432861,2903091.25,True
0.0003,m,0,random_m_0,40,0.0001,27675.21484375,2.7909395694732666,2.767521381378174,26981.935546875,0.5230504274368286,0.8620872497558594,0.4108700454235077,0.9180290699005127,1.4598021507263184,0.5230504274368286,5.396386623382568,3239435.5,True
0.0003,m,0,random_m_0,1,0.0003,2947.3974609375,0.884219229221344,0.8842192888259888,2947.3974609375,5.50665561149799e-07,1.0000001192092896,3.046517633720214e-07,1.0,4.86909073060815e-07,5.50665561149799e-07,1.7684385776519775,1068923.0,True
0.0003,m,0,random_m_0,5,0.0003,12024.8798828125,3.4651482105255127,3.607464075088501,11582.1728515625,0.15502363443374634,0.9892680644989014,0.10166032612323761,0.9957264065742493,0.5371798276901245,0.15502363443374634,6.94930362701416,4205731.5,True
0.0003,m,0,random_m_0,10,0.0003,18911.466796875,5.164981365203857,5.673439979553223,17382.251953125,0.24573951959609985,0.9769234657287598,0.18644532561302185,0.9875814318656921,1.2692400217056274,0.24573951959609985,10.429351806640625,6318291.5,True
0.0003,m,0,random_m_0,20,0.0003,24691.388671875,6.393588542938232,7.407416343688965,21472.1875,0.35139086842536926,0.9575636386871338,0.2897332012653351,0.973272979259491,2.2466485500335693,0.35139086842536926,12.883312225341797,7797257.5,True
0.0003,m,0,random_m_0,40,0.0003,27675.21484375,6.955235481262207,8.30256462097168,22870.580078125,0.5520341992378235,0.8880735039710999,0.47320953011512756,0.9257097244262695,3.8395278453826904,0.5520341992378235,13.722347259521484,8237485.5,True
0.0003,m,0,random_m_0,1,0.001,2947.3974609375,2.9473977088928223,2.9473977088928223,2947.397705078125,1.8190146988672495e-07,1.0,1.26286636259465e-07,0.9999998807907104,5.361359853850445e-07,1.8190146988672495e-07,5.8947954177856445,3563076.75,True
0.0003,m,0,random_m_0,5,0.001,12024.8798828125,9.649969100952148,12.024880409240723,9800.65234375,0.48735669255256653,0.9289993047714233,0.4066423177719116,0.953603208065033,4.702977180480957,0.48735669255256653,19.60130500793457,11862747.0,True
0.0003,m,0,random_m_0,10,0.001,18911.466796875,13.635245323181152,18.911466598510742,13768.4541015625,0.6732589602470398,0.8905719518661499,0.59427809715271,0.9222308993339539,9.18005084991455,0.6732589602470398,27.536909103393555,16682362.0,True
0.0003,m,0,random_m_0,20,0.001,24691.388671875,16.15631866455078,24.691389083862305,16077.6572265625,0.8253912329673767,0.868417501449585,0.7600709795951843,0.9053654074668884,13.335283279418945,0.8253912329673767,32.15531539916992,19461088.0,True
0.0003,m,0,random_m_0,40,0.001,27675.21484375,16.981725692749023,27.675214767456055,16722.083984375,0.9797987341880798,0.8271233439445496,0.9303250908851624,0.8681376576423645,16.638673782348633,0.9797987341880798,33.44416427612305,20076436.0,True
0.0003,m,0,random_m_0,1,0.003,2947.3974609375,8.842192649841309,8.842192649841309,2947.3974609375,9.361634312199385e-08,1.0,8.769537629405022e-08,1.0,8.277737038042687e-07,9.361634312199385e-08,17.684385299682617,10689229.0,True
0.0003,m,0,random_m_0,5,0.003,12024.8798828125,22.857139587402344,36.07463836669922,7493.10693359375,0.8649148941040039,0.8689426779747009,0.844559371471405,0.891728401184082,19.769479751586914,0.8649148941040039,44.95863723754883,27209052.0,True
0.0003,m,0,random_m_0,10,0.003,18911.466796875,29.32464027404785,56.734397888183594,9544.9921875,1.2565104961395264,0.8177617192268372,1.2508646249771118,0.8481505513191223,36.846717834472656,1.2565104961395264,57.269954681396484,34695184.0,True
0.0003,m,0,random_m_0,20,0.003,24691.388671875,32.58890151977539,74.07416534423828,10573.5087890625,1.6022745370864868,0.7917307019233704,1.6102097034454346,0.8265718817710876,52.21636962890625,1.6022745370864868,63.4410514831543,38395888.0,True
0.0003,m,0,random_m_0,40,0.003,27675.21484375,33.65719223022461,83.02564239501953,10896.6025390625,1.83089280128479,0.7566366791725159,1.8495465517044067,0.7933240532875061,61.622711181640625,1.83089280128479,65.3796157836914,39247196.0,True
0.0003,m,0,random_m_0,1,0.01,2947.3974609375,29.47397232055664,29.47397232055664,2947.3974609375,7.57500870918193e-08,1.0000001192092896,7.496754506064462e-08,1.0,2.232655788247939e-06,7.57500870918193e-08,58.94794464111328,35630760.0,True
0.0003,m,0,random_m_0,5,0.01,12024.8798828125,40.91722869873047,120.24879455566406,3947.09716796875,2.1137094497680664,0.8794240951538086,2.1733880043029785,0.9121285080909729,86.48713684082031,2.1137094497680664,78.94194793701172,47775816.0,True
0.0003,m,0,random_m_0,10,0.01,18911.466796875,47.840179443359375,189.1146697998047,4474.43896484375,3.2080307006835938,0.8012987375259399,3.4132585525512695,0.8533473610877991,153.47276306152344,3.2080307006835938,89.48877716064453,54213936.0,True
0.0003,m,0,random_m_0,20,0.01,24691.388671875,53.69532012939453,246.91387939453125,4869.70751953125,3.9135682582855225,0.7425903081893921,4.301023483276367,0.8096199631690979,210.1403045654297,3.9135682582855225,97.39414978027344,58945032.0,True
0.0003,m,0,random_m_0,40,0.01,27675.21484375,56.40781784057617,276.75213623046875,5044.31982421875,4.274705410003662,0.6928278803825378,4.7666916847229,0.7636463642120361,241.12680053710938,4.274705410003662,100.88640594482422,60561820.0,True
0.0003,rms_global,0,all_parameters,1,0.001,0.04053112864494324,4.051990254083648e-05,4.0531132981413975e-05,0.0405326671898365,0.011378368362784386,0.9999354481697083,0.005718122236430645,0.9999837279319763,4.6105037654342595e-07,0.011378368362784386,8.106533641694114e-05,48.99949645996094,False
0.0003,rms_global,0,all_parameters,5,0.001,0.27225181460380554,0.00028639871743507683,0.0002722518111113459,0.27971360087394714,0.3768671154975891,0.9265788793563843,0.34183648228645325,0.940338134765625,0.00010793426190502942,0.3768671154975891,0.0005594271933659911,338.5663757324219,False
0.0003,rms_global,0,all_parameters,10,0.001,0.525132417678833,0.0013912356225773692,0.0005251324037089944,1.389072299003601,0.9399821758270264,0.34296292066574097,0.9369530081748962,0.3505365252494812,0.0013077366165816784,0.9399821758270264,0.0027781445533037186,1683.0506591796875,True
0.0003,rms_global,0,all_parameters,20,0.001,0.9521996974945068,0.014041255228221416,0.0009521997417323291,15.804634094238281,0.9971731901168823,0.07553276419639587,1.0000381469726562,0.029490219429135323,0.01400156319141388,0.9971731901168823,0.03160926699638367,19130.607421875,True
0.0003,rms_global,0,all_parameters,40,0.001,1.8851159811019897,0.08533300459384918,0.0018851161003112793,72.88200378417969,0.9992164969444275,0.046497274190187454,1.0002108812332153,0.004779817070811987,0.08526615053415298,0.9992164969444275,0.14576400816440582,87501.71875,True
0.0003,rms_global,0,all_parameters,1,0.003,0.04053112864494324,0.00012145987420808524,0.0001215933880303055,0.0405312106013298,0.003980651032179594,0.9999926090240479,0.0019029101822525263,0.999998152256012,4.834893729821488e-07,0.003980651032179594,0.00024318724172189832,146.99319458007812,False
0.0003,rms_global,0,all_parameters,5,0.003,0.27225181460380554,0.0008279209723696113,0.0008167554042302072,0.27058205008506775,0.28059831261634827,0.9601863622665405,0.22379431128501892,0.975130558013916,0.00023231323575600982,0.28059831261634827,0.0016234922222793102,982.54052734375,False
0.0003,rms_global,0,all_parameters,10,0.003,0.525132417678833,0.004723658319562674,0.0015753972111269832,1.0121053457260132,0.9530792236328125,0.30414238572120667,0.8820602297782898,0.47333088517189026,0.00450202077627182,0.9530792236328125,0.006072632502764463,3678.91162109375,True
0.0003,rms_global,0,all_parameters,20,0.003,0.9521996974945068,0.044902361929416656,0.0028565991669893265,7.772980213165283,1.0089309215545654,-0.10920033603906631,1.0183660984039307,-0.09005201607942581,0.045303378254175186,1.0089309215545654,0.0466378815472126,28226.248046875,True
0.0003,rms_global,0,all_parameters,40,0.003,1.8851159811019897,0.17098280787467957,0.005655348300933838,28.290651321411133,1.0023212432861328,-0.05372233688831329,1.0085740089416504,-0.09590932726860046,0.1713797003030777,1.0023212432861328,0.16974389553070068,101896.7734375,True
0.0003,rms_global,0,all_parameters,1,0.01,0.04053112864494324,0.00040381395956501365,0.0004053112934343517,0.04053150862455368,0.004170136991888285,0.999998152256012,0.0005750463460572064,0.9999997615814209,1.6839595673445729e-06,0.004170136991888285,0.0008106301538646221,489.9809265136719,False
0.0003,rms_global,0,all_parameters,5,0.01,0.27225181460380554,0.0027980313170701265,0.0027225178200751543,0.27346667647361755,0.3145994544029236,0.9495152831077576,0.21293479204177856,0.977238118648529,0.0008802591473795474,0.3145994544029236,0.005469333380460739,3310.05078125,True
0.0003,rms_global,0,all_parameters,10,0.01,0.525132417678833,0.012036681175231934,0.0052513238042593,0.7404896020889282,0.9338838458061218,0.3646748960018158,0.778839647769928,0.6319575905799866,0.011240862309932709,0.9338838458061218,0.014809791930019855,8972.0419921875,True
0.0003,rms_global,0,all_parameters,20,0.01,0.9521996974945068,0.09711812436580658,0.009521996602416039,3.2538323402404785,1.0063871145248413,-0.016329234465956688,1.0116701126098633,0.10620852559804916,0.09773842245340347,1.0063871145248413,0.06507664918899536,39385.7890625,True
0.0003,rms_global,0,all_parameters,40,0.01,1.8851159811019897,0.3300270140171051,0.018851159140467644,11.897438049316406,1.0006989240646362,0.01631947048008442,1.0062181949615479,0.0398576520383358,0.33025768399238586,1.0006989240646362,0.23794876039028168,142839.953125,True
0.0003,rms_global,0,all_parameters,1,0.03,0.04053112864494324,0.0012024597963318229,0.0012159338220953941,0.04053255170583725,0.01210226584225893,0.9999896287918091,0.00021995537099428475,1.0,1.4552487300534267e-05,0.01210226584225893,0.0024319530930370092,1469.980712890625,True
0.0003,rms_global,0,all_parameters,5,0.03,0.27225181460380554,0.00852458830922842,0.008167553693056107,0.2777518332004547,0.3516610860824585,0.9363797903060913,0.26247018575668335,0.9650586843490601,0.002997766016051173,0.3516610860824585,0.016665110364556313,10085.755859375,True
0.0003,rms_global,0,all_parameters,10,0.03,0.525132417678833,0.022094452753663063,0.0157539714127779,0.63150954246521,0.7714879512786865,0.6403782367706299,0.6471779942512512,0.7652191519737244,0.017045604065060616,0.7714879512786865,0.03789057210087776,22954.80078125,True
0.0003,rms_global,0,all_parameters,20,0.03,0.9521996974945068,0.0978129431605339,0.028565989807248116,2.431264877319336,1.0170197486877441,0.08725016564130783,1.0000953674316406,0.1955804079771042,0.09947770088911057,1.0170197486877441,0.14587590098381042,88287.234375,True
0.0003,rms_global,0,all_parameters,40,0.03,1.8851159811019897,0.2927625775337219,0.05655347928404808,8.252148628234863,1.002710223197937,0.0825367197394371,0.9964397549629211,0.1297774314880371,0.2935560345649719,1.002710223197937,0.49512892961502075,297224.46875,True
0.0003,rms_global,0,all_parameters,1,0.1,0.04053112864494324,0.0039048723410815,0.004053113050758839,0.040546778589487076,0.040910907089710236,0.9998880624771118,0.0019442499615252018,0.999998152256012,0.00015975185669958591,0.040910907089710236,0.008109355345368385,4901.6552734375,True
0.0003,rms_global,0,all_parameters,5,0.1,0.27225181460380554,0.026562372222542763,0.027225179597735405,0.2690981328487396,0.16420234739780426,0.9871509075164795,0.12366259843111038,0.992510199546814,0.0043616038747131824,0.16420234739780426,0.053819622844457626,32571.736328125,True
0.0003,rms_global,0,all_parameters,10,0.1,0.525132417678833,0.053909268230199814,0.052513238042593,0.5168153643608093,0.5088072419166565,0.8674607276916504,0.4219449460506439,0.9125186204910278,0.027429426088929176,0.5088072419166565,0.10336307436227798,62619.23828125,True
0.0003,rms_global,0,all_parameters,20,0.1,0.9521996974945068,0.15773527324199677,0.09521996974945068,1.2659318447113037,0.9477187991142273,0.3861764967441559,0.8844257593154907,0.5208609700202942,0.1494886875152588,0.9477187991142273,0.2531863749027252,153233.84375,True
0.0003,rms_global,0,all_parameters,40,0.1,1.8851159811019897,0.44634589552879333,0.18851161003112793,4.000194072723389,1.0092271566390991,0.18922387063503265,0.9950698614120483,0.24606391787528992,0.4504643976688385,1.0092271566390991,0.800038754940033,480260.96875,True
0.0003,rms_layerwise,0,features.0.weight,1,0.001,0.0037265100982040167,3.733435505637317e-06,3.726510158230667e-06,0.0037284158170223236,0.03198729828000069,0.9994891881942749,0.015707356855273247,0.9998767375946045,1.1942250921492814e-07,0.03198729828000069,7.4568315540091135e-06,4.5072407722473145,False
0.0003,rms_layerwise,0,features.0.weight,5,0.001,0.02393547259271145,0.00012172570859547704,2.393547401879914e-05,0.06705514341592789,0.9793817400932312,0.20209169387817383,0.9405806064605713,0.33999356627464294,0.00011921593977604061,0.9793817400932312,0.00013411027612164617,81.16378784179688,False
0.0003,rms_layerwise,0,features.0.weight,10,0.001,0.05341062694787979,0.0002460504765622318,5.341062933439389e-05,0.15271419286727905,0.9763691425323486,0.21611186861991882,0.944271981716156,0.32977184653282166,0.00024023608420975506,0.9763691425323486,0.00030542840249836445,185.0341033935547,False
0.0003,rms_layerwise,0,features.0.weight,20,0.001,0.11129800975322723,0.007971934974193573,0.00011129801714560017,2.9427688121795654,1.000381588935852,-0.0203547440469265,1.0000849962234497,0.01666279509663582,0.007974976673722267,1.000381588935852,0.005885537713766098,3562.053955078125,True
0.0003,rms_layerwise,0,features.0.weight,40,0.001,0.2698782682418823,0.08236901462078094,0.0002698782773222774,27.37126350402832,1.000020146369934,-0.004502367228269577,0.9999615550041199,0.008832086808979511,0.08237066864967346,1.000020146369934,0.05474252626299858,32861.78125,True
0.0003,rms_layerwise,0,features.0.weight,1,0.003,0.0037265100982040167,1.1173031452926807e-05,1.1179530702065676e-05,0.003726542927324772,0.010855075903236866,0.9999412298202515,0.005275957752019167,0.9999859929084778,1.2128410276091017e-07,0.010855075903236866,2.2359256035997532e-05,13.51492977142334,False
0.0003,rms_layerwise,0,features.0.weight,5,0.003,0.02393547259271145,0.00016359605069737881,7.180641841841862e-05,0.038070354610681534,0.8852980136871338,0.4657999873161316,0.7825562357902527,0.6226098537445068,0.00014483125414699316,0.8852980136871338,0.00022842212638352066,138.2415008544922,False
0.0003,rms_layerwise,0,features.0.weight,10,0.003,0.05341062694787979,0.00047189483302645385,0.00016023188072722405,0.3363891541957855,0.9351258873939514,0.3546367883682251,0.9870625138282776,0.1603439301252365,0.00044128106674179435,0.9351258873939514,0.0020183350425213575,1222.7442626953125,True
0.0003,rms_layerwise,0,features.0.weight,20,0.003,0.11129800975322723,0.009867205284535885,0.0003338940441608429,4.931829452514648,0.999239981174469,0.03937089070677757,0.9993161559104919,0.04157526046037674,0.009859706275165081,0.999239981174469,0.029590975493192673,17909.09375,True
0.0003,rms_layerwise,0,features.0.weight,40,0.003,0.2698782682418823,0.08077001571655273,0.0008096348028630018,21.061145782470703,1.0000265836715698,0.0023524160496890545,1.0003618001937866,-0.02182942070066929,0.08077216893434525,1.0000265836715698,0.12636686861515045,75857.6640625,True
0.0003,rms_layerwise,0,features.0.weight,1,0.01,0.0037265100982040167,3.711849785759114e-05,3.726509748958051e-05,0.003726658644154668,0.005146033596247435,0.9999946355819702,0.0016164359403774142,0.9999986290931702,1.910130293936163e-07,0.005146033596247435,7.453317084582523e-05,45.05116653442383,False
0.0003,rms_layerwise,0,features.0.weight,5,0.01,0.02393547259271145,0.00033329278812743723,0.00023935471836011857,0.02880576066672802,0.658383309841156,0.7535131573677063,0.5504447817802429,0.8348809480667114,0.00021943441242910922,0.658383309841156,0.0005761152715422213,348.6660461425781,False
0.0003,rms_layerwise,0,features.0.weight,10,0.01,0.05341062694787979,0.00140134256798774,0.0005341062787920237,0.17312368750572205,0.9267452955245972,0.3757292330265045,0.9526687860488892,0.304042786359787,0.0012986876536160707,0.9267452955245972,0.00346247386187315,2097.6298828125,True
0.0003,rms_layerwise,0,features.0.weight,20,0.01,0.11129800975322723,0.02095281518995762,0.001112980186007917,2.091876983642578,1.0008182525634766,0.01114839781075716,0.9978650808334351,0.06668602675199509,0.02096996083855629,1.0008182525634766,0.04183753952383995,25320.978515625,True
0.0003,rms_layerwise,0,features.0.weight,40,0.01,0.2698782682418823,0.10829214006662369,0.002698782831430435,6.480635166168213,1.0018585920333862,-0.0621897354722023,1.005294680595398,-0.10665703564882278,0.10849341005086899,1.0018585920333862,0.12961269915103912,77806.1328125,True
0.0003,rms_layerwise,0,features.0.weight,1,0.03,0.0037265100982040167,0.00011041757534258068,0.00011179529974469915,0.0037266938015818596,0.012889428995549679,0.9999948740005493,0.0005387604469433427,0.9999998211860657,1.4232194871510728e-06,0.012889428995549679,0.0002236016298411414,135.15476989746094,False
0.0003,rms_layerwise,0,features.0.weight,5,0.03,0.02393547259271145,0.0008276861044578254,0.0007180641405284405,0.025730369612574577,0.4859556257724762,0.8740074634552002,0.3687376081943512,0.9295337796211243,0.00040221872041001916,0.4859556257724762,0.0015438221162185073,934.3240356445312,False
0.0003,rms_layerwise,0,features.0.weight,10,0.03,0.05341062694787979,0.00573313795030117,0.001602318836376071,0.13893066346645355,0.9621482491493225,0.27261343598365784,0.9250890016555786,0.37977880239486694,0.0055161286145448685,0.9621482491493225,0.008335839956998825,5050.00390625,True
0.0003,rms_layerwise,0,features.0.weight,20,0.03,0.11129800975322723,0.030764535069465637,0.0033389402087777853,0.7460224628448486,0.9964874982833862,0.08657311648130417,0.9889018535614014,0.1485716551542282,0.030656475573778152,0.9964874982833862,0.04476134851574898,27090.53125,True
0.0003,rms_layerwise,0,features.0.weight,40,0.03,0.2698782682418823,0.13613536953926086,0.008096347562968731,2.9910545349121094,1.0027445554733276,-0.01647372357547283,1.0045193433761597,-0.005085863173007965,0.1365090012550354,1.0027445554733276,0.17946328222751617,107731.2890625,True
0.0003,rms_layerwise,0,features.0.weight,1,0.1,0.0037265100982040167,0.00035750927054323256,0.00037265103310346603,0.003729149466380477,0.04351406171917915,0.9999521970748901,0.001226845197379589,0.999999463558197,1.5556679500150494e-05,0.04351406171917915,0.0007458299514837563,450.81280517578125,False
0.0003,rms_layerwise,0,features.0.weight,5,0.1,0.02393547259271145,0.002568113850429654,0.002393547212705016,0.028182877227663994,0.41739752888679504,0.909015417098999,0.5293082594871521,0.8484299182891846,0.0010719243437051773,0.41739752888679504,0.005636575166136026,3411.265869140625,True
0.0003,rms_layerwise,0,features.0.weight,10,0.1,0.05341062694787979,0.010463512502610683,0.005341063253581524,0.08096238970756531,0.8767425417900085,0.4818115532398224,0.7615317702293396,0.6482290625572205,0.009173806756734848,0.8767425417900085,0.016192477196455002,9809.6982421875,True
0.0003,rms_layerwise,0,features.0.weight,20,0.1,0.11129800975322723,0.08575927466154099,0.011129801161587238,0.37956759333610535,0.997422993183136,0.08472087234258652,0.9716636538505554,0.2418796718120575,0.08553827553987503,0.997422993183136,0.07591351866722107,45944.4921875,True
0.0003,rms_layerwise,0,features.0.weight,40,0.1,0.2698782682418823,0.37645694613456726,0.026987828314304352,1.764417052268982,0.9929671883583069,0.13360252976417542,0.984102725982666,0.1795853078365326,0.3738093972206116,0.9929671883583069,0.35288339853286743,211834.890625,True
0.0003,rms_random_layerwise,0,random_layerwise_0,1,0.001,0.009535349905490875,9.543928172206506e-06,9.535350727674086e-06,0.009537728503346443,0.047000203281641006,0.9988948702812195,0.023858841508626938,0.9997153282165527,4.4856656700176245e-07,0.047000203281641006,1.907545629364904e-05,11.530055046081543,False
0.0003,rms_random_layerwise,0,random_layerwise_0,5,0.001,0.06897781044244766,7.796787394909188e-05,6.897780986037105e-05,0.09126047044992447,0.4616360068321228,0.887072741985321,0.6518208980560303,0.7583770155906677,3.5992776247439906e-05,0.4616360068321228,0.00018252093286719173,110.4620132446289,False
0.0003,rms_random_layerwise,0,random_layerwise_0,10,0.001,0.14934177696704865,0.0002107902109855786,0.00014934178034309298,0.19947968423366547,0.7154734134674072,0.6987082958221436,0.6682876944541931,0.7439180612564087,0.0001508147979620844,0.7154734134674072,0.00039895938243716955,241.69686889648438,False
0.0003,rms_random_layerwise,0,random_layerwise_0,20,0.001,0.2508414387702942,0.0037216616328805685,0.0002508414618205279,4.727383613586426,0.997349739074707,0.07296821475028992,0.9982268810272217,0.05991717800498009,0.0037117984611541033,0.997349739074707,0.009454767219722271,5722.228515625,True
0.0003,rms_random_layerwise,0,random_layerwise_0,40,0.001,0.3924981653690338,0.06605613976716995,0.00039249821566045284,37.14082717895508,0.99990314245224,0.019290681928396225,0.9997866749763489,0.02545822598040104,0.0660497397184372,0.99990314245224,0.07428164780139923,44591.05859375,True
0.0003,rms_random_layerwise,0,random_layerwise_0,1,0.003,0.009535349905490875,2.860784843505826e-05,2.860604945453815e-05,0.00953548401594162,0.01606578752398491,0.9998709559440613,0.008027052506804466,0.9999677538871765,4.5960760530761036e-07,0.01606578752398491,5.721290290239267e-05,34.58202362060547,False
0.0003,rms_random_layerwise,0,random_layerwise_0,5,0.003,0.06897781044244766,0.00021659846242982894,0.00020693341502919793,0.07304733991622925,0.29019641876220703,0.9569684863090515,0.319644033908844,0.9475433230400085,6.285609561018646e-05,0.29019641876220703,0.0004382840415928513,265.2503356933594,False
0.0003,rms_random_layerwise,0,random_layerwise_0,10,0.003,0.14934177696704865,0.0005117303808219731,0.0004480253264773637,0.16279909014701843,0.4981347918510437,0.8671400547027588,0.40317875146865845,0.9151239395141602,0.0002549107011873275,0.4981347918510437,0.000976794515736401,591.7599487304688,False
0.0003,rms_random_layerwise,0,random_layerwise_0,20,0.003,0.2508414387702942,0.005372610874474049,0.0007525243563577533,1.5361759662628174,0.9911924600601196,0.1326376348733902,0.9852098226547241,0.1715506613254547,0.005325291305780411,0.9911924600601196,0.009217055514454842,5578.3603515625,True
0.0003,rms_random_layerwise,0,random_layerwise_0,40,0.003,0.3924981653690338,0.06078478321433067,0.0011774945305660367,11.52044677734375,1.0000369548797607,0.007781764026731253,0.9993665218353271,0.035621803253889084,0.060787029564380646,1.0000369548797607,0.06912267953157425,41494.14453125,True
0.0003,rms_random_layerwise,0,random_layerwise_0,1,0.01,0.009535349905490875,9.535156277706847e-05,9.535349818179384e-05,0.009535426273941994,0.004970594309270382,0.9999876618385315,0.00241161254234612,0.9999971389770508,4.739539463116671e-07,0.004970594309270382,0.00019070852431468666,115.27272033691406,False
0.0003,rms_random_layerwise,0,random_layerwise_0,5,0.01,0.06897781044244766,0.0007046034443192184,0.0006897780112922192,0.0743844136595726,0.19814541935920715,0.9801733493804932,0.36959508061408997,0.9291948080062866,0.00013961394142825156,0.19814541935920715,0.0014876883942633867,900.351806640625,False
0.0003,rms_random_layerwise,0,random_layerwise_0,10,0.01,0.14934177696704865,0.0059705572202801704,0.0014934177743270993,0.3351012170314789,0.9681381583213806,0.2504170536994934,0.8940644860267639,0.4479442834854126,0.005780324339866638,0.9681381583213806,0.006702024023979902,4060.20849609375,True
0.0003,rms_random_layerwise,0,random_layerwise_0,20,0.01,0.2508414387702942,0.024517685174942017,0.0025084144435822964,1.4513416290283203,0.9971724152565002,0.07875385880470276,0.989119827747345,0.14902560412883759,0.02444835938513279,0.9971724152565002,0.029026830568909645,17567.662109375,True
0.0003,rms_random_layerwise,0,random_layerwise_0,40,0.01,0.3924981653690338,0.10700280219316483,0.003924981690943241,5.446868896484375,0.998609185218811,0.056229740381240845,0.9958841800689697,0.09302853047847748,0.10685398429632187,0.998609185218811,0.10893738269805908,65394.796875,True
0.0003,rms_random_layerwise,0,random_layerwise_0,1,0.03,0.009535349905490875,0.00028604152612388134,0.00028606050182133913,0.009535443037748337,0.00410901615396142,0.9999914765357971,0.000805752701126039,0.9999997019767761,1.1753492117350106e-06,0.00410901615396142,0.000572126591578126,345.81878662109375,False
0.0003,rms_random_layerwise,0,random_layerwise_0,5,0.03,0.06897781044244766,0.002090643160045147,0.002069334266707301,0.06989634782075882,0.13843686878681183,0.9903713464736938,0.1541251540184021,0.9880520701408386,0.00028942208155058324,0.13843686878681183,0.004193780943751335,2538.083984375,True
0.0003,rms_random_layerwise,0,random_layerwise_0,10,0.03,0.14934177696704865,0.008046177215874195,0.0044802529737353325,0.19772450625896454,0.8292306661605835,0.5589103698730469,0.652600884437561,0.7577057480812073,0.006672136951237917,0.8292306661605835,0.011863471940159798,7187.10791015625,True
0.0003,rms_random_layerwise,0,random_layerwise_0,20,0.03,0.2508414387702942,0.032022614032030106,0.007525243330746889,0.8011059165000916,0.969998300075531,0.24325169622898102,0.9656316637992859,0.2644347548484802,0.03106188029050827,0.969998300075531,0.04806635528802872,29090.791015625,True
0.0003,rms_random_layerwise,0,random_layerwise_0,40,0.03,0.3924981653690338,0.131814107298851,0.011774945072829723,3.1096456050872803,0.9911256432533264,0.14356830716133118,0.9906100630760193,0.13715367019176483,0.13064433634281158,0.9911256432533264,0.18657873570919037,112002.6796875,True
0.0003,rms_random_layerwise,0,random_layerwise_0,1,0.1,0.009535349905490875,0.0009533909033052623,0.0009535350254736841,0.009535694494843483,0.012630309909582138,0.9999202489852905,0.00027735382900573313,0.9999998211860657,1.20416225399822e-05,0.012630309909582138,0.0019071388524025679,1152.7596435546875,True
0.0003,rms_random_layerwise,0,random_layerwise_0,5,0.1,0.06897781044244766,0.006922690663486719,0.006897781044244766,0.06926152110099792,0.08154496550559998,0.9966696500778198,0.08885081112384796,0.9960448741912842,0.000564510584808886,0.08154496550559998,0.013852303847670555,8383.4404296875,True
0.0003,rms_random_layerwise,0,random_layerwise_0,10,0.1,0.14934177696704865,0.017149826511740685,0.01493417751044035,0.16294042766094208,0.4821377992630005,0.8761115670204163,0.40548625588417053,0.9141044020652771,0.008268579840660095,0.4821377992630005,0.032588083297014236,19742.455078125,True
0.0003,rms_random_layerwise,0,random_layerwise_0,20,0.1,0.2508414387702942,0.06222987547516823,0.02508414536714554,0.5728397369384766,0.9039587378501892,0.4283662438392639,0.9149013161659241,0.40501418709754944,0.05625323951244354,0.9039587378501892,0.11456795036792755,69338.984375,True
0.0003,rms_random_layerwise,0,random_layerwise_0,40,0.1,0.3924981653690338,0.19232527911663055,0.03924981877207756,1.8645838499069214,0.9841406345367432,0.1791352927684784,0.9802438020706177,0.19817660748958588,0.1892751306295395,0.9841406345367432,0.3729167580604553,223860.859375,True
0.001,m,0,random_m_0,1,1e-06,9824.658203125,0.009824658744037151,0.009824657812714577,9824.6591796875,4.142235411563888e-05,1.0,2.4459397536702454e-05,0.9999998211860657,4.069604813139449e-07,4.142235411563888e-05,0.019649317488074303,11877.3349609375,True
0.001,m,0,random_m_0,5,1e-06,39663.078125,0.039670635014772415,0.039663076400756836,40206.10546875,0.005623944569379091,0.9999843239784241,0.14607062935829163,0.9892781376838684,0.000223105467739515,0.005623944569379091,0.08041221648454666,48647.703125,True
0.001,m,0,random_m_0,10,1e-06,61142.02734375,0.08986005187034607,0.061142027378082275,86857.609375,0.7503885626792908,0.6612739562988281,0.7137155532836914,0.7004443407058716,0.06742995977401733,0.7503885626792908,0.17371521890163422,104645.9296875,True
0.001,m,0,random_m_0,20,1e-06,92194.7421875,0.41469186544418335,0.09219474345445633,308595.03125,0.9825252890586853,0.18907533586025238,0.9535559415817261,0.30122604966163635,0.4074452519416809,0.9825252890586853,0.6171900629997253,364954.4375,True
0.001,m,0,random_m_0,40,1e-06,159453.21875,1.3261773586273193,0.15945322811603546,631906.8125,1.0043936967849731,0.023495424538850784,0.9877281785011292,0.17450273036956787,1.3320040702819824,1.0043936967849731,1.2638136148452759,728516.1875,True
0.001,m,0,random_m_0,1,3e-06,9824.658203125,0.02947397530078888,0.02947397530078888,9824.6591796875,1.5229154996632133e-05,1.0,8.493309906043578e-06,0.9999999403953552,4.488637159738573e-07,1.5229154996632133e-05,0.05894795060157776,35632.00390625,True
0.001,m,0,random_m_0,5,3e-06,39663.078125,0.12467867136001587,0.1189892366528511,40468.546875,0.28375598788261414,0.9589072465896606,0.182673841714859,0.983178436756134,0.03537831827998161,0.28375598788261414,0.24281127750873566,146895.71875,True
0.001,m,0,random_m_0,10,3e-06,61142.02734375,0.28366610407829285,0.18342609703540802,72609.6640625,0.7692082524299622,0.6390430927276611,0.5463354587554932,0.8375784754753113,0.21819829940795898,0.7692082524299622,0.43565794825553894,262440.0625,True
0.001,m,0,random_m_0,20,3e-06,92194.7421875,0.9702056050300598,0.2765842378139496,174088.125,0.9640505909919739,0.26637595891952515,0.9039709568023682,0.43741512298583984,0.9353272914886475,0.9640505909919739,1.0445287227630615,617646.6875,True
0.001,m,0,random_m_0,40,3e-06,159453.21875,2.0179648399353027,0.4783596992492676,319651.90625,1.0214505195617676,0.027065563946962357,1.0612928867340088,0.12277901917695999,2.061251163482666,1.0214505195617676,1.917911410331726,1105566.125,True
0.001,m,0,random_m_0,1,1e-05,9824.658203125,0.09824658185243607,0.09824658185243607,9824.658203125,4.7423750402231235e-06,0.9999998211860657,2.613259994177497e-06,0.9999999403953552,4.659221133351821e-07,4.7423750402231235e-06,0.19649316370487213,118773.3359375,True
0.001,m,0,random_m_0,5,1e-05,39663.078125,0.40032652020454407,0.39663076400756836,39748.65625,0.14371760189533234,0.9896194934844971,0.09540966153144836,0.9954409599304199,0.05753397196531296,0.14371760189533234,0.7949730753898621,480942.03125,True
0.001,m,0,random_m_0,10,1e-05,61142.02734375,0.6894928812980652,0.6114202737808228,64177.55078125,0.4920310080051422,0.8707254528999329,0.3721931278705597,0.928471565246582,0.33925187587738037,0.4920310080051422,1.2835509777069092,773210.25,True
0.001,m,0,random_m_0,20,1e-05,92194.7421875,1.3993043899536133,0.9219474196434021,105293.765625,0.8685123324394226,0.515878438949585,0.7761915326118469,0.6648013591766357,1.2153130769729614,0.8685123324394226,2.105875253677368,1245238.0,True
0.001,m,0,random_m_0,40,1e-05,159453.21875,2.3958542346954346,1.5945322513580322,149684.3125,1.0956813097000122,0.18212582170963287,1.1911860704421997,0.336002379655838,2.6250927448272705,1.0956813097000122,2.9936861991882324,1725688.75,True
0.001,m,0,random_m_0,1,3e-05,9824.658203125,0.2947397232055664,0.2947397530078888,9824.6572265625,1.6119478232212714e-06,1.0,8.821371579870174e-07,1.0000001192092896,4.751050539653079e-07,1.6119478232212714e-06,0.5894795060157776,356320.03125,True
0.001,m,0,random_m_0,5,3e-05,39663.078125,1.1842012405395508,1.189892292022705,39270.078125,0.12492918223142624,0.9922451972961426,0.08215425163507462,0.996708333492279,0.14794129133224487,0.12492918223142624,2.3562047481536865,1425454.375,True
0.001,m,0,random_m_0,10,3e-05,61142.02734375,1.8181649446487427,1.8342608213424683,59184.61328125,0.3158724009990692,0.9505888819694519,0.2231317013502121,0.9764324426651001,0.5743081569671631,0.3158724009990692,3.551076650619507,2139166.25,True
0.001,m,0,random_m_0,20,3e-05,92194.7421875,2.646801233291626,2.7658421993255615,78912.2421875,0.7784583568572998,0.7110101580619812,0.6977952718734741,0.8037409782409668,2.060424566268921,0.7784583568572998,4.734734535217285,2799725.0,True
0.001,m,0,random_m_0,40,3e-05,159453.21875,3.7274136543273926,4.783596515655518,94460.5859375,1.328572392463684,0.34359022974967957,1.4899359941482544,0.4826807379722595,4.952138900756836,1.328572392463684,5.667635440826416,3267067.25,True
0.001,m,0,random_m_0,1,0.0001,9824.658203125,0.9824658036231995,0.9824658036231995,9824.658203125,4.955847998644458e-07,1.0,2.7601251417763706e-07,1.0,4.868950895797752e-07,4.955847998644458e-07,1.964931607246399,1187733.375,True
0.001,m,0,random_m_0,5,0.0001,39663.078125,3.7472426891326904,3.9663076400756836,37501.9375,0.20562675595283508,0.9816408753395081,0.1492929309606552,0.9910329580307007,0.7705333232879639,0.20562675595283508,7.500387668609619,4537577.0,True
0.001,m,0,random_m_0,10,0.0001,61142.02734375,5.5300116539001465,6.114202976226807,53968.828125,0.33205607533454895,0.9551835656166077,0.2874293923377991,0.971335232257843,1.8362739086151123,0.33205607533454895,10.793766021728516,6502157.0,True
0.001,m,0,random_m_0,20,0.0001,92194.7421875,7.136784076690674,9.219473838806152,67520.8671875,0.783514142036438,0.7953542470932007,0.7815802693367004,0.8252077102661133,5.591771125793457,0.783514142036438,13.504172325134277,7985235.0,True
0.001,m,0,random_m_0,40,0.0001,159453.21875,8.190691947937012,15.945322036743164,74421.203125,1.7291231155395508,0.4623096287250519,1.8379660844802856,0.516322135925293,14.162714004516602,1.7291231155395508,14.884239196777344,8579912.0,True
0.001,m,0,random_m_0,1,0.0003,9824.658203125,2.9473977088928223,2.9473977088928223,9824.658203125,1.8068361384848686e-07,1.0,1.1832286617163845e-07,1.0,5.32546494014241e-07,1.8068361384848686e-07,5.8947954177856445,3563200.5,True
0.001,m,0,random_m_0,5,0.0003,39663.078125,9.410883903503418,11.898923873901367,31962.4453125,0.5060874223709106,0.9263558387756348,0.41643959283828735,0.9535122513771057,4.762730121612549,0.5060874223709106,19.177467346191406,11601965.0,True
0.001,m,0,random_m_0,10,0.0003,61142.02734375,12.818778991699219,18.342609405517578,43108.31640625,0.724946916103363,0.8812445402145386,0.6348860859870911,0.9195971488952637,9.29293441772461,0.724946916103363,25.864990234375,15581052.0,True
0.001,m,0,random_m_0,20,0.0003,92194.7421875,15.671521186828613,27.658424377441406,51043.7421875,1.2433497905731201,0.727780818939209,1.2168552875518799,0.7700151205062866,19.485183715820312,1.2433497905731201,30.62624740600586,18109794.0,True
0.001,m,0,random_m_0,40,0.0003,159453.21875,17.146459579467773,47.83597183227539,54855.7265625,2.5095763206481934,0.4454122483730316,2.5767581462860107,0.4832942485809326,43.03034973144531,2.5095763206481934,32.91343688964844,18972712.0,True
0.001,m,0,random_m_0,1,0.001,9824.658203125,9.824658393859863,9.824658393859863,9824.6591796875,9.012550350462334e-08,1.0,9.154653923815204e-08,0.9999999403953552,8.854523230183986e-07,9.012550350462334e-08,19.649316787719727,11877334.0,True
0.001,m,0,random_m_0,5,0.001,39663.078125,22.633834838867188,39.66307830810547,22116.931640625,1.0209486484527588,0.8641104102134705,1.0031630992889404,0.8949010372161865,23.10798454284668,1.0209486484527588,44.23386001586914,26760556.0,True
0.001,m,0,random_m_0,10,0.001,61142.02734375,28.696197509765625,61.14202880859375,27210.529296875,1.4602559804916382,0.7996072769165039,1.5011903047561646,0.8445558547973633,41.90379333496094,1.4602559804916382,54.42106246948242,32783210.0,True
0.001,m,0,random_m_0,20,0.001,92194.7421875,33.52608108520508,92.19474792480469,31256.84375,2.2332372665405273,0.6499823927879333,2.369873046875,0.6922597289085388,74.87169647216797,2.2332372665405273,62.51369094848633,36965352.0,True
0.001,m,0,random_m_0,40,0.001,159453.21875,35.494590759277344,159.45323181152344,32984.55078125,4.193940162658691,0.39977625012397766,4.493540287017822,0.4320673644542694,148.8621826171875,4.193940162658691,65.96910095214844,38027408.0,True
0.001,m,0,random_m_0,1,0.003,9824.658203125,29.473974227905273,29.473974227905273,9824.6591796875,7.742734453586309e-08,1.0000001192092896,8.482096802708838e-08,0.9999999403953552,2.282091600136482e-06,7.742734453586309e-08,58.94794845581055,35632000.0,True
0.001,m,0,random_m_0,5,0.003,39663.078125,39.25251007080078,118.9892349243164,12646.0439453125,2.1851744651794434,0.8930375576019287,2.248859405517578,0.9213820695877075,85.7735824584961,2.1851744651794434,75.87626647949219,45903548.0,True
0.001,m,0,random_m_0,10,0.003,61142.02734375,44.56943893432617,183.42608642578125,14099.8994140625,3.3492565155029297,0.816413938999176,3.5151755809783936,0.8587220907211304,149.2744903564453,3.3492565155029297,84.5993881225586,50962612.0,True
0.001,m,0,random_m_0,20,0.003,92194.7421875,49.95779037475586,276.584228515625,15536.0341796875,4.948198318481445,0.6472299098968506,5.290324687957764,0.6932477951049805,247.20106506347656,4.948198318481445,93.21620178222656,55120244.0,True
0.001,m,0,random_m_0,40,0.003,159453.21875,52.282745361328125,478.35968017578125,16167.1962890625,8.798830032348633,0.39857375621795654,9.473060607910156,0.43269968032836914,460.0270080566406,8.798830032348633,97.003173828125,55916776.0,True
0.001,m,0,random_m_0,1,0.01,9824.658203125,98.24658203125,98.24658203125,9824.658203125,7.289374792662784e-08,1.0,7.540933921745818e-08,1.0,7.161561370594427e-06,7.289374792662784e-08,196.4931640625,118773336.0,True
0.001,m,0,random_m_0,5,0.01,39663.078125,100.26160430908203,396.6307373046875,10068.4296875,2.9737823009490967,0.9866416454315186,2.958298444747925,0.9858167171478271,298.15618896484375,2.9737823009490967,201.36859130859375,121823768.0,True
0.001,m,0,random_m_0,10,0.01,61142.02734375,101.91878509521484,611.4202880859375,10281.7060546875,5.050031661987305,0.9573359489440918,5.000792980194092,0.9547414779663086,514.693115234375,5.050031661987305,205.63412475585938,123873856.0,True
0.001,m,0,random_m_0,20,0.01,92194.7421875,104.11092376708984,921.9473876953125,10550.90625,8.080804824829102,0.7972121238708496,7.967850208282471,0.793511152267456,841.2999877929688,8.080804824829102,211.0181121826172,124778416.0,True
0.001,m,0,random_m_0,40,0.01,159453.21875,105.37808990478516,1594.5322265625,10700.4775390625,14.656180381774902,0.500930666923523,14.428979873657227,0.49858763813972473,1544.4403076171875,14.656180381774902,214.00955200195312,123364256.0,True
0.001,rms_global,0,all_parameters,1,0.001,0.1351037621498108,0.0001350552192889154,0.00013510377903003246,0.1351049840450287,0.003436827100813389,0.9999940395355225,0.0017286059446632862,0.9999985694885254,4.641614452793874e-07,0.003436827100813389,0.0002702099736779928,163.33261108398438,False
0.001,rms_global,0,all_parameters,5,0.001,0.7379531264305115,0.002140421885997057,0.000737953232601285,1.4152995347976685,0.9440643191337585,0.3300878703594208,0.8656423687934875,0.5010755658149719,0.0020206959452480078,0.9440643191337585,0.002830598969012499,1712.452880859375,True
0.001,rms_global,0,all_parameters,10,0.001,1.614395022392273,0.027157489210367203,0.001614395179785788,30.616336822509766,1.0009199380874634,0.014240537770092487,1.0000118017196655,0.026142200455069542,0.027182474732398987,1.0009199380874634,0.06123267486691475,36886.51953125,True
0.001,rms_global,0,all_parameters,20,0.001,3.6556594371795654,0.5280329585075378,0.003655659733340144,209.4663848876953,0.9997478127479553,0.03988555073738098,1.000516414642334,-0.020871128886938095,0.5278998017311096,0.9997478127479553,0.4189327359199524,247721.6875,True
0.001,rms_global,0,all_parameters,40,0.001,7.482685089111328,1.3454630374908447,0.00748268561437726,433.0284729003906,1.0004920959472656,-0.08574068546295166,1.0008221864700317,-0.038962602615356445,1.3461251258850098,1.0004920959472656,0.8660569190979004,499232.21875,True
0.001,rms_global,0,all_parameters,1,0.003,0.1351037621498108,0.00040486163925379515,0.0004053112934343517,0.13510368764400482,0.0016650325851514935,0.9999992251396179,0.0005733260768465698,0.9999998211860657,6.741078095728881e-07,0.0016650325851514935,0.0008106220629997551,489.9930725097656,False
0.001,rms_global,0,all_parameters,5,0.003,0.7379531264305115,0.005467038601636887,0.0022138594649732113,1.432349443435669,0.9290822744369507,0.3713921010494232,0.8862882852554321,0.4657653272151947,0.005079328548163176,0.9290822744369507,0.008594096638262272,5199.248046875,True
0.001,rms_global,0,all_parameters,10,0.003,1.614395022392273,0.09910867363214493,0.004843185190111399,15.245271682739258,1.0001330375671387,0.021709104999899864,0.9999728798866272,0.053203076124191284,0.09912186115980148,1.0001330375671387,0.09147163480520248,55102.44921875,True
0.001,rms_global,0,all_parameters,20,0.003,3.6556594371795654,0.6781790256500244,0.010966978967189789,120.62510681152344,1.000441312789917,-0.019207974895834923,1.0001535415649414,0.010086282156407833,0.6784783005714417,1.000441312789917,0.723750650882721,427965.4375,True
0.001,rms_global,0,all_parameters,40,0.003,7.482685089111328,1.7445954084396362,0.022448057308793068,240.77157592773438,1.0018407106399536,-0.13675688207149506,1.001817226409912,-0.04298810288310051,1.7478067874908447,1.0018407106399536,1.444629430770874,832746.1875,True
0.001,rms_global,0,all_parameters,1,0.01,0.1351037621498108,0.00134603853803128,0.0013510376447811723,0.1351044774055481,0.00402823556214571,0.9999988079071045,0.0001738463615765795,0.9999998807907104,5.422160484158667e-06,0.00402823556214571,0.0027020894922316074,1633.31982421875,True
0.001,rms_global,0,all_parameters,5,0.01,0.7379531264305115,0.016039419919252396,0.007379531394690275,1.337963342666626,0.900615394115448,0.43532219529151917,0.856386661529541,0.5174592733383179,0.014445348642766476,0.900615394115448,0.02675926499068737,16188.79296875,True
0.001,rms_global,0,all_parameters,10,0.01,1.614395022392273,0.13694797456264496,0.016143949702382088,7.195442199707031,0.9912664294242859,0.13270387053489685,0.989025354385376,0.1608283370733261,0.13575193285942078,0.9912664294242859,0.14390885829925537,86690.59375,True
0.001,rms_global,0,all_parameters,20,0.01,3.6556594371795654,0.6791307330131531,0.03655659407377243,37.10250473022461,0.9976644515991211,0.0702531561255455,1.0044814348220825,0.003679718589410186,0.6775445938110352,0.9976644515991211,0.7420501708984375,438786.21875,True
0.001,rms_global,0,all_parameters,40,0.01,7.482685089111328,1.5074660778045654,0.07482685148715973,73.32646942138672,1.0038819313049316,-0.05353863909840584,1.0018099546432495,0.033271197229623795,1.5133179426193237,1.0038819313049316,1.4665294885635376,845370.3125,True
0.001,rms_global,0,all_parameters,1,0.03,0.1351037621498108,0.004008194897323847,0.004053112585097551,0.13510847091674805,0.012096640653908253,0.9999898076057434,0.000120142700325232,1.0,4.848569369642064e-05,0.012096640653908253,0.00810650922358036,4900.10498046875,True
0.001,rms_global,0,all_parameters,5,0.03,0.7379531264305115,0.038979656994342804,0.02213859371840954,1.0927708148956299,0.8493743538856506,0.5292108654975891,0.7550145387649536,0.6559923887252808,0.03310832008719444,0.8493743538856506,0.06556625664234161,39666.20703125,True
0.001,rms_global,0,all_parameters,10,0.03,1.614395022392273,0.19464799761772156,0.048431847244501114,5.8063740730285645,0.9765750169754028,0.21745119988918304,0.9595456719398499,0.2815749943256378,0.19008837640285492,0.9765750169754028,0.3483824133872986,209865.328125,True
0.001,rms_global,0,all_parameters,20,0.03,3.6556594371795654,0.6922115087509155,0.10966978222131729,22.198843002319336,0.9872999787330627,0.15886729955673218,0.9927583932876587,0.12615348398685455,0.6834204196929932,0.9872999787330627,1.3319305181503296,787592.0,True
0.001,rms_global,0,all_parameters,40,0.03,7.482685089111328,1.5397592782974243,0.2244805544614792,41.44898986816406,1.009399175643921,0.008120628073811531,0.9944366216659546,0.12099548429250717,1.5542317628860474,1.009399175643921,2.4869396686553955,1433578.375,True
0.001,rms_global,0,all_parameters,1,0.1,0.1351037621498108,0.013016236014664173,0.013510377146303654,0.13515593111515045,0.040910858660936356,0.9998879432678223,0.00194359861779958,0.9999982714653015,0.0005325053934939206,0.040910858660936356,0.02703118696808815,16339.419921875,True
0.001,rms_global,0,all_parameters,5,0.1,0.7379531264305115,0.08125419169664383,0.07379531860351562,0.7784517407417297,0.5765690207481384,0.8216229677200317,0.5048074126243591,0.8670197129249573,0.04684865102171898,0.5765690207481384,0.15569034218788147,94189.390625,True
0.001,rms_global,0,all_parameters,10,0.1,1.614395022392273,0.22518905997276306,0.16143949329853058,2.0909156799316406,0.9816012978553772,0.3838811218738556,0.9954390525817871,0.3919435143470764,0.22104588150978088,0.9816012978553772,0.41818317770957947,251913.265625,True
0.001,rms_global,0,all_parameters,20,0.1,3.6556594371795654,0.817424476146698,0.3655659556388855,6.381500720977783,1.0136116743087769,0.19296449422836304,1.0309501886367798,0.23156213760375977,0.8285510540008545,1.0136116743087769,1.2763001918792725,754696.875,True
0.001,rms_global,0,all_parameters,40,0.1,7.482685089111328,1.7830926179885864,0.7482684850692749,11.930537223815918,1.0745341777801514,0.02559259533882141,1.0735363960266113,0.19203492999076843,1.9159938097000122,1.0745341777801514,2.3861074447631836,1375454.375,True
0.001,rms_layerwise,0,features.0.weight,1,0.001,0.012421700172126293,1.2416183380992152e-05,1.2421701285347808e-05,0.012419329956173897,0.009723547846078873,0.9999528527259827,0.004959991667419672,0.9999877214431763,1.2072935362539283e-07,0.009723547846078873,2.4838660465320572e-05,15.014113426208496,False
0.001,rms_layerwise,0,features.0.weight,5,0.001,0.0743788406252861,0.0005916295340284705,7.43788477848284e-05,0.34571534395217896,0.9924865961074829,0.12239910662174225,0.9726212620735168,0.2330874353647232,0.0005871843895874918,0.9924865961074829,0.0006914307596161962,418.30108642578125,False
0.001,rms_layerwise,0,features.0.weight,10,0.001,0.19989079236984253,0.012078476138412952,0.00019989079737570137,15.156763076782227,0.9998852014541626,0.01521193515509367,0.9998348951339722,0.019106240943074226,0.01207708939909935,0.9998852014541626,0.0303135234862566,18260.845703125,True
0.001,rms_layerwise,0,features.0.weight,20,0.001,0.6080319285392761,0.41556546092033386,0.0006080319290049374,196.2084503173828,0.9998095035552979,0.13088585436344147,0.9995840787887573,0.13573721051216125,0.41548630595207214,0.9998095035552979,0.39241689443588257,232042.4375,True
0.001,rms_layerwise,0,features.0.weight,40,0.001,1.2739787101745605,1.221091389656067,0.0012739787343889475,592.8734741210938,0.9999250769615173,0.07233849912881851,0.9998326897621155,0.0789152979850769,1.2209999561309814,0.9999250769615173,1.1857469081878662,683515.1875,True
0.001,rms_layerwise,0,features.0.weight,1,0.003,0.012421700172126293,3.721788743860088e-05,3.726510112755932e-05,0.01242173369973898,0.0034302747808396816,0.9999948143959045,0.0015580873005092144,0.9999987483024597,1.2766757606641477e-07,0.0034302747808396816,7.453040598193184e-05,45.05105972290039,False
0.001,rms_layerwise,0,features.0.weight,5,0.003,0.0743788406252861,0.0010415769647806883,0.00022313653607852757,0.26180005073547363,0.9819228649139404,0.1907341182231903,0.9604969024658203,0.2783498167991638,0.0010227481834590435,0.9819228649139404,0.0015708002028986812,950.3011474609375,False
0.001,rms_layerwise,0,features.0.weight,10,0.003,0.19989079236984253,0.016815321519970894,0.0005996723775751889,6.326104164123535,1.0006574392318726,-0.0006081031169742346,0.999799907207489,0.022129667922854424,0.01682637631893158,1.0006574392318726,0.03795662522315979,22865.044921875,True
0.001,rms_layerwise,0,features.0.weight,20,0.003,0.6080319285392761,0.5937207341194153,0.0018240957288071513,63.60062026977539,0.9998047947883606,0.06503317505121231,1.0001933574676514,-0.015446683391928673,0.5936048626899719,0.9998047947883606,0.38160374760627747,225648.453125,True
0.001,rms_layerwise,0,features.0.weight,40,0.003,1.2739787101745605,1.5602694749832153,0.003821935970336199,158.79600524902344,0.9999187588691711,0.03439019247889519,1.0001020431518555,-0.008708186447620392,1.5601427555084229,0.9999187588691711,0.9527760744094849,549220.875,True
0.001,rms_layerwise,0,features.0.weight,1,0.01,0.012421700172126293,0.00012370287731755525,0.00012421699648257345,0.012421796098351479,0.004384920932352543,0.9999990463256836,0.00047460096538998187,0.9999998807907104,5.424273581411398e-07,0.004384920932352543,0.00024843591381795704,150.1709442138672,False
0.001,rms_layerwise,0,features.0.weight,5,0.01,0.0743788406252861,0.002053378149867058,0.0007437883759848773,0.1436586081981659,0.9340120553970337,0.3572755455970764,0.8546262979507446,0.5192456841468811,0.0019178800284862518,0.9340120553970337,0.002873172052204609,1738.208740234375,True
0.001,rms_layerwise,0,features.0.weight,10,0.01,0.19989079236984253,0.029272709041833878,0.0019989076536148787,3.1954562664031982,0.9994450807571411,0.04226572811603546,0.997583270072937,0.06986557692289352,0.029256466776132584,0.9994450807571411,0.0639091283082962,38498.81640625,True
0.001,rms_layerwise,0,features.0.weight,20,0.01,0.6080319285392761,0.475431889295578,0.006080319173634052,32.0380859375,0.998579740524292,0.11736954748630524,0.9987369179725647,0.07599923014640808,0.47475665807724,0.998579740524292,0.6407617330551147,378892.75,True
0.001,rms_layerwise,0,features.0.weight,40,0.01,1.2739787101745605,1.2603895664215088,0.012739785946905613,66.35224914550781,0.9992650747299194,0.077730692923069,0.9995673298835754,0.032132573425769806,1.2594633102416992,0.9992650747299194,1.32704496383667,764965.4375,True
0.001,rms_layerwise,0,features.0.weight,1,0.03,0.012421700172126293,0.0003680487861856818,0.0003726509748958051,0.012422574684023857,0.01287588570266962,0.9999954700469971,0.00019855250138789415,0.9999998807907104,4.7389544306497555e-06,0.01287588570266962,0.0007453544531017542,450.5410461425781,False
0.001,rms_layerwise,0,features.0.weight,5,0.03,0.0743788406252861,0.009793657809495926,0.002231365069746971,0.20680765807628632,0.9736278057098389,0.2281429022550583,0.9344286918640137,0.3561674654483795,0.009535377845168114,0.9736278057098389,0.01240846049040556,7506.85791015625,True
0.001,rms_layerwise,0,features.0.weight,10,0.03,0.19989079236984253,0.10066158324480057,0.005996723659336567,2.000166177749634,0.9996060132980347,0.036399275064468384,0.9964190721511841,0.08573605865240097,0.10062192380428314,0.9996060132980347,0.12000997364521027,72293.921875,True
0.001,rms_layerwise,0,features.0.weight,20,0.03,0.6080319285392761,0.722197949886322,0.018240956589579582,12.776111602783203,1.0006057024002075,-0.011360123753547668,1.0015199184417725,-0.008164708502590656,0.7226353883743286,1.0006057024002075,0.7665667533874512,453283.28125,True
0.001,rms_layerwise,0,features.0.weight,40,0.03,1.2739787101745605,1.9542735815048218,0.03821935877203941,28.857084274291992,1.000258207321167,-0.003429892472922802,1.0023181438446045,-0.030495252460241318,1.9547783136367798,1.000258207321167,1.731425166130066,998067.5,True
0.001,rms_layerwise,0,features.0.weight,1,0.1,0.012421700172126293,0.001191694987937808,0.001242169993929565,0.012430645525455475,0.04351598024368286,0.9999520778656006,0.0012200498022139072,0.9999996423721313,5.1857776270480826e-05,0.04351598024368286,0.0024861290585249662,1502.779296875,True
0.001,rms_layerwise,0,features.0.weight,5,0.1,0.0743788406252861,0.019579242914915085,0.007437884341925383,0.13647416234016418,0.9361664652824402,0.3526131808757782,0.8451334238052368,0.5346556305885315,0.018329430371522903,0.9361664652824402,0.027294833213090897,16512.80078125,True
0.001,rms_layerwise,0,features.0.weight,10,0.1,0.19989079236984253,0.11245964467525482,0.019989078864455223,0.716532826423645,0.9976246356964111,0.10222063958644867,0.9818530082702637,0.20394466817378998,0.11219251155853271,0.9976246356964111,0.14330656826496124,86327.78125,True
0.001,rms_layerwise,0,features.0.weight,20,0.1,0.6080319285392761,0.699668288230896,0.06080319359898567,2.9226479530334473,0.9942970275878906,0.10888784378767014,0.979623019695282,0.20096991956233978,0.6956781148910522,0.9942970275878906,0.5845296382904053,345641.8125,True
0.001,rms_layerwise,0,features.0.weight,40,0.1,1.2739787101745605,1.824505090713501,0.12739787995815277,6.475310802459717,0.9984827637672424,0.0566256009042263,0.9882988929748535,0.1574980467557907,1.8217368125915527,0.9984827637672424,1.2950621843338013,746529.1875,True
0.001,rms_random_layerwise,0,random_layerwise_0,1,0.001,0.03178450092673302,3.178796396241523e-05,3.178450060659088e-05,0.03178593888878822,0.014240325428545475,0.9998985528945923,0.007194862235337496,0.9999740719795227,4.526709460606071e-07,0.014240325428545475,6.357188249239698e-05,38.42700958251953,False
0.001,rms_random_layerwise,0,random_layerwise_0,5,0.001,0.1979127824306488,0.00030154897831380367,0.00019791278464253992,0.3357866406440735,0.7583770751953125,0.6518316268920898,0.8097195625305176,0.5868226289749146,0.0002286878298036754,0.7583770751953125,0.0006715732743032277,406.2877197265625,False
0.001,rms_random_layerwise,0,random_layerwise_0,10,0.001,0.3858567476272583,0.011517193168401718,0.0003858567797578871,6.539140224456787,0.999864935874939,0.020782895386219025,0.9987773299217224,0.05021144077181816,0.011515636928379536,0.999864935874939,0.013078280724585056,7878.34716796875,True
0.001,rms_random_layerwise,0,random_layerwise_0,20,0.001,0.8858848214149475,0.3960910737514496,0.000885884917806834,254.74559020996094,0.9999760389328003,0.01182059571146965,0.9998766183853149,0.03722070902585983,0.3960815966129303,0.9999760389328003,0.5094912052154541,301270.375,True
0.001,rms_random_layerwise,0,random_layerwise_0,40,0.001,1.9497159719467163,1.0159845352172852,0.0019497161265462637,611.244384765625,0.9999874234199524,0.007471299264580011,0.9996278285980225,0.11827313154935837,1.0159717798233032,0.9999874234199524,1.2224887609481812,704694.8125,True
0.001,rms_random_layerwise,0,random_layerwise_0,1,0.003,0.03178450092673302,9.535325807519257e-05,9.535349818179384e-05,0.031785253435373306,0.004805951379239559,0.9999884963035583,0.002416153671219945,0.9999970197677612,4.582631163430051e-07,0.004805951379239559,0.0001907115220092237,115.27853393554688,False
0.001,rms_random_layerwise,0,random_layerwise_0,5,0.003,0.1979127824306488,0.001116221654228866,0.0005937383393757045,0.2822927236557007,0.8491533994674683,0.5281595587730408,0.7142619490623474,0.6998794674873352,0.0009478434221819043,0.8491533994674683,0.0016937562031671405,1024.6868896484375,True
0.001,rms_random_layerwise,0,random_layerwise_0,10,0.003,0.3858567476272583,0.025997547432780266,0.0011575702810660005,4.287890911102295,0.9999884366989136,0.022523878142237663,0.9977186918258667,0.07031615823507309,0.02599724568426609,0.9999884366989136,0.025727344676852226,15498.134765625,True
0.001,rms_random_layerwise,0,random_layerwise_0,20,0.003,0.8858848214149475,0.4766291677951813,0.002657654695212841,59.083744049072266,1.0003626346588135,-0.06228403374552727,1.0007073879241943,-0.039694640785455704,0.4768020510673523,1.0003626346588135,0.35450243949890137,209623.015625,True
0.001,rms_random_layerwise,0,random_layerwise_0,40,0.003,1.9497159719467163,1.241513967514038,0.005849148146808147,136.73406982421875,1.0005897283554077,-0.12285176664590836,1.00016450881958,-0.004403446335345507,1.2422460317611694,1.0005897283554077,0.8204044103622437,472916.1875,True
0.001,rms_random_layerwise,0,random_layerwise_0,1,0.01,0.03178450092673302,0.000317836063914001,0.0003178449987899512,0.03178468719124794,0.0019146460108458996,0.999998152256012,0.000729340419638902,0.9999996423721313,6.085435302338738e-07,0.0019146460108458996,0.0006356937810778618,384.2549743652344,False
0.001,rms_random_layerwise,0,random_layerwise_0,5,0.01,0.1979127824306488,0.002340079518035054,0.0019791279919445515,0.21848894655704498,0.5316824316978455,0.8469445705413818,0.42169874906539917,0.906736433506012,0.001244179205968976,0.5316824316978455,0.004369779024273157,2643.62451171875,True
0.001,rms_random_layerwise,0,random_layerwise_0,10,0.01,0.3858567476272583,0.061832647770643234,0.003858567215502262,2.1996877193450928,1.0005545616149902,0.02231147512793541,0.9879851341247559,0.15578964352607727,0.061866942793130875,1.0005545616149902,0.0439937524497509,26501.806640625,True
0.001,rms_random_layerwise,0,random_layerwise_0,20,0.01,0.8858848214149475,0.4857883155345917,0.008858848363161087,23.399333953857422,1.0009561777114868,-0.04333691671490669,0.9979130625724792,0.07399562746286392,0.4862527847290039,1.0009561777114868,0.46798670291900635,276728.09375,True
0.001,rms_random_layerwise,0,random_layerwise_0,40,0.01,1.9497159719467163,1.398211121559143,0.019497159868478775,49.352294921875,1.0015952587127686,-0.10752300918102264,0.9967002272605896,0.10313855856657028,1.4004415273666382,1.0015952587127686,0.9870458841323853,568975.4375,True
0.001,rms_random_layerwise,0,random_layerwise_0,1,0.03,0.03178450092673302,0.0009534665150567889,0.0009535349672660232,0.03178456425666809,0.0038196956738829613,0.9999927282333374,0.0002441531396470964,0.9999998807907104,3.6419517073227325e-06,0.0038196956738829613,0.0019070737762376666,1152.76025390625,True
0.001,rms_random_layerwise,0,random_layerwise_0,5,0.03,0.1979127824306488,0.007315312046557665,0.005937383510172367,0.24650228023529053,0.5781814455986023,0.8159193396568298,0.5936481952667236,0.8047268390655518,0.004229577723890543,0.5781814455986023,0.01479013729840517,8947.72265625,True
0.001,rms_random_layerwise,0,random_layerwise_0,10,0.03,0.3858567476272583,0.07576704025268555,0.011575702577829361,1.2888944149017334,0.9971882700920105,0.09476782381534576,0.9756653904914856,0.2299821674823761,0.0755540058016777,0.9971882700920105,0.07733366638422012,46585.74609375,True
0.001,rms_random_layerwise,0,random_layerwise_0,20,0.03,0.8858848214149475,0.3756141662597656,0.02657654508948326,9.045536041259766,0.9976490139961243,0.06856562942266464,1.00236976146698,0.02474229969084263,0.3747311234474182,0.9976490139961243,0.5427321791648865,320926.28125,True
0.001,rms_random_layerwise,0,random_layerwise_0,40,0.03,1.9497159719467163,1.2073808908462524,0.058491479605436325,19.335899353027344,1.0009996891021729,0.0035733042750507593,0.9965279698371887,0.08478981256484985,1.2085880041122437,1.0009996891021729,1.1601539850234985,668762.375,True
0.001,rms_random_layerwise,0,random_layerwise_0,1,0.1,0.03178450092673302,0.0031779713463038206,0.003178450046107173,0.03178564831614494,0.012623130343854427,0.9999204277992249,0.00014776401803828776,0.9999998807907104,4.0115948650054634e-05,0.012623130343854427,0.006357129197567701,3842.665283203125,True
0.001,rms_random_layerwise,0,random_layerwise_0,5,0.1,0.1979127824306488,0.04188745096325874,0.01979127898812294,0.2786749601364136,0.8509663343429565,0.5281628370285034,0.6606950759887695,0.7518069744110107,0.035644810646772385,0.8509663343429565,0.055734992027282715,33718.5,True
0.001,rms_random_layerwise,0,random_layerwise_0,10,0.1,0.3858567476272583,0.2025657594203949,0.03858567401766777,1.229896903038025,0.9677630662918091,0.261750191450119,0.9330782294273376,0.3630373775959015,0.19603566825389862,0.9677630662918091,0.24597936868667603,148177.796875,True
0.001,rms_random_layerwise,0,random_layerwise_0,20,0.1,0.8858848214149475,0.7480623126029968,0.08858848363161087,4.44398307800293,1.005308747291565,0.014265128411352634,0.9965594410896301,0.11690212786197662,0.7520335912704468,1.005308747291565,0.8887966275215149,525559.75,True
0.001,rms_random_layerwise,0,random_layerwise_0,40,0.1,1.9497159719467163,1.6602128744125366,0.19497160613536835,8.7936372756958,1.019812822341919,-0.1116616278886795,1.0123953819274902,0.054607637226581573,1.6931062936782837,1.019812822341919,1.7587275505065918,1013805.75,True
