architecture,seed,policy,horizon,learning_rate,momentum,certificate_tradeoff,certificate_radius_scale,predicted_A_change,predicted_B_change,A_loss,A_acc,B_loss,B_acc,optimizer,beta2,A_loss_reset,B_loss_reset,delta_forgetting,delta_progress
smallcnn,0,reset,40,0.03,0.9,0.25,1.0,-0.08116086572408676,0.023122264072299004,2.7376261962890625,0.1252,1.4282632446289063,0.3816,heavy_ball,,2.7376261962890625,1.4282632446289063,0.0,0.0
smallcnn,0,reset,40,0.03,0.9,0.25,1.0,-0.08116086572408676,0.023122264072299004,2.7376261962890625,0.1252,1.4282632446289063,0.3816,heavy_ball,,2.7376261962890625,1.4282632446289063,0.0,0.0
smallcnn,0,reset,40,0.03,0.9,0.25,1.0,-0.08116086572408676,0.023122264072299004,2.7376261962890625,0.1252,1.4282632446289063,0.3816,heavy_ball,,2.7376261962890625,1.4282632446289063,0.0,0.0
smallcnn,0,reset,40,0.03,0.9,0.25,1.0,-0.08116086572408676,0.023122264072299004,2.7376261962890625,0.1252,1.4282632446289063,0.3816,heavy_ball,,2.7376261962890625,1.4282632446289063,0.0,0.0
smallcnn,0,inherit,40,0.03,0.9,0.25,1.0,-0.08116086572408676,0.023122264072299004,2.5674413940429686,0.0968,1.342141424560547,0.41,heavy_ball,,2.7376261962890625,1.4282632446289063,-0.1701848022460939,0.08612182006835933
smallcnn,0,inherit,40,0.03,0.9,0.25,1.0,-0.08116086572408676,0.023122264072299004,2.5674413940429686,0.0968,1.342141424560547,0.41,heavy_ball,,2.7376261962890625,1.4282632446289063,-0.1701848022460939,0.08612182006835933
smallcnn,0,inherit,40,0.03,0.9,0.25,1.0,-0.08116086572408676,0.023122264072299004,2.5674413940429686,0.0968,1.342141424560547,0.41,heavy_ball,,2.7376261962890625,1.4282632446289063,-0.1701848022460939,0.08612182006835933
smallcnn,0,inherit,40,0.03,0.9,0.25,1.0,-0.08116086572408676,0.023122264072299004,2.5674413940429686,0.0968,1.342141424560547,0.41,heavy_ball,,2.7376261962890625,1.4282632446289063,-0.1701848022460939,0.08612182006835933
smallcnn,0,tangent_certificate,40,0.03,0.9,0.25,1.0,-0.08116086572408676,0.023122264072299004,2.6319740234375,0.122,1.4279843383789061,0.3784,heavy_ball,,2.7376261962890625,1.4282632446289063,-0.10565217285156248,0.0002789062500001549
smallcnn,0,tangent_certificate,40,0.03,0.9,0.25,1.0,-0.08116086572408676,0.023122264072299004,2.6319740234375,0.122,1.4279843383789061,0.3784,heavy_ball,,2.7376261962890625,1.4282632446289063,-0.10565217285156248,0.0002789062500001549
smallcnn,0,tangent_certificate,40,0.03,0.9,0.25,1.0,-0.08116086572408676,0.023122264072299004,2.6319740234375,0.122,1.4279843383789061,0.3784,heavy_ball,,2.7376261962890625,1.4282632446289063,-0.10565217285156248,0.0002789062500001549
smallcnn,0,tangent_certificate,40,0.03,0.9,0.25,1.0,-0.08116086572408676,0.023122264072299004,2.6319740234375,0.122,1.4279843383789061,0.3784,heavy_ball,,2.7376261962890625,1.4282632446289063,-0.10565217285156248,0.0002789062500001549
smallcnn,0,random_matched_norm,40,0.03,0.9,0.25,1.0,-0.08116086572408676,0.023122264072299004,2.695273309326172,0.114,1.376755487060547,0.386,heavy_ball,,2.7376261962890625,1.4282632446289063,-0.04235288696289041,0.05150775756835935
smallcnn,0,random_matched_norm,40,0.03,0.9,0.25,1.0,-0.08116086572408676,0.023122264072299004,2.695273309326172,0.114,1.376755487060547,0.386,heavy_ball,,2.7376261962890625,1.4282632446289063,-0.04235288696289041,0.05150775756835935
smallcnn,0,random_matched_norm,40,0.03,0.9,0.25,1.0,-0.08116086572408676,0.023122264072299004,2.695273309326172,0.114,1.376755487060547,0.386,heavy_ball,,2.7376261962890625,1.4282632446289063,-0.04235288696289041,0.05150775756835935
smallcnn,0,random_matched_norm,40,0.03,0.9,0.25,1.0,-0.08116086572408676,0.023122264072299004,2.695273309326172,0.114,1.376755487060547,0.386,heavy_ball,,2.7376261962890625,1.4282632446289063,-0.04235288696289041,0.05150775756835935
smallcnn,0,reset,40,0.03,0.9,0.25,1.0,-0.08116086572408676,0.023122264072299004,2.7376261962890625,0.1252,1.4282632446289063,0.3816,heavy_ball,,2.7376261962890625,1.4282632446289063,0.0,0.0
smallcnn,0,reset,40,0.03,0.9,0.25,1.0,-0.08116086572408676,0.023122264072299004,2.7376261962890625,0.1252,1.4282632446289063,0.3816,heavy_ball,,2.7376261962890625,1.4282632446289063,0.0,0.0
smallcnn,0,reset,40,0.03,0.9,0.25,1.0,-0.08116086572408676,0.023122264072299004,2.7376261962890625,0.1252,1.4282632446289063,0.3816,heavy_ball,,2.7376261962890625,1.4282632446289063,0.0,0.0
smallcnn,0,reset,40,0.03,0.9,0.25,1.0,-0.08116086572408676,0.023122264072299004,2.7376261962890625,0.1252,1.4282632446289063,0.3816,heavy_ball,,2.7376261962890625,1.4282632446289063,0.0,0.0
smallcnn,0,inherit,40,0.03,0.9,0.25,1.0,-0.08116086572408676,0.023122264072299004,2.5674413940429686,0.0968,1.342141424560547,0.41,heavy_ball,,2.7376261962890625,1.4282632446289063,-0.1701848022460939,0.08612182006835933
smallcnn,0,inherit,40,0.03,0.9,0.25,1.0,-0.08116086572408676,0.023122264072299004,2.5674413940429686,0.0968,1.342141424560547,0.41,heavy_ball,,2.7376261962890625,1.4282632446289063,-0.1701848022460939,0.08612182006835933
smallcnn,0,inherit,40,0.03,0.9,0.25,1.0,-0.08116086572408676,0.023122264072299004,2.5674413940429686,0.0968,1.342141424560547,0.41,heavy_ball,,2.7376261962890625,1.4282632446289063,-0.1701848022460939,0.08612182006835933
smallcnn,0,inherit,40,0.03,0.9,0.25,1.0,-0.08116086572408676,0.023122264072299004,2.5674413940429686,0.0968,1.342141424560547,0.41,heavy_ball,,2.7376261962890625,1.4282632446289063,-0.1701848022460939,0.08612182006835933
smallcnn,0,tangent_certificate,40,0.03,0.9,0.25,1.0,-0.08116086572408676,0.023122264072299004,2.6319740234375,0.122,1.4279843383789061,0.3784,heavy_ball,,2.7376261962890625,1.4282632446289063,-0.10565217285156248,0.0002789062500001549
smallcnn,0,tangent_certificate,40,0.03,0.9,0.25,1.0,-0.08116086572408676,0.023122264072299004,2.6319740234375,0.122,1.4279843383789061,0.3784,heavy_ball,,2.7376261962890625,1.4282632446289063,-0.10565217285156248,0.0002789062500001549
smallcnn,0,tangent_certificate,40,0.03,0.9,0.25,1.0,-0.08116086572408676,0.023122264072299004,2.6319740234375,0.122,1.4279843383789061,0.3784,heavy_ball,,2.7376261962890625,1.4282632446289063,-0.10565217285156248,0.0002789062500001549
smallcnn,0,tangent_certificate,40,0.03,0.9,0.25,1.0,-0.08116086572408676,0.023122264072299004,2.6319740234375,0.122,1.4279843383789061,0.3784,heavy_ball,,2.7376261962890625,1.4282632446289063,-0.10565217285156248,0.0002789062500001549
smallcnn,0,random_matched_norm,40,0.03,0.9,0.25,1.0,-0.08116086572408676,0.023122264072299004,2.695273309326172,0.114,1.376755487060547,0.386,heavy_ball,,2.7376261962890625,1.4282632446289063,-0.04235288696289041,0.05150775756835935
smallcnn,0,random_matched_norm,40,0.03,0.9,0.25,1.0,-0.08116086572408676,0.023122264072299004,2.695273309326172,0.114,1.376755487060547,0.386,heavy_ball,,2.7376261962890625,1.4282632446289063,-0.04235288696289041,0.05150775756835935
smallcnn,0,random_matched_norm,40,0.03,0.9,0.25,1.0,-0.08116086572408676,0.023122264072299004,2.695273309326172,0.114,1.376755487060547,0.386,heavy_ball,,2.7376261962890625,1.4282632446289063,-0.04235288696289041,0.05150775756835935
smallcnn,0,random_matched_norm,40,0.03,0.9,0.25,1.0,-0.08116086572408676,0.023122264072299004,2.695273309326172,0.114,1.376755487060547,0.386,heavy_ball,,2.7376261962890625,1.4282632446289063,-0.04235288696289041,0.05150775756835935
smallcnn,0,reset,40,0.03,0.9,0.25,1.0,-0.08116086572408676,0.023122264072299004,2.7376261962890625,0.1252,1.4282632446289063,0.3816,heavy_ball,,2.7376261962890625,1.4282632446289063,0.0,0.0
smallcnn,0,reset,40,0.03,0.9,0.25,1.0,-0.08116086572408676,0.023122264072299004,2.7376261962890625,0.1252,1.4282632446289063,0.3816,heavy_ball,,2.7376261962890625,1.4282632446289063,0.0,0.0
smallcnn,0,reset,40,0.03,0.9,0.25,1.0,-0.08116086572408676,0.023122264072299004,2.7376261962890625,0.1252,1.4282632446289063,0.3816,heavy_ball,,2.7376261962890625,1.4282632446289063,0.0,0.0
smallcnn,0,reset,40,0.03,0.9,0.25,1.0,-0.08116086572408676,0.023122264072299004,2.7376261962890625,0.1252,1.4282632446289063,0.3816,heavy_ball,,2.7376261962890625,1.4282632446289063,0.0,0.0
smallcnn,0,inherit,40,0.03,0.9,0.25,1.0,-0.08116086572408676,0.023122264072299004,2.5674413940429686,0.0968,1.342141424560547,0.41,heavy_ball,,2.7376261962890625,1.4282632446289063,-0.1701848022460939,0.08612182006835933
smallcnn,0,inherit,40,0.03,0.9,0.25,1.0,-0.08116086572408676,0.023122264072299004,2.5674413940429686,0.0968,1.342141424560547,0.41,heavy_ball,,2.7376261962890625,1.4282632446289063,-0.1701848022460939,0.08612182006835933
smallcnn,0,inherit,40,0.03,0.9,0.25,1.0,-0.08116086572408676,0.023122264072299004,2.5674413940429686,0.0968,1.342141424560547,0.41,heavy_ball,,2.7376261962890625,1.4282632446289063,-0.1701848022460939,0.08612182006835933
smallcnn,0,inherit,40,0.03,0.9,0.25,1.0,-0.08116086572408676,0.023122264072299004,2.5674413940429686,0.0968,1.342141424560547,0.41,heavy_ball,,2.7376261962890625,1.4282632446289063,-0.1701848022460939,0.08612182006835933
smallcnn,0,tangent_certificate,40,0.03,0.9,0.25,1.0,-0.08116086572408676,0.023122264072299004,2.6319740234375,0.122,1.4279843383789061,0.3784,heavy_ball,,2.7376261962890625,1.4282632446289063,-0.10565217285156248,0.0002789062500001549
smallcnn,0,tangent_certificate,40,0.03,0.9,0.25,1.0,-0.08116086572408676,0.023122264072299004,2.6319740234375,0.122,1.4279843383789061,0.3784,heavy_ball,,2.7376261962890625,1.4282632446289063,-0.10565217285156248,0.0002789062500001549
smallcnn,0,tangent_certificate,40,0.03,0.9,0.25,1.0,-0.08116086572408676,0.023122264072299004,2.6319740234375,0.122,1.4279843383789061,0.3784,heavy_ball,,2.7376261962890625,1.4282632446289063,-0.10565217285156248,0.0002789062500001549
smallcnn,0,tangent_certificate,40,0.03,0.9,0.25,1.0,-0.08116086572408676,0.023122264072299004,2.6319740234375,0.122,1.4279843383789061,0.3784,heavy_ball,,2.7376261962890625,1.4282632446289063,-0.10565217285156248,0.0002789062500001549
smallcnn,0,random_matched_norm,40,0.03,0.9,0.25,1.0,-0.08116086572408676,0.023122264072299004,2.695273309326172,0.114,1.376755487060547,0.386,heavy_ball,,2.7376261962890625,1.4282632446289063,-0.04235288696289041,0.05150775756835935
smallcnn,0,random_matched_norm,40,0.03,0.9,0.25,1.0,-0.08116086572408676,0.023122264072299004,2.695273309326172,0.114,1.376755487060547,0.386,heavy_ball,,2.7376261962890625,1.4282632446289063,-0.04235288696289041,0.05150775756835935
smallcnn,0,random_matched_norm,40,0.03,0.9,0.25,1.0,-0.08116086572408676,0.023122264072299004,2.695273309326172,0.114,1.376755487060547,0.386,heavy_ball,,2.7376261962890625,1.4282632446289063,-0.04235288696289041,0.05150775756835935
smallcnn,0,random_matched_norm,40,0.03,0.9,0.25,1.0,-0.08116086572408676,0.023122264072299004,2.695273309326172,0.114,1.376755487060547,0.386,heavy_ball,,2.7376261962890625,1.4282632446289063,-0.04235288696289041,0.05150775756835935
smallcnn,0,reset,40,0.03,0.9,0.25,1.0,-0.08116086572408676,0.023122264072299004,2.7376261962890625,0.1252,1.4282632446289063,0.3816,heavy_ball,,2.7376261962890625,1.4282632446289063,0.0,0.0
smallcnn,0,reset,40,0.03,0.9,0.25,1.0,-0.08116086572408676,0.023122264072299004,2.7376261962890625,0.1252,1.4282632446289063,0.3816,heavy_ball,,2.7376261962890625,1.4282632446289063,0.0,0.0
smallcnn,0,reset,40,0.03,0.9,0.25,1.0,-0.08116086572408676,0.023122264072299004,2.7376261962890625,0.1252,1.4282632446289063,0.3816,heavy_ball,,2.7376261962890625,1.4282632446289063,0.0,0.0
smallcnn,0,reset,40,0.03,0.9,0.25,1.0,-0.08116086572408676,0.023122264072299004,2.7376261962890625,0.1252,1.4282632446289063,0.3816,heavy_ball,,2.7376261962890625,1.4282632446289063,0.0,0.0
smallcnn,0,inherit,40,0.03,0.9,0.25,1.0,-0.08116086572408676,0.023122264072299004,2.5674413940429686,0.0968,1.342141424560547,0.41,heavy_ball,,2.7376261962890625,1.4282632446289063,-0.1701848022460939,0.08612182006835933
smallcnn,0,inherit,40,0.03,0.9,0.25,1.0,-0.08116086572408676,0.023122264072299004,2.5674413940429686,0.0968,1.342141424560547,0.41,heavy_ball,,2.7376261962890625,1.4282632446289063,-0.1701848022460939,0.08612182006835933
smallcnn,0,inherit,40,0.03,0.9,0.25,1.0,-0.08116086572408676,0.023122264072299004,2.5674413940429686,0.0968,1.342141424560547,0.41,heavy_ball,,2.7376261962890625,1.4282632446289063,-0.1701848022460939,0.08612182006835933
smallcnn,0,inherit,40,0.03,0.9,0.25,1.0,-0.08116086572408676,0.023122264072299004,2.5674413940429686,0.0968,1.342141424560547,0.41,heavy_ball,,2.7376261962890625,1.4282632446289063,-0.1701848022460939,0.08612182006835933
smallcnn,0,tangent_certificate,40,0.03,0.9,0.25,1.0,-0.08116086572408676,0.023122264072299004,2.6319740234375,0.122,1.4279843383789061,0.3784,heavy_ball,,2.7376261962890625,1.4282632446289063,-0.10565217285156248,0.0002789062500001549
smallcnn,0,tangent_certificate,40,0.03,0.9,0.25,1.0,-0.08116086572408676,0.023122264072299004,2.6319740234375,0.122,1.4279843383789061,0.3784,heavy_ball,,2.7376261962890625,1.4282632446289063,-0.10565217285156248,0.0002789062500001549
smallcnn,0,tangent_certificate,40,0.03,0.9,0.25,1.0,-0.08116086572408676,0.023122264072299004,2.6319740234375,0.122,1.4279843383789061,0.3784,heavy_ball,,2.7376261962890625,1.4282632446289063,-0.10565217285156248,0.0002789062500001549
smallcnn,0,tangent_certificate,40,0.03,0.9,0.25,1.0,-0.08116086572408676,0.023122264072299004,2.6319740234375,0.122,1.4279843383789061,0.3784,heavy_ball,,2.7376261962890625,1.4282632446289063,-0.10565217285156248,0.0002789062500001549
smallcnn,0,random_matched_norm,40,0.03,0.9,0.25,1.0,-0.08116086572408676,0.023122264072299004,2.695273309326172,0.114,1.376755487060547,0.386,heavy_ball,,2.7376261962890625,1.4282632446289063,-0.04235288696289041,0.05150775756835935
smallcnn,0,random_matched_norm,40,0.03,0.9,0.25,1.0,-0.08116086572408676,0.023122264072299004,2.695273309326172,0.114,1.376755487060547,0.386,heavy_ball,,2.7376261962890625,1.4282632446289063,-0.04235288696289041,0.05150775756835935
smallcnn,0,random_matched_norm,40,0.03,0.9,0.25,1.0,-0.08116086572408676,0.023122264072299004,2.695273309326172,0.114,1.376755487060547,0.386,heavy_ball,,2.7376261962890625,1.4282632446289063,-0.04235288696289041,0.05150775756835935
smallcnn,0,random_matched_norm,40,0.03,0.9,0.25,1.0,-0.08116086572408676,0.023122264072299004,2.695273309326172,0.114,1.376755487060547,0.386,heavy_ball,,2.7376261962890625,1.4282632446289063,-0.04235288696289041,0.05150775756835935
smallcnn,1,reset,40,0.03,0.9,4.0,1.0,0.09563050419092178,-0.049732621759176254,2.122176934814453,0.076,1.362064306640625,0.3392,heavy_ball,,2.122176934814453,1.362064306640625,0.0,0.0
smallcnn,1,reset,40,0.03,0.9,4.0,1.0,0.09563050419092178,-0.049732621759176254,2.122176934814453,0.076,1.362064306640625,0.3392,heavy_ball,,2.122176934814453,1.362064306640625,0.0,0.0
smallcnn,1,reset,40,0.03,0.9,4.0,1.0,0.09563050419092178,-0.049732621759176254,2.122176934814453,0.076,1.362064306640625,0.3392,heavy_ball,,2.122176934814453,1.362064306640625,0.0,0.0
smallcnn,1,reset,40,0.03,0.9,4.0,1.0,0.09563050419092178,-0.049732621759176254,2.122176934814453,0.076,1.362064306640625,0.3392,heavy_ball,,2.122176934814453,1.362064306640625,0.0,0.0
smallcnn,1,inherit,40,0.03,0.9,4.0,1.0,0.09563050419092178,-0.049732621759176254,2.1596026977539062,0.0868,1.3602632141113282,0.4284,heavy_ball,,2.122176934814453,1.362064306640625,0.03742576293945321,0.0018010925292968327
smallcnn,1,inherit,40,0.03,0.9,4.0,1.0,0.09563050419092178,-0.049732621759176254,2.1596026977539062,0.0868,1.3602632141113282,0.4284,heavy_ball,,2.122176934814453,1.362064306640625,0.03742576293945321,0.0018010925292968327
smallcnn,1,inherit,40,0.03,0.9,4.0,1.0,0.09563050419092178,-0.049732621759176254,2.1596026977539062,0.0868,1.3602632141113282,0.4284,heavy_ball,,2.122176934814453,1.362064306640625,0.03742576293945321,0.0018010925292968327
smallcnn,1,inherit,40,0.03,0.9,4.0,1.0,0.09563050419092178,-0.049732621759176254,2.1596026977539062,0.0868,1.3602632141113282,0.4284,heavy_ball,,2.122176934814453,1.362064306640625,0.03742576293945321,0.0018010925292968327
smallcnn,1,tangent_certificate,40,0.03,0.9,4.0,1.0,0.09563050419092178,-0.049732621759176254,2.1187482788085936,0.0984,1.3584965576171875,0.412,heavy_ball,,2.122176934814453,1.362064306640625,-0.0034286560058593984,0.003567749023437594
smallcnn,1,tangent_certificate,40,0.03,0.9,4.0,1.0,0.09563050419092178,-0.049732621759176254,2.1187482788085936,0.0984,1.3584965576171875,0.412,heavy_ball,,2.122176934814453,1.362064306640625,-0.0034286560058593984,0.003567749023437594
smallcnn,1,tangent_certificate,40,0.03,0.9,4.0,1.0,0.09563050419092178,-0.049732621759176254,2.1187482788085936,0.0984,1.3584965576171875,0.412,heavy_ball,,2.122176934814453,1.362064306640625,-0.0034286560058593984,0.003567749023437594
smallcnn,1,tangent_certificate,40,0.03,0.9,4.0,1.0,0.09563050419092178,-0.049732621759176254,2.1187482788085936,0.0984,1.3584965576171875,0.412,heavy_ball,,2.122176934814453,1.362064306640625,-0.0034286560058593984,0.003567749023437594
smallcnn,1,random_matched_norm,40,0.03,0.9,4.0,1.0,0.09563050419092178,-0.049732621759176254,2.1182551696777345,0.076,1.3627335754394532,0.3428,heavy_ball,,2.122176934814453,1.362064306640625,-0.003921765136718491,-0.0006692687988281154
smallcnn,1,random_matched_norm,40,0.03,0.9,4.0,1.0,0.09563050419092178,-0.049732621759176254,2.1182551696777345,0.076,1.3627335754394532,0.3428,heavy_ball,,2.122176934814453,1.362064306640625,-0.003921765136718491,-0.0006692687988281154
smallcnn,1,random_matched_norm,40,0.03,0.9,4.0,1.0,0.09563050419092178,-0.049732621759176254,2.1182551696777345,0.076,1.3627335754394532,0.3428,heavy_ball,,2.122176934814453,1.362064306640625,-0.003921765136718491,-0.0006692687988281154
smallcnn,1,random_matched_norm,40,0.03,0.9,4.0,1.0,0.09563050419092178,-0.049732621759176254,2.1182551696777345,0.076,1.3627335754394532,0.3428,heavy_ball,,2.122176934814453,1.362064306640625,-0.003921765136718491,-0.0006692687988281154
smallcnn,1,reset,40,0.03,0.9,4.0,1.0,0.09563050419092178,-0.049732621759176254,2.122176934814453,0.076,1.362064306640625,0.3392,heavy_ball,,2.122176934814453,1.362064306640625,0.0,0.0
smallcnn,1,reset,40,0.03,0.9,4.0,1.0,0.09563050419092178,-0.049732621759176254,2.122176934814453,0.076,1.362064306640625,0.3392,heavy_ball,,2.122176934814453,1.362064306640625,0.0,0.0
smallcnn,1,reset,40,0.03,0.9,4.0,1.0,0.09563050419092178,-0.049732621759176254,2.122176934814453,0.076,1.362064306640625,0.3392,heavy_ball,,2.122176934814453,1.362064306640625,0.0,0.0
smallcnn,1,reset,40,0.03,0.9,4.0,1.0,0.09563050419092178,-0.049732621759176254,2.122176934814453,0.076,1.362064306640625,0.3392,heavy_ball,,2.122176934814453,1.362064306640625,0.0,0.0
smallcnn,1,inherit,40,0.03,0.9,4.0,1.0,0.09563050419092178,-0.049732621759176254,2.1596026977539062,0.0868,1.3602632141113282,0.4284,heavy_ball,,2.122176934814453,1.362064306640625,0.03742576293945321,0.0018010925292968327
smallcnn,1,inherit,40,0.03,0.9,4.0,1.0,0.09563050419092178,-0.049732621759176254,2.1596026977539062,0.0868,1.3602632141113282,0.4284,heavy_ball,,2.122176934814453,1.362064306640625,0.03742576293945321,0.0018010925292968327
smallcnn,1,inherit,40,0.03,0.9,4.0,1.0,0.09563050419092178,-0.049732621759176254,2.1596026977539062,0.0868,1.3602632141113282,0.4284,heavy_ball,,2.122176934814453,1.362064306640625,0.03742576293945321,0.0018010925292968327
smallcnn,1,inherit,40,0.03,0.9,4.0,1.0,0.09563050419092178,-0.049732621759176254,2.1596026977539062,0.0868,1.3602632141113282,0.4284,heavy_ball,,2.122176934814453,1.362064306640625,0.03742576293945321,0.0018010925292968327
smallcnn,1,tangent_certificate,40,0.03,0.9,4.0,1.0,0.09563050419092178,-0.049732621759176254,2.1187482788085936,0.0984,1.3584965576171875,0.412,heavy_ball,,2.122176934814453,1.362064306640625,-0.0034286560058593984,0.003567749023437594
smallcnn,1,tangent_certificate,40,0.03,0.9,4.0,1.0,0.09563050419092178,-0.049732621759176254,2.1187482788085936,0.0984,1.3584965576171875,0.412,heavy_ball,,2.122176934814453,1.362064306640625,-0.0034286560058593984,0.003567749023437594
smallcnn,1,tangent_certificate,40,0.03,0.9,4.0,1.0,0.09563050419092178,-0.049732621759176254,2.1187482788085936,0.0984,1.3584965576171875,0.412,heavy_ball,,2.122176934814453,1.362064306640625,-0.0034286560058593984,0.003567749023437594
smallcnn,1,tangent_certificate,40,0.03,0.9,4.0,1.0,0.09563050419092178,-0.049732621759176254,2.1187482788085936,0.0984,1.3584965576171875,0.412,heavy_ball,,2.122176934814453,1.362064306640625,-0.0034286560058593984,0.003567749023437594
smallcnn,1,random_matched_norm,40,0.03,0.9,4.0,1.0,0.09563050419092178,-0.049732621759176254,2.1182551696777345,0.076,1.3627335754394532,0.3428,heavy_ball,,2.122176934814453,1.362064306640625,-0.003921765136718491,-0.0006692687988281154
smallcnn,1,random_matched_norm,40,0.03,0.9,4.0,1.0,0.09563050419092178,-0.049732621759176254,2.1182551696777345,0.076,1.3627335754394532,0.3428,heavy_ball,,2.122176934814453,1.362064306640625,-0.003921765136718491,-0.0006692687988281154
smallcnn,1,random_matched_norm,40,0.03,0.9,4.0,1.0,0.09563050419092178,-0.049732621759176254,2.1182551696777345,0.076,1.3627335754394532,0.3428,heavy_ball,,2.122176934814453,1.362064306640625,-0.003921765136718491,-0.0006692687988281154
smallcnn,1,random_matched_norm,40,0.03,0.9,4.0,1.0,0.09563050419092178,-0.049732621759176254,2.1182551696777345,0.076,1.3627335754394532,0.3428,heavy_ball,,2.122176934814453,1.362064306640625,-0.003921765136718491,-0.0006692687988281154
smallcnn,1,reset,40,0.03,0.9,4.0,1.0,0.09563050419092178,-0.049732621759176254,2.122176934814453,0.076,1.362064306640625,0.3392,heavy_ball,,2.122176934814453,1.362064306640625,0.0,0.0
smallcnn,1,reset,40,0.03,0.9,4.0,1.0,0.09563050419092178,-0.049732621759176254,2.122176934814453,0.076,1.362064306640625,0.3392,heavy_ball,,2.122176934814453,1.362064306640625,0.0,0.0
smallcnn,1,reset,40,0.03,0.9,4.0,1.0,0.09563050419092178,-0.049732621759176254,2.122176934814453,0.076,1.362064306640625,0.3392,heavy_ball,,2.122176934814453,1.362064306640625,0.0,0.0
smallcnn,1,reset,40,0.03,0.9,4.0,1.0,0.09563050419092178,-0.049732621759176254,2.122176934814453,0.076,1.362064306640625,0.3392,heavy_ball,,2.122176934814453,1.362064306640625,0.0,0.0
smallcnn,1,inherit,40,0.03,0.9,4.0,1.0,0.09563050419092178,-0.049732621759176254,2.1596026977539062,0.0868,1.3602632141113282,0.4284,heavy_ball,,2.122176934814453,1.362064306640625,0.03742576293945321,0.0018010925292968327
smallcnn,1,inherit,40,0.03,0.9,4.0,1.0,0.09563050419092178,-0.049732621759176254,2.1596026977539062,0.0868,1.3602632141113282,0.4284,heavy_ball,,2.122176934814453,1.362064306640625,0.03742576293945321,0.0018010925292968327
smallcnn,1,inherit,40,0.03,0.9,4.0,1.0,0.09563050419092178,-0.049732621759176254,2.1596026977539062,0.0868,1.3602632141113282,0.4284,heavy_ball,,2.122176934814453,1.362064306640625,0.03742576293945321,0.0018010925292968327
smallcnn,1,inherit,40,0.03,0.9,4.0,1.0,0.09563050419092178,-0.049732621759176254,2.1596026977539062,0.0868,1.3602632141113282,0.4284,heavy_ball,,2.122176934814453,1.362064306640625,0.03742576293945321,0.0018010925292968327
smallcnn,1,tangent_certificate,40,0.03,0.9,4.0,1.0,0.09563050419092178,-0.049732621759176254,2.1187482788085936,0.0984,1.3584965576171875,0.412,heavy_ball,,2.122176934814453,1.362064306640625,-0.0034286560058593984,0.003567749023437594
smallcnn,1,tangent_certificate,40,0.03,0.9,4.0,1.0,0.09563050419092178,-0.049732621759176254,2.1187482788085936,0.0984,1.3584965576171875,0.412,heavy_ball,,2.122176934814453,1.362064306640625,-0.0034286560058593984,0.003567749023437594
smallcnn,1,tangent_certificate,40,0.03,0.9,4.0,1.0,0.09563050419092178,-0.049732621759176254,2.1187482788085936,0.0984,1.3584965576171875,0.412,heavy_ball,,2.122176934814453,1.362064306640625,-0.0034286560058593984,0.003567749023437594
smallcnn,1,tangent_certificate,40,0.03,0.9,4.0,1.0,0.09563050419092178,-0.049732621759176254,2.1187482788085936,0.0984,1.3584965576171875,0.412,heavy_ball,,2.122176934814453,1.362064306640625,-0.0034286560058593984,0.003567749023437594
smallcnn,1,random_matched_norm,40,0.03,0.9,4.0,1.0,0.09563050419092178,-0.049732621759176254,2.1182551696777345,0.076,1.3627335754394532,0.3428,heavy_ball,,2.122176934814453,1.362064306640625,-0.003921765136718491,-0.0006692687988281154
smallcnn,1,random_matched_norm,40,0.03,0.9,4.0,1.0,0.09563050419092178,-0.049732621759176254,2.1182551696777345,0.076,1.3627335754394532,0.3428,heavy_ball,,2.122176934814453,1.362064306640625,-0.003921765136718491,-0.0006692687988281154
smallcnn,1,random_matched_norm,40,0.03,0.9,4.0,1.0,0.09563050419092178,-0.049732621759176254,2.1182551696777345,0.076,1.3627335754394532,0.3428,heavy_ball,,2.122176934814453,1.362064306640625,-0.003921765136718491,-0.0006692687988281154
smallcnn,1,random_matched_norm,40,0.03,0.9,4.0,1.0,0.09563050419092178,-0.049732621759176254,2.1182551696777345,0.076,1.3627335754394532,0.3428,heavy_ball,,2.122176934814453,1.362064306640625,-0.003921765136718491,-0.0006692687988281154
smallcnn,1,reset,40,0.03,0.9,4.0,1.0,0.09563050419092178,-0.049732621759176254,2.122176934814453,0.076,1.362064306640625,0.3392,heavy_ball,,2.122176934814453,1.362064306640625,0.0,0.0
smallcnn,1,reset,40,0.03,0.9,4.0,1.0,0.09563050419092178,-0.049732621759176254,2.122176934814453,0.076,1.362064306640625,0.3392,heavy_ball,,2.122176934814453,1.362064306640625,0.0,0.0
smallcnn,1,reset,40,0.03,0.9,4.0,1.0,0.09563050419092178,-0.049732621759176254,2.122176934814453,0.076,1.362064306640625,0.3392,heavy_ball,,2.122176934814453,1.362064306640625,0.0,0.0
smallcnn,1,reset,40,0.03,0.9,4.0,1.0,0.09563050419092178,-0.049732621759176254,2.122176934814453,0.076,1.362064306640625,0.3392,heavy_ball,,2.122176934814453,1.362064306640625,0.0,0.0
smallcnn,1,inherit,40,0.03,0.9,4.0,1.0,0.09563050419092178,-0.049732621759176254,2.1596026977539062,0.0868,1.3602632141113282,0.4284,heavy_ball,,2.122176934814453,1.362064306640625,0.03742576293945321,0.0018010925292968327
smallcnn,1,inherit,40,0.03,0.9,4.0,1.0,0.09563050419092178,-0.049732621759176254,2.1596026977539062,0.0868,1.3602632141113282,0.4284,heavy_ball,,2.122176934814453,1.362064306640625,0.03742576293945321,0.0018010925292968327
smallcnn,1,inherit,40,0.03,0.9,4.0,1.0,0.09563050419092178,-0.049732621759176254,2.1596026977539062,0.0868,1.3602632141113282,0.4284,heavy_ball,,2.122176934814453,1.362064306640625,0.03742576293945321,0.0018010925292968327
smallcnn,1,inherit,40,0.03,0.9,4.0,1.0,0.09563050419092178,-0.049732621759176254,2.1596026977539062,0.0868,1.3602632141113282,0.4284,heavy_ball,,2.122176934814453,1.362064306640625,0.03742576293945321,0.0018010925292968327
smallcnn,1,tangent_certificate,40,0.03,0.9,4.0,1.0,0.09563050419092178,-0.049732621759176254,2.1187482788085936,0.0984,1.3584965576171875,0.412,heavy_ball,,2.122176934814453,1.362064306640625,-0.0034286560058593984,0.003567749023437594
smallcnn,1,tangent_certificate,40,0.03,0.9,4.0,1.0,0.09563050419092178,-0.049732621759176254,2.1187482788085936,0.0984,1.3584965576171875,0.412,heavy_ball,,2.122176934814453,1.362064306640625,-0.0034286560058593984,0.003567749023437594
smallcnn,1,tangent_certificate,40,0.03,0.9,4.0,1.0,0.09563050419092178,-0.049732621759176254,2.1187482788085936,0.0984,1.3584965576171875,0.412,heavy_ball,,2.122176934814453,1.362064306640625,-0.0034286560058593984,0.003567749023437594
smallcnn,1,tangent_certificate,40,0.03,0.9,4.0,1.0,0.09563050419092178,-0.049732621759176254,2.1187482788085936,0.0984,1.3584965576171875,0.412,heavy_ball,,2.122176934814453,1.362064306640625,-0.0034286560058593984,0.003567749023437594
smallcnn,1,random_matched_norm,40,0.03,0.9,4.0,1.0,0.09563050419092178,-0.049732621759176254,2.1182551696777345,0.076,1.3627335754394532,0.3428,heavy_ball,,2.122176934814453,1.362064306640625,-0.003921765136718491,-0.0006692687988281154
smallcnn,1,random_matched_norm,40,0.03,0.9,4.0,1.0,0.09563050419092178,-0.049732621759176254,2.1182551696777345,0.076,1.3627335754394532,0.3428,heavy_ball,,2.122176934814453,1.362064306640625,-0.003921765136718491,-0.0006692687988281154
smallcnn,1,random_matched_norm,40,0.03,0.9,4.0,1.0,0.09563050419092178,-0.049732621759176254,2.1182551696777345,0.076,1.3627335754394532,0.3428,heavy_ball,,2.122176934814453,1.362064306640625,-0.003921765136718491,-0.0006692687988281154
smallcnn,1,random_matched_norm,40,0.03,0.9,4.0,1.0,0.09563050419092178,-0.049732621759176254,2.1182551696777345,0.076,1.3627335754394532,0.3428,heavy_ball,,2.122176934814453,1.362064306640625,-0.003921765136718491,-0.0006692687988281154
smallcnn,2,reset,40,0.03,0.9,4.0,1.0,0.01910731941461563,-0.02171345055103302,1.8377645385742187,0.1728,1.4546893615722656,0.3092,heavy_ball,,1.8377645385742187,1.4546893615722656,0.0,0.0
smallcnn,2,reset,40,0.03,0.9,4.0,1.0,0.01910731941461563,-0.02171345055103302,1.8377645385742187,0.1728,1.4546893615722656,0.3092,heavy_ball,,1.8377645385742187,1.4546893615722656,0.0,0.0
smallcnn,2,reset,40,0.03,0.9,4.0,1.0,0.01910731941461563,-0.02171345055103302,1.8377645385742187,0.1728,1.4546893615722656,0.3092,heavy_ball,,1.8377645385742187,1.4546893615722656,0.0,0.0
smallcnn,2,reset,40,0.03,0.9,4.0,1.0,0.01910731941461563,-0.02171345055103302,1.8377645385742187,0.1728,1.4546893615722656,0.3092,heavy_ball,,1.8377645385742187,1.4546893615722656,0.0,0.0
smallcnn,2,inherit,40,0.03,0.9,4.0,1.0,0.01910731941461563,-0.02171345055103302,1.975913214111328,0.2184,1.5308374755859375,0.2436,heavy_ball,,1.8377645385742187,1.4546893615722656,0.1381486755371093,-0.07614811401367194
smallcnn,2,inherit,40,0.03,0.9,4.0,1.0,0.01910731941461563,-0.02171345055103302,1.975913214111328,0.2184,1.5308374755859375,0.2436,heavy_ball,,1.8377645385742187,1.4546893615722656,0.1381486755371093,-0.07614811401367194
smallcnn,2,inherit,40,0.03,0.9,4.0,1.0,0.01910731941461563,-0.02171345055103302,1.975913214111328,0.2184,1.5308374755859375,0.2436,heavy_ball,,1.8377645385742187,1.4546893615722656,0.1381486755371093,-0.07614811401367194
smallcnn,2,inherit,40,0.03,0.9,4.0,1.0,0.01910731941461563,-0.02171345055103302,1.975913214111328,0.2184,1.5308374755859375,0.2436,heavy_ball,,1.8377645385742187,1.4546893615722656,0.1381486755371093,-0.07614811401367194
smallcnn,2,tangent_certificate,40,0.03,0.9,4.0,1.0,0.01910731941461563,-0.02171345055103302,1.832004315185547,0.142,1.4272503723144532,0.346,heavy_ball,,1.8377645385742187,1.4546893615722656,-0.00576022338867177,0.027438989257812407
smallcnn,2,tangent_certificate,40,0.03,0.9,4.0,1.0,0.01910731941461563,-0.02171345055103302,1.832004315185547,0.142,1.4272503723144532,0.346,heavy_ball,,1.8377645385742187,1.4546893615722656,-0.00576022338867177,0.027438989257812407
smallcnn,2,tangent_certificate,40,0.03,0.9,4.0,1.0,0.01910731941461563,-0.02171345055103302,1.832004315185547,0.142,1.4272503723144532,0.346,heavy_ball,,1.8377645385742187,1.4546893615722656,-0.00576022338867177,0.027438989257812407
smallcnn,2,tangent_certificate,40,0.03,0.9,4.0,1.0,0.01910731941461563,-0.02171345055103302,1.832004315185547,0.142,1.4272503723144532,0.346,heavy_ball,,1.8377645385742187,1.4546893615722656,-0.00576022338867177,0.027438989257812407
smallcnn,2,random_matched_norm,40,0.03,0.9,4.0,1.0,0.01910731941461563,-0.02171345055103302,1.9936229309082032,0.2016,1.501929397583008,0.2712,heavy_ball,,1.8377645385742187,1.4546893615722656,0.15585839233398446,-0.04724003601074234
smallcnn,2,random_matched_norm,40,0.03,0.9,4.0,1.0,0.01910731941461563,-0.02171345055103302,1.9936229309082032,0.2016,1.501929397583008,0.2712,heavy_ball,,1.8377645385742187,1.4546893615722656,0.15585839233398446,-0.04724003601074234
smallcnn,2,random_matched_norm,40,0.03,0.9,4.0,1.0,0.01910731941461563,-0.02171345055103302,1.9936229309082032,0.2016,1.501929397583008,0.2712,heavy_ball,,1.8377645385742187,1.4546893615722656,0.15585839233398446,-0.04724003601074234
smallcnn,2,random_matched_norm,40,0.03,0.9,4.0,1.0,0.01910731941461563,-0.02171345055103302,1.9936229309082032,0.2016,1.501929397583008,0.2712,heavy_ball,,1.8377645385742187,1.4546893615722656,0.15585839233398446,-0.04724003601074234
smallcnn,2,reset,40,0.03,0.9,4.0,1.0,0.01910731941461563,-0.02171345055103302,1.8377645385742187,0.1728,1.4546893615722656,0.3092,heavy_ball,,1.8377645385742187,1.4546893615722656,0.0,0.0
smallcnn,2,reset,40,0.03,0.9,4.0,1.0,0.01910731941461563,-0.02171345055103302,1.8377645385742187,0.1728,1.4546893615722656,0.3092,heavy_ball,,1.8377645385742187,1.4546893615722656,0.0,0.0
smallcnn,2,reset,40,0.03,0.9,4.0,1.0,0.01910731941461563,-0.02171345055103302,1.8377645385742187,0.1728,1.4546893615722656,0.3092,heavy_ball,,1.8377645385742187,1.4546893615722656,0.0,0.0
smallcnn,2,reset,40,0.03,0.9,4.0,1.0,0.01910731941461563,-0.02171345055103302,1.8377645385742187,0.1728,1.4546893615722656,0.3092,heavy_ball,,1.8377645385742187,1.4546893615722656,0.0,0.0
smallcnn,2,inherit,40,0.03,0.9,4.0,1.0,0.01910731941461563,-0.02171345055103302,1.975913214111328,0.2184,1.5308374755859375,0.2436,heavy_ball,,1.8377645385742187,1.4546893615722656,0.1381486755371093,-0.07614811401367194
smallcnn,2,inherit,40,0.03,0.9,4.0,1.0,0.01910731941461563,-0.02171345055103302,1.975913214111328,0.2184,1.5308374755859375,0.2436,heavy_ball,,1.8377645385742187,1.4546893615722656,0.1381486755371093,-0.07614811401367194
smallcnn,2,inherit,40,0.03,0.9,4.0,1.0,0.01910731941461563,-0.02171345055103302,1.975913214111328,0.2184,1.5308374755859375,0.2436,heavy_ball,,1.8377645385742187,1.4546893615722656,0.1381486755371093,-0.07614811401367194
smallcnn,2,inherit,40,0.03,0.9,4.0,1.0,0.01910731941461563,-0.02171345055103302,1.975913214111328,0.2184,1.5308374755859375,0.2436,heavy_ball,,1.8377645385742187,1.4546893615722656,0.1381486755371093,-0.07614811401367194
smallcnn,2,tangent_certificate,40,0.03,0.9,4.0,1.0,0.01910731941461563,-0.02171345055103302,1.832004315185547,0.142,1.4272503723144532,0.346,heavy_ball,,1.8377645385742187,1.4546893615722656,-0.00576022338867177,0.027438989257812407
smallcnn,2,tangent_certificate,40,0.03,0.9,4.0,1.0,0.01910731941461563,-0.02171345055103302,1.832004315185547,0.142,1.4272503723144532,0.346,heavy_ball,,1.8377645385742187,1.4546893615722656,-0.00576022338867177,0.027438989257812407
smallcnn,2,tangent_certificate,40,0.03,0.9,4.0,1.0,0.01910731941461563,-0.02171345055103302,1.832004315185547,0.142,1.4272503723144532,0.346,heavy_ball,,1.8377645385742187,1.4546893615722656,-0.00576022338867177,0.027438989257812407
smallcnn,2,tangent_certificate,40,0.03,0.9,4.0,1.0,0.01910731941461563,-0.02171345055103302,1.832004315185547,0.142,1.4272503723144532,0.346,heavy_ball,,1.8377645385742187,1.4546893615722656,-0.00576022338867177,0.027438989257812407
smallcnn,2,random_matched_norm,40,0.03,0.9,4.0,1.0,0.01910731941461563,-0.02171345055103302,1.9936229309082032,0.2016,1.501929397583008,0.2712,heavy_ball,,1.8377645385742187,1.4546893615722656,0.15585839233398446,-0.04724003601074234
smallcnn,2,random_matched_norm,40,0.03,0.9,4.0,1.0,0.01910731941461563,-0.02171345055103302,1.9936229309082032,0.2016,1.501929397583008,0.2712,heavy_ball,,1.8377645385742187,1.4546893615722656,0.15585839233398446,-0.04724003601074234
smallcnn,2,random_matched_norm,40,0.03,0.9,4.0,1.0,0.01910731941461563,-0.02171345055103302,1.9936229309082032,0.2016,1.501929397583008,0.2712,heavy_ball,,1.8377645385742187,1.4546893615722656,0.15585839233398446,-0.04724003601074234
smallcnn,2,random_matched_norm,40,0.03,0.9,4.0,1.0,0.01910731941461563,-0.02171345055103302,1.9936229309082032,0.2016,1.501929397583008,0.2712,heavy_ball,,1.8377645385742187,1.4546893615722656,0.15585839233398446,-0.04724003601074234
smallcnn,2,reset,40,0.03,0.9,4.0,1.0,0.01910731941461563,-0.02171345055103302,1.8377645385742187,0.1728,1.4546893615722656,0.3092,heavy_ball,,1.8377645385742187,1.4546893615722656,0.0,0.0
smallcnn,2,reset,40,0.03,0.9,4.0,1.0,0.01910731941461563,-0.02171345055103302,1.8377645385742187,0.1728,1.4546893615722656,0.3092,heavy_ball,,1.8377645385742187,1.4546893615722656,0.0,0.0
smallcnn,2,reset,40,0.03,0.9,4.0,1.0,0.01910731941461563,-0.02171345055103302,1.8377645385742187,0.1728,1.4546893615722656,0.3092,heavy_ball,,1.8377645385742187,1.4546893615722656,0.0,0.0
smallcnn,2,reset,40,0.03,0.9,4.0,1.0,0.01910731941461563,-0.02171345055103302,1.8377645385742187,0.1728,1.4546893615722656,0.3092,heavy_ball,,1.8377645385742187,1.4546893615722656,0.0,0.0
smallcnn,2,inherit,40,0.03,0.9,4.0,1.0,0.01910731941461563,-0.02171345055103302,1.975913214111328,0.2184,1.5308374755859375,0.2436,heavy_ball,,1.8377645385742187,1.4546893615722656,0.1381486755371093,-0.07614811401367194
smallcnn,2,inherit,40,0.03,0.9,4.0,1.0,0.01910731941461563,-0.02171345055103302,1.975913214111328,0.2184,1.5308374755859375,0.2436,heavy_ball,,1.8377645385742187,1.4546893615722656,0.1381486755371093,-0.07614811401367194
smallcnn,2,inherit,40,0.03,0.9,4.0,1.0,0.01910731941461563,-0.02171345055103302,1.975913214111328,0.2184,1.5308374755859375,0.2436,heavy_ball,,1.8377645385742187,1.4546893615722656,0.1381486755371093,-0.07614811401367194
smallcnn,2,inherit,40,0.03,0.9,4.0,1.0,0.01910731941461563,-0.02171345055103302,1.975913214111328,0.2184,1.5308374755859375,0.2436,heavy_ball,,1.8377645385742187,1.4546893615722656,0.1381486755371093,-0.07614811401367194
smallcnn,2,tangent_certificate,40,0.03,0.9,4.0,1.0,0.01910731941461563,-0.02171345055103302,1.832004315185547,0.142,1.4272503723144532,0.346,heavy_ball,,1.8377645385742187,1.4546893615722656,-0.00576022338867177,0.027438989257812407
smallcnn,2,tangent_certificate,40,0.03,0.9,4.0,1.0,0.01910731941461563,-0.02171345055103302,1.832004315185547,0.142,1.4272503723144532,0.346,heavy_ball,,1.8377645385742187,1.4546893615722656,-0.00576022338867177,0.027438989257812407
smallcnn,2,tangent_certificate,40,0.03,0.9,4.0,1.0,0.01910731941461563,-0.02171345055103302,1.832004315185547,0.142,1.4272503723144532,0.346,heavy_ball,,1.8377645385742187,1.4546893615722656,-0.00576022338867177,0.027438989257812407
smallcnn,2,tangent_certificate,40,0.03,0.9,4.0,1.0,0.01910731941461563,-0.02171345055103302,1.832004315185547,0.142,1.4272503723144532,0.346,heavy_ball,,1.8377645385742187,1.4546893615722656,-0.00576022338867177,0.027438989257812407
smallcnn,2,random_matched_norm,40,0.03,0.9,4.0,1.0,0.01910731941461563,-0.02171345055103302,1.9936229309082032,0.2016,1.501929397583008,0.2712,heavy_ball,,1.8377645385742187,1.4546893615722656,0.15585839233398446,-0.04724003601074234
smallcnn,2,random_matched_norm,40,0.03,0.9,4.0,1.0,0.01910731941461563,-0.02171345055103302,1.9936229309082032,0.2016,1.501929397583008,0.2712,heavy_ball,,1.8377645385742187,1.4546893615722656,0.15585839233398446,-0.04724003601074234
smallcnn,2,random_matched_norm,40,0.03,0.9,4.0,1.0,0.01910731941461563,-0.02171345055103302,1.9936229309082032,0.2016,1.501929397583008,0.2712,heavy_ball,,1.8377645385742187,1.4546893615722656,0.15585839233398446,-0.04724003601074234
smallcnn,2,random_matched_norm,40,0.03,0.9,4.0,1.0,0.01910731941461563,-0.02171345055103302,1.9936229309082032,0.2016,1.501929397583008,0.2712,heavy_ball,,1.8377645385742187,1.4546893615722656,0.15585839233398446,-0.04724003601074234
smallcnn,2,reset,40,0.03,0.9,4.0,1.0,0.01910731941461563,-0.02171345055103302,1.8377645385742187,0.1728,1.4546893615722656,0.3092,heavy_ball,,1.8377645385742187,1.4546893615722656,0.0,0.0
smallcnn,2,reset,40,0.03,0.9,4.0,1.0,0.01910731941461563,-0.02171345055103302,1.8377645385742187,0.1728,1.4546893615722656,0.3092,heavy_ball,,1.8377645385742187,1.4546893615722656,0.0,0.0
smallcnn,2,reset,40,0.03,0.9,4.0,1.0,0.01910731941461563,-0.02171345055103302,1.8377645385742187,0.1728,1.4546893615722656,0.3092,heavy_ball,,1.8377645385742187,1.4546893615722656,0.0,0.0
smallcnn,2,reset,40,0.03,0.9,4.0,1.0,0.01910731941461563,-0.02171345055103302,1.8377645385742187,0.1728,1.4546893615722656,0.3092,heavy_ball,,1.8377645385742187,1.4546893615722656,0.0,0.0
smallcnn,2,inherit,40,0.03,0.9,4.0,1.0,0.01910731941461563,-0.02171345055103302,1.975913214111328,0.2184,1.5308374755859375,0.2436,heavy_ball,,1.8377645385742187,1.4546893615722656,0.1381486755371093,-0.07614811401367194
smallcnn,2,inherit,40,0.03,0.9,4.0,1.0,0.01910731941461563,-0.02171345055103302,1.975913214111328,0.2184,1.5308374755859375,0.2436,heavy_ball,,1.8377645385742187,1.4546893615722656,0.1381486755371093,-0.07614811401367194
smallcnn,2,inherit,40,0.03,0.9,4.0,1.0,0.01910731941461563,-0.02171345055103302,1.975913214111328,0.2184,1.5308374755859375,0.2436,heavy_ball,,1.8377645385742187,1.4546893615722656,0.1381486755371093,-0.07614811401367194
smallcnn,2,inherit,40,0.03,0.9,4.0,1.0,0.01910731941461563,-0.02171345055103302,1.975913214111328,0.2184,1.5308374755859375,0.2436,heavy_ball,,1.8377645385742187,1.4546893615722656,0.1381486755371093,-0.07614811401367194
smallcnn,2,tangent_certificate,40,0.03,0.9,4.0,1.0,0.01910731941461563,-0.02171345055103302,1.832004315185547,0.142,1.4272503723144532,0.346,heavy_ball,,1.8377645385742187,1.4546893615722656,-0.00576022338867177,0.027438989257812407
smallcnn,2,tangent_certificate,40,0.03,0.9,4.0,1.0,0.01910731941461563,-0.02171345055103302,1.832004315185547,0.142,1.4272503723144532,0.346,heavy_ball,,1.8377645385742187,1.4546893615722656,-0.00576022338867177,0.027438989257812407
smallcnn,2,tangent_certificate,40,0.03,0.9,4.0,1.0,0.01910731941461563,-0.02171345055103302,1.832004315185547,0.142,1.4272503723144532,0.346,heavy_ball,,1.8377645385742187,1.4546893615722656,-0.00576022338867177,0.027438989257812407
smallcnn,2,tangent_certificate,40,0.03,0.9,4.0,1.0,0.01910731941461563,-0.02171345055103302,1.832004315185547,0.142,1.4272503723144532,0.346,heavy_ball,,1.8377645385742187,1.4546893615722656,-0.00576022338867177,0.027438989257812407
smallcnn,2,random_matched_norm,40,0.03,0.9,4.0,1.0,0.01910731941461563,-0.02171345055103302,1.9936229309082032,0.2016,1.501929397583008,0.2712,heavy_ball,,1.8377645385742187,1.4546893615722656,0.15585839233398446,-0.04724003601074234
smallcnn,2,random_matched_norm,40,0.03,0.9,4.0,1.0,0.01910731941461563,-0.02171345055103302,1.9936229309082032,0.2016,1.501929397583008,0.2712,heavy_ball,,1.8377645385742187,1.4546893615722656,0.15585839233398446,-0.04724003601074234
smallcnn,2,random_matched_norm,40,0.03,0.9,4.0,1.0,0.01910731941461563,-0.02171345055103302,1.9936229309082032,0.2016,1.501929397583008,0.2712,heavy_ball,,1.8377645385742187,1.4546893615722656,0.15585839233398446,-0.04724003601074234
smallcnn,2,random_matched_norm,40,0.03,0.9,4.0,1.0,0.01910731941461563,-0.02171345055103302,1.9936229309082032,0.2016,1.501929397583008,0.2712,heavy_ball,,1.8377645385742187,1.4546893615722656,0.15585839233398446,-0.04724003601074234
smallcnn,3,reset,40,0.03,0.9,4.0,1.0,-0.16280251741409302,-0.0314665362238884,2.254445812988281,0.132,1.5239382080078125,0.3252,heavy_ball,,2.254445812988281,1.5239382080078125,0.0,0.0
smallcnn,3,reset,40,0.03,0.9,4.0,1.0,-0.16280251741409302,-0.0314665362238884,2.254445812988281,0.132,1.5239382080078125,0.3252,heavy_ball,,2.254445812988281,1.5239382080078125,0.0,0.0
smallcnn,3,reset,40,0.03,0.9,4.0,1.0,-0.16280251741409302,-0.0314665362238884,2.254445812988281,0.132,1.5239382080078125,0.3252,heavy_ball,,2.254445812988281,1.5239382080078125,0.0,0.0
smallcnn,3,reset,40,0.03,0.9,4.0,1.0,-0.16280251741409302,-0.0314665362238884,2.254445812988281,0.132,1.5239382080078125,0.3252,heavy_ball,,2.254445812988281,1.5239382080078125,0.0,0.0
smallcnn,3,inherit,40,0.03,0.9,4.0,1.0,-0.16280251741409302,-0.0314665362238884,1.9660382507324219,0.1492,1.4674866729736329,0.358,heavy_ball,,2.254445812988281,1.5239382080078125,-0.2884075622558593,0.056451535034179656
smallcnn,3,inherit,40,0.03,0.9,4.0,1.0,-0.16280251741409302,-0.0314665362238884,1.9660382507324219,0.1492,1.4674866729736329,0.358,heavy_ball,,2.254445812988281,1.5239382080078125,-0.2884075622558593,0.056451535034179656
smallcnn,3,inherit,40,0.03,0.9,4.0,1.0,-0.16280251741409302,-0.0314665362238884,1.9660382507324219,0.1492,1.4674866729736329,0.358,heavy_ball,,2.254445812988281,1.5239382080078125,-0.2884075622558593,0.056451535034179656
smallcnn,3,inherit,40,0.03,0.9,4.0,1.0,-0.16280251741409302,-0.0314665362238884,1.9660382507324219,0.1492,1.4674866729736329,0.358,heavy_ball,,2.254445812988281,1.5239382080078125,-0.2884075622558593,0.056451535034179656
smallcnn,3,tangent_certificate,40,0.03,0.9,4.0,1.0,-0.16280251741409302,-0.0314665362238884,2.0293759582519533,0.1468,1.455222036743164,0.3552,heavy_ball,,2.254445812988281,1.5239382080078125,-0.2250698547363279,0.06871617126464846
smallcnn,3,tangent_certificate,40,0.03,0.9,4.0,1.0,-0.16280251741409302,-0.0314665362238884,2.0293759582519533,0.1468,1.455222036743164,0.3552,heavy_ball,,2.254445812988281,1.5239382080078125,-0.2250698547363279,0.06871617126464846
smallcnn,3,tangent_certificate,40,0.03,0.9,4.0,1.0,-0.16280251741409302,-0.0314665362238884,2.0293759582519533,0.1468,1.455222036743164,0.3552,heavy_ball,,2.254445812988281,1.5239382080078125,-0.2250698547363279,0.06871617126464846
smallcnn,3,tangent_certificate,40,0.03,0.9,4.0,1.0,-0.16280251741409302,-0.0314665362238884,2.0293759582519533,0.1468,1.455222036743164,0.3552,heavy_ball,,2.254445812988281,1.5239382080078125,-0.2250698547363279,0.06871617126464846
smallcnn,3,random_matched_norm,40,0.03,0.9,4.0,1.0,-0.16280251741409302,-0.0314665362238884,2.354160137939453,0.1388,1.5391436767578126,0.3116,heavy_ball,,2.254445812988281,1.5239382080078125,0.09971432495117183,-0.015205468750000062
smallcnn,3,random_matched_norm,40,0.03,0.9,4.0,1.0,-0.16280251741409302,-0.0314665362238884,2.354160137939453,0.1388,1.5391436767578126,0.3116,heavy_ball,,2.254445812988281,1.5239382080078125,0.09971432495117183,-0.015205468750000062
smallcnn,3,random_matched_norm,40,0.03,0.9,4.0,1.0,-0.16280251741409302,-0.0314665362238884,2.354160137939453,0.1388,1.5391436767578126,0.3116,heavy_ball,,2.254445812988281,1.5239382080078125,0.09971432495117183,-0.015205468750000062
smallcnn,3,random_matched_norm,40,0.03,0.9,4.0,1.0,-0.16280251741409302,-0.0314665362238884,2.354160137939453,0.1388,1.5391436767578126,0.3116,heavy_ball,,2.254445812988281,1.5239382080078125,0.09971432495117183,-0.015205468750000062
smallcnn,3,reset,40,0.03,0.9,4.0,1.0,-0.16280251741409302,-0.0314665362238884,2.254445812988281,0.132,1.5239382080078125,0.3252,heavy_ball,,2.254445812988281,1.5239382080078125,0.0,0.0
smallcnn,3,reset,40,0.03,0.9,4.0,1.0,-0.16280251741409302,-0.0314665362238884,2.254445812988281,0.132,1.5239382080078125,0.3252,heavy_ball,,2.254445812988281,1.5239382080078125,0.0,0.0
smallcnn,3,reset,40,0.03,0.9,4.0,1.0,-0.16280251741409302,-0.0314665362238884,2.254445812988281,0.132,1.5239382080078125,0.3252,heavy_ball,,2.254445812988281,1.5239382080078125,0.0,0.0
smallcnn,3,reset,40,0.03,0.9,4.0,1.0,-0.16280251741409302,-0.0314665362238884,2.254445812988281,0.132,1.5239382080078125,0.3252,heavy_ball,,2.254445812988281,1.5239382080078125,0.0,0.0
smallcnn,3,inherit,40,0.03,0.9,4.0,1.0,-0.16280251741409302,-0.0314665362238884,1.9660382507324219,0.1492,1.4674866729736329,0.358,heavy_ball,,2.254445812988281,1.5239382080078125,-0.2884075622558593,0.056451535034179656
smallcnn,3,inherit,40,0.03,0.9,4.0,1.0,-0.16280251741409302,-0.0314665362238884,1.9660382507324219,0.1492,1.4674866729736329,0.358,heavy_ball,,2.254445812988281,1.5239382080078125,-0.2884075622558593,0.056451535034179656
smallcnn,3,inherit,40,0.03,0.9,4.0,1.0,-0.16280251741409302,-0.0314665362238884,1.9660382507324219,0.1492,1.4674866729736329,0.358,heavy_ball,,2.254445812988281,1.5239382080078125,-0.2884075622558593,0.056451535034179656
smallcnn,3,inherit,40,0.03,0.9,4.0,1.0,-0.16280251741409302,-0.0314665362238884,1.9660382507324219,0.1492,1.4674866729736329,0.358,heavy_ball,,2.254445812988281,1.5239382080078125,-0.2884075622558593,0.056451535034179656
smallcnn,3,tangent_certificate,40,0.03,0.9,4.0,1.0,-0.16280251741409302,-0.0314665362238884,2.0293759582519533,0.1468,1.455222036743164,0.3552,heavy_ball,,2.254445812988281,1.5239382080078125,-0.2250698547363279,0.06871617126464846
smallcnn,3,tangent_certificate,40,0.03,0.9,4.0,1.0,-0.16280251741409302,-0.0314665362238884,2.0293759582519533,0.1468,1.455222036743164,0.3552,heavy_ball,,2.254445812988281,1.5239382080078125,-0.2250698547363279,0.06871617126464846
smallcnn,3,tangent_certificate,40,0.03,0.9,4.0,1.0,-0.16280251741409302,-0.0314665362238884,2.0293759582519533,0.1468,1.455222036743164,0.3552,heavy_ball,,2.254445812988281,1.5239382080078125,-0.2250698547363279,0.06871617126464846
smallcnn,3,tangent_certificate,40,0.03,0.9,4.0,1.0,-0.16280251741409302,-0.0314665362238884,2.0293759582519533,0.1468,1.455222036743164,0.3552,heavy_ball,,2.254445812988281,1.5239382080078125,-0.2250698547363279,0.06871617126464846
smallcnn,3,random_matched_norm,40,0.03,0.9,4.0,1.0,-0.16280251741409302,-0.0314665362238884,2.354160137939453,0.1388,1.5391436767578126,0.3116,heavy_ball,,2.254445812988281,1.5239382080078125,0.09971432495117183,-0.015205468750000062
smallcnn,3,random_matched_norm,40,0.03,0.9,4.0,1.0,-0.16280251741409302,-0.0314665362238884,2.354160137939453,0.1388,1.5391436767578126,0.3116,heavy_ball,,2.254445812988281,1.5239382080078125,0.09971432495117183,-0.015205468750000062
smallcnn,3,random_matched_norm,40,0.03,0.9,4.0,1.0,-0.16280251741409302,-0.0314665362238884,2.354160137939453,0.1388,1.5391436767578126,0.3116,heavy_ball,,2.254445812988281,1.5239382080078125,0.09971432495117183,-0.015205468750000062
smallcnn,3,random_matched_norm,40,0.03,0.9,4.0,1.0,-0.16280251741409302,-0.0314665362238884,2.354160137939453,0.1388,1.5391436767578126,0.3116,heavy_ball,,2.254445812988281,1.5239382080078125,0.09971432495117183,-0.015205468750000062
smallcnn,3,reset,40,0.03,0.9,4.0,1.0,-0.16280251741409302,-0.0314665362238884,2.254445812988281,0.132,1.5239382080078125,0.3252,heavy_ball,,2.254445812988281,1.5239382080078125,0.0,0.0
smallcnn,3,reset,40,0.03,0.9,4.0,1.0,-0.16280251741409302,-0.0314665362238884,2.254445812988281,0.132,1.5239382080078125,0.3252,heavy_ball,,2.254445812988281,1.5239382080078125,0.0,0.0
smallcnn,3,reset,40,0.03,0.9,4.0,1.0,-0.16280251741409302,-0.0314665362238884,2.254445812988281,0.132,1.5239382080078125,0.3252,heavy_ball,,2.254445812988281,1.5239382080078125,0.0,0.0
smallcnn,3,reset,40,0.03,0.9,4.0,1.0,-0.16280251741409302,-0.0314665362238884,2.254445812988281,0.132,1.5239382080078125,0.3252,heavy_ball,,2.254445812988281,1.5239382080078125,0.0,0.0
smallcnn,3,inherit,40,0.03,0.9,4.0,1.0,-0.16280251741409302,-0.0314665362238884,1.9660382507324219,0.1492,1.4674866729736329,0.358,heavy_ball,,2.254445812988281,1.5239382080078125,-0.2884075622558593,0.056451535034179656
smallcnn,3,inherit,40,0.03,0.9,4.0,1.0,-0.16280251741409302,-0.0314665362238884,1.9660382507324219,0.1492,1.4674866729736329,0.358,heavy_ball,,2.254445812988281,1.5239382080078125,-0.2884075622558593,0.056451535034179656
smallcnn,3,inherit,40,0.03,0.9,4.0,1.0,-0.16280251741409302,-0.0314665362238884,1.9660382507324219,0.1492,1.4674866729736329,0.358,heavy_ball,,2.254445812988281,1.5239382080078125,-0.2884075622558593,0.056451535034179656
smallcnn,3,inherit,40,0.03,0.9,4.0,1.0,-0.16280251741409302,-0.0314665362238884,1.9660382507324219,0.1492,1.4674866729736329,0.358,heavy_ball,,2.254445812988281,1.5239382080078125,-0.2884075622558593,0.056451535034179656
smallcnn,3,tangent_certificate,40,0.03,0.9,4.0,1.0,-0.16280251741409302,-0.0314665362238884,2.0293759582519533,0.1468,1.455222036743164,0.3552,heavy_ball,,2.254445812988281,1.5239382080078125,-0.2250698547363279,0.06871617126464846
smallcnn,3,tangent_certificate,40,0.03,0.9,4.0,1.0,-0.16280251741409302,-0.0314665362238884,2.0293759582519533,0.1468,1.455222036743164,0.3552,heavy_ball,,2.254445812988281,1.5239382080078125,-0.2250698547363279,0.06871617126464846
smallcnn,3,tangent_certificate,40,0.03,0.9,4.0,1.0,-0.16280251741409302,-0.0314665362238884,2.0293759582519533,0.1468,1.455222036743164,0.3552,heavy_ball,,2.254445812988281,1.5239382080078125,-0.2250698547363279,0.06871617126464846
smallcnn,3,tangent_certificate,40,0.03,0.9,4.0,1.0,-0.16280251741409302,-0.0314665362238884,2.0293759582519533,0.1468,1.455222036743164,0.3552,heavy_ball,,2.254445812988281,1.5239382080078125,-0.2250698547363279,0.06871617126464846
smallcnn,3,random_matched_norm,40,0.03,0.9,4.0,1.0,-0.16280251741409302,-0.0314665362238884,2.354160137939453,0.1388,1.5391436767578126,0.3116,heavy_ball,,2.254445812988281,1.5239382080078125,0.09971432495117183,-0.015205468750000062
smallcnn,3,random_matched_norm,40,0.03,0.9,4.0,1.0,-0.16280251741409302,-0.0314665362238884,2.354160137939453,0.1388,1.5391436767578126,0.3116,heavy_ball,,2.254445812988281,1.5239382080078125,0.09971432495117183,-0.015205468750000062
smallcnn,3,random_matched_norm,40,0.03,0.9,4.0,1.0,-0.16280251741409302,-0.0314665362238884,2.354160137939453,0.1388,1.5391436767578126,0.3116,heavy_ball,,2.254445812988281,1.5239382080078125,0.09971432495117183,-0.015205468750000062
smallcnn,3,random_matched_norm,40,0.03,0.9,4.0,1.0,-0.16280251741409302,-0.0314665362238884,2.354160137939453,0.1388,1.5391436767578126,0.3116,heavy_ball,,2.254445812988281,1.5239382080078125,0.09971432495117183,-0.015205468750000062
smallcnn,3,reset,40,0.03,0.9,4.0,1.0,-0.16280251741409302,-0.0314665362238884,2.254445812988281,0.132,1.5239382080078125,0.3252,heavy_ball,,2.254445812988281,1.5239382080078125,0.0,0.0
smallcnn,3,reset,40,0.03,0.9,4.0,1.0,-0.16280251741409302,-0.0314665362238884,2.254445812988281,0.132,1.5239382080078125,0.3252,heavy_ball,,2.254445812988281,1.5239382080078125,0.0,0.0
smallcnn,3,reset,40,0.03,0.9,4.0,1.0,-0.16280251741409302,-0.0314665362238884,2.254445812988281,0.132,1.5239382080078125,0.3252,heavy_ball,,2.254445812988281,1.5239382080078125,0.0,0.0
smallcnn,3,reset,40,0.03,0.9,4.0,1.0,-0.16280251741409302,-0.0314665362238884,2.254445812988281,0.132,1.5239382080078125,0.3252,heavy_ball,,2.254445812988281,1.5239382080078125,0.0,0.0
smallcnn,3,inherit,40,0.03,0.9,4.0,1.0,-0.16280251741409302,-0.0314665362238884,1.9660382507324219,0.1492,1.4674866729736329,0.358,heavy_ball,,2.254445812988281,1.5239382080078125,-0.2884075622558593,0.056451535034179656
smallcnn,3,inherit,40,0.03,0.9,4.0,1.0,-0.16280251741409302,-0.0314665362238884,1.9660382507324219,0.1492,1.4674866729736329,0.358,heavy_ball,,2.254445812988281,1.5239382080078125,-0.2884075622558593,0.056451535034179656
smallcnn,3,inherit,40,0.03,0.9,4.0,1.0,-0.16280251741409302,-0.0314665362238884,1.9660382507324219,0.1492,1.4674866729736329,0.358,heavy_ball,,2.254445812988281,1.5239382080078125,-0.2884075622558593,0.056451535034179656
smallcnn,3,inherit,40,0.03,0.9,4.0,1.0,-0.16280251741409302,-0.0314665362238884,1.9660382507324219,0.1492,1.4674866729736329,0.358,heavy_ball,,2.254445812988281,1.5239382080078125,-0.2884075622558593,0.056451535034179656
smallcnn,3,tangent_certificate,40,0.03,0.9,4.0,1.0,-0.16280251741409302,-0.0314665362238884,2.0293759582519533,0.1468,1.455222036743164,0.3552,heavy_ball,,2.254445812988281,1.5239382080078125,-0.2250698547363279,0.06871617126464846
smallcnn,3,tangent_certificate,40,0.03,0.9,4.0,1.0,-0.16280251741409302,-0.0314665362238884,2.0293759582519533,0.1468,1.455222036743164,0.3552,heavy_ball,,2.254445812988281,1.5239382080078125,-0.2250698547363279,0.06871617126464846
smallcnn,3,tangent_certificate,40,0.03,0.9,4.0,1.0,-0.16280251741409302,-0.0314665362238884,2.0293759582519533,0.1468,1.455222036743164,0.3552,heavy_ball,,2.254445812988281,1.5239382080078125,-0.2250698547363279,0.06871617126464846
smallcnn,3,tangent_certificate,40,0.03,0.9,4.0,1.0,-0.16280251741409302,-0.0314665362238884,2.0293759582519533,0.1468,1.455222036743164,0.3552,heavy_ball,,2.254445812988281,1.5239382080078125,-0.2250698547363279,0.06871617126464846
smallcnn,3,random_matched_norm,40,0.03,0.9,4.0,1.0,-0.16280251741409302,-0.0314665362238884,2.354160137939453,0.1388,1.5391436767578126,0.3116,heavy_ball,,2.254445812988281,1.5239382080078125,0.09971432495117183,-0.015205468750000062
smallcnn,3,random_matched_norm,40,0.03,0.9,4.0,1.0,-0.16280251741409302,-0.0314665362238884,2.354160137939453,0.1388,1.5391436767578126,0.3116,heavy_ball,,2.254445812988281,1.5239382080078125,0.09971432495117183,-0.015205468750000062
smallcnn,3,random_matched_norm,40,0.03,0.9,4.0,1.0,-0.16280251741409302,-0.0314665362238884,2.354160137939453,0.1388,1.5391436767578126,0.3116,heavy_ball,,2.254445812988281,1.5239382080078125,0.09971432495117183,-0.015205468750000062
smallcnn,3,random_matched_norm,40,0.03,0.9,4.0,1.0,-0.16280251741409302,-0.0314665362238884,2.354160137939453,0.1388,1.5391436767578126,0.3116,heavy_ball,,2.254445812988281,1.5239382080078125,0.09971432495117183,-0.015205468750000062
smallcnn,4,reset,40,0.03,0.9,0.25,1.0,-0.2043185979127884,0.11074984073638916,2.6245957763671877,0.1848,1.3272624450683594,0.3652,heavy_ball,,2.6245957763671877,1.3272624450683594,0.0,0.0
smallcnn,4,reset,40,0.03,0.9,0.25,1.0,-0.2043185979127884,0.11074984073638916,2.6245957763671877,0.1848,1.3272624450683594,0.3652,heavy_ball,,2.6245957763671877,1.3272624450683594,0.0,0.0
smallcnn,4,reset,40,0.03,0.9,0.25,1.0,-0.2043185979127884,0.11074984073638916,2.6245957763671877,0.1848,1.3272624450683594,0.3652,heavy_ball,,2.6245957763671877,1.3272624450683594,0.0,0.0
smallcnn,4,reset,40,0.03,0.9,0.25,1.0,-0.2043185979127884,0.11074984073638916,2.6245957763671877,0.1848,1.3272624450683594,0.3652,heavy_ball,,2.6245957763671877,1.3272624450683594,0.0,0.0
smallcnn,4,inherit,40,0.03,0.9,0.25,1.0,-0.2043185979127884,0.11074984073638916,2.3704769287109375,0.1012,1.3446040100097656,0.4308,heavy_ball,,2.6245957763671877,1.3272624450683594,-0.25411884765625015,-0.01734156494140615
smallcnn,4,inherit,40,0.03,0.9,0.25,1.0,-0.2043185979127884,0.11074984073638916,2.3704769287109375,0.1012,1.3446040100097656,0.4308,heavy_ball,,2.6245957763671877,1.3272624450683594,-0.25411884765625015,-0.01734156494140615
smallcnn,4,inherit,40,0.03,0.9,0.25,1.0,-0.2043185979127884,0.11074984073638916,2.3704769287109375,0.1012,1.3446040100097656,0.4308,heavy_ball,,2.6245957763671877,1.3272624450683594,-0.25411884765625015,-0.01734156494140615
smallcnn,4,inherit,40,0.03,0.9,0.25,1.0,-0.2043185979127884,0.11074984073638916,2.3704769287109375,0.1012,1.3446040100097656,0.4308,heavy_ball,,2.6245957763671877,1.3272624450683594,-0.25411884765625015,-0.01734156494140615
smallcnn,4,tangent_certificate,40,0.03,0.9,0.25,1.0,-0.2043185979127884,0.11074984073638916,2.1113809814453126,0.1788,1.4803594329833984,0.3336,heavy_ball,,2.6245957763671877,1.3272624450683594,-0.513214794921875,-0.153096987915039
smallcnn,4,tangent_certificate,40,0.03,0.9,0.25,1.0,-0.2043185979127884,0.11074984073638916,2.1113809814453126,0.1788,1.4803594329833984,0.3336,heavy_ball,,2.6245957763671877,1.3272624450683594,-0.513214794921875,-0.153096987915039
smallcnn,4,tangent_certificate,40,0.03,0.9,0.25,1.0,-0.2043185979127884,0.11074984073638916,2.1113809814453126,0.1788,1.4803594329833984,0.3336,heavy_ball,,2.6245957763671877,1.3272624450683594,-0.513214794921875,-0.153096987915039
smallcnn,4,tangent_certificate,40,0.03,0.9,0.25,1.0,-0.2043185979127884,0.11074984073638916,2.1113809814453126,0.1788,1.4803594329833984,0.3336,heavy_ball,,2.6245957763671877,1.3272624450683594,-0.513214794921875,-0.153096987915039
smallcnn,4,random_matched_norm,40,0.03,0.9,0.25,1.0,-0.2043185979127884,0.11074984073638916,2.7181805419921874,0.1084,1.4645242279052735,0.4064,heavy_ball,,2.6245957763671877,1.3272624450683594,0.09358476562499973,-0.13726178283691404
smallcnn,4,random_matched_norm,40,0.03,0.9,0.25,1.0,-0.2043185979127884,0.11074984073638916,2.7181805419921874,0.1084,1.4645242279052735,0.4064,heavy_ball,,2.6245957763671877,1.3272624450683594,0.09358476562499973,-0.13726178283691404
smallcnn,4,random_matched_norm,40,0.03,0.9,0.25,1.0,-0.2043185979127884,0.11074984073638916,2.7181805419921874,0.1084,1.4645242279052735,0.4064,heavy_ball,,2.6245957763671877,1.3272624450683594,0.09358476562499973,-0.13726178283691404
smallcnn,4,random_matched_norm,40,0.03,0.9,0.25,1.0,-0.2043185979127884,0.11074984073638916,2.7181805419921874,0.1084,1.4645242279052735,0.4064,heavy_ball,,2.6245957763671877,1.3272624450683594,0.09358476562499973,-0.13726178283691404
smallcnn,4,reset,40,0.03,0.9,0.25,1.0,-0.2043185979127884,0.11074984073638916,2.6245957763671877,0.1848,1.3272624450683594,0.3652,heavy_ball,,2.6245957763671877,1.3272624450683594,0.0,0.0
smallcnn,4,reset,40,0.03,0.9,0.25,1.0,-0.2043185979127884,0.11074984073638916,2.6245957763671877,0.1848,1.3272624450683594,0.3652,heavy_ball,,2.6245957763671877,1.3272624450683594,0.0,0.0
smallcnn,4,reset,40,0.03,0.9,0.25,1.0,-0.2043185979127884,0.11074984073638916,2.6245957763671877,0.1848,1.3272624450683594,0.3652,heavy_ball,,2.6245957763671877,1.3272624450683594,0.0,0.0
smallcnn,4,reset,40,0.03,0.9,0.25,1.0,-0.2043185979127884,0.11074984073638916,2.6245957763671877,0.1848,1.3272624450683594,0.3652,heavy_ball,,2.6245957763671877,1.3272624450683594,0.0,0.0
smallcnn,4,inherit,40,0.03,0.9,0.25,1.0,-0.2043185979127884,0.11074984073638916,2.3704769287109375,0.1012,1.3446040100097656,0.4308,heavy_ball,,2.6245957763671877,1.3272624450683594,-0.25411884765625015,-0.01734156494140615
smallcnn,4,inherit,40,0.03,0.9,0.25,1.0,-0.2043185979127884,0.11074984073638916,2.3704769287109375,0.1012,1.3446040100097656,0.4308,heavy_ball,,2.6245957763671877,1.3272624450683594,-0.25411884765625015,-0.01734156494140615
smallcnn,4,inherit,40,0.03,0.9,0.25,1.0,-0.2043185979127884,0.11074984073638916,2.3704769287109375,0.1012,1.3446040100097656,0.4308,heavy_ball,,2.6245957763671877,1.3272624450683594,-0.25411884765625015,-0.01734156494140615
smallcnn,4,inherit,40,0.03,0.9,0.25,1.0,-0.2043185979127884,0.11074984073638916,2.3704769287109375,0.1012,1.3446040100097656,0.4308,heavy_ball,,2.6245957763671877,1.3272624450683594,-0.25411884765625015,-0.01734156494140615
smallcnn,4,tangent_certificate,40,0.03,0.9,0.25,1.0,-0.2043185979127884,0.11074984073638916,2.1113809814453126,0.1788,1.4803594329833984,0.3336,heavy_ball,,2.6245957763671877,1.3272624450683594,-0.513214794921875,-0.153096987915039
smallcnn,4,tangent_certificate,40,0.03,0.9,0.25,1.0,-0.2043185979127884,0.11074984073638916,2.1113809814453126,0.1788,1.4803594329833984,0.3336,heavy_ball,,2.6245957763671877,1.3272624450683594,-0.513214794921875,-0.153096987915039
smallcnn,4,tangent_certificate,40,0.03,0.9,0.25,1.0,-0.2043185979127884,0.11074984073638916,2.1113809814453126,0.1788,1.4803594329833984,0.3336,heavy_ball,,2.6245957763671877,1.3272624450683594,-0.513214794921875,-0.153096987915039
smallcnn,4,tangent_certificate,40,0.03,0.9,0.25,1.0,-0.2043185979127884,0.11074984073638916,2.1113809814453126,0.1788,1.4803594329833984,0.3336,heavy_ball,,2.6245957763671877,1.3272624450683594,-0.513214794921875,-0.153096987915039
smallcnn,4,random_matched_norm,40,0.03,0.9,0.25,1.0,-0.2043185979127884,0.11074984073638916,2.7181805419921874,0.1084,1.4645242279052735,0.4064,heavy_ball,,2.6245957763671877,1.3272624450683594,0.09358476562499973,-0.13726178283691404
smallcnn,4,random_matched_norm,40,0.03,0.9,0.25,1.0,-0.2043185979127884,0.11074984073638916,2.7181805419921874,0.1084,1.4645242279052735,0.4064,heavy_ball,,2.6245957763671877,1.3272624450683594,0.09358476562499973,-0.13726178283691404
smallcnn,4,random_matched_norm,40,0.03,0.9,0.25,1.0,-0.2043185979127884,0.11074984073638916,2.7181805419921874,0.1084,1.4645242279052735,0.4064,heavy_ball,,2.6245957763671877,1.3272624450683594,0.09358476562499973,-0.13726178283691404
smallcnn,4,random_matched_norm,40,0.03,0.9,0.25,1.0,-0.2043185979127884,0.11074984073638916,2.7181805419921874,0.1084,1.4645242279052735,0.4064,heavy_ball,,2.6245957763671877,1.3272624450683594,0.09358476562499973,-0.13726178283691404
smallcnn,4,reset,40,0.03,0.9,0.25,1.0,-0.2043185979127884,0.11074984073638916,2.6245957763671877,0.1848,1.3272624450683594,0.3652,heavy_ball,,2.6245957763671877,1.3272624450683594,0.0,0.0
smallcnn,4,reset,40,0.03,0.9,0.25,1.0,-0.2043185979127884,0.11074984073638916,2.6245957763671877,0.1848,1.3272624450683594,0.3652,heavy_ball,,2.6245957763671877,1.3272624450683594,0.0,0.0
smallcnn,4,reset,40,0.03,0.9,0.25,1.0,-0.2043185979127884,0.11074984073638916,2.6245957763671877,0.1848,1.3272624450683594,0.3652,heavy_ball,,2.6245957763671877,1.3272624450683594,0.0,0.0
smallcnn,4,reset,40,0.03,0.9,0.25,1.0,-0.2043185979127884,0.11074984073638916,2.6245957763671877,0.1848,1.3272624450683594,0.3652,heavy_ball,,2.6245957763671877,1.3272624450683594,0.0,0.0
smallcnn,4,inherit,40,0.03,0.9,0.25,1.0,-0.2043185979127884,0.11074984073638916,2.3704769287109375,0.1012,1.3446040100097656,0.4308,heavy_ball,,2.6245957763671877,1.3272624450683594,-0.25411884765625015,-0.01734156494140615
smallcnn,4,inherit,40,0.03,0.9,0.25,1.0,-0.2043185979127884,0.11074984073638916,2.3704769287109375,0.1012,1.3446040100097656,0.4308,heavy_ball,,2.6245957763671877,1.3272624450683594,-0.25411884765625015,-0.01734156494140615
smallcnn,4,inherit,40,0.03,0.9,0.25,1.0,-0.2043185979127884,0.11074984073638916,2.3704769287109375,0.1012,1.3446040100097656,0.4308,heavy_ball,,2.6245957763671877,1.3272624450683594,-0.25411884765625015,-0.01734156494140615
smallcnn,4,inherit,40,0.03,0.9,0.25,1.0,-0.2043185979127884,0.11074984073638916,2.3704769287109375,0.1012,1.3446040100097656,0.4308,heavy_ball,,2.6245957763671877,1.3272624450683594,-0.25411884765625015,-0.01734156494140615
smallcnn,4,tangent_certificate,40,0.03,0.9,0.25,1.0,-0.2043185979127884,0.11074984073638916,2.1113809814453126,0.1788,1.4803594329833984,0.3336,heavy_ball,,2.6245957763671877,1.3272624450683594,-0.513214794921875,-0.153096987915039
smallcnn,4,tangent_certificate,40,0.03,0.9,0.25,1.0,-0.2043185979127884,0.11074984073638916,2.1113809814453126,0.1788,1.4803594329833984,0.3336,heavy_ball,,2.6245957763671877,1.3272624450683594,-0.513214794921875,-0.153096987915039
smallcnn,4,tangent_certificate,40,0.03,0.9,0.25,1.0,-0.2043185979127884,0.11074984073638916,2.1113809814453126,0.1788,1.4803594329833984,0.3336,heavy_ball,,2.6245957763671877,1.3272624450683594,-0.513214794921875,-0.153096987915039
smallcnn,4,tangent_certificate,40,0.03,0.9,0.25,1.0,-0.2043185979127884,0.11074984073638916,2.1113809814453126,0.1788,1.4803594329833984,0.3336,heavy_ball,,2.6245957763671877,1.3272624450683594,-0.513214794921875,-0.153096987915039
smallcnn,4,random_matched_norm,40,0.03,0.9,0.25,1.0,-0.2043185979127884,0.11074984073638916,2.7181805419921874,0.1084,1.4645242279052735,0.4064,heavy_ball,,2.6245957763671877,1.3272624450683594,0.09358476562499973,-0.13726178283691404
smallcnn,4,random_matched_norm,40,0.03,0.9,0.25,1.0,-0.2043185979127884,0.11074984073638916,2.7181805419921874,0.1084,1.4645242279052735,0.4064,heavy_ball,,2.6245957763671877,1.3272624450683594,0.09358476562499973,-0.13726178283691404
smallcnn,4,random_matched_norm,40,0.03,0.9,0.25,1.0,-0.2043185979127884,0.11074984073638916,2.7181805419921874,0.1084,1.4645242279052735,0.4064,heavy_ball,,2.6245957763671877,1.3272624450683594,0.09358476562499973,-0.13726178283691404
smallcnn,4,random_matched_norm,40,0.03,0.9,0.25,1.0,-0.2043185979127884,0.11074984073638916,2.7181805419921874,0.1084,1.4645242279052735,0.4064,heavy_ball,,2.6245957763671877,1.3272624450683594,0.09358476562499973,-0.13726178283691404
smallcnn,4,reset,40,0.03,0.9,0.25,1.0,-0.2043185979127884,0.11074984073638916,2.6245957763671877,0.1848,1.3272624450683594,0.3652,heavy_ball,,2.6245957763671877,1.3272624450683594,0.0,0.0
smallcnn,4,reset,40,0.03,0.9,0.25,1.0,-0.2043185979127884,0.11074984073638916,2.6245957763671877,0.1848,1.3272624450683594,0.3652,heavy_ball,,2.6245957763671877,1.3272624450683594,0.0,0.0
smallcnn,4,reset,40,0.03,0.9,0.25,1.0,-0.2043185979127884,0.11074984073638916,2.6245957763671877,0.1848,1.3272624450683594,0.3652,heavy_ball,,2.6245957763671877,1.3272624450683594,0.0,0.0
smallcnn,4,reset,40,0.03,0.9,0.25,1.0,-0.2043185979127884,0.11074984073638916,2.6245957763671877,0.1848,1.3272624450683594,0.3652,heavy_ball,,2.6245957763671877,1.3272624450683594,0.0,0.0
smallcnn,4,inherit,40,0.03,0.9,0.25,1.0,-0.2043185979127884,0.11074984073638916,2.3704769287109375,0.1012,1.3446040100097656,0.4308,heavy_ball,,2.6245957763671877,1.3272624450683594,-0.25411884765625015,-0.01734156494140615
smallcnn,4,inherit,40,0.03,0.9,0.25,1.0,-0.2043185979127884,0.11074984073638916,2.3704769287109375,0.1012,1.3446040100097656,0.4308,heavy_ball,,2.6245957763671877,1.3272624450683594,-0.25411884765625015,-0.01734156494140615
smallcnn,4,inherit,40,0.03,0.9,0.25,1.0,-0.2043185979127884,0.11074984073638916,2.3704769287109375,0.1012,1.3446040100097656,0.4308,heavy_ball,,2.6245957763671877,1.3272624450683594,-0.25411884765625015,-0.01734156494140615
smallcnn,4,inherit,40,0.03,0.9,0.25,1.0,-0.2043185979127884,0.11074984073638916,2.3704769287109375,0.1012,1.3446040100097656,0.4308,heavy_ball,,2.6245957763671877,1.3272624450683594,-0.25411884765625015,-0.01734156494140615
smallcnn,4,tangent_certificate,40,0.03,0.9,0.25,1.0,-0.2043185979127884,0.11074984073638916,2.1113809814453126,0.1788,1.4803594329833984,0.3336,heavy_ball,,2.6245957763671877,1.3272624450683594,-0.513214794921875,-0.153096987915039
smallcnn,4,tangent_certificate,40,0.03,0.9,0.25,1.0,-0.2043185979127884,0.11074984073638916,2.1113809814453126,0.1788,1.4803594329833984,0.3336,heavy_ball,,2.6245957763671877,1.3272624450683594,-0.513214794921875,-0.153096987915039
smallcnn,4,tangent_certificate,40,0.03,0.9,0.25,1.0,-0.2043185979127884,0.11074984073638916,2.1113809814453126,0.1788,1.4803594329833984,0.3336,heavy_ball,,2.6245957763671877,1.3272624450683594,-0.513214794921875,-0.153096987915039
smallcnn,4,tangent_certificate,40,0.03,0.9,0.25,1.0,-0.2043185979127884,0.11074984073638916,2.1113809814453126,0.1788,1.4803594329833984,0.3336,heavy_ball,,2.6245957763671877,1.3272624450683594,-0.513214794921875,-0.153096987915039
smallcnn,4,random_matched_norm,40,0.03,0.9,0.25,1.0,-0.2043185979127884,0.11074984073638916,2.7181805419921874,0.1084,1.4645242279052735,0.4064,heavy_ball,,2.6245957763671877,1.3272624450683594,0.09358476562499973,-0.13726178283691404
smallcnn,4,random_matched_norm,40,0.03,0.9,0.25,1.0,-0.2043185979127884,0.11074984073638916,2.7181805419921874,0.1084,1.4645242279052735,0.4064,heavy_ball,,2.6245957763671877,1.3272624450683594,0.09358476562499973,-0.13726178283691404
smallcnn,4,random_matched_norm,40,0.03,0.9,0.25,1.0,-0.2043185979127884,0.11074984073638916,2.7181805419921874,0.1084,1.4645242279052735,0.4064,heavy_ball,,2.6245957763671877,1.3272624450683594,0.09358476562499973,-0.13726178283691404
smallcnn,4,random_matched_norm,40,0.03,0.9,0.25,1.0,-0.2043185979127884,0.11074984073638916,2.7181805419921874,0.1084,1.4645242279052735,0.4064,heavy_ball,,2.6245957763671877,1.3272624450683594,0.09358476562499973,-0.13726178283691404
resnet18,0,reset,40,0.03,0.9,4.0,1.0,-0.003943067044019699,-0.0016348144272342324,4.083617431640625,0.0616,0.9711377624511719,0.614,heavy_ball,,4.083617431640625,0.9711377624511719,0.0,0.0
resnet18,0,reset,40,0.03,0.9,4.0,1.0,-0.003943067044019699,-0.0016348144272342324,4.083617431640625,0.0616,0.9711377624511719,0.614,heavy_ball,,4.083617431640625,0.9711377624511719,0.0,0.0
resnet18,0,reset,40,0.03,0.9,4.0,1.0,-0.003943067044019699,-0.0016348144272342324,4.083617431640625,0.0616,0.9711377624511719,0.614,heavy_ball,,4.083617431640625,0.9711377624511719,0.0,0.0
resnet18,0,reset,40,0.03,0.9,4.0,1.0,-0.003943067044019699,-0.0016348144272342324,4.083617431640625,0.0616,0.9711377624511719,0.614,heavy_ball,,4.083617431640625,0.9711377624511719,0.0,0.0
resnet18,0,inherit,40,0.03,0.9,4.0,1.0,-0.003943067044019699,-0.0016348144272342324,4.022252075195312,0.0652,0.9930852386474609,0.5924,heavy_ball,,4.083617431640625,0.9711377624511719,-0.06136535644531271,-0.021947476196289006
resnet18,0,inherit,40,0.03,0.9,4.0,1.0,-0.003943067044019699,-0.0016348144272342324,4.022252075195312,0.0652,0.9930852386474609,0.5924,heavy_ball,,4.083617431640625,0.9711377624511719,-0.06136535644531271,-0.021947476196289006
resnet18,0,inherit,40,0.03,0.9,4.0,1.0,-0.003943067044019699,-0.0016348144272342324,4.022252075195312,0.0652,0.9930852386474609,0.5924,heavy_ball,,4.083617431640625,0.9711377624511719,-0.06136535644531271,-0.021947476196289006
resnet18,0,inherit,40,0.03,0.9,4.0,1.0,-0.003943067044019699,-0.0016348144272342324,4.022252075195312,0.0652,0.9930852386474609,0.5924,heavy_ball,,4.083617431640625,0.9711377624511719,-0.06136535644531271,-0.021947476196289006
resnet18,0,tangent_certificate,40,0.03,0.9,4.0,1.0,-0.003943067044019699,-0.0016348144272342324,4.073132922363281,0.062,0.9720369567871093,0.6144,heavy_ball,,4.083617431640625,0.9711377624511719,-0.01048450927734379,-0.0008991943359374366
resnet18,0,tangent_certificate,40,0.03,0.9,4.0,1.0,-0.003943067044019699,-0.0016348144272342324,4.073132922363281,0.062,0.9720369567871093,0.6144,heavy_ball,,4.083617431640625,0.9711377624511719,-0.01048450927734379,-0.0008991943359374366
resnet18,0,tangent_certificate,40,0.03,0.9,4.0,1.0,-0.003943067044019699,-0.0016348144272342324,4.073132922363281,0.062,0.9720369567871093,0.6144,heavy_ball,,4.083617431640625,0.9711377624511719,-0.01048450927734379,-0.0008991943359374366
resnet18,0,tangent_certificate,40,0.03,0.9,4.0,1.0,-0.003943067044019699,-0.0016348144272342324,4.073132922363281,0.062,0.9720369567871093,0.6144,heavy_ball,,4.083617431640625,0.9711377624511719,-0.01048450927734379,-0.0008991943359374366
resnet18,0,random_matched_norm,40,0.03,0.9,4.0,1.0,-0.003943067044019699,-0.0016348144272342324,4.00023701171875,0.062,0.9558565185546875,0.6208,heavy_ball,,4.083617431640625,0.9711377624511719,-0.08338041992187506,0.015281243896484442
resnet18,0,random_matched_norm,40,0.03,0.9,4.0,1.0,-0.003943067044019699,-0.0016348144272342324,4.00023701171875,0.062,0.9558565185546875,0.6208,heavy_ball,,4.083617431640625,0.9711377624511719,-0.08338041992187506,0.015281243896484442
resnet18,0,random_matched_norm,40,0.03,0.9,4.0,1.0,-0.003943067044019699,-0.0016348144272342324,4.00023701171875,0.062,0.9558565185546875,0.6208,heavy_ball,,4.083617431640625,0.9711377624511719,-0.08338041992187506,0.015281243896484442
resnet18,0,random_matched_norm,40,0.03,0.9,4.0,1.0,-0.003943067044019699,-0.0016348144272342324,4.00023701171875,0.062,0.9558565185546875,0.6208,heavy_ball,,4.083617431640625,0.9711377624511719,-0.08338041992187506,0.015281243896484442
resnet18,0,reset,40,0.03,0.9,4.0,1.0,-0.003943067044019699,-0.0016348144272342324,4.083617431640625,0.0616,0.9711377624511719,0.614,heavy_ball,,4.083617431640625,0.9711377624511719,0.0,0.0
resnet18,0,reset,40,0.03,0.9,4.0,1.0,-0.003943067044019699,-0.0016348144272342324,4.083617431640625,0.0616,0.9711377624511719,0.614,heavy_ball,,4.083617431640625,0.9711377624511719,0.0,0.0
resnet18,0,reset,40,0.03,0.9,4.0,1.0,-0.003943067044019699,-0.0016348144272342324,4.083617431640625,0.0616,0.9711377624511719,0.614,heavy_ball,,4.083617431640625,0.9711377624511719,0.0,0.0
resnet18,0,reset,40,0.03,0.9,4.0,1.0,-0.003943067044019699,-0.0016348144272342324,4.083617431640625,0.0616,0.9711377624511719,0.614,heavy_ball,,4.083617431640625,0.9711377624511719,0.0,0.0
resnet18,0,inherit,40,0.03,0.9,4.0,1.0,-0.003943067044019699,-0.0016348144272342324,4.022252075195312,0.0652,0.9930852386474609,0.5924,heavy_ball,,4.083617431640625,0.9711377624511719,-0.06136535644531271,-0.021947476196289006
resnet18,0,inherit,40,0.03,0.9,4.0,1.0,-0.003943067044019699,-0.0016348144272342324,4.022252075195312,0.0652,0.9930852386474609,0.5924,heavy_ball,,4.083617431640625,0.9711377624511719,-0.06136535644531271,-0.021947476196289006
resnet18,0,inherit,40,0.03,0.9,4.0,1.0,-0.003943067044019699,-0.0016348144272342324,4.022252075195312,0.0652,0.9930852386474609,0.5924,heavy_ball,,4.083617431640625,0.9711377624511719,-0.06136535644531271,-0.021947476196289006
resnet18,0,inherit,40,0.03,0.9,4.0,1.0,-0.003943067044019699,-0.0016348144272342324,4.022252075195312,0.0652,0.9930852386474609,0.5924,heavy_ball,,4.083617431640625,0.9711377624511719,-0.06136535644531271,-0.021947476196289006
resnet18,0,tangent_certificate,40,0.03,0.9,4.0,1.0,-0.003943067044019699,-0.0016348144272342324,4.073132922363281,0.062,0.9720369567871093,0.6144,heavy_ball,,4.083617431640625,0.9711377624511719,-0.01048450927734379,-0.0008991943359374366
resnet18,0,tangent_certificate,40,0.03,0.9,4.0,1.0,-0.003943067044019699,-0.0016348144272342324,4.073132922363281,0.062,0.9720369567871093,0.6144,heavy_ball,,4.083617431640625,0.9711377624511719,-0.01048450927734379,-0.0008991943359374366
resnet18,0,tangent_certificate,40,0.03,0.9,4.0,1.0,-0.003943067044019699,-0.0016348144272342324,4.073132922363281,0.062,0.9720369567871093,0.6144,heavy_ball,,4.083617431640625,0.9711377624511719,-0.01048450927734379,-0.0008991943359374366
resnet18,0,tangent_certificate,40,0.03,0.9,4.0,1.0,-0.003943067044019699,-0.0016348144272342324,4.073132922363281,0.062,0.9720369567871093,0.6144,heavy_ball,,4.083617431640625,0.9711377624511719,-0.01048450927734379,-0.0008991943359374366
resnet18,0,random_matched_norm,40,0.03,0.9,4.0,1.0,-0.003943067044019699,-0.0016348144272342324,4.00023701171875,0.062,0.9558565185546875,0.6208,heavy_ball,,4.083617431640625,0.9711377624511719,-0.08338041992187506,0.015281243896484442
resnet18,0,random_matched_norm,40,0.03,0.9,4.0,1.0,-0.003943067044019699,-0.0016348144272342324,4.00023701171875,0.062,0.9558565185546875,0.6208,heavy_ball,,4.083617431640625,0.9711377624511719,-0.08338041992187506,0.015281243896484442
resnet18,0,random_matched_norm,40,0.03,0.9,4.0,1.0,-0.003943067044019699,-0.0016348144272342324,4.00023701171875,0.062,0.9558565185546875,0.6208,heavy_ball,,4.083617431640625,0.9711377624511719,-0.08338041992187506,0.015281243896484442
resnet18,0,random_matched_norm,40,0.03,0.9,4.0,1.0,-0.003943067044019699,-0.0016348144272342324,4.00023701171875,0.062,0.9558565185546875,0.6208,heavy_ball,,4.083617431640625,0.9711377624511719,-0.08338041992187506,0.015281243896484442
resnet18,0,reset,40,0.03,0.9,4.0,1.0,-0.003943067044019699,-0.0016348144272342324,4.083617431640625,0.0616,0.9711377624511719,0.614,heavy_ball,,4.083617431640625,0.9711377624511719,0.0,0.0
resnet18,0,reset,40,0.03,0.9,4.0,1.0,-0.003943067044019699,-0.0016348144272342324,4.083617431640625,0.0616,0.9711377624511719,0.614,heavy_ball,,4.083617431640625,0.9711377624511719,0.0,0.0
resnet18,0,reset,40,0.03,0.9,4.0,1.0,-0.003943067044019699,-0.0016348144272342324,4.083617431640625,0.0616,0.9711377624511719,0.614,heavy_ball,,4.083617431640625,0.9711377624511719,0.0,0.0
resnet18,0,reset,40,0.03,0.9,4.0,1.0,-0.003943067044019699,-0.0016348144272342324,4.083617431640625,0.0616,0.9711377624511719,0.614,heavy_ball,,4.083617431640625,0.9711377624511719,0.0,0.0
resnet18,0,inherit,40,0.03,0.9,4.0,1.0,-0.003943067044019699,-0.0016348144272342324,4.022252075195312,0.0652,0.9930852386474609,0.5924,heavy_ball,,4.083617431640625,0.9711377624511719,-0.06136535644531271,-0.021947476196289006
resnet18,0,inherit,40,0.03,0.9,4.0,1.0,-0.003943067044019699,-0.0016348144272342324,4.022252075195312,0.0652,0.9930852386474609,0.5924,heavy_ball,,4.083617431640625,0.9711377624511719,-0.06136535644531271,-0.021947476196289006
resnet18,0,inherit,40,0.03,0.9,4.0,1.0,-0.003943067044019699,-0.0016348144272342324,4.022252075195312,0.0652,0.9930852386474609,0.5924,heavy_ball,,4.083617431640625,0.9711377624511719,-0.06136535644531271,-0.021947476196289006
resnet18,0,inherit,40,0.03,0.9,4.0,1.0,-0.003943067044019699,-0.0016348144272342324,4.022252075195312,0.0652,0.9930852386474609,0.5924,heavy_ball,,4.083617431640625,0.9711377624511719,-0.06136535644531271,-0.021947476196289006
resnet18,0,tangent_certificate,40,0.03,0.9,4.0,1.0,-0.003943067044019699,-0.0016348144272342324,4.073132922363281,0.062,0.9720369567871093,0.6144,heavy_ball,,4.083617431640625,0.9711377624511719,-0.01048450927734379,-0.0008991943359374366
resnet18,0,tangent_certificate,40,0.03,0.9,4.0,1.0,-0.003943067044019699,-0.0016348144272342324,4.073132922363281,0.062,0.9720369567871093,0.6144,heavy_ball,,4.083617431640625,0.9711377624511719,-0.01048450927734379,-0.0008991943359374366
resnet18,0,tangent_certificate,40,0.03,0.9,4.0,1.0,-0.003943067044019699,-0.0016348144272342324,4.073132922363281,0.062,0.9720369567871093,0.6144,heavy_ball,,4.083617431640625,0.9711377624511719,-0.01048450927734379,-0.0008991943359374366
resnet18,0,tangent_certificate,40,0.03,0.9,4.0,1.0,-0.003943067044019699,-0.0016348144272342324,4.073132922363281,0.062,0.9720369567871093,0.6144,heavy_ball,,4.083617431640625,0.9711377624511719,-0.01048450927734379,-0.0008991943359374366
resnet18,0,random_matched_norm,40,0.03,0.9,4.0,1.0,-0.003943067044019699,-0.0016348144272342324,4.00023701171875,0.062,0.9558565185546875,0.6208,heavy_ball,,4.083617431640625,0.9711377624511719,-0.08338041992187506,0.015281243896484442
resnet18,0,random_matched_norm,40,0.03,0.9,4.0,1.0,-0.003943067044019699,-0.0016348144272342324,4.00023701171875,0.062,0.9558565185546875,0.6208,heavy_ball,,4.083617431640625,0.9711377624511719,-0.08338041992187506,0.015281243896484442
resnet18,0,random_matched_norm,40,0.03,0.9,4.0,1.0,-0.003943067044019699,-0.0016348144272342324,4.00023701171875,0.062,0.9558565185546875,0.6208,heavy_ball,,4.083617431640625,0.9711377624511719,-0.08338041992187506,0.015281243896484442
resnet18,0,random_matched_norm,40,0.03,0.9,4.0,1.0,-0.003943067044019699,-0.0016348144272342324,4.00023701171875,0.062,0.9558565185546875,0.6208,heavy_ball,,4.083617431640625,0.9711377624511719,-0.08338041992187506,0.015281243896484442
resnet18,0,reset,40,0.03,0.9,4.0,1.0,-0.003943067044019699,-0.0016348144272342324,4.083617431640625,0.0616,0.9711377624511719,0.614,heavy_ball,,4.083617431640625,0.9711377624511719,0.0,0.0
resnet18,0,reset,40,0.03,0.9,4.0,1.0,-0.003943067044019699,-0.0016348144272342324,4.083617431640625,0.0616,0.9711377624511719,0.614,heavy_ball,,4.083617431640625,0.9711377624511719,0.0,0.0
resnet18,0,reset,40,0.03,0.9,4.0,1.0,-0.003943067044019699,-0.0016348144272342324,4.083617431640625,0.0616,0.9711377624511719,0.614,heavy_ball,,4.083617431640625,0.9711377624511719,0.0,0.0
resnet18,0,reset,40,0.03,0.9,4.0,1.0,-0.003943067044019699,-0.0016348144272342324,4.083617431640625,0.0616,0.9711377624511719,0.614,heavy_ball,,4.083617431640625,0.9711377624511719,0.0,0.0
resnet18,0,inherit,40,0.03,0.9,4.0,1.0,-0.003943067044019699,-0.0016348144272342324,4.022252075195312,0.0652,0.9930852386474609,0.5924,heavy_ball,,4.083617431640625,0.9711377624511719,-0.06136535644531271,-0.021947476196289006
resnet18,0,inherit,40,0.03,0.9,4.0,1.0,-0.003943067044019699,-0.0016348144272342324,4.022252075195312,0.0652,0.9930852386474609,0.5924,heavy_ball,,4.083617431640625,0.9711377624511719,-0.06136535644531271,-0.021947476196289006
resnet18,0,inherit,40,0.03,0.9,4.0,1.0,-0.003943067044019699,-0.0016348144272342324,4.022252075195312,0.0652,0.9930852386474609,0.5924,heavy_ball,,4.083617431640625,0.9711377624511719,-0.06136535644531271,-0.021947476196289006
resnet18,0,inherit,40,0.03,0.9,4.0,1.0,-0.003943067044019699,-0.0016348144272342324,4.022252075195312,0.0652,0.9930852386474609,0.5924,heavy_ball,,4.083617431640625,0.9711377624511719,-0.06136535644531271,-0.021947476196289006
resnet18,0,tangent_certificate,40,0.03,0.9,4.0,1.0,-0.003943067044019699,-0.0016348144272342324,4.073132922363281,0.062,0.9720369567871093,0.6144,heavy_ball,,4.083617431640625,0.9711377624511719,-0.01048450927734379,-0.0008991943359374366
resnet18,0,tangent_certificate,40,0.03,0.9,4.0,1.0,-0.003943067044019699,-0.0016348144272342324,4.073132922363281,0.062,0.9720369567871093,0.6144,heavy_ball,,4.083617431640625,0.9711377624511719,-0.01048450927734379,-0.0008991943359374366
resnet18,0,tangent_certificate,40,0.03,0.9,4.0,1.0,-0.003943067044019699,-0.0016348144272342324,4.073132922363281,0.062,0.9720369567871093,0.6144,heavy_ball,,4.083617431640625,0.9711377624511719,-0.01048450927734379,-0.0008991943359374366
resnet18,0,tangent_certificate,40,0.03,0.9,4.0,1.0,-0.003943067044019699,-0.0016348144272342324,4.073132922363281,0.062,0.9720369567871093,0.6144,heavy_ball,,4.083617431640625,0.9711377624511719,-0.01048450927734379,-0.0008991943359374366
resnet18,0,random_matched_norm,40,0.03,0.9,4.0,1.0,-0.003943067044019699,-0.0016348144272342324,4.00023701171875,0.062,0.9558565185546875,0.6208,heavy_ball,,4.083617431640625,0.9711377624511719,-0.08338041992187506,0.015281243896484442
resnet18,0,random_matched_norm,40,0.03,0.9,4.0,1.0,-0.003943067044019699,-0.0016348144272342324,4.00023701171875,0.062,0.9558565185546875,0.6208,heavy_ball,,4.083617431640625,0.9711377624511719,-0.08338041992187506,0.015281243896484442
resnet18,0,random_matched_norm,40,0.03,0.9,4.0,1.0,-0.003943067044019699,-0.0016348144272342324,4.00023701171875,0.062,0.9558565185546875,0.6208,heavy_ball,,4.083617431640625,0.9711377624511719,-0.08338041992187506,0.015281243896484442
resnet18,0,random_matched_norm,40,0.03,0.9,4.0,1.0,-0.003943067044019699,-0.0016348144272342324,4.00023701171875,0.062,0.9558565185546875,0.6208,heavy_ball,,4.083617431640625,0.9711377624511719,-0.08338041992187506,0.015281243896484442
resnet18,1,reset,40,0.03,0.9,4.0,1.0,-0.004968405235558748,-0.02117852494120598,4.265933142089843,0.0908,0.9137854614257812,0.6432,heavy_ball,,4.265933142089843,0.9137854614257812,0.0,0.0
resnet18,1,reset,40,0.03,0.9,4.0,1.0,-0.004968405235558748,-0.02117852494120598,4.265933142089843,0.0908,0.9137854614257812,0.6432,heavy_ball,,4.265933142089843,0.9137854614257812,0.0,0.0
resnet18,1,reset,40,0.03,0.9,4.0,1.0,-0.004968405235558748,-0.02117852494120598,4.265933142089843,0.0908,0.9137854614257812,0.6432,heavy_ball,,4.265933142089843,0.9137854614257812,0.0,0.0
resnet18,1,reset,40,0.03,0.9,4.0,1.0,-0.004968405235558748,-0.02117852494120598,4.265933142089843,0.0908,0.9137854614257812,0.6432,heavy_ball,,4.265933142089843,0.9137854614257812,0.0,0.0
resnet18,1,inherit,40,0.03,0.9,4.0,1.0,-0.004968405235558748,-0.02117852494120598,3.482487170410156,0.0784,0.9862132202148437,0.6148,heavy_ball,,4.265933142089843,0.9137854614257812,-0.7834459716796873,-0.07242775878906249
resnet18,1,inherit,40,0.03,0.9,4.0,1.0,-0.004968405235558748,-0.02117852494120598,3.482487170410156,0.0784,0.9862132202148437,0.6148,heavy_ball,,4.265933142089843,0.9137854614257812,-0.7834459716796873,-0.07242775878906249
resnet18,1,inherit,40,0.03,0.9,4.0,1.0,-0.004968405235558748,-0.02117852494120598,3.482487170410156,0.0784,0.9862132202148437,0.6148,heavy_ball,,4.265933142089843,0.9137854614257812,-0.7834459716796873,-0.07242775878906249
resnet18,1,inherit,40,0.03,0.9,4.0,1.0,-0.004968405235558748,-0.02117852494120598,3.482487170410156,0.0784,0.9862132202148437,0.6148,heavy_ball,,4.265933142089843,0.9137854614257812,-0.7834459716796873,-0.07242775878906249
resnet18,1,tangent_certificate,40,0.03,0.9,4.0,1.0,-0.004968405235558748,-0.02117852494120598,3.008506994628906,0.166,1.3100609802246095,0.4688,heavy_ball,,4.265933142089843,0.9137854614257812,-1.2574261474609374,-0.3962755187988283
resnet18,1,tangent_certificate,40,0.03,0.9,4.0,1.0,-0.004968405235558748,-0.02117852494120598,3.008506994628906,0.166,1.3100609802246095,0.4688,heavy_ball,,4.265933142089843,0.9137854614257812,-1.2574261474609374,-0.3962755187988283
resnet18,1,tangent_certificate,40,0.03,0.9,4.0,1.0,-0.004968405235558748,-0.02117852494120598,3.008506994628906,0.166,1.3100609802246095,0.4688,heavy_ball,,4.265933142089843,0.9137854614257812,-1.2574261474609374,-0.3962755187988283
resnet18,1,tangent_certificate,40,0.03,0.9,4.0,1.0,-0.004968405235558748,-0.02117852494120598,3.008506994628906,0.166,1.3100609802246095,0.4688,heavy_ball,,4.265933142089843,0.9137854614257812,-1.2574261474609374,-0.3962755187988283
resnet18,1,random_matched_norm,40,0.03,0.9,4.0,1.0,-0.004968405235558748,-0.02117852494120598,4.270933947753906,0.094,0.9164609161376953,0.6444,heavy_ball,,4.265933142089843,0.9137854614257812,0.005000805664062469,-0.0026754547119141048
resnet18,1,random_matched_norm,40,0.03,0.9,4.0,1.0,-0.004968405235558748,-0.02117852494120598,4.270933947753906,0.094,0.9164609161376953,0.6444,heavy_ball,,4.265933142089843,0.9137854614257812,0.005000805664062469,-0.0026754547119141048
resnet18,1,random_matched_norm,40,0.03,0.9,4.0,1.0,-0.004968405235558748,-0.02117852494120598,4.270933947753906,0.094,0.9164609161376953,0.6444,heavy_ball,,4.265933142089843,0.9137854614257812,0.005000805664062469,-0.0026754547119141048
resnet18,1,random_matched_norm,40,0.03,0.9,4.0,1.0,-0.004968405235558748,-0.02117852494120598,4.270933947753906,0.094,0.9164609161376953,0.6444,heavy_ball,,4.265933142089843,0.9137854614257812,0.005000805664062469,-0.0026754547119141048
resnet18,1,reset,40,0.03,0.9,4.0,1.0,-0.004968405235558748,-0.02117852494120598,4.265933142089843,0.0908,0.9137854614257812,0.6432,heavy_ball,,4.265933142089843,0.9137854614257812,0.0,0.0
resnet18,1,reset,40,0.03,0.9,4.0,1.0,-0.004968405235558748,-0.02117852494120598,4.265933142089843,0.0908,0.9137854614257812,0.6432,heavy_ball,,4.265933142089843,0.9137854614257812,0.0,0.0
resnet18,1,reset,40,0.03,0.9,4.0,1.0,-0.004968405235558748,-0.02117852494120598,4.265933142089843,0.0908,0.9137854614257812,0.6432,heavy_ball,,4.265933142089843,0.9137854614257812,0.0,0.0
resnet18,1,reset,40,0.03,0.9,4.0,1.0,-0.004968405235558748,-0.02117852494120598,4.265933142089843,0.0908,0.9137854614257812,0.6432,heavy_ball,,4.265933142089843,0.9137854614257812,0.0,0.0
resnet18,1,inherit,40,0.03,0.9,4.0,1.0,-0.004968405235558748,-0.02117852494120598,3.482487170410156,0.0784,0.9862132202148437,0.6148,heavy_ball,,4.265933142089843,0.9137854614257812,-0.7834459716796873,-0.07242775878906249
resnet18,1,inherit,40,0.03,0.9,4.0,1.0,-0.004968405235558748,-0.02117852494120598,3.482487170410156,0.0784,0.9862132202148437,0.6148,heavy_ball,,4.265933142089843,0.9137854614257812,-0.7834459716796873,-0.07242775878906249
resnet18,1,inherit,40,0.03,0.9,4.0,1.0,-0.004968405235558748,-0.02117852494120598,3.482487170410156,0.0784,0.9862132202148437,0.6148,heavy_ball,,4.265933142089843,0.9137854614257812,-0.7834459716796873,-0.07242775878906249
resnet18,1,inherit,40,0.03,0.9,4.0,1.0,-0.004968405235558748,-0.02117852494120598,3.482487170410156,0.0784,0.9862132202148437,0.6148,heavy_ball,,4.265933142089843,0.9137854614257812,-0.7834459716796873,-0.07242775878906249
resnet18,1,tangent_certificate,40,0.03,0.9,4.0,1.0,-0.004968405235558748,-0.02117852494120598,3.008506994628906,0.166,1.3100609802246095,0.4688,heavy_ball,,4.265933142089843,0.9137854614257812,-1.2574261474609374,-0.3962755187988283
resnet18,1,tangent_certificate,40,0.03,0.9,4.0,1.0,-0.004968405235558748,-0.02117852494120598,3.008506994628906,0.166,1.3100609802246095,0.4688,heavy_ball,,4.265933142089843,0.9137854614257812,-1.2574261474609374,-0.3962755187988283
resnet18,1,tangent_certificate,40,0.03,0.9,4.0,1.0,-0.004968405235558748,-0.02117852494120598,3.008506994628906,0.166,1.3100609802246095,0.4688,heavy_ball,,4.265933142089843,0.9137854614257812,-1.2574261474609374,-0.3962755187988283
resnet18,1,tangent_certificate,40,0.03,0.9,4.0,1.0,-0.004968405235558748,-0.02117852494120598,3.008506994628906,0.166,1.3100609802246095,0.4688,heavy_ball,,4.265933142089843,0.9137854614257812,-1.2574261474609374,-0.3962755187988283
resnet18,1,random_matched_norm,40,0.03,0.9,4.0,1.0,-0.004968405235558748,-0.02117852494120598,4.270933947753906,0.094,0.9164609161376953,0.6444,heavy_ball,,4.265933142089843,0.9137854614257812,0.005000805664062469,-0.0026754547119141048
resnet18,1,random_matched_norm,40,0.03,0.9,4.0,1.0,-0.004968405235558748,-0.02117852494120598,4.270933947753906,0.094,0.9164609161376953,0.6444,heavy_ball,,4.265933142089843,0.9137854614257812,0.005000805664062469,-0.0026754547119141048
resnet18,1,random_matched_norm,40,0.03,0.9,4.0,1.0,-0.004968405235558748,-0.02117852494120598,4.270933947753906,0.094,0.9164609161376953,0.6444,heavy_ball,,4.265933142089843,0.9137854614257812,0.005000805664062469,-0.0026754547119141048
resnet18,1,random_matched_norm,40,0.03,0.9,4.0,1.0,-0.004968405235558748,-0.02117852494120598,4.270933947753906,0.094,0.9164609161376953,0.6444,heavy_ball,,4.265933142089843,0.9137854614257812,0.005000805664062469,-0.0026754547119141048
resnet18,1,reset,40,0.03,0.9,4.0,1.0,-0.004968405235558748,-0.02117852494120598,4.265933142089843,0.0908,0.9137854614257812,0.6432,heavy_ball,,4.265933142089843,0.9137854614257812,0.0,0.0
resnet18,1,reset,40,0.03,0.9,4.0,1.0,-0.004968405235558748,-0.02117852494120598,4.265933142089843,0.0908,0.9137854614257812,0.6432,heavy_ball,,4.265933142089843,0.9137854614257812,0.0,0.0
resnet18,1,reset,40,0.03,0.9,4.0,1.0,-0.004968405235558748,-0.02117852494120598,4.265933142089843,0.0908,0.9137854614257812,0.6432,heavy_ball,,4.265933142089843,0.9137854614257812,0.0,0.0
resnet18,1,reset,40,0.03,0.9,4.0,1.0,-0.004968405235558748,-0.02117852494120598,4.265933142089843,0.0908,0.9137854614257812,0.6432,heavy_ball,,4.265933142089843,0.9137854614257812,0.0,0.0
resnet18,1,inherit,40,0.03,0.9,4.0,1.0,-0.004968405235558748,-0.02117852494120598,3.482487170410156,0.0784,0.9862132202148437,0.6148,heavy_ball,,4.265933142089843,0.9137854614257812,-0.7834459716796873,-0.07242775878906249
resnet18,1,inherit,40,0.03,0.9,4.0,1.0,-0.004968405235558748,-0.02117852494120598,3.482487170410156,0.0784,0.9862132202148437,0.6148,heavy_ball,,4.265933142089843,0.9137854614257812,-0.7834459716796873,-0.07242775878906249
resnet18,1,inherit,40,0.03,0.9,4.0,1.0,-0.004968405235558748,-0.02117852494120598,3.482487170410156,0.0784,0.9862132202148437,0.6148,heavy_ball,,4.265933142089843,0.9137854614257812,-0.7834459716796873,-0.07242775878906249
resnet18,1,inherit,40,0.03,0.9,4.0,1.0,-0.004968405235558748,-0.02117852494120598,3.482487170410156,0.0784,0.9862132202148437,0.6148,heavy_ball,,4.265933142089843,0.9137854614257812,-0.7834459716796873,-0.07242775878906249
resnet18,1,tangent_certificate,40,0.03,0.9,4.0,1.0,-0.004968405235558748,-0.02117852494120598,3.008506994628906,0.166,1.3100609802246095,0.4688,heavy_ball,,4.265933142089843,0.9137854614257812,-1.2574261474609374,-0.3962755187988283
resnet18,1,tangent_certificate,40,0.03,0.9,4.0,1.0,-0.004968405235558748,-0.02117852494120598,3.008506994628906,0.166,1.3100609802246095,0.4688,heavy_ball,,4.265933142089843,0.9137854614257812,-1.2574261474609374,-0.3962755187988283
resnet18,1,tangent_certificate,40,0.03,0.9,4.0,1.0,-0.004968405235558748,-0.02117852494120598,3.008506994628906,0.166,1.3100609802246095,0.4688,heavy_ball,,4.265933142089843,0.9137854614257812,-1.2574261474609374,-0.3962755187988283
resnet18,1,tangent_certificate,40,0.03,0.9,4.0,1.0,-0.004968405235558748,-0.02117852494120598,3.008506994628906,0.166,1.3100609802246095,0.4688,heavy_ball,,4.265933142089843,0.9137854614257812,-1.2574261474609374,-0.3962755187988283
resnet18,1,random_matched_norm,40,0.03,0.9,4.0,1.0,-0.004968405235558748,-0.02117852494120598,4.270933947753906,0.094,0.9164609161376953,0.6444,heavy_ball,,4.265933142089843,0.9137854614257812,0.005000805664062469,-0.0026754547119141048
resnet18,1,random_matched_norm,40,0.03,0.9,4.0,1.0,-0.004968405235558748,-0.02117852494120598,4.270933947753906,0.094,0.9164609161376953,0.6444,heavy_ball,,4.265933142089843,0.9137854614257812,0.005000805664062469,-0.0026754547119141048
resnet18,1,random_matched_norm,40,0.03,0.9,4.0,1.0,-0.004968405235558748,-0.02117852494120598,4.270933947753906,0.094,0.9164609161376953,0.6444,heavy_ball,,4.265933142089843,0.9137854614257812,0.005000805664062469,-0.0026754547119141048
resnet18,1,random_matched_norm,40,0.03,0.9,4.0,1.0,-0.004968405235558748,-0.02117852494120598,4.270933947753906,0.094,0.9164609161376953,0.6444,heavy_ball,,4.265933142089843,0.9137854614257812,0.005000805664062469,-0.0026754547119141048
resnet18,1,reset,40,0.03,0.9,4.0,1.0,-0.004968405235558748,-0.02117852494120598,4.265933142089843,0.0908,0.9137854614257812,0.6432,heavy_ball,,4.265933142089843,0.9137854614257812,0.0,0.0
resnet18,1,reset,40,0.03,0.9,4.0,1.0,-0.004968405235558748,-0.02117852494120598,4.265933142089843,0.0908,0.9137854614257812,0.6432,heavy_ball,,4.265933142089843,0.9137854614257812,0.0,0.0
resnet18,1,reset,40,0.03,0.9,4.0,1.0,-0.004968405235558748,-0.02117852494120598,4.265933142089843,0.0908,0.9137854614257812,0.6432,heavy_ball,,4.265933142089843,0.9137854614257812,0.0,0.0
resnet18,1,reset,40,0.03,0.9,4.0,1.0,-0.004968405235558748,-0.02117852494120598,4.265933142089843,0.0908,0.9137854614257812,0.6432,heavy_ball,,4.265933142089843,0.9137854614257812,0.0,0.0
resnet18,1,inherit,40,0.03,0.9,4.0,1.0,-0.004968405235558748,-0.02117852494120598,3.482487170410156,0.0784,0.9862132202148437,0.6148,heavy_ball,,4.265933142089843,0.9137854614257812,-0.7834459716796873,-0.07242775878906249
resnet18,1,inherit,40,0.03,0.9,4.0,1.0,-0.004968405235558748,-0.02117852494120598,3.482487170410156,0.0784,0.9862132202148437,0.6148,heavy_ball,,4.265933142089843,0.9137854614257812,-0.7834459716796873,-0.07242775878906249
resnet18,1,inherit,40,0.03,0.9,4.0,1.0,-0.004968405235558748,-0.02117852494120598,3.482487170410156,0.0784,0.9862132202148437,0.6148,heavy_ball,,4.265933142089843,0.9137854614257812,-0.7834459716796873,-0.07242775878906249
resnet18,1,inherit,40,0.03,0.9,4.0,1.0,-0.004968405235558748,-0.02117852494120598,3.482487170410156,0.0784,0.9862132202148437,0.6148,heavy_ball,,4.265933142089843,0.9137854614257812,-0.7834459716796873,-0.07242775878906249
resnet18,1,tangent_certificate,40,0.03,0.9,4.0,1.0,-0.004968405235558748,-0.02117852494120598,3.008506994628906,0.166,1.3100609802246095,0.4688,heavy_ball,,4.265933142089843,0.9137854614257812,-1.2574261474609374,-0.3962755187988283
resnet18,1,tangent_certificate,40,0.03,0.9,4.0,1.0,-0.004968405235558748,-0.02117852494120598,3.008506994628906,0.166,1.3100609802246095,0.4688,heavy_ball,,4.265933142089843,0.9137854614257812,-1.2574261474609374,-0.3962755187988283
resnet18,1,tangent_certificate,40,0.03,0.9,4.0,1.0,-0.004968405235558748,-0.02117852494120598,3.008506994628906,0.166,1.3100609802246095,0.4688,heavy_ball,,4.265933142089843,0.9137854614257812,-1.2574261474609374,-0.3962755187988283
resnet18,1,tangent_certificate,40,0.03,0.9,4.0,1.0,-0.004968405235558748,-0.02117852494120598,3.008506994628906,0.166,1.3100609802246095,0.4688,heavy_ball,,4.265933142089843,0.9137854614257812,-1.2574261474609374,-0.3962755187988283
resnet18,1,random_matched_norm,40,0.03,0.9,4.0,1.0,-0.004968405235558748,-0.02117852494120598,4.270933947753906,0.094,0.9164609161376953,0.6444,heavy_ball,,4.265933142089843,0.9137854614257812,0.005000805664062469,-0.0026754547119141048
resnet18,1,random_matched_norm,40,0.03,0.9,4.0,1.0,-0.004968405235558748,-0.02117852494120598,4.270933947753906,0.094,0.9164609161376953,0.6444,heavy_ball,,4.265933142089843,0.9137854614257812,0.005000805664062469,-0.0026754547119141048
resnet18,1,random_matched_norm,40,0.03,0.9,4.0,1.0,-0.004968405235558748,-0.02117852494120598,4.270933947753906,0.094,0.9164609161376953,0.6444,heavy_ball,,4.265933142089843,0.9137854614257812,0.005000805664062469,-0.0026754547119141048
resnet18,1,random_matched_norm,40,0.03,0.9,4.0,1.0,-0.004968405235558748,-0.02117852494120598,4.270933947753906,0.094,0.9164609161376953,0.6444,heavy_ball,,4.265933142089843,0.9137854614257812,0.005000805664062469,-0.0026754547119141048
resnet18,2,reset,40,0.03,0.9,4.0,1.0,-0.07550445944070816,-0.00548152532428503,5.163332922363281,0.0564,1.1091309143066406,0.5756,heavy_ball,,5.163332922363281,1.1091309143066406,0.0,0.0
resnet18,2,reset,40,0.03,0.9,4.0,1.0,-0.07550445944070816,-0.00548152532428503,5.163332922363281,0.0564,1.1091309143066406,0.5756,heavy_ball,,5.163332922363281,1.1091309143066406,0.0,0.0
resnet18,2,reset,40,0.03,0.9,4.0,1.0,-0.07550445944070816,-0.00548152532428503,5.163332922363281,0.0564,1.1091309143066406,0.5756,heavy_ball,,5.163332922363281,1.1091309143066406,0.0,0.0
resnet18,2,reset,40,0.03,0.9,4.0,1.0,-0.07550445944070816,-0.00548152532428503,5.163332922363281,0.0564,1.1091309143066406,0.5756,heavy_ball,,5.163332922363281,1.1091309143066406,0.0,0.0
resnet18,2,inherit,40,0.03,0.9,4.0,1.0,-0.07550445944070816,-0.00548152532428503,5.209212890625,0.0576,1.0994301727294922,0.5908,heavy_ball,,5.163332922363281,1.1091309143066406,0.04587996826171903,0.009700741577148397
resnet18,2,inherit,40,0.03,0.9,4.0,1.0,-0.07550445944070816,-0.00548152532428503,5.209212890625,0.0576,1.0994301727294922,0.5908,heavy_ball,,5.163332922363281,1.1091309143066406,0.04587996826171903,0.009700741577148397
resnet18,2,inherit,40,0.03,0.9,4.0,1.0,-0.07550445944070816,-0.00548152532428503,5.209212890625,0.0576,1.0994301727294922,0.5908,heavy_ball,,5.163332922363281,1.1091309143066406,0.04587996826171903,0.009700741577148397
resnet18,2,inherit,40,0.03,0.9,4.0,1.0,-0.07550445944070816,-0.00548152532428503,5.209212890625,0.0576,1.0994301727294922,0.5908,heavy_ball,,5.163332922363281,1.1091309143066406,0.04587996826171903,0.009700741577148397
resnet18,2,tangent_certificate,40,0.03,0.9,4.0,1.0,-0.07550445944070816,-0.00548152532428503,4.482017333984375,0.0576,1.0435020446777343,0.5972,heavy_ball,,5.163332922363281,1.1091309143066406,-0.6813155883789062,0.06562886962890624
resnet18,2,tangent_certificate,40,0.03,0.9,4.0,1.0,-0.07550445944070816,-0.00548152532428503,4.482017333984375,0.0576,1.0435020446777343,0.5972,heavy_ball,,5.163332922363281,1.1091309143066406,-0.6813155883789062,0.06562886962890624
resnet18,2,tangent_certificate,40,0.03,0.9,4.0,1.0,-0.07550445944070816,-0.00548152532428503,4.482017333984375,0.0576,1.0435020446777343,0.5972,heavy_ball,,5.163332922363281,1.1091309143066406,-0.6813155883789062,0.06562886962890624
resnet18,2,tangent_certificate,40,0.03,0.9,4.0,1.0,-0.07550445944070816,-0.00548152532428503,4.482017333984375,0.0576,1.0435020446777343,0.5972,heavy_ball,,5.163332922363281,1.1091309143066406,-0.6813155883789062,0.06562886962890624
resnet18,2,random_matched_norm,40,0.03,0.9,4.0,1.0,-0.07550445944070816,-0.00548152532428503,5.258713793945312,0.0572,1.1103224487304688,0.5836,heavy_ball,,5.163332922363281,1.1091309143066406,0.09538087158203101,-0.0011915344238282444
resnet18,2,random_matched_norm,40,0.03,0.9,4.0,1.0,-0.07550445944070816,-0.00548152532428503,5.258713793945312,0.0572,1.1103224487304688,0.5836,heavy_ball,,5.163332922363281,1.1091309143066406,0.09538087158203101,-0.0011915344238282444
resnet18,2,random_matched_norm,40,0.03,0.9,4.0,1.0,-0.07550445944070816,-0.00548152532428503,5.258713793945312,0.0572,1.1103224487304688,0.5836,heavy_ball,,5.163332922363281,1.1091309143066406,0.09538087158203101,-0.0011915344238282444
resnet18,2,random_matched_norm,40,0.03,0.9,4.0,1.0,-0.07550445944070816,-0.00548152532428503,5.258713793945312,0.0572,1.1103224487304688,0.5836,heavy_ball,,5.163332922363281,1.1091309143066406,0.09538087158203101,-0.0011915344238282444
resnet18,2,reset,40,0.03,0.9,4.0,1.0,-0.07550445944070816,-0.00548152532428503,5.163332922363281,0.0564,1.1091309143066406,0.5756,heavy_ball,,5.163332922363281,1.1091309143066406,0.0,0.0
resnet18,2,reset,40,0.03,0.9,4.0,1.0,-0.07550445944070816,-0.00548152532428503,5.163332922363281,0.0564,1.1091309143066406,0.5756,heavy_ball,,5.163332922363281,1.1091309143066406,0.0,0.0
resnet18,2,reset,40,0.03,0.9,4.0,1.0,-0.07550445944070816,-0.00548152532428503,5.163332922363281,0.0564,1.1091309143066406,0.5756,heavy_ball,,5.163332922363281,1.1091309143066406,0.0,0.0
resnet18,2,reset,40,0.03,0.9,4.0,1.0,-0.07550445944070816,-0.00548152532428503,5.163332922363281,0.0564,1.1091309143066406,0.5756,heavy_ball,,5.163332922363281,1.1091309143066406,0.0,0.0
resnet18,2,inherit,40,0.03,0.9,4.0,1.0,-0.07550445944070816,-0.00548152532428503,5.209212890625,0.0576,1.0994301727294922,0.5908,heavy_ball,,5.163332922363281,1.1091309143066406,0.04587996826171903,0.009700741577148397
resnet18,2,inherit,40,0.03,0.9,4.0,1.0,-0.07550445944070816,-0.00548152532428503,5.209212890625,0.0576,1.0994301727294922,0.5908,heavy_ball,,5.163332922363281,1.1091309143066406,0.04587996826171903,0.009700741577148397
resnet18,2,inherit,40,0.03,0.9,4.0,1.0,-0.07550445944070816,-0.00548152532428503,5.209212890625,0.0576,1.0994301727294922,0.5908,heavy_ball,,5.163332922363281,1.1091309143066406,0.04587996826171903,0.009700741577148397
resnet18,2,inherit,40,0.03,0.9,4.0,1.0,-0.07550445944070816,-0.00548152532428503,5.209212890625,0.0576,1.0994301727294922,0.5908,heavy_ball,,5.163332922363281,1.1091309143066406,0.04587996826171903,0.009700741577148397
resnet18,2,tangent_certificate,40,0.03,0.9,4.0,1.0,-0.07550445944070816,-0.00548152532428503,4.482017333984375,0.0576,1.0435020446777343,0.5972,heavy_ball,,5.163332922363281,1.1091309143066406,-0.6813155883789062,0.06562886962890624
resnet18,2,tangent_certificate,40,0.03,0.9,4.0,1.0,-0.07550445944070816,-0.00548152532428503,4.482017333984375,0.0576,1.0435020446777343,0.5972,heavy_ball,,5.163332922363281,1.1091309143066406,-0.6813155883789062,0.06562886962890624
resnet18,2,tangent_certificate,40,0.03,0.9,4.0,1.0,-0.07550445944070816,-0.00548152532428503,4.482017333984375,0.0576,1.0435020446777343,0.5972,heavy_ball,,5.163332922363281,1.1091309143066406,-0.6813155883789062,0.06562886962890624
resnet18,2,tangent_certificate,40,0.03,0.9,4.0,1.0,-0.07550445944070816,-0.00548152532428503,4.482017333984375,0.0576,1.0435020446777343,0.5972,heavy_ball,,5.163332922363281,1.1091309143066406,-0.6813155883789062,0.06562886962890624
resnet18,2,random_matched_norm,40,0.03,0.9,4.0,1.0,-0.07550445944070816,-0.00548152532428503,5.258713793945312,0.0572,1.1103224487304688,0.5836,heavy_ball,,5.163332922363281,1.1091309143066406,0.09538087158203101,-0.0011915344238282444
resnet18,2,random_matched_norm,40,0.03,0.9,4.0,1.0,-0.07550445944070816,-0.00548152532428503,5.258713793945312,0.0572,1.1103224487304688,0.5836,heavy_ball,,5.163332922363281,1.1091309143066406,0.09538087158203101,-0.0011915344238282444
resnet18,2,random_matched_norm,40,0.03,0.9,4.0,1.0,-0.07550445944070816,-0.00548152532428503,5.258713793945312,0.0572,1.1103224487304688,0.5836,heavy_ball,,5.163332922363281,1.1091309143066406,0.09538087158203101,-0.0011915344238282444
resnet18,2,random_matched_norm,40,0.03,0.9,4.0,1.0,-0.07550445944070816,-0.00548152532428503,5.258713793945312,0.0572,1.1103224487304688,0.5836,heavy_ball,,5.163332922363281,1.1091309143066406,0.09538087158203101,-0.0011915344238282444
resnet18,2,reset,40,0.03,0.9,4.0,1.0,-0.07550445944070816,-0.00548152532428503,5.163332922363281,0.0564,1.1091309143066406,0.5756,heavy_ball,,5.163332922363281,1.1091309143066406,0.0,0.0
resnet18,2,reset,40,0.03,0.9,4.0,1.0,-0.07550445944070816,-0.00548152532428503,5.163332922363281,0.0564,1.1091309143066406,0.5756,heavy_ball,,5.163332922363281,1.1091309143066406,0.0,0.0
resnet18,2,reset,40,0.03,0.9,4.0,1.0,-0.07550445944070816,-0.00548152532428503,5.163332922363281,0.0564,1.1091309143066406,0.5756,heavy_ball,,5.163332922363281,1.1091309143066406,0.0,0.0
resnet18,2,reset,40,0.03,0.9,4.0,1.0,-0.07550445944070816,-0.00548152532428503,5.163332922363281,0.0564,1.1091309143066406,0.5756,heavy_ball,,5.163332922363281,1.1091309143066406,0.0,0.0
resnet18,2,inherit,40,0.03,0.9,4.0,1.0,-0.07550445944070816,-0.00548152532428503,5.209212890625,0.0576,1.0994301727294922,0.5908,heavy_ball,,5.163332922363281,1.1091309143066406,0.04587996826171903,0.009700741577148397
resnet18,2,inherit,40,0.03,0.9,4.0,1.0,-0.07550445944070816,-0.00548152532428503,5.209212890625,0.0576,1.0994301727294922,0.5908,heavy_ball,,5.163332922363281,1.1091309143066406,0.04587996826171903,0.009700741577148397
resnet18,2,inherit,40,0.03,0.9,4.0,1.0,-0.07550445944070816,-0.00548152532428503,5.209212890625,0.0576,1.0994301727294922,0.5908,heavy_ball,,5.163332922363281,1.1091309143066406,0.04587996826171903,0.009700741577148397
resnet18,2,inherit,40,0.03,0.9,4.0,1.0,-0.07550445944070816,-0.00548152532428503,5.209212890625,0.0576,1.0994301727294922,0.5908,heavy_ball,,5.163332922363281,1.1091309143066406,0.04587996826171903,0.009700741577148397
resnet18,2,tangent_certificate,40,0.03,0.9,4.0,1.0,-0.07550445944070816,-0.00548152532428503,4.482017333984375,0.0576,1.0435020446777343,0.5972,heavy_ball,,5.163332922363281,1.1091309143066406,-0.6813155883789062,0.06562886962890624
resnet18,2,tangent_certificate,40,0.03,0.9,4.0,1.0,-0.07550445944070816,-0.00548152532428503,4.482017333984375,0.0576,1.0435020446777343,0.5972,heavy_ball,,5.163332922363281,1.1091309143066406,-0.6813155883789062,0.06562886962890624
resnet18,2,tangent_certificate,40,0.03,0.9,4.0,1.0,-0.07550445944070816,-0.00548152532428503,4.482017333984375,0.0576,1.0435020446777343,0.5972,heavy_ball,,5.163332922363281,1.1091309143066406,-0.6813155883789062,0.06562886962890624
resnet18,2,tangent_certificate,40,0.03,0.9,4.0,1.0,-0.07550445944070816,-0.00548152532428503,4.482017333984375,0.0576,1.0435020446777343,0.5972,heavy_ball,,5.163332922363281,1.1091309143066406,-0.6813155883789062,0.06562886962890624
resnet18,2,random_matched_norm,40,0.03,0.9,4.0,1.0,-0.07550445944070816,-0.00548152532428503,5.258713793945312,0.0572,1.1103224487304688,0.5836,heavy_ball,,5.163332922363281,1.1091309143066406,0.09538087158203101,-0.0011915344238282444
resnet18,2,random_matched_norm,40,0.03,0.9,4.0,1.0,-0.07550445944070816,-0.00548152532428503,5.258713793945312,0.0572,1.1103224487304688,0.5836,heavy_ball,,5.163332922363281,1.1091309143066406,0.09538087158203101,-0.0011915344238282444
resnet18,2,random_matched_norm,40,0.03,0.9,4.0,1.0,-0.07550445944070816,-0.00548152532428503,5.258713793945312,0.0572,1.1103224487304688,0.5836,heavy_ball,,5.163332922363281,1.1091309143066406,0.09538087158203101,-0.0011915344238282444
resnet18,2,random_matched_norm,40,0.03,0.9,4.0,1.0,-0.07550445944070816,-0.00548152532428503,5.258713793945312,0.0572,1.1103224487304688,0.5836,heavy_ball,,5.163332922363281,1.1091309143066406,0.09538087158203101,-0.0011915344238282444
resnet18,2,reset,40,0.03,0.9,4.0,1.0,-0.07550445944070816,-0.00548152532428503,5.163332922363281,0.0564,1.1091309143066406,0.5756,heavy_ball,,5.163332922363281,1.1091309143066406,0.0,0.0
resnet18,2,reset,40,0.03,0.9,4.0,1.0,-0.07550445944070816,-0.00548152532428503,5.163332922363281,0.0564,1.1091309143066406,0.5756,heavy_ball,,5.163332922363281,1.1091309143066406,0.0,0.0
resnet18,2,reset,40,0.03,0.9,4.0,1.0,-0.07550445944070816,-0.00548152532428503,5.163332922363281,0.0564,1.1091309143066406,0.5756,heavy_ball,,5.163332922363281,1.1091309143066406,0.0,0.0
resnet18,2,reset,40,0.03,0.9,4.0,1.0,-0.07550445944070816,-0.00548152532428503,5.163332922363281,0.0564,1.1091309143066406,0.5756,heavy_ball,,5.163332922363281,1.1091309143066406,0.0,0.0
resnet18,2,inherit,40,0.03,0.9,4.0,1.0,-0.07550445944070816,-0.00548152532428503,5.209212890625,0.0576,1.0994301727294922,0.5908,heavy_ball,,5.163332922363281,1.1091309143066406,0.04587996826171903,0.009700741577148397
resnet18,2,inherit,40,0.03,0.9,4.0,1.0,-0.07550445944070816,-0.00548152532428503,5.209212890625,0.0576,1.0994301727294922,0.5908,heavy_ball,,5.163332922363281,1.1091309143066406,0.04587996826171903,0.009700741577148397
resnet18,2,inherit,40,0.03,0.9,4.0,1.0,-0.07550445944070816,-0.00548152532428503,5.209212890625,0.0576,1.0994301727294922,0.5908,heavy_ball,,5.163332922363281,1.1091309143066406,0.04587996826171903,0.009700741577148397
resnet18,2,inherit,40,0.03,0.9,4.0,1.0,-0.07550445944070816,-0.00548152532428503,5.209212890625,0.0576,1.0994301727294922,0.5908,heavy_ball,,5.163332922363281,1.1091309143066406,0.04587996826171903,0.009700741577148397
resnet18,2,tangent_certificate,40,0.03,0.9,4.0,1.0,-0.07550445944070816,-0.00548152532428503,4.482017333984375,0.0576,1.0435020446777343,0.5972,heavy_ball,,5.163332922363281,1.1091309143066406,-0.6813155883789062,0.06562886962890624
resnet18,2,tangent_certificate,40,0.03,0.9,4.0,1.0,-0.07550445944070816,-0.00548152532428503,4.482017333984375,0.0576,1.0435020446777343,0.5972,heavy_ball,,5.163332922363281,1.1091309143066406,-0.6813155883789062,0.06562886962890624
resnet18,2,tangent_certificate,40,0.03,0.9,4.0,1.0,-0.07550445944070816,-0.00548152532428503,4.482017333984375,0.0576,1.0435020446777343,0.5972,heavy_ball,,5.163332922363281,1.1091309143066406,-0.6813155883789062,0.06562886962890624
resnet18,2,tangent_certificate,40,0.03,0.9,4.0,1.0,-0.07550445944070816,-0.00548152532428503,4.482017333984375,0.0576,1.0435020446777343,0.5972,heavy_ball,,5.163332922363281,1.1091309143066406,-0.6813155883789062,0.06562886962890624
resnet18,2,random_matched_norm,40,0.03,0.9,4.0,1.0,-0.07550445944070816,-0.00548152532428503,5.258713793945312,0.0572,1.1103224487304688,0.5836,heavy_ball,,5.163332922363281,1.1091309143066406,0.09538087158203101,-0.0011915344238282444
resnet18,2,random_matched_norm,40,0.03,0.9,4.0,1.0,-0.07550445944070816,-0.00548152532428503,5.258713793945312,0.0572,1.1103224487304688,0.5836,heavy_ball,,5.163332922363281,1.1091309143066406,0.09538087158203101,-0.0011915344238282444
resnet18,2,random_matched_norm,40,0.03,0.9,4.0,1.0,-0.07550445944070816,-0.00548152532428503,5.258713793945312,0.0572,1.1103224487304688,0.5836,heavy_ball,,5.163332922363281,1.1091309143066406,0.09538087158203101,-0.0011915344238282444
resnet18,2,random_matched_norm,40,0.03,0.9,4.0,1.0,-0.07550445944070816,-0.00548152532428503,5.258713793945312,0.0572,1.1103224487304688,0.5836,heavy_ball,,5.163332922363281,1.1091309143066406,0.09538087158203101,-0.0011915344238282444
resnet18,3,reset,40,0.03,0.9,0.25,1.0,-0.0450935922563076,0.04485058784484863,3.5478100341796877,0.104,1.1310650299072265,0.5384,heavy_ball,,3.5478100341796877,1.1310650299072265,0.0,0.0
resnet18,3,reset,40,0.03,0.9,0.25,1.0,-0.0450935922563076,0.04485058784484863,3.5478100341796877,0.104,1.1310650299072265,0.5384,heavy_ball,,3.5478100341796877,1.1310650299072265,0.0,0.0
resnet18,3,reset,40,0.03,0.9,0.25,1.0,-0.0450935922563076,0.04485058784484863,3.5478100341796877,0.104,1.1310650299072265,0.5384,heavy_ball,,3.5478100341796877,1.1310650299072265,0.0,0.0
resnet18,3,reset,40,0.03,0.9,0.25,1.0,-0.0450935922563076,0.04485058784484863,3.5478100341796877,0.104,1.1310650299072265,0.5384,heavy_ball,,3.5478100341796877,1.1310650299072265,0.0,0.0
resnet18,3,inherit,40,0.03,0.9,0.25,1.0,-0.0450935922563076,0.04485058784484863,3.71302412109375,0.1444,1.3419676635742188,0.4656,heavy_ball,,3.5478100341796877,1.1310650299072265,0.16521408691406236,-0.21090263366699236
resnet18,3,inherit,40,0.03,0.9,0.25,1.0,-0.0450935922563076,0.04485058784484863,3.71302412109375,0.1444,1.3419676635742188,0.4656,heavy_ball,,3.5478100341796877,1.1310650299072265,0.16521408691406236,-0.21090263366699236
resnet18,3,inherit,40,0.03,0.9,0.25,1.0,-0.0450935922563076,0.04485058784484863,3.71302412109375,0.1444,1.3419676635742188,0.4656,heavy_ball,,3.5478100341796877,1.1310650299072265,0.16521408691406236,-0.21090263366699236
resnet18,3,inherit,40,0.03,0.9,0.25,1.0,-0.0450935922563076,0.04485058784484863,3.71302412109375,0.1444,1.3419676635742188,0.4656,heavy_ball,,3.5478100341796877,1.1310650299072265,0.16521408691406236,-0.21090263366699236
resnet18,3,tangent_certificate,40,0.03,0.9,0.25,1.0,-0.0450935922563076,0.04485058784484863,3.7292194458007812,0.1432,1.351401840209961,0.462,heavy_ball,,3.5478100341796877,1.1310650299072265,0.18140941162109359,-0.22033681030273455
resnet18,3,tangent_certificate,40,0.03,0.9,0.25,1.0,-0.0450935922563076,0.04485058784484863,3.7292194458007812,0.1432,1.351401840209961,0.462,heavy_ball,,3.5478100341796877,1.1310650299072265,0.18140941162109359,-0.22033681030273455
resnet18,3,tangent_certificate,40,0.03,0.9,0.25,1.0,-0.0450935922563076,0.04485058784484863,3.7292194458007812,0.1432,1.351401840209961,0.462,heavy_ball,,3.5478100341796877,1.1310650299072265,0.18140941162109359,-0.22033681030273455
resnet18,3,tangent_certificate,40,0.03,0.9,0.25,1.0,-0.0450935922563076,0.04485058784484863,3.7292194458007812,0.1432,1.351401840209961,0.462,heavy_ball,,3.5478100341796877,1.1310650299072265,0.18140941162109359,-0.22033681030273455
resnet18,3,random_matched_norm,40,0.03,0.9,0.25,1.0,-0.0450935922563076,0.04485058784484863,3.488670526123047,0.088,1.0779012573242188,0.5684,heavy_ball,,3.5478100341796877,1.1310650299072265,-0.05913950805664081,0.05316377258300764
resnet18,3,random_matched_norm,40,0.03,0.9,0.25,1.0,-0.0450935922563076,0.04485058784484863,3.488670526123047,0.088,1.0779012573242188,0.5684,heavy_ball,,3.5478100341796877,1.1310650299072265,-0.05913950805664081,0.05316377258300764
resnet18,3,random_matched_norm,40,0.03,0.9,0.25,1.0,-0.0450935922563076,0.04485058784484863,3.488670526123047,0.088,1.0779012573242188,0.5684,heavy_ball,,3.5478100341796877,1.1310650299072265,-0.05913950805664081,0.05316377258300764
resnet18,3,random_matched_norm,40,0.03,0.9,0.25,1.0,-0.0450935922563076,0.04485058784484863,3.488670526123047,0.088,1.0779012573242188,0.5684,heavy_ball,,3.5478100341796877,1.1310650299072265,-0.05913950805664081,0.05316377258300764
resnet18,3,reset,40,0.03,0.9,0.25,1.0,-0.0450935922563076,0.04485058784484863,3.5478100341796877,0.104,1.1310650299072265,0.5384,heavy_ball,,3.5478100341796877,1.1310650299072265,0.0,0.0
resnet18,3,reset,40,0.03,0.9,0.25,1.0,-0.0450935922563076,0.04485058784484863,3.5478100341796877,0.104,1.1310650299072265,0.5384,heavy_ball,,3.5478100341796877,1.1310650299072265,0.0,0.0
resnet18,3,reset,40,0.03,0.9,0.25,1.0,-0.0450935922563076,0.04485058784484863,3.5478100341796877,0.104,1.1310650299072265,0.5384,heavy_ball,,3.5478100341796877,1.1310650299072265,0.0,0.0
resnet18,3,reset,40,0.03,0.9,0.25,1.0,-0.0450935922563076,0.04485058784484863,3.5478100341796877,0.104,1.1310650299072265,0.5384,heavy_ball,,3.5478100341796877,1.1310650299072265,0.0,0.0
resnet18,3,inherit,40,0.03,0.9,0.25,1.0,-0.0450935922563076,0.04485058784484863,3.71302412109375,0.1444,1.3419676635742188,0.4656,heavy_ball,,3.5478100341796877,1.1310650299072265,0.16521408691406236,-0.21090263366699236
resnet18,3,inherit,40,0.03,0.9,0.25,1.0,-0.0450935922563076,0.04485058784484863,3.71302412109375,0.1444,1.3419676635742188,0.4656,heavy_ball,,3.5478100341796877,1.1310650299072265,0.16521408691406236,-0.21090263366699236
resnet18,3,inherit,40,0.03,0.9,0.25,1.0,-0.0450935922563076,0.04485058784484863,3.71302412109375,0.1444,1.3419676635742188,0.4656,heavy_ball,,3.5478100341796877,1.1310650299072265,0.16521408691406236,-0.21090263366699236
resnet18,3,inherit,40,0.03,0.9,0.25,1.0,-0.0450935922563076,0.04485058784484863,3.71302412109375,0.1444,1.3419676635742188,0.4656,heavy_ball,,3.5478100341796877,1.1310650299072265,0.16521408691406236,-0.21090263366699236
resnet18,3,tangent_certificate,40,0.03,0.9,0.25,1.0,-0.0450935922563076,0.04485058784484863,3.7292194458007812,0.1432,1.351401840209961,0.462,heavy_ball,,3.5478100341796877,1.1310650299072265,0.18140941162109359,-0.22033681030273455
resnet18,3,tangent_certificate,40,0.03,0.9,0.25,1.0,-0.0450935922563076,0.04485058784484863,3.7292194458007812,0.1432,1.351401840209961,0.462,heavy_ball,,3.5478100341796877,1.1310650299072265,0.18140941162109359,-0.22033681030273455
resnet18,3,tangent_certificate,40,0.03,0.9,0.25,1.0,-0.0450935922563076,0.04485058784484863,3.7292194458007812,0.1432,1.351401840209961,0.462,heavy_ball,,3.5478100341796877,1.1310650299072265,0.18140941162109359,-0.22033681030273455
resnet18,3,tangent_certificate,40,0.03,0.9,0.25,1.0,-0.0450935922563076,0.04485058784484863,3.7292194458007812,0.1432,1.351401840209961,0.462,heavy_ball,,3.5478100341796877,1.1310650299072265,0.18140941162109359,-0.22033681030273455
resnet18,3,random_matched_norm,40,0.03,0.9,0.25,1.0,-0.0450935922563076,0.04485058784484863,3.488670526123047,0.088,1.0779012573242188,0.5684,heavy_ball,,3.5478100341796877,1.1310650299072265,-0.05913950805664081,0.05316377258300764
resnet18,3,random_matched_norm,40,0.03,0.9,0.25,1.0,-0.0450935922563076,0.04485058784484863,3.488670526123047,0.088,1.0779012573242188,0.5684,heavy_ball,,3.5478100341796877,1.1310650299072265,-0.05913950805664081,0.05316377258300764
resnet18,3,random_matched_norm,40,0.03,0.9,0.25,1.0,-0.0450935922563076,0.04485058784484863,3.488670526123047,0.088,1.0779012573242188,0.5684,heavy_ball,,3.5478100341796877,1.1310650299072265,-0.05913950805664081,0.05316377258300764
resnet18,3,random_matched_norm,40,0.03,0.9,0.25,1.0,-0.0450935922563076,0.04485058784484863,3.488670526123047,0.088,1.0779012573242188,0.5684,heavy_ball,,3.5478100341796877,1.1310650299072265,-0.05913950805664081,0.05316377258300764
resnet18,3,reset,40,0.03,0.9,0.25,1.0,-0.0450935922563076,0.04485058784484863,3.5478100341796877,0.104,1.1310650299072265,0.5384,heavy_ball,,3.5478100341796877,1.1310650299072265,0.0,0.0
resnet18,3,reset,40,0.03,0.9,0.25,1.0,-0.0450935922563076,0.04485058784484863,3.5478100341796877,0.104,1.1310650299072265,0.5384,heavy_ball,,3.5478100341796877,1.1310650299072265,0.0,0.0
resnet18,3,reset,40,0.03,0.9,0.25,1.0,-0.0450935922563076,0.04485058784484863,3.5478100341796877,0.104,1.1310650299072265,0.5384,heavy_ball,,3.5478100341796877,1.1310650299072265,0.0,0.0
resnet18,3,reset,40,0.03,0.9,0.25,1.0,-0.0450935922563076,0.04485058784484863,3.5478100341796877,0.104,1.1310650299072265,0.5384,heavy_ball,,3.5478100341796877,1.1310650299072265,0.0,0.0
resnet18,3,inherit,40,0.03,0.9,0.25,1.0,-0.0450935922563076,0.04485058784484863,3.71302412109375,0.1444,1.3419676635742188,0.4656,heavy_ball,,3.5478100341796877,1.1310650299072265,0.16521408691406236,-0.21090263366699236
resnet18,3,inherit,40,0.03,0.9,0.25,1.0,-0.0450935922563076,0.04485058784484863,3.71302412109375,0.1444,1.3419676635742188,0.4656,heavy_ball,,3.5478100341796877,1.1310650299072265,0.16521408691406236,-0.21090263366699236
resnet18,3,inherit,40,0.03,0.9,0.25,1.0,-0.0450935922563076,0.04485058784484863,3.71302412109375,0.1444,1.3419676635742188,0.4656,heavy_ball,,3.5478100341796877,1.1310650299072265,0.16521408691406236,-0.21090263366699236
resnet18,3,inherit,40,0.03,0.9,0.25,1.0,-0.0450935922563076,0.04485058784484863,3.71302412109375,0.1444,1.3419676635742188,0.4656,heavy_ball,,3.5478100341796877,1.1310650299072265,0.16521408691406236,-0.21090263366699236
resnet18,3,tangent_certificate,40,0.03,0.9,0.25,1.0,-0.0450935922563076,0.04485058784484863,3.7292194458007812,0.1432,1.351401840209961,0.462,heavy_ball,,3.5478100341796877,1.1310650299072265,0.18140941162109359,-0.22033681030273455
resnet18,3,tangent_certificate,40,0.03,0.9,0.25,1.0,-0.0450935922563076,0.04485058784484863,3.7292194458007812,0.1432,1.351401840209961,0.462,heavy_ball,,3.5478100341796877,1.1310650299072265,0.18140941162109359,-0.22033681030273455
resnet18,3,tangent_certificate,40,0.03,0.9,0.25,1.0,-0.0450935922563076,0.04485058784484863,3.7292194458007812,0.1432,1.351401840209961,0.462,heavy_ball,,3.5478100341796877,1.1310650299072265,0.18140941162109359,-0.22033681030273455
resnet18,3,tangent_certificate,40,0.03,0.9,0.25,1.0,-0.0450935922563076,0.04485058784484863,3.7292194458007812,0.1432,1.351401840209961,0.462,heavy_ball,,3.5478100341796877,1.1310650299072265,0.18140941162109359,-0.22033681030273455
resnet18,3,random_matched_norm,40,0.03,0.9,0.25,1.0,-0.0450935922563076,0.04485058784484863,3.488670526123047,0.088,1.0779012573242188,0.5684,heavy_ball,,3.5478100341796877,1.1310650299072265,-0.05913950805664081,0.05316377258300764
resnet18,3,random_matched_norm,40,0.03,0.9,0.25,1.0,-0.0450935922563076,0.04485058784484863,3.488670526123047,0.088,1.0779012573242188,0.5684,heavy_ball,,3.5478100341796877,1.1310650299072265,-0.05913950805664081,0.05316377258300764
resnet18,3,random_matched_norm,40,0.03,0.9,0.25,1.0,-0.0450935922563076,0.04485058784484863,3.488670526123047,0.088,1.0779012573242188,0.5684,heavy_ball,,3.5478100341796877,1.1310650299072265,-0.05913950805664081,0.05316377258300764
resnet18,3,random_matched_norm,40,0.03,0.9,0.25,1.0,-0.0450935922563076,0.04485058784484863,3.488670526123047,0.088,1.0779012573242188,0.5684,heavy_ball,,3.5478100341796877,1.1310650299072265,-0.05913950805664081,0.05316377258300764
resnet18,3,reset,40,0.03,0.9,0.25,1.0,-0.0450935922563076,0.04485058784484863,3.5478100341796877,0.104,1.1310650299072265,0.5384,heavy_ball,,3.5478100341796877,1.1310650299072265,0.0,0.0
resnet18,3,reset,40,0.03,0.9,0.25,1.0,-0.0450935922563076,0.04485058784484863,3.5478100341796877,0.104,1.1310650299072265,0.5384,heavy_ball,,3.5478100341796877,1.1310650299072265,0.0,0.0
resnet18,3,reset,40,0.03,0.9,0.25,1.0,-0.0450935922563076,0.04485058784484863,3.5478100341796877,0.104,1.1310650299072265,0.5384,heavy_ball,,3.5478100341796877,1.1310650299072265,0.0,0.0
resnet18,3,reset,40,0.03,0.9,0.25,1.0,-0.0450935922563076,0.04485058784484863,3.5478100341796877,0.104,1.1310650299072265,0.5384,heavy_ball,,3.5478100341796877,1.1310650299072265,0.0,0.0
resnet18,3,inherit,40,0.03,0.9,0.25,1.0,-0.0450935922563076,0.04485058784484863,3.71302412109375,0.1444,1.3419676635742188,0.4656,heavy_ball,,3.5478100341796877,1.1310650299072265,0.16521408691406236,-0.21090263366699236
resnet18,3,inherit,40,0.03,0.9,0.25,1.0,-0.0450935922563076,0.04485058784484863,3.71302412109375,0.1444,1.3419676635742188,0.4656,heavy_ball,,3.5478100341796877,1.1310650299072265,0.16521408691406236,-0.21090263366699236
resnet18,3,inherit,40,0.03,0.9,0.25,1.0,-0.0450935922563076,0.04485058784484863,3.71302412109375,0.1444,1.3419676635742188,0.4656,heavy_ball,,3.5478100341796877,1.1310650299072265,0.16521408691406236,-0.21090263366699236
resnet18,3,inherit,40,0.03,0.9,0.25,1.0,-0.0450935922563076,0.04485058784484863,3.71302412109375,0.1444,1.3419676635742188,0.4656,heavy_ball,,3.5478100341796877,1.1310650299072265,0.16521408691406236,-0.21090263366699236
resnet18,3,tangent_certificate,40,0.03,0.9,0.25,1.0,-0.0450935922563076,0.04485058784484863,3.7292194458007812,0.1432,1.351401840209961,0.462,heavy_ball,,3.5478100341796877,1.1310650299072265,0.18140941162109359,-0.22033681030273455
resnet18,3,tangent_certificate,40,0.03,0.9,0.25,1.0,-0.0450935922563076,0.04485058784484863,3.7292194458007812,0.1432,1.351401840209961,0.462,heavy_ball,,3.5478100341796877,1.1310650299072265,0.18140941162109359,-0.22033681030273455
resnet18,3,tangent_certificate,40,0.03,0.9,0.25,1.0,-0.0450935922563076,0.04485058784484863,3.7292194458007812,0.1432,1.351401840209961,0.462,heavy_ball,,3.5478100341796877,1.1310650299072265,0.18140941162109359,-0.22033681030273455
resnet18,3,tangent_certificate,40,0.03,0.9,0.25,1.0,-0.0450935922563076,0.04485058784484863,3.7292194458007812,0.1432,1.351401840209961,0.462,heavy_ball,,3.5478100341796877,1.1310650299072265,0.18140941162109359,-0.22033681030273455
resnet18,3,random_matched_norm,40,0.03,0.9,0.25,1.0,-0.0450935922563076,0.04485058784484863,3.488670526123047,0.088,1.0779012573242188,0.5684,heavy_ball,,3.5478100341796877,1.1310650299072265,-0.05913950805664081,0.05316377258300764
resnet18,3,random_matched_norm,40,0.03,0.9,0.25,1.0,-0.0450935922563076,0.04485058784484863,3.488670526123047,0.088,1.0779012573242188,0.5684,heavy_ball,,3.5478100341796877,1.1310650299072265,-0.05913950805664081,0.05316377258300764
resnet18,3,random_matched_norm,40,0.03,0.9,0.25,1.0,-0.0450935922563076,0.04485058784484863,3.488670526123047,0.088,1.0779012573242188,0.5684,heavy_ball,,3.5478100341796877,1.1310650299072265,-0.05913950805664081,0.05316377258300764
resnet18,3,random_matched_norm,40,0.03,0.9,0.25,1.0,-0.0450935922563076,0.04485058784484863,3.488670526123047,0.088,1.0779012573242188,0.5684,heavy_ball,,3.5478100341796877,1.1310650299072265,-0.05913950805664081,0.05316377258300764
resnet18,4,reset,40,0.03,0.9,0.25,1.0,-0.9459688663482666,0.18014895915985107,3.4903660522460935,0.0916,0.9847883071899414,0.6064,heavy_ball,,3.4903660522460935,0.9847883071899414,0.0,0.0
resnet18,4,reset,40,0.03,0.9,0.25,1.0,-0.9459688663482666,0.18014895915985107,3.4903660522460935,0.0916,0.9847883071899414,0.6064,heavy_ball,,3.4903660522460935,0.9847883071899414,0.0,0.0
resnet18,4,reset,40,0.03,0.9,0.25,1.0,-0.9459688663482666,0.18014895915985107,3.4903660522460935,0.0916,0.9847883071899414,0.6064,heavy_ball,,3.4903660522460935,0.9847883071899414,0.0,0.0
resnet18,4,reset,40,0.03,0.9,0.25,1.0,-0.9459688663482666,0.18014895915985107,3.4903660522460935,0.0916,0.9847883071899414,0.6064,heavy_ball,,3.4903660522460935,0.9847883071899414,0.0,0.0
resnet18,4,inherit,40,0.03,0.9,0.25,1.0,-0.9459688663482666,0.18014895915985107,3.4547650085449217,0.062,0.995022036743164,0.6084,heavy_ball,,3.4903660522460935,0.9847883071899414,-0.035601043701171786,-0.010233729553222659
resnet18,4,inherit,40,0.03,0.9,0.25,1.0,-0.9459688663482666,0.18014895915985107,3.4547650085449217,0.062,0.995022036743164,0.6084,heavy_ball,,3.4903660522460935,0.9847883071899414,-0.035601043701171786,-0.010233729553222659
resnet18,4,inherit,40,0.03,0.9,0.25,1.0,-0.9459688663482666,0.18014895915985107,3.4547650085449217,0.062,0.995022036743164,0.6084,heavy_ball,,3.4903660522460935,0.9847883071899414,-0.035601043701171786,-0.010233729553222659
resnet18,4,inherit,40,0.03,0.9,0.25,1.0,-0.9459688663482666,0.18014895915985107,3.4547650085449217,0.062,0.995022036743164,0.6084,heavy_ball,,3.4903660522460935,0.9847883071899414,-0.035601043701171786,-0.010233729553222659
resnet18,4,tangent_certificate,40,0.03,0.9,0.25,1.0,-0.9459688663482666,0.18014895915985107,3.4609270568847657,0.0624,0.9994345336914062,0.6092,heavy_ball,,3.4903660522460935,0.9847883071899414,-0.02943899536132788,-0.014646226501464854
resnet18,4,tangent_certificate,40,0.03,0.9,0.25,1.0,-0.9459688663482666,0.18014895915985107,3.4609270568847657,0.0624,0.9994345336914062,0.6092,heavy_ball,,3.4903660522460935,0.9847883071899414,-0.02943899536132788,-0.014646226501464854
resnet18,4,tangent_certificate,40,0.03,0.9,0.25,1.0,-0.9459688663482666,0.18014895915985107,3.4609270568847657,0.0624,0.9994345336914062,0.6092,heavy_ball,,3.4903660522460935,0.9847883071899414,-0.02943899536132788,-0.014646226501464854
resnet18,4,tangent_certificate,40,0.03,0.9,0.25,1.0,-0.9459688663482666,0.18014895915985107,3.4609270568847657,0.0624,0.9994345336914062,0.6092,heavy_ball,,3.4903660522460935,0.9847883071899414,-0.02943899536132788,-0.014646226501464854
resnet18,4,random_matched_norm,40,0.03,0.9,0.25,1.0,-0.9459688663482666,0.18014895915985107,3.5627494873046874,0.0724,0.9818310089111328,0.6156,heavy_ball,,3.4903660522460935,0.9847883071899414,0.0723834350585939,0.002957298278808529
resnet18,4,random_matched_norm,40,0.03,0.9,0.25,1.0,-0.9459688663482666,0.18014895915985107,3.5627494873046874,0.0724,0.9818310089111328,0.6156,heavy_ball,,3.4903660522460935,0.9847883071899414,0.0723834350585939,0.002957298278808529
resnet18,4,random_matched_norm,40,0.03,0.9,0.25,1.0,-0.9459688663482666,0.18014895915985107,3.5627494873046874,0.0724,0.9818310089111328,0.6156,heavy_ball,,3.4903660522460935,0.9847883071899414,0.0723834350585939,0.002957298278808529
resnet18,4,random_matched_norm,40,0.03,0.9,0.25,1.0,-0.9459688663482666,0.18014895915985107,3.5627494873046874,0.0724,0.9818310089111328,0.6156,heavy_ball,,3.4903660522460935,0.9847883071899414,0.0723834350585939,0.002957298278808529
resnet18,4,reset,40,0.03,0.9,0.25,1.0,-0.9459688663482666,0.18014895915985107,3.4903660522460935,0.0916,0.9847883071899414,0.6064,heavy_ball,,3.4903660522460935,0.9847883071899414,0.0,0.0
resnet18,4,reset,40,0.03,0.9,0.25,1.0,-0.9459688663482666,0.18014895915985107,3.4903660522460935,0.0916,0.9847883071899414,0.6064,heavy_ball,,3.4903660522460935,0.9847883071899414,0.0,0.0
resnet18,4,reset,40,0.03,0.9,0.25,1.0,-0.9459688663482666,0.18014895915985107,3.4903660522460935,0.0916,0.9847883071899414,0.6064,heavy_ball,,3.4903660522460935,0.9847883071899414,0.0,0.0
resnet18,4,reset,40,0.03,0.9,0.25,1.0,-0.9459688663482666,0.18014895915985107,3.4903660522460935,0.0916,0.9847883071899414,0.6064,heavy_ball,,3.4903660522460935,0.9847883071899414,0.0,0.0
resnet18,4,inherit,40,0.03,0.9,0.25,1.0,-0.9459688663482666,0.18014895915985107,3.4547650085449217,0.062,0.995022036743164,0.6084,heavy_ball,,3.4903660522460935,0.9847883071899414,-0.035601043701171786,-0.010233729553222659
resnet18,4,inherit,40,0.03,0.9,0.25,1.0,-0.9459688663482666,0.18014895915985107,3.4547650085449217,0.062,0.995022036743164,0.6084,heavy_ball,,3.4903660522460935,0.9847883071899414,-0.035601043701171786,-0.010233729553222659
resnet18,4,inherit,40,0.03,0.9,0.25,1.0,-0.9459688663482666,0.18014895915985107,3.4547650085449217,0.062,0.995022036743164,0.6084,heavy_ball,,3.4903660522460935,0.9847883071899414,-0.035601043701171786,-0.010233729553222659
resnet18,4,inherit,40,0.03,0.9,0.25,1.0,-0.9459688663482666,0.18014895915985107,3.4547650085449217,0.062,0.995022036743164,0.6084,heavy_ball,,3.4903660522460935,0.9847883071899414,-0.035601043701171786,-0.010233729553222659
resnet18,4,tangent_certificate,40,0.03,0.9,0.25,1.0,-0.9459688663482666,0.18014895915985107,3.4609270568847657,0.0624,0.9994345336914062,0.6092,heavy_ball,,3.4903660522460935,0.9847883071899414,-0.02943899536132788,-0.014646226501464854
resnet18,4,tangent_certificate,40,0.03,0.9,0.25,1.0,-0.9459688663482666,0.18014895915985107,3.4609270568847657,0.0624,0.9994345336914062,0.6092,heavy_ball,,3.4903660522460935,0.9847883071899414,-0.02943899536132788,-0.014646226501464854
resnet18,4,tangent_certificate,40,0.03,0.9,0.25,1.0,-0.9459688663482666,0.18014895915985107,3.4609270568847657,0.0624,0.9994345336914062,0.6092,heavy_ball,,3.4903660522460935,0.9847883071899414,-0.02943899536132788,-0.014646226501464854
resnet18,4,tangent_certificate,40,0.03,0.9,0.25,1.0,-0.9459688663482666,0.18014895915985107,3.4609270568847657,0.0624,0.9994345336914062,0.6092,heavy_ball,,3.4903660522460935,0.9847883071899414,-0.02943899536132788,-0.014646226501464854
resnet18,4,random_matched_norm,40,0.03,0.9,0.25,1.0,-0.9459688663482666,0.18014895915985107,3.5627494873046874,0.0724,0.9818310089111328,0.6156,heavy_ball,,3.4903660522460935,0.9847883071899414,0.0723834350585939,0.002957298278808529
resnet18,4,random_matched_norm,40,0.03,0.9,0.25,1.0,-0.9459688663482666,0.18014895915985107,3.5627494873046874,0.0724,0.9818310089111328,0.6156,heavy_ball,,3.4903660522460935,0.9847883071899414,0.0723834350585939,0.002957298278808529
resnet18,4,random_matched_norm,40,0.03,0.9,0.25,1.0,-0.9459688663482666,0.18014895915985107,3.5627494873046874,0.0724,0.9818310089111328,0.6156,heavy_ball,,3.4903660522460935,0.9847883071899414,0.0723834350585939,0.002957298278808529
resnet18,4,random_matched_norm,40,0.03,0.9,0.25,1.0,-0.9459688663482666,0.18014895915985107,3.5627494873046874,0.0724,0.9818310089111328,0.6156,heavy_ball,,3.4903660522460935,0.9847883071899414,0.0723834350585939,0.002957298278808529
resnet18,4,reset,40,0.03,0.9,0.25,1.0,-0.9459688663482666,0.18014895915985107,3.4903660522460935,0.0916,0.9847883071899414,0.6064,heavy_ball,,3.4903660522460935,0.9847883071899414,0.0,0.0
resnet18,4,reset,40,0.03,0.9,0.25,1.0,-0.9459688663482666,0.18014895915985107,3.4903660522460935,0.0916,0.9847883071899414,0.6064,heavy_ball,,3.4903660522460935,0.9847883071899414,0.0,0.0
resnet18,4,reset,40,0.03,0.9,0.25,1.0,-0.9459688663482666,0.18014895915985107,3.4903660522460935,0.0916,0.9847883071899414,0.6064,heavy_ball,,3.4903660522460935,0.9847883071899414,0.0,0.0
resnet18,4,reset,40,0.03,0.9,0.25,1.0,-0.9459688663482666,0.18014895915985107,3.4903660522460935,0.0916,0.9847883071899414,0.6064,heavy_ball,,3.4903660522460935,0.9847883071899414,0.0,0.0
resnet18,4,inherit,40,0.03,0.9,0.25,1.0,-0.9459688663482666,0.18014895915985107,3.4547650085449217,0.062,0.995022036743164,0.6084,heavy_ball,,3.4903660522460935,0.9847883071899414,-0.035601043701171786,-0.010233729553222659
resnet18,4,inherit,40,0.03,0.9,0.25,1.0,-0.9459688663482666,0.18014895915985107,3.4547650085449217,0.062,0.995022036743164,0.6084,heavy_ball,,3.4903660522460935,0.9847883071899414,-0.035601043701171786,-0.010233729553222659
resnet18,4,inherit,40,0.03,0.9,0.25,1.0,-0.9459688663482666,0.18014895915985107,3.4547650085449217,0.062,0.995022036743164,0.6084,heavy_ball,,3.4903660522460935,0.9847883071899414,-0.035601043701171786,-0.010233729553222659
resnet18,4,inherit,40,0.03,0.9,0.25,1.0,-0.9459688663482666,0.18014895915985107,3.4547650085449217,0.062,0.995022036743164,0.6084,heavy_ball,,3.4903660522460935,0.9847883071899414,-0.035601043701171786,-0.010233729553222659
resnet18,4,tangent_certificate,40,0.03,0.9,0.25,1.0,-0.9459688663482666,0.18014895915985107,3.4609270568847657,0.0624,0.9994345336914062,0.6092,heavy_ball,,3.4903660522460935,0.9847883071899414,-0.02943899536132788,-0.014646226501464854
resnet18,4,tangent_certificate,40,0.03,0.9,0.25,1.0,-0.9459688663482666,0.18014895915985107,3.4609270568847657,0.0624,0.9994345336914062,0.6092,heavy_ball,,3.4903660522460935,0.9847883071899414,-0.02943899536132788,-0.014646226501464854
resnet18,4,tangent_certificate,40,0.03,0.9,0.25,1.0,-0.9459688663482666,0.18014895915985107,3.4609270568847657,0.0624,0.9994345336914062,0.6092,heavy_ball,,3.4903660522460935,0.9847883071899414,-0.02943899536132788,-0.014646226501464854
resnet18,4,tangent_certificate,40,0.03,0.9,0.25,1.0,-0.9459688663482666,0.18014895915985107,3.4609270568847657,0.0624,0.9994345336914062,0.6092,heavy_ball,,3.4903660522460935,0.9847883071899414,-0.02943899536132788,-0.014646226501464854
resnet18,4,random_matched_norm,40,0.03,0.9,0.25,1.0,-0.9459688663482666,0.18014895915985107,3.5627494873046874,0.0724,0.9818310089111328,0.6156,heavy_ball,,3.4903660522460935,0.9847883071899414,0.0723834350585939,0.002957298278808529
resnet18,4,random_matched_norm,40,0.03,0.9,0.25,1.0,-0.9459688663482666,0.18014895915985107,3.5627494873046874,0.0724,0.9818310089111328,0.6156,heavy_ball,,3.4903660522460935,0.9847883071899414,0.0723834350585939,0.002957298278808529
resnet18,4,random_matched_norm,40,0.03,0.9,0.25,1.0,-0.9459688663482666,0.18014895915985107,3.5627494873046874,0.0724,0.9818310089111328,0.6156,heavy_ball,,3.4903660522460935,0.9847883071899414,0.0723834350585939,0.002957298278808529
resnet18,4,random_matched_norm,40,0.03,0.9,0.25,1.0,-0.9459688663482666,0.18014895915985107,3.5627494873046874,0.0724,0.9818310089111328,0.6156,heavy_ball,,3.4903660522460935,0.9847883071899414,0.0723834350585939,0.002957298278808529
resnet18,4,reset,40,0.03,0.9,0.25,1.0,-0.9459688663482666,0.18014895915985107,3.4903660522460935,0.0916,0.9847883071899414,0.6064,heavy_ball,,3.4903660522460935,0.9847883071899414,0.0,0.0
resnet18,4,reset,40,0.03,0.9,0.25,1.0,-0.9459688663482666,0.18014895915985107,3.4903660522460935,0.0916,0.9847883071899414,0.6064,heavy_ball,,3.4903660522460935,0.9847883071899414,0.0,0.0
resnet18,4,reset,40,0.03,0.9,0.25,1.0,-0.9459688663482666,0.18014895915985107,3.4903660522460935,0.0916,0.9847883071899414,0.6064,heavy_ball,,3.4903660522460935,0.9847883071899414,0.0,0.0
resnet18,4,reset,40,0.03,0.9,0.25,1.0,-0.9459688663482666,0.18014895915985107,3.4903660522460935,0.0916,0.9847883071899414,0.6064,heavy_ball,,3.4903660522460935,0.9847883071899414,0.0,0.0
resnet18,4,inherit,40,0.03,0.9,0.25,1.0,-0.9459688663482666,0.18014895915985107,3.4547650085449217,0.062,0.995022036743164,0.6084,heavy_ball,,3.4903660522460935,0.9847883071899414,-0.035601043701171786,-0.010233729553222659
resnet18,4,inherit,40,0.03,0.9,0.25,1.0,-0.9459688663482666,0.18014895915985107,3.4547650085449217,0.062,0.995022036743164,0.6084,heavy_ball,,3.4903660522460935,0.9847883071899414,-0.035601043701171786,-0.010233729553222659
resnet18,4,inherit,40,0.03,0.9,0.25,1.0,-0.9459688663482666,0.18014895915985107,3.4547650085449217,0.062,0.995022036743164,0.6084,heavy_ball,,3.4903660522460935,0.9847883071899414,-0.035601043701171786,-0.010233729553222659
resnet18,4,inherit,40,0.03,0.9,0.25,1.0,-0.9459688663482666,0.18014895915985107,3.4547650085449217,0.062,0.995022036743164,0.6084,heavy_ball,,3.4903660522460935,0.9847883071899414,-0.035601043701171786,-0.010233729553222659
resnet18,4,tangent_certificate,40,0.03,0.9,0.25,1.0,-0.9459688663482666,0.18014895915985107,3.4609270568847657,0.0624,0.9994345336914062,0.6092,heavy_ball,,3.4903660522460935,0.9847883071899414,-0.02943899536132788,-0.014646226501464854
resnet18,4,tangent_certificate,40,0.03,0.9,0.25,1.0,-0.9459688663482666,0.18014895915985107,3.4609270568847657,0.0624,0.9994345336914062,0.6092,heavy_ball,,3.4903660522460935,0.9847883071899414,-0.02943899536132788,-0.014646226501464854
resnet18,4,tangent_certificate,40,0.03,0.9,0.25,1.0,-0.9459688663482666,0.18014895915985107,3.4609270568847657,0.0624,0.9994345336914062,0.6092,heavy_ball,,3.4903660522460935,0.9847883071899414,-0.02943899536132788,-0.014646226501464854
resnet18,4,tangent_certificate,40,0.03,0.9,0.25,1.0,-0.9459688663482666,0.18014895915985107,3.4609270568847657,0.0624,0.9994345336914062,0.6092,heavy_ball,,3.4903660522460935,0.9847883071899414,-0.02943899536132788,-0.014646226501464854
resnet18,4,random_matched_norm,40,0.03,0.9,0.25,1.0,-0.9459688663482666,0.18014895915985107,3.5627494873046874,0.0724,0.9818310089111328,0.6156,heavy_ball,,3.4903660522460935,0.9847883071899414,0.0723834350585939,0.002957298278808529
resnet18,4,random_matched_norm,40,0.03,0.9,0.25,1.0,-0.9459688663482666,0.18014895915985107,3.5627494873046874,0.0724,0.9818310089111328,0.6156,heavy_ball,,3.4903660522460935,0.9847883071899414,0.0723834350585939,0.002957298278808529
resnet18,4,random_matched_norm,40,0.03,0.9,0.25,1.0,-0.9459688663482666,0.18014895915985107,3.5627494873046874,0.0724,0.9818310089111328,0.6156,heavy_ball,,3.4903660522460935,0.9847883071899414,0.0723834350585939,0.002957298278808529
resnet18,4,random_matched_norm,40,0.03,0.9,0.25,1.0,-0.9459688663482666,0.18014895915985107,3.5627494873046874,0.0724,0.9818310089111328,0.6156,heavy_ball,,3.4903660522460935,0.9847883071899414,0.0723834350585939,0.002957298278808529
