dataset,optimizer,architecture,learning_rate,memory_component,horizon,radius_scale,momentum,beta1,beta2,tangent_model,response_model,n_seeds,endpoint_error,endpoint_error_lo,endpoint_error_hi,endpoint_cosine,endpoint_cosine_lo,endpoint_cosine_hi,centered_error,centered_error_lo,centered_error_hi,centered_cosine,centered_cosine_lo,centered_cosine_hi,tangent_norm,tangent_norm_lo,tangent_norm_hi,true_endpoint_norm,true_endpoint_norm_lo,true_endpoint_norm_hi,centered_fd_norm,centered_fd_norm_lo,centered_fd_norm_hi
split_cifar10,adam,resnet18,3e-05,m,1,0.01,,0.9,0.999,full_coupled,frozen_boundary,5,0.0010683097789296301,0.0002736827812511272,0.0018629367766081332,0.9999992817640304,0.9999981284943043,1.0000004350337566,0.00054014453344275,0.00013355685146226127,0.0009467322154232388,0.9999998122453689,0.9999994855354972,1.0000001389552406,0.49324137941002844,0.2529907570299861,0.7334920017900708,0.00493241622461933,0.0025299116621020448,0.007334920787136616,0.4932414509356022,0.2529908766047473,0.7334920252664571
split_cifar10,adam,resnet18,3e-05,m,1,0.01,,0.9,0.999,full_coupled,time_varying,5,0.0010683097789296301,0.0002736827812511272,0.0018629367766081332,0.9999992817640304,0.9999981284943043,1.0000004350337566,0.00054014453344275,0.00013355685146226127,0.0009467322154232388,0.9999998122453689,0.9999994855354972,1.0000001389552406,0.49324137941002844,0.2529907570299861,0.7334920017900708,0.00493241622461933,0.0025299116621020448,0.007334920787136616,0.4932414509356022,0.2529908766047473,0.7334920252664571
split_cifar10,adam,resnet18,3e-05,m,5,0.01,,0.9,0.999,full_coupled,frozen_boundary,5,0.04802994057536121,0.03138281398518803,0.0646770671655344,0.9990139991044998,0.9982618977261412,0.9997661004828585,0.04246071502566332,0.03188284447048896,0.05303858558083768,0.9993089497089386,0.9989824747719716,0.9996354246459056,2.0198729395866395,1.0360225989327296,3.0037232802405494,0.019811031455174044,0.01009540378475871,0.029526659125589376,1.980747476220131,1.008890764620182,2.95260418782008
split_cifar10,adam,resnet18,3e-05,m,5,0.01,,0.9,0.999,full_coupled,time_varying,5,0.024412550451233934,0.004944168529297865,0.043880932373170006,0.9996033072471618,0.998954932791545,1.0002516817027787,0.012440253142267422,0.0028020679194349484,0.022078438365099894,0.9998984426259995,0.9997363767995157,1.0000605084524832,1.9806179642677306,1.0086652737247919,2.9525706548106694,0.019811031455174044,0.01009540378475871,0.029526659125589376,1.980747476220131,1.008890764620182,2.95260418782008
split_cifar10,adam,resnet18,3e-05,m,10,0.01,,0.9,0.999,full_coupled,frozen_boundary,5,0.07493953034281726,0.04989752967185717,0.09998153101377735,0.9977418392896652,0.996026685465141,0.9994569931141895,0.06752236094325775,0.05133562936005218,0.08370909252646333,0.9983674049377441,0.9976250171948765,0.9991097926806117,3.2125934660434723,1.6477881519028674,4.777398780184077,0.031103457603603547,0.015777050222336414,0.04642986498487068,3.1091472089290617,1.5755660087631382,4.642728409094985
split_cifar10,adam,resnet18,3e-05,m,10,0.01,,0.9,0.999,full_coupled,time_varying,5,0.03585952902212734,0.007919097332987863,0.06379996071126683,0.9991532474756241,0.9977920050875245,1.0005144898637237,0.018474486283957915,0.004672134134859559,0.032276838433056274,0.9997797727584838,0.9994371042759124,1.0001224412410554,3.1086894154548643,1.5748118926163623,4.642566938293366,0.031103457603603547,0.015777050222336414,0.04642986498487068,3.1091472089290617,1.5755660087631382,4.642728409094985
split_cifar10,adam,resnet18,3e-05,m,20,0.01,,0.9,0.999,full_coupled,frozen_boundary,5,0.10122957378625866,0.06763887364465841,0.1348202739278589,0.9959329515695572,0.9927591097888879,0.9991067933502265,0.09147430248558518,0.0695625934733044,0.11338601149786595,0.9970506459474564,0.9956618849810764,0.9984394069138364,4.332867223024368,2.222422116859036,6.4433123291897,0.041482127737253856,0.020984840771422313,0.0619794147030854,4.145346927642822,2.093451912261716,6.197241943023928
split_cifar10,adam,resnet18,3e-05,m,20,0.01,,0.9,0.999,full_coupled,time_varying,5,0.04813189236447211,0.011085120777694656,0.08517866395124957,0.998482084274292,0.996046782239823,1.000917386308761,0.024995322804897975,0.006987293363498067,0.04300335224629788,0.9996031701564789,0.9990001265434637,1.000206213769494,4.144220554828644,2.091703137658779,6.196737971998509,0.041482127737253856,0.020984840771422313,0.0619794147030854,4.145346927642822,2.093451912261716,6.197241943023928
split_cifar10,adam,resnet18,3e-05,rms_global,1,0.1,,0.9,0.999,full_coupled,frozen_boundary,5,0.035213898867368656,0.031509525649243295,0.03891827208549402,0.9998164176940918,0.9997571865853085,0.999875648802875,0.0013802119763567599,0.0013007148652104492,0.0014597090875030706,0.9999991536140442,0.9999990438410441,0.9999992633870444,0.04984591677784914,0.04538642613270922,0.05430540742298907,0.00484461272135372,0.004389271703605082,0.005299953739102357,0.04983264282345766,0.045389198543099356,0.05427608710381596
split_cifar10,adam,resnet18,3e-05,rms_global,1,0.1,,0.9,0.999,full_coupled,time_varying,5,0.035213898867368656,0.031509525649243295,0.03891827208549402,0.9998164176940918,0.9997571865853085,0.999875648802875,0.0013802119763567599,0.0013007148652104492,0.0014597090875030706,0.9999991536140442,0.9999990438410441,0.9999992633870444,0.04984591677784914,0.04538642613270922,0.05430540742298907,0.00484461272135372,0.004389271703605082,0.005299953739102357,0.04983264282345766,0.045389198543099356,0.05427608710381596
split_cifar10,adam,resnet18,3e-05,rms_global,5,0.1,,0.9,0.999,full_coupled,frozen_boundary,5,0.5094245433807373,0.4839590448938664,0.5348900418676081,0.9092962145805359,0.891429345361665,0.9271630837994068,0.5158065557479858,0.4899436359475853,0.5416694755483864,0.9076792240142822,0.8905699398246207,0.9247885082039438,0.217802682518959,0.1965588474232582,0.23904651761465984,0.03534649088978762,0.03285352757399414,0.0378394542055811,0.3580152690410614,0.3337884802592505,0.3822420578228723
split_cifar10,adam,resnet18,3e-05,rms_global,5,0.1,,0.9,0.999,full_coupled,time_varying,5,0.09818292260169978,0.07856846495436137,0.11779738024903819,0.9953120946884155,0.9931648714900879,0.9974593178867431,0.08152141720056527,0.06265442102845402,0.10038841337267652,0.9966088175773621,0.9949740807116008,0.9982435544431234,0.3594818651676178,0.3342460765323121,0.38471765380292355,0.03534649088978762,0.03285352757399414,0.0378394542055811,0.3580152690410614,0.3337884802592505,0.3822420578228723
split_cifar10,adam,resnet18,3e-05,rms_global,10,0.1,,0.9,0.999,full_coupled,frozen_boundary,5,0.6914461135864258,0.6537953903595414,0.7290968368133103,0.7509587049484253,0.7103659883122639,0.7915514215845867,0.6944345831871033,0.6569175001367508,0.7319516662374558,0.748105502128601,0.7067688010233302,0.7894422032338719,0.38677358627319336,0.3459321568093738,0.42761501573701294,0.07089650332927702,0.06675760933567829,0.07503539732287576,0.7123909592628479,0.6713504269242168,0.753431491601479
split_cifar10,adam,resnet18,3e-05,rms_global,10,0.1,,0.9,0.999,full_coupled,time_varying,5,0.18332914412021634,0.15187558020765018,0.2147827080327825,0.9846978783607483,0.9790984617157029,0.9902972950057937,0.1702056765556335,0.13740847393738312,0.2030028791738839,0.9866025686264038,0.9810649754369106,0.992140161815897,0.7407823204994202,0.6987229246269085,0.7828417163719318,0.07089650332927702,0.06675760933567829,0.07503539732287576,0.7123909592628479,0.6713504269242168,0.753431491601479
split_cifar10,adam,resnet18,3e-05,rms_global,20,0.001,,0.9,0.999,full_coupled,frozen_boundary,5,1.020884907245636,0.9964571478476224,1.0453126666436496,0.15810911208391185,0.11979804571245216,0.19642017845537152,1.039325475692749,0.9874749595172155,1.0911759918682826,0.2210027933120727,0.16638574748641766,0.27561983913772775,0.9318735480308533,0.8356918776053435,1.0280552184563632,0.00225336076691742,0.002093161541887832,0.002413559991947008,1.622644591331482,1.5498167035666164,1.6954724790963476
split_cifar10,adam,resnet18,3e-05,rms_global,20,0.1,,0.9,0.999,full_coupled,time_varying,5,0.3289268255233765,0.3064052065108546,0.35144844453589835,0.95811927318573,0.9507388359744693,0.9654997103969907,0.3198260307312012,0.2949191947571094,0.34473286670529296,0.9615692734718323,0.9535148715906965,0.9696236753529681,1.1985905170440674,1.1594544802894806,1.2377265537986541,0.10695411562919613,0.10453022835596366,0.10937800290242859,1.064021110534668,1.037613107238791,1.0904291138305449
split_cifar10,adam,resnet18,3e-05,rms_layerwise,1,0.1,,0.9,0.999,full_coupled,frozen_boundary,5,0.03420728035271163,0.02940269732206047,0.039011863383362794,0.9997716222490582,0.9996843925286614,0.9998588519694551,0.0022474731085821487,0.002170046784156028,0.0023248994330082695,0.9999960098947798,0.9999953803702629,0.9999966394192966,0.013127115177173524,0.01251007634438575,0.013744154009961299,0.0012802049117453585,0.0012130903428896169,0.0013473194806011002,0.013121280464942386,0.012508770247797311,0.01373379068208746
split_cifar10,adam,resnet18,3e-05,rms_layerwise,1,0.1,,0.9,0.999,full_coupled,time_varying,5,0.03420728088489596,0.029402697854404313,0.039011863915387614,0.9997716188430786,0.9996843873517107,0.9998588503344465,0.002247473218345163,0.002170046911166023,0.002324899525524303,0.9999960167067392,0.9999953766693174,0.999996656744161,0.013127115175510445,0.01251007634408878,0.01374415400693211,0.0012802049117453585,0.0012130903428896169,0.0013473194806011002,0.013121280464942386,0.012508770247797311,0.01373379068208746
split_cifar10,adam,resnet18,3e-05,rms_layerwise,5,0.1,,0.9,0.999,full_coupled,frozen_boundary,5,0.6164658861500876,0.5933569626250332,0.6395748096751419,0.7593233159610204,0.7416794144270282,0.7769672174950126,0.57337908915111,0.5490686108789137,0.5976895674233064,0.8207472477640424,0.804700951117433,0.8367935444106518,0.06451113564960123,0.06146553139426479,0.06755673990493767,0.009515336219919809,0.008977975754323965,0.010052696685515653,0.09550677257190854,0.09049901175033509,0.10051453339348199
split_cifar10,adam,resnet18,3e-05,rms_layerwise,5,0.1,,0.9,0.999,full_coupled,time_varying,5,0.38646486880523817,0.37083497862149994,0.4020947589889764,0.8381061451775688,0.8258902285122709,0.8503220618428666,0.29239767188472404,0.27331158012953816,0.3114837636399099,0.9095146690096174,0.8984949680887779,0.9205343699304569,0.0949495744758418,0.09004240249589852,0.09985674645578509,0.009515336219919809,0.008977975754323965,0.010052696685515653,0.09550677257190854,0.09049901175033509,0.10051453339348199
split_cifar10,adam,resnet18,3e-05,rms_layerwise,10,0.1,,0.9,0.999,full_coupled,frozen_boundary,5,0.7703087602342878,0.742594115196538,0.7980234052720377,0.6156650641134808,0.5847262776667023,0.6466038505602593,0.7463569181306022,0.7161572813324383,0.7765565549287662,0.6676393415246691,0.6355541928774427,0.6997244901718954,0.1356077460106462,0.12717988346301917,0.14403560855827324,0.02047818080089716,0.019258722811358042,0.021697638790436277,0.20374195048851623,0.1915069455358765,0.21597695544115597
split_cifar10,adam,resnet18,3e-05,rms_layerwise,10,0.1,,0.9,0.999,full_coupled,time_varying,5,0.45077881940773556,0.4370483602720958,0.4645092785433753,0.8047061954225813,0.7933040966121756,0.8161082942329869,0.3663047551044396,0.35176695111823336,0.38084255909064585,0.8776576927730015,0.866381277375703,0.8889341081703,0.2026164518802293,0.19039126750565633,0.2148416362548023,0.02047818080089716,0.019258722811358042,0.021697638790436277,0.20374195048851623,0.1915069455358765,0.21597695544115597
split_cifar10,adam,resnet18,3e-05,rms_layerwise,20,0.001,,0.9,0.999,full_coupled,frozen_boundary,5,0.9886446986879621,0.9795495014642439,0.9977398959116803,0.12349872051189384,0.10557110842800972,0.14142633259577797,0.9841167177472796,0.9613651151054089,1.0068683203891504,0.18363164530268736,0.16005863188041228,0.20720465872496244,0.3479364774988166,0.30831271911373437,0.3875602358838989,0.0015730095162454969,0.0013743934306616433,0.0017716256018293504,0.92131461926869,0.8194219980017653,1.0232072405356147
split_cifar10,adam,resnet18,3e-05,rms_layerwise,20,0.1,,0.9,0.999,full_coupled,time_varying,5,0.4990096850054604,0.48348767265683273,0.514531697354088,0.7790846364838736,0.7700252948292549,0.7881439781384924,0.4332467020622322,0.4168213988978907,0.4496720052265737,0.8451404861041478,0.8353122124249347,0.854968759783361,0.3499102186943804,0.32676961639451635,0.3730508209942444,0.035448377110463114,0.03318936584287088,0.037707388378055345,0.3501308667074357,0.3270743456005674,0.373187387814304
split_cifar10,adam,resnet18,3e-05,rms_random_layerwise,1,0.1,,0.9,0.999,full_coupled,frozen_boundary,5,0.016629909584298684,0.013434111610917027,0.01982570755768034,0.9999126225709916,0.9998906668818524,0.9999345782601308,0.0016323807591106202,0.0011889839088574917,0.0020757776093637487,0.9999983996152878,0.9999973710673857,0.9999994281631899,0.017480263276956932,0.014325216242337369,0.020635310311576498,0.0017494318395619602,0.001429422016138934,0.0020694416629849863,0.0174781506415456,0.014323817614944001,0.020632483668147197
split_cifar10,adam,resnet18,3e-05,rms_random_layerwise,1,0.1,,0.9,0.999,full_coupled,time_varying,5,0.01662990963086481,0.013434111745321886,0.019825707516407734,0.9999126225709916,0.9998906668818524,0.9999345782601308,0.0016323807591106202,0.0011889839088574917,0.0020757776093637487,0.9999983996152878,0.9999973710673857,0.9999994281631899,0.017480263276956932,0.014325216242337369,0.020635310311576498,0.0017494318395619602,0.001429422016138934,0.0020694416629849863,0.0174781506415456,0.014323817614944001,0.020632483668147197
split_cifar10,adam,resnet18,3e-05,rms_random_layerwise,5,0.1,,0.9,0.999,full_coupled,frozen_boundary,5,0.49039199352264407,0.468727013419135,0.5120569736261532,0.9042044788599014,0.8897181238917548,0.9186908338280481,0.4845765545964241,0.46171680925306785,0.5074362999397805,0.9077119678258896,0.892925964714444,0.9224979709373352,0.08554884409531949,0.0698657977683088,0.10123189042233018,0.013013300579041187,0.010408152497645182,0.015618448660437191,0.12982501592487095,0.10412633019578602,0.15552370165395588
split_cifar10,adam,resnet18,3e-05,rms_random_layerwise,5,0.1,,0.9,0.999,full_coupled,time_varying,5,0.11121325846761461,0.0825871126864639,0.13983940424876531,0.9920613557100296,0.9879772075181776,0.9961455039018816,0.08090162854641672,0.05987520706833453,0.10192805002449891,0.995739397406578,0.9936021943713285,0.9978766004418276,0.12947766687721007,0.10359615674045744,0.1553591770139627,0.013013300579041187,0.010408152497645182,0.015618448660437191,0.12982501592487095,0.10412633019578602,0.15552370165395588
split_cifar10,adam,resnet18,3e-05,rms_random_layerwise,10,0.1,,0.9,0.999,full_coupled,frozen_boundary,5,0.6445671766996384,0.6057408860608381,0.6833934673384386,0.785923770070076,0.7377907726929872,0.8340567674471647,0.6391234457492828,0.5983506063769319,0.6798962851216337,0.7911254405975342,0.7427201026012779,0.8395307785937905,0.1728017512708902,0.13907031249254437,0.20653319004923604,0.02795449909754092,0.021946722368903434,0.03396227582617841,0.27856499031186105,0.21899460375563837,0.3381353768680837
split_cifar10,adam,resnet18,3e-05,rms_random_layerwise,10,0.1,,0.9,0.999,full_coupled,time_varying,5,0.1626124411821365,0.1241265561944125,0.2010983261698605,0.9826491624116898,0.9734061732100562,0.9918921516133233,0.1279226560145616,0.09724600390550177,0.15859930812362144,0.98914053440094,0.9831261509866218,0.9951549178152581,0.27839900739490986,0.21774016808971602,0.3390578467001037,0.02795449909754092,0.021946722368903434,0.03396227582617841,0.27856499031186105,0.21899460375563837,0.3381353768680837
split_cifar10,adam,resnet18,3e-05,rms_random_layerwise,20,0.03,,0.9,0.999,full_coupled,frozen_boundary,5,0.8899279832839966,0.7185907046800413,1.061265261887952,0.5791737675666809,0.4693871000919163,0.6889604350414456,0.8903234839439392,0.7046608001976011,1.0759861676902773,0.5933197289705276,0.4825997924045294,0.7040396655365259,0.40789123997092247,0.3088814425156149,0.50690103742623,0.01474996348842974,0.01147082968430658,0.0180290972925529,0.48181462958455085,0.37264414639037985,0.5909851127787218
split_cifar10,adam,resnet18,3e-05,rms_random_layerwise,20,0.1,,0.9,0.999,full_coupled,time_varying,5,0.2274609338492155,0.18388992505568605,0.27103194264274494,0.967434611916542,0.9521061997739027,0.9827630240591814,0.1932891763746738,0.1552523648261832,0.2313259879231644,0.9766508609056472,0.9653156640289215,0.9879860577823729,0.47832931354641917,0.36392020036709816,0.5927384267257402,0.04773853640072043,0.03674619827556534,0.05873087452587551,0.4749739088118076,0.36550565911373256,0.5844421585098827
split_cifar10,adam,resnet18,0.0003,m,1,0.01,,0.9,0.999,full_coupled,frozen_boundary,5,0.00010860034235518222,2.5873796557708006e-05,0.00019132688815265642,1.0000000089406966,0.9999999572667654,1.000000060614628,5.428227614173631e-05,1.3000561456816075e-05,9.556399082665654e-05,0.9999999821186065,0.999999937945125,1.000000026292088,4.934372347593308,2.5308651658317247,7.337879529354891,0.049343723710626314,0.025308652267600384,0.07337879515365224,4.934372287988663,2.5308651212846223,7.337879454692704
split_cifar10,adam,resnet18,0.0003,m,1,0.01,,0.9,0.999,full_coupled,time_varying,5,0.00010860034235518222,2.5873796557708006e-05,0.00019132688815265642,1.0000000089406966,0.9999999572667654,1.000000060614628,5.428227614173631e-05,1.3000561456816075e-05,9.556399082665654e-05,0.9999999821186065,0.999999937945125,1.000000026292088,4.934372347593308,2.5308651658317247,7.337879529354891,0.049343723710626314,0.025308652267600384,0.07337879515365224,4.934372287988663,2.5308651212846223,7.337879454692704
split_cifar10,adam,resnet18,0.0003,m,5,0.01,,0.9,0.999,full_coupled,frozen_boundary,5,0.05515948645770545,0.030689400414554098,0.07962957250085681,0.9985562533140182,0.9972370477947246,0.9998754588333119,0.05302243875339622,0.02970657118997411,0.07633830631681833,0.9986859560012817,0.9975302596387039,0.9998416523638596,20.20697088241577,10.364319591987888,30.049622172843655,0.19859459176659583,0.10105089386839568,0.296138289664796,19.857715368270874,10.102566647410862,29.612864089130888
split_cifar10,adam,resnet18,0.0003,m,5,0.01,,0.9,0.999,full_coupled,time_varying,5,0.018179590953513923,0.007263745112186245,0.0290954367948416,0.9998034656047821,0.9995524469786483,1.0000544842309158,0.010828135954216075,0.0052855039536027874,0.016370767954829363,0.9999332666397095,0.9998615970390664,1.0000049362403525,19.85653500556946,10.101386154082341,29.611683857056576,0.19859459176659583,0.10105089386839568,0.296138289664796,19.857715368270874,10.102566647410862,29.612864089130888
split_cifar10,adam,resnet18,0.0003,m,10,0.01,,0.9,0.999,full_coupled,frozen_boundary,5,0.0808310184627771,0.0525381143561941,0.1091239225693601,0.9970068842172622,0.9949216459669903,0.9990921224675342,0.07776243742555376,0.05072353039607775,0.10480134445502978,0.9972688168287277,0.9954503800725261,0.9990872535849293,32.14521026611328,16.489366316933726,47.80105421529284,0.3135205000638962,0.15939608316704307,0.46764491696074934,31.346039056777954,15.93212623315337,46.75995188040254
split_cifar10,adam,resnet18,0.0003,m,10,0.01,,0.9,0.999,full_coupled,time_varying,5,0.026981584727764085,0.01343195464927286,0.04053121480625531,0.9995878070592881,0.9991442771850626,1.0000313369335134,0.01657890207134182,0.009836181192323091,0.02332162295036055,0.9998505592346192,0.9997227936015906,0.9999783248676478,31.341937732696532,15.928358028138616,46.75551743725445,0.3135205000638962,0.15939608316704307,0.46764491696074934,31.346039056777954,15.93212623315337,46.75995188040254
split_cifar10,adam,resnet18,0.0003,m,20,0.01,,0.9,0.999,full_coupled,frozen_boundary,5,0.3121047720313072,0.015324963049422102,0.6088845810131923,0.9471130698919297,0.8571639727502953,1.037062167033564,0.30983563885092735,0.012902624267019824,0.6067686534348349,0.9478599518537522,0.8587006592413411,1.0370192444661632,44.89117765426636,25.5808117941112,64.20154351442152,0.4212945759296417,0.21457165993275384,0.6280174919265296,42.10366420745849,21.426806791086516,62.78052162383047
split_cifar10,adam,resnet18,0.0003,m,20,0.01,,0.9,0.999,full_coupled,time_varying,5,0.05149404853582377,0.023741336988011594,0.07924676008363594,0.9984546720981597,0.9966155068442277,1.0002938373520918,0.034398568514734475,0.016395911906133234,0.05240122512333571,0.999285164475441,0.9984493724153146,1.0001209565355675,42.08146505355835,21.3988421089397,62.76408799817699,0.4212945759296417,0.21457165993275384,0.6280174919265296,42.10366420745849,21.426806791086516,62.78052162383047
split_cifar10,adam,resnet18,0.0003,rms_global,1,0.03,,0.9,0.999,full_coupled,frozen_boundary,5,0.010602449811994978,0.009153133911943811,0.012051765712046145,0.9999826669692993,0.9999751406929491,0.9999901932456494,0.00019107469415752002,0.0001831189174598726,0.00019903047085516743,0.9999999761581421,0.9999999099625324,1.0000000423537518,0.4907253086566925,0.4402127427538216,0.5412378745595634,0.014597269892692518,0.01306288470944154,0.016131655075943496,0.4907152712345123,0.44022512837851674,0.5412054140905078
split_cifar10,adam,resnet18,0.0003,rms_global,1,0.03,,0.9,0.999,full_coupled,time_varying,5,0.010602449811994978,0.009153133911943811,0.012051765712046145,0.9999826669692993,0.9999751406929491,0.9999901932456494,0.00019107469124714002,0.00018311891115211544,0.0001990304713421646,0.9999999761581421,0.9999999099625324,1.0000000423537518,0.4907253086566925,0.4402127427538216,0.5412378745595634,0.014597269892692518,0.01306288470944154,0.016131655075943496,0.4907152712345123,0.44022512837851674,0.5412054140905078
split_cifar10,adam,resnet18,0.0003,rms_global,5,0.1,,0.9,0.999,full_coupled,frozen_boundary,5,0.9514543533325195,0.8141955811403031,1.0887131255247358,0.4873971104621887,0.3167712707251715,0.6580229501992059,0.9442271590232849,0.8012863309405411,1.0871679871060287,0.4898510932922363,0.31274461529237385,0.6669575712920988,2.020824337005615,1.838862184448161,2.2027864895630693,0.22854807674884797,0.21387948200296128,0.24321667149473467,2.3124144077301025,2.1686187221882323,2.456210093271973
split_cifar10,adam,resnet18,0.0003,rms_global,5,0.1,,0.9,0.999,full_coupled,time_varying,5,0.3132507562637329,0.27515062987087574,0.35135088265659004,0.9562519669532776,0.9403316317480946,0.9721723021584606,0.2933917224407196,0.24352409014242254,0.34325935473901664,0.9603585481643677,0.9421873488590148,0.9785297474697207,2.435923957824707,2.347710727683884,2.52413718796553,0.22854807674884797,0.21387948200296128,0.24321667149473467,2.3124144077301025,2.1686187221882323,2.456210093271973
split_cifar10,adam,resnet18,0.0003,rms_global,10,0.001,,0.9,0.999,full_coupled,frozen_boundary,5,1.5415701866149902,1.214797926526511,1.8683424467034695,0.02141597648151216,-0.01018514110023435,0.05301709406325867,1.9124707937240601,1.4046698633473556,2.4202717241007647,0.0253275095485151,-0.025509294932853102,0.0761643140298833,12.288041877746583,8.95376961944005,15.622314136053115,0.01070395857095712,0.009027397583950554,0.012380519557963685,7.642612266540527,6.82256874956165,8.462655783519406
split_cifar10,adam,resnet18,0.0003,rms_global,10,0.1,,0.9,0.999,full_coupled,time_varying,5,0.43715614080429077,0.387590951861351,0.48672132974723054,0.9137539863586426,0.8815256034678884,0.9459823692493967,0.40166814923286437,0.36292506066835795,0.4404112377973708,0.927938437461853,0.905111647433635,0.950765227490071,4.1129491329193115,3.8978183242370816,4.328079941601541,0.38627501130104064,0.33056417173313213,0.44198585086894915,3.842784595489502,3.4114903201775237,4.27407887080148
split_cifar10,adam,resnet18,0.0003,rms_global,20,0.001,,0.9,0.999,full_coupled,frozen_boundary,5,54.75771427154541,19.73805086018799,89.77737768290282,-0.016268822725396582,-0.030899086464784127,-0.0016385589860090383,83.58401794433594,28.902120119786055,138.26591576888583,-0.020251136831939177,-0.04153336200124063,0.0010310883373622765,1139.8696716308593,528.5041026685828,1751.2352405931358,0.02209407389163968,0.017034846094429994,0.027153301688849368,15.004755210876464,10.890691999541438,19.11881842221149
split_cifar10,adam,resnet18,0.0003,rms_global,20,0.1,,0.9,0.999,full_coupled,time_varying,5,0.5850380063056946,0.4374870722152871,0.7325889403961021,0.8217470526695252,0.6737720356804832,0.9697220696585672,0.5385025799274444,0.46311094864839425,0.6138942112064947,0.8621190786361694,0.7986316934631439,0.925606463809195,6.53928279876709,4.634345287508966,8.444220310025214,0.7309822201728821,0.18986091593449628,1.2721035244112677,6.529107666015625,3.286659876515802,9.771555455515447
split_cifar10,adam,resnet18,0.0003,rms_layerwise,1,0.03,,0.9,0.999,full_coupled,frozen_boundary,5,0.010286713471370031,0.008906153621344342,0.01166727332139572,0.9999784384454999,0.9999711515635303,0.9999857253274695,0.0005005242365378715,0.0004312470062289961,0.0005698014668467468,0.9999996849468775,0.9999995063025587,0.9999998635911963,0.12914563075506258,0.12076445662923427,0.1375268048808909,0.0038448852389202314,0.003587988630597386,0.0041017818472430774,0.12914104422421324,0.12076454086127285,0.13751754758715365
split_cifar10,adam,resnet18,0.0003,rms_layerwise,1,0.03,,0.9,0.999,full_coupled,time_varying,5,0.010286713684243769,0.008906153927318602,0.011667273441168935,0.9999784333365305,0.9999711394436345,0.9999857272294265,0.0005005239704457057,0.0004312462741577815,0.0005698016667336299,0.9999996866498675,0.9999995076305077,0.9999998656692273,0.12914563075506258,0.12076445662923427,0.1375268048808909,0.0038448852389202314,0.003587988630597386,0.0041017818472430774,0.12914104422421324,0.12076454086127285,0.13751754758715365
split_cifar10,adam,resnet18,0.0003,rms_layerwise,5,0.001,,0.9,0.999,full_coupled,frozen_boundary,5,0.9692947319575719,0.9548151661402249,0.9837742977749189,0.17180264075951915,0.147714785502755,0.1958904960162833,0.9588761551039559,0.9298661266946903,0.9878861835132214,0.22535741302583898,0.19283636406626425,0.2578784619854137,0.7943597630996789,0.7152049696866222,0.8735145565127357,0.002606554262872206,0.002202491794398662,0.00301061673134575,1.6673436726842605,1.4428694666169926,1.8918178787515285
split_cifar10,adam,resnet18,0.0003,rms_layerwise,5,0.1,,0.9,0.999,full_coupled,time_varying,5,0.4971094052706446,0.4648480417105226,0.5293707688307667,0.7837553390434809,0.7579929215981254,0.8095177564888365,0.4218594029545784,0.3831975734608652,0.46052123244829163,0.8517672743116107,0.8264532816235731,0.8770812669996483,0.6789840952892389,0.6384108726785728,0.719557317899905,0.06887847586268821,0.06540039618814956,0.07235655553722685,0.6875690080757652,0.6534105394787868,0.7217274766727435
split_cifar10,adam,resnet18,0.0003,rms_layerwise,10,0.001,,0.9,0.999,full_coupled,frozen_boundary,5,1.2642742259161814,1.0915018835847587,1.4370465682476041,0.08371674344608823,0.06751978353047747,0.099913703361699,1.5138959850583755,1.2150950802999358,1.8126968898168152,0.1199400502065795,0.09607941700034206,0.14380068341281693,4.605719887518457,3.4375462626590476,5.773893512377866,0.006054197391495058,0.004760264321742431,0.007348130461247685,3.669795210020883,2.95544367417723,4.384146745864537
split_cifar10,adam,resnet18,0.0003,rms_layerwise,10,0.1,,0.9,0.999,full_coupled,time_varying,5,0.5690484195947647,0.5431720084609343,0.5949248307285951,0.7299684567110878,0.7062319802882345,0.753704933133941,0.5057588445288795,0.478490055988352,0.533027633069407,0.7979499731745039,0.774615798323814,0.8212841480251938,1.1620955092566354,1.1062081623557511,1.2179828561575197,0.12063841898260368,0.1155614114641255,0.12571542650108186,1.1912443968866553,1.1457908824816168,1.2366979112916938
split_cifar10,adam,resnet18,0.0003,rms_layerwise,20,0.001,,0.9,0.999,full_coupled,frozen_boundary,5,22.167661843981058,7.705579303681967,36.62974438428015,0.019127229716195848,0.011850132034995733,0.02640432739739596,38.522483972140726,15.274735943675697,61.77023200060576,0.032704422132727395,0.020510657442405694,0.044898186823049094,377.22348537445066,165.5233091749393,588.923661573962,0.01686867722975352,0.01402403818426256,0.01971331627524448,9.191869340624127,7.8401302058690785,10.543608475379175
split_cifar10,adam,resnet18,0.0003,rms_layerwise,20,0.1,,0.9,0.999,full_coupled,time_varying,5,0.6814999086516244,0.6583731347271268,0.7046266825761219,0.6322411032659667,0.6140394362113991,0.6504427703205343,0.632336061341422,0.6046103150850167,0.6600618075978272,0.69786961717265,0.6785618275444028,0.7171774068008971,1.679168423212,1.6048429210252542,1.753493925398746,0.1857622616259115,0.17543516482713636,0.19608935842468664,1.7966433857168471,1.7033819877109888,1.8899047837227054
split_cifar10,adam,resnet18,0.0003,rms_random_layerwise,1,0.1,,0.9,0.999,full_coupled,frozen_boundary,5,0.01610773629508907,0.012595384744232798,0.01962008784594534,0.9999189913272858,0.999893316728503,0.9999446659260686,0.0004399603771161701,0.0003873806628107751,0.0004925400914215651,0.9999998897314072,0.9999998491950405,0.9999999302677739,0.17523960582911963,0.14117651687170912,0.20930269478653013,0.01753398382570589,0.014048574070381077,0.0210193935810307,0.17521861642599104,0.14116331393297404,0.20927391891900804
split_cifar10,adam,resnet18,0.0003,rms_random_layerwise,1,0.1,,0.9,0.999,full_coupled,time_varying,5,0.01610773629508907,0.012595384744232798,0.01962008784594534,0.9999189913272858,0.999893316728503,0.9999446659260686,0.0004399603727506,0.0003873806576107466,0.0004925400878904533,0.9999998897314072,0.9999998491950405,0.9999999302677739,0.17523960582911963,0.14117651687170912,0.20930269478653013,0.01753398382570589,0.014048574070381077,0.0210193935810307,0.17521861642599104,0.14116331393297404,0.20927391891900804
split_cifar10,adam,resnet18,0.0003,rms_random_layerwise,5,0.1,,0.9,0.999,full_coupled,frozen_boundary,5,0.7880879521369935,0.5321241134165615,1.0440517908574254,0.7265243500471115,0.6029184801596973,0.8501302199345256,0.78532674908638,0.5215266415589659,1.0491268566137941,0.7351468592882157,0.6113344318110489,0.8589592867653825,0.9796732768416405,0.744639281360048,1.214707272323233,0.09327625930309291,0.07396872264043056,0.11258379596575527,0.9241864934563637,0.7344574605037988,1.1139155264089287
split_cifar10,adam,resnet18,0.0003,rms_random_layerwise,5,0.1,,0.9,0.999,full_coupled,time_varying,5,0.2517146721482277,0.20222032324031544,0.3012090210561399,0.9594468116760254,0.942305508600204,0.9765881147518468,0.2072524424642324,0.16228485120803238,0.25222003372043245,0.9720910966396332,0.9588506696074617,0.9853315236718048,0.9209867030382156,0.7198288476478248,1.1221445584286065,0.09327625930309291,0.07396872264043056,0.11258379596575527,0.9241864934563637,0.7344574605037988,1.1139155264089287
split_cifar10,adam,resnet18,0.0003,rms_random_layerwise,10,0.001,,0.9,0.999,full_coupled,frozen_boundary,5,1.2641613841056825,0.9506788385412757,1.5776439296700893,0.11289884131401773,0.08139721048820615,0.14440047213982932,1.5724677622318268,0.9672908722471133,2.1776446522165402,0.1847327746450901,0.13421166177347466,0.23525388751670556,5.209398531913758,2.6269008924436292,7.791896171383886,0.006461974582634819,0.005127149520641591,0.007796799644628048,3.9075310707092283,3.180828298093018,4.634233843325439
split_cifar10,adam,resnet18,0.0003,rms_random_layerwise,10,0.1,,0.9,0.999,full_coupled,time_varying,5,0.33656742200255396,0.2931007392300554,0.3800341047750525,0.9315928786993026,0.9110054173586131,0.9521803400399922,0.2846242249011993,0.24280665836472443,0.3264417914376742,0.9512387096881867,0.9340931689999913,0.9683842503763821,1.5453150898218155,1.1997449903694128,1.8908851892742182,0.15845158919692037,0.1249318036328358,0.19197137476100495,1.5593795984983445,1.2322087799191344,1.8865504170775547
split_cifar10,adam,resnet18,0.0003,rms_random_layerwise,20,0.001,,0.9,0.999,full_coupled,frozen_boundary,5,32.679165315628055,-12.907105700491499,78.26543633174761,0.024245880160015033,0.011718551927435195,0.036773208392594875,58.486428785324094,-21.46400177662923,138.43685934727742,0.041650732565904,0.022706226435901377,0.06059523869590662,513.5490211486816,-180.42307334340603,1207.5211156407693,0.016404746565967746,0.01466789327173939,0.018141599860196103,9.082408165931701,7.943467082892809,10.221349248970593
split_cifar10,adam,resnet18,0.0003,rms_random_layerwise,20,0.1,,0.9,0.999,full_coupled,time_varying,5,0.4724974051117897,0.4150829702121168,0.5299118400114626,0.8695203602313996,0.832980260768844,0.9060604596939551,0.41211315616965294,0.34975516744712265,0.4744711448921832,0.9021228373050689,0.86953720074394,0.9347084738661978,2.185905060172081,1.6927158633035329,2.6790942570406293,0.23563079200685025,0.18667154355639548,0.284590040457305,2.283842292428017,1.8111190794980623,2.7565655053579716
split_cifar10,adam,smallcnn,3e-05,m,1,0.01,,0.9,0.999,full_coupled,frozen_boundary,5,3.340780203586746e-07,2.4836754675304356e-07,4.197884939643057e-07,1.0000000208616258,0.9999999675572026,1.0000000741660489,1.9007960077033205e-07,1.4697878281796594e-07,2.3318041872269815e-07,0.9999999940395355,0.9999999729437414,1.0000000151353297,164.88936233520508,103.33979334085788,226.43893132955228,1.6488935708999635,1.0333979180652277,2.264389223734699,164.88935775756835,103.33979262749129,226.4389228876454
split_cifar10,adam,smallcnn,3e-05,m,1,0.01,,0.9,0.999,full_coupled,time_varying,5,3.340780203586746e-07,2.4836754675304356e-07,4.197884939643057e-07,1.0000000208616258,0.9999999675572026,1.0000000741660489,1.9007960148087477e-07,1.4697878271047846e-07,2.3318042025127107e-07,0.9999999940395355,0.9999999729437414,1.0000000151353297,164.88936233520508,103.33979334085788,226.43893132955228,1.6488935708999635,1.0333979180652277,2.264389223734699,164.88935775756835,103.33979262749129,226.4389228876454
split_cifar10,adam,smallcnn,3e-05,m,5,0.0003,,0.9,0.999,full_coupled,frozen_boundary,5,0.022389953333185945,-0.004753745909338716,0.0495336525757106,0.9993943959474564,0.998294427498473,1.0004943643964397,0.022408207770786195,-0.0028421237760236813,0.047658539317596074,0.9994154512882233,0.9983744363605318,1.0004564662159148,675.2384796142578,423.1866528498415,927.2903063786741,0.2021557241678238,0.12697649149278473,0.27733495684286286,673.8325408935547,423.1498142185802,924.5152675685291
split_cifar10,adam,smallcnn,3e-05,m,5,3e-05,,0.9,0.999,full_coupled,time_varying,5,0.0001834169597713924,1.75551042624988e-05,0.000349278815280286,0.9999999821186065,0.9999998626394276,1.0000001015977853,9.167088683169828e-05,3.8137407581761253e-05,0.00014520436608163532,1.0000000238418578,0.9999999526623371,1.0000000950213785,673.9320587158203,422.87716453592645,924.9869528957141,0.020217881817370612,0.01268615208016499,0.027749611554576233,673.9323944091797,422.8782026079212,924.9865862104382
split_cifar10,adam,smallcnn,3e-05,m,10,0.0003,,0.9,0.999,full_coupled,frozen_boundary,5,0.034273223357740745,-0.003926390678285603,0.07247283739376709,0.9988569676876068,0.9969822028517672,1.0007317325234464,0.032993186521343844,-0.0023969801088932693,0.06838335315158095,0.998963651061058,0.9972869978004829,1.000640304321633,1073.9604797363281,673.073459393225,1474.8475000794313,0.3211263433098793,0.20198755606836233,0.4402651305513963,1070.4407989501954,673.3161837746898,1467.565414125701
split_cifar10,adam,smallcnn,3e-05,m,10,0.0001,,0.9,0.999,full_coupled,time_varying,5,0.005887459530640593,-0.001939034138445591,0.013713953199726778,0.999916884303093,0.999745825774789,1.000087942831397,0.003945375934745208,-0.0015439176592662905,0.009434669528756708,0.9999732911586762,0.9999214788031376,1.0000251035142147,1070.8597930908204,672.9259207942606,1468.7936653873803,0.10705711431801315,0.06727652946367975,0.14683769917234657,1070.6477783203125,672.9546088942129,1468.340947746412
split_cifar10,adam,smallcnn,3e-05,m,20,0.0003,,0.9,0.999,full_coupled,frozen_boundary,5,0.04374522757716474,-0.0021323087035879304,0.0896227638579174,0.9983261466026306,0.9957638890038036,1.0008884042014576,0.04221344406250859,-0.0007425157156909085,0.08516940384070809,0.9984895259141922,0.9962223737865921,1.0007566780417922,1448.4306518554688,907.7549197735282,1989.1063839374094,0.43248218595981597,0.27288892538730525,0.5920754465323267,1441.2705322265624,909.7729620174184,1972.7681024357064
split_cifar10,adam,smallcnn,3e-05,m,20,0.0001,,0.9,0.999,full_coupled,time_varying,5,0.011365835824835776,-0.0012886105953752655,0.024020282245046817,0.9998173892498017,0.9995251029612325,1.0001096755383707,0.007059856420892126,-0.0007630562430155545,0.014882769084799807,0.9999428123235703,0.9998507435676016,1.000034881079539,1442.1922607421875,909.6303829740119,1974.7541385103632,0.1441973637789487,0.09092154472556668,0.19747318283233073,1441.9464233398437,909.5307386589009,1974.3621080207865
split_cifar10,adam,smallcnn,3e-05,rms_global,1,0.1,,0.9,0.999,full_coupled,frozen_boundary,5,0.0407185889780521,0.03704621015879002,0.044390967797314176,0.9999014496803283,0.999863383262003,0.9999395160986537,0.0014717829879372598,0.0012618991637175477,0.001681666812156972,0.9999990582466125,0.9999986687317104,0.9999994477615146,0.00412902818061406,0.003626899230236613,0.004631157130991507,0.00039781332015986006,0.00034872729837419667,0.00044689934194552344,0.00413054749369616,0.003629125254592226,0.004631969732800095
split_cifar10,adam,smallcnn,3e-05,rms_global,1,0.1,,0.9,0.999,full_coupled,time_varying,5,0.0407185889780521,0.03704621015879002,0.044390967797314176,0.9999014496803283,0.999863383262003,0.9999395160986537,0.00147178301122032,0.0012618992350729211,0.0016816667873677188,0.9999990582466125,0.9999986687317104,0.9999994477615146,0.00412902818061406,0.003626899230236613,0.004631157130991507,0.00039781332015986006,0.00034872729837419667,0.00044689934194552344,0.00413054749369616,0.003629125254592226,0.004631969732800095
split_cifar10,adam,smallcnn,3e-05,rms_global,5,0.1,,0.9,0.999,full_coupled,frozen_boundary,5,0.5328182399272918,0.49650264445022013,0.5691338354043635,0.8833745360374451,0.8541032010208776,0.9126458710540126,0.5395666003227234,0.5037497983145811,0.5753834023308657,0.8827661037445068,0.8540319961296682,0.9115002113593454,0.02020977698266502,0.017897611902426967,0.022521942062903075,0.0032135524321346793,0.0028378382990234567,0.003589266565245902,0.03278522901237008,0.02911919135726514,0.03645126666747503
split_cifar10,adam,smallcnn,3e-05,rms_global,5,0.1,,0.9,0.999,full_coupled,time_varying,5,0.041015520691871615,0.030935387845540605,0.051095653538202626,0.999406361579895,0.9990715020549423,0.9997412211048478,0.02478236947208638,0.010878331589234957,0.0386864073549378,0.9996449947357178,0.9992790222484115,1.0000109672230242,0.03284453079104418,0.029157010733628946,0.03653205084845941,0.0032135524321346793,0.0028378382990234567,0.003589266565245902,0.03278522901237008,0.02911919135726514,0.03645126666747503
split_cifar10,adam,smallcnn,3e-05,rms_global,10,0.1,,0.9,0.999,full_coupled,frozen_boundary,5,0.6687378048896789,0.6334732497735098,0.704002360005848,0.8032845020294189,0.7619320334166108,0.8446369706422271,0.6725271701812744,0.6371971486045216,0.7078571917580272,0.8014187335968017,0.7608190419739521,0.8420184252196513,0.03848339617252348,0.03470811665651367,0.04225867568853329,0.007726183719932981,0.007050540048121853,0.008401827391744108,0.07809959352016445,0.07169929300978677,0.08449989403054213
split_cifar10,adam,smallcnn,3e-05,rms_global,10,0.1,,0.9,0.999,full_coupled,time_varying,5,0.05923919454216954,0.042167091066941435,0.07631129801739764,0.9983574509620666,0.9974570737546601,0.9992578281694732,0.04466705098748202,0.030823538269657853,0.05851056370530619,0.9989789724349976,0.9984041488379959,0.9995537960319992,0.07856328636407847,0.07212429749163304,0.0850022752365239,0.007726183719932981,0.007050540048121853,0.008401827391744108,0.07809959352016445,0.07169929300978677,0.08449989403054213
split_cifar10,adam,smallcnn,3e-05,rms_global,20,0.1,,0.9,0.999,full_coupled,frozen_boundary,5,0.7529599666595459,0.7212577267528111,0.7846622065662807,0.707846713066101,0.6576511887060803,0.7580422374261218,0.7540686726570129,0.7216264853731292,0.7865108599408966,0.7057239294052124,0.6555208210754867,0.7559270377349382,0.06905929744243616,0.06374297498822967,0.07437561989664265,0.01546627096831792,0.014468543276232109,0.016463998660403732,0.1545974254608154,0.14561077074754508,0.1635840801740857
split_cifar10,adam,smallcnn,3e-05,rms_global,20,0.1,,0.9,0.999,full_coupled,time_varying,5,0.11857374459505077,0.05567526665963901,0.18147222253046252,0.9923613905906677,0.9834918486369671,1.0012309325443685,0.09503232389688486,0.06763741830282258,0.12242722949094714,0.9956498622894288,0.9932402244735868,0.9980595001052707,0.15791587233543397,0.14933713194834383,0.1664946127225241,0.01546627096831792,0.014468543276232109,0.016463998660403732,0.1545974254608154,0.14561077074754508,0.1635840801740857
split_cifar10,adam,smallcnn,3e-05,rms_layerwise,1,0.1,,0.9,0.999,full_coupled,frozen_boundary,5,0.041580351473142665,0.03851309914640379,0.044647603799881544,0.9998978018760681,0.9998711762106092,0.9999244275415271,0.00173238093460284,0.0015407294328823333,0.0019240324363233466,0.9999984572331112,0.9999974280825916,0.9999994863836308,0.0007406268606776382,0.0006590746319745891,0.0008221790893806872,7.14098704472921e-05,6.334655586447385e-05,7.947318503011036e-05,0.0007408688586413534,0.0006595013948575246,0.0008222363224251823
split_cifar10,adam,smallcnn,3e-05,rms_layerwise,1,0.1,,0.9,0.999,full_coupled,time_varying,5,0.04158035103852546,0.03851309819491024,0.04464760388214068,0.9998978048563003,0.9998711742740418,0.9999244354385588,0.0017323811092258216,0.0015407296572216048,0.0019240325612300384,0.9999984542528788,0.9999974247623872,0.9999994837433704,0.0007406268606776381,0.0006590746327989384,0.0008221790885563377,7.14098704472921e-05,6.334655586447385e-05,7.947318503011036e-05,0.0007408688586413534,0.0006595013948575246,0.0008222363224251823
split_cifar10,adam,smallcnn,3e-05,rms_layerwise,5,0.1,,0.9,0.999,full_coupled,frozen_boundary,5,0.5679437845945359,0.5203302635198939,0.6155573056691779,0.8602386196454367,0.8169786326670422,0.9034986066238312,0.5666278441747029,0.5221001709349213,0.6111555174144845,0.8673087301353612,0.8244639089271589,0.9101535513435636,0.0036886487854341067,0.003282928121347578,0.004094369449520636,0.0005908400371329726,0.0005258254633226352,0.00065585461094331,0.006017753457611694,0.005388387015584769,0.006647119899638619
split_cifar10,adam,smallcnn,3e-05,rms_layerwise,5,0.1,,0.9,0.999,full_coupled,time_varying,5,0.09696724244082963,0.05701657538191352,0.13691790949974575,0.9839475159843764,0.9575606030592189,1.010334428909534,0.056464905765217996,0.025269709889793348,0.08766010164064264,0.9923823108275732,0.9773171739081243,1.007447447747022,0.006012792164377321,0.0053797816200235864,0.006645802708731056,0.0005908400371329726,0.0005258254633226352,0.00065585461094331,0.006017753457611694,0.005388387015584769,0.006647119899638619
split_cifar10,adam,smallcnn,3e-05,rms_layerwise,10,0.1,,0.9,0.999,full_coupled,frozen_boundary,5,0.6915662288665771,0.6477991797126491,0.7353332780205052,0.7792675168253482,0.7073033058149313,0.8512317278357652,0.6874789168437322,0.6353561889310305,0.7396016447564339,0.788598273601383,0.708655806196498,0.868540741006268,0.00733900763558869,0.006528141218842303,0.008149874052335077,0.001465912207428679,0.0013327794108562356,0.0015990450040011225,0.01478516879894107,0.01354402568736302,0.01602631191051912
split_cifar10,adam,smallcnn,3e-05,rms_layerwise,10,0.1,,0.9,0.999,full_coupled,time_varying,5,0.14970205711821713,0.11519178214440555,0.1842123320920287,0.9738522499799729,0.9569827239735595,0.9907217759863862,0.083533852151595,0.058135471087133364,0.10893223321605665,0.991957167784373,0.9828216905474182,1.0010926450213278,0.01479278220516179,0.013543608966884701,0.016041955443438876,0.001465912207428679,0.0013327794108562356,0.0015990450040011225,0.01478516879894107,0.01354402568736302,0.01602631191051912
split_cifar10,adam,smallcnn,3e-05,rms_layerwise,20,0.1,,0.9,0.999,full_coupled,frozen_boundary,5,0.7608687112728754,0.7274517213081996,0.7942857012375512,0.6880096020797888,0.6102073745631786,0.7658118295963989,0.7504965851704279,0.706470416914645,0.7945227534262109,0.7060684499641259,0.6119703422591412,0.8001665576691106,0.014727290880424895,0.012997216598151808,0.01645736516269798,0.0032056193549881594,0.002962552451990463,0.0034486862579858556,0.031880409976535344,0.029933440416776855,0.03382737953629383
split_cifar10,adam,smallcnn,3e-05,rms_layerwise,20,0.1,,0.9,0.999,full_coupled,time_varying,5,0.22716149042050038,0.12394625524313724,0.3303767255978635,0.9464243687689304,0.894957086637875,0.9978916508999859,0.14789710162828365,0.07190078918231252,0.22389341407425478,0.9783525139093399,0.9521692271978638,1.0045358006208158,0.031886567806213816,0.030021752148029823,0.03375138346439781,0.0032056193549881594,0.002962552451990463,0.0034486862579858556,0.031880409976535344,0.029933440416776855,0.03382737953629383
split_cifar10,adam,smallcnn,3e-05,rms_random_layerwise,1,0.1,,0.9,0.999,full_coupled,frozen_boundary,5,0.01736644189804787,0.015199785618571807,0.019533098177523932,0.9999214887619019,0.9999024733267832,0.9999405041970206,0.002170240943087225,0.001872753814996665,0.0024677280711777848,0.9999974876642227,0.9999967906184413,0.9999981847100041,0.001255246225628015,0.0010983251368683047,0.0014121673143877253,0.00012605988413267845,0.0001102118704523629,0.000141907897812994,0.0012553421605843653,0.0010984022222199283,0.0014122820989488022
split_cifar10,adam,smallcnn,3e-05,rms_random_layerwise,1,0.1,,0.9,0.999,full_coupled,time_varying,5,0.01736644203774626,0.015199785640930639,0.019533098434561882,0.9999214887619019,0.9999024733267832,0.9999405041970206,0.002170240925624925,0.0018727537900059162,0.002467728061243934,0.9999974876642227,0.9999967906184413,0.9999981847100041,0.001255246225628015,0.0010983251368683047,0.0014121673143877253,0.00012605988413267845,0.0001102118704523629,0.000141907897812994,0.0012553421605843653,0.0010984022222199283,0.0014122820989488022
split_cifar10,adam,smallcnn,3e-05,rms_random_layerwise,5,0.1,,0.9,0.999,full_coupled,frozen_boundary,5,0.5336420744657516,0.5044522360947301,0.5628319128367731,0.8904472440481186,0.8544169719824498,0.9264775161137874,0.5320079177618027,0.5014649535835433,0.5625508819400621,0.8912716060876846,0.8550840412250222,0.927459170950347,0.006254989770241035,0.005476992162867833,0.007032987377614237,0.00102149622398424,0.0008735263692849244,0.0011694660786835556,0.010187085415236599,0.008704579375518813,0.011669591454954385
split_cifar10,adam,smallcnn,3e-05,rms_random_layerwise,5,0.1,,0.9,0.999,full_coupled,time_varying,5,0.03980451812967654,0.023222194511983426,0.056386841747369645,0.9987848430871964,0.9974574265762318,1.000112259598161,0.022311393450945564,0.013786353612202271,0.03083643328968886,0.9996376067399979,0.9992822794359902,0.9999929340440056,0.01018855222500856,0.00870353278280143,0.011673571667215691,0.00102149622398424,0.0008735263692849244,0.0011694660786835556,0.010187085415236599,0.008704579375518813,0.011669591454954385
split_cifar10,adam,smallcnn,3e-05,rms_random_layerwise,10,0.1,,0.9,0.999,full_coupled,frozen_boundary,5,0.6651323139667511,0.6222007640369609,0.7080638638965413,0.8110565751791,0.7464093379798933,0.8757038123783067,0.6634259402751923,0.619449745413452,0.7074021351369326,0.8127716034650803,0.747128825117225,0.8784143818129355,0.012449458870105406,0.010919426898592568,0.013979490841618245,0.0025211639527696595,0.002195173692443426,0.002847154213095893,0.025157416332513043,0.02188020194713899,0.028434630717887096
split_cifar10,adam,smallcnn,3e-05,rms_random_layerwise,10,0.1,,0.9,0.999,full_coupled,time_varying,5,0.06261636344715948,0.03355814737840804,0.09167457951591093,0.9974507421255112,0.9954320690872411,0.9994694151637813,0.04247627067379649,0.02470654501896598,0.060245996328627,0.9989101976156235,0.9981616625770853,0.9996587326541617,0.025164663325995158,0.021884005441428437,0.02844532121056188,0.0025211639527696595,0.002195173692443426,0.002847154213095893,0.025157416332513043,0.02188020194713899,0.028434630717887096
split_cifar10,adam,smallcnn,3e-05,rms_random_layerwise,20,0.1,,0.9,0.999,full_coupled,frozen_boundary,5,0.7248630434274673,0.6700856282025743,0.7796404586523603,0.7451046198606491,0.6587850099944883,0.83142422972681,0.7220061242580413,0.6637336845266673,0.7802785639894154,0.7482852935791016,0.6582671392131543,0.8383034479450489,0.024837858509272302,0.02185329664002165,0.027822420378522953,0.005433657532557791,0.0047775662124341315,0.0060897488526814505,0.05415860433131452,0.04755146907833136,0.06076573958429767
split_cifar10,adam,smallcnn,3e-05,rms_random_layerwise,20,0.1,,0.9,0.999,full_coupled,time_varying,5,0.10287847435101863,0.05035031620859093,0.15540663249344633,0.993299663066864,0.9868371514079567,0.9997621747257713,0.07457591202110048,0.048450307191690495,0.10070151685051046,0.9967408686876297,0.9947896789973917,0.9986920583778677,0.05423912052065131,0.04757963280451848,0.060898608236784134,0.005433657532557791,0.0047775662124341315,0.0060897488526814505,0.05415860433131452,0.04755146907833136,0.06076573958429767
split_cifar10,adam,smallcnn,0.0003,m,1,0.01,,0.9,0.999,full_coupled,frozen_boundary,5,8.18937540003617e-08,7.882618662932726e-08,8.496132137139613e-08,0.9999999940395355,0.9999999440492483,1.0000000440298227,7.768888607984081e-08,7.681108756940275e-08,7.856668459027886e-08,1.0000000089406966,0.9999999779805351,1.0000000399008582,1648.1921630859374,1032.9384718214828,2263.445854350392,16.481921243667603,10.329384417365267,22.634458069969938,1648.1921142578126,1032.9384765787413,2263.445751936884
split_cifar10,adam,smallcnn,0.0003,m,1,0.01,,0.9,0.999,full_coupled,time_varying,5,8.18937540003617e-08,7.882618662932726e-08,8.496132137139613e-08,0.9999999940395355,0.9999999440492483,1.0000000440298227,7.768888607984081e-08,7.681108756940275e-08,7.856668459027886e-08,1.0000000089406966,0.9999999779805351,1.0000000399008582,1648.1921630859374,1032.9384718214828,2263.445854350392,16.481921243667603,10.329384417365267,22.634458069969938,1648.1921142578126,1032.9384765787413,2263.445751936884
split_cifar10,adam,smallcnn,0.0003,m,5,0.0001,,0.9,0.999,full_coupled,frozen_boundary,5,0.025746038393117444,0.0019276345592165942,0.04956444222701829,0.999447175860405,0.9986778833016705,1.0002164684191395,0.025182384485378816,0.0031414799272114075,0.047223289043546224,0.9995135366916656,0.99888719435654,1.0001398790267912,6749.516015625,4229.947734731121,9269.084296518879,0.6731498152017593,0.4246994592203479,0.9216001711831707,6727.159838867187,4242.350734670191,9211.968943064185
split_cifar10,adam,smallcnn,0.0003,m,5,1e-06,,0.9,0.999,full_coupled,time_varying,5,0.00547429696016476,0.0006926682034328231,0.010255925716896697,0.999957698583603,0.999876777923474,1.000038619243732,0.00553899013902987,-0.003932843055120828,0.015010823333180568,0.9999375134706497,0.9997742909978644,1.000100735943435,6730.968823242188,4241.237824656311,9220.699821828064,0.00673148946370924,0.00424065432308841,0.009222324604330069,6731.49091796875,4240.45797838786,9222.52385754964
split_cifar10,adam,smallcnn,0.0003,m,10,0.0001,,0.9,0.999,full_coupled,frozen_boundary,5,0.06848286297172304,0.04031056100737769,0.09665516493606839,0.9973914533853531,0.9954781583536627,0.9993047484170434,0.061691747792065085,0.033874508824813104,0.08950898675931707,0.9979602724313736,0.9962674181844497,0.9996531266782975,10735.2044921875,6727.398479460928,14743.010504914073,1.0608290821313857,0.6737265238461716,1.4479316404165998,10587.256103515625,6725.210315630294,14449.301891400955
split_cifar10,adam,smallcnn,0.0003,m,10,3e-05,,0.9,0.999,full_coupled,time_varying,5,0.05386575064621861,0.023212992869582467,0.08451850842285476,0.9980136305093765,0.995964706451891,1.0000625545668622,0.03769576610065993,0.0167944420071792,0.05859709019414066,0.9991259664297104,0.9983036477636571,0.9999482850957637,10639.7716796875,6750.51659926343,14529.026760111568,0.31967557668685914,0.20296172634944057,0.43638942702427774,10642.037646484376,6750.285011440443,14533.790281528309
split_cifar10,adam,smallcnn,0.0003,m,20,0.0001,,0.9,0.999,full_coupled,frozen_boundary,5,0.17331196218729014,0.13678314814479306,0.20984077622978722,0.9851890474557876,0.9797129220569162,0.990665172854659,0.14778252504765985,0.12439966201368002,0.17116538808163967,0.9895986557006836,0.9865472189182379,0.9926500924831293,14501.285205078126,9082.32125158159,19920.24915857466,1.404950487613678,0.8920132266595053,1.9178877485678507,13986.809033203124,8875.941312398238,19097.67675400801
split_cifar10,adam,smallcnn,0.0003,m,20,0.0001,,0.9,0.999,full_coupled,time_varying,5,0.14874085225164885,0.11864337446071464,0.17883833004258304,0.9886763542890549,0.9841329918099446,0.9932197167681651,0.11181574426591394,0.07951738760660662,0.14411410092522126,0.9934193670749665,0.9897018486767822,0.9971368854731507,14156.135791015626,8948.872416630831,19363.39916540042,1.404950487613678,0.8920132266595053,1.9178877485678507,13986.809033203124,8875.941312398238,19097.67675400801
split_cifar10,adam,smallcnn,0.0003,rms_global,1,0.03,,0.9,0.999,full_coupled,frozen_boundary,5,0.0120979273691773,0.010894928681888101,0.013300926056466498,0.9999903202056885,0.9999870089361376,0.9999936314752393,0.00037862361350556007,0.00011950476526647284,0.0006377424617446472,0.9999999165534973,0.9999997544080302,1.0000000786989642,0.0408277884125709,0.035834377781646505,0.04582119904349529,0.0012112947879358601,0.0010621719841537808,0.0013604175917179395,0.040829144418239545,0.035836651728980866,0.045821637107498224
split_cifar10,adam,smallcnn,0.0003,rms_global,1,0.03,,0.9,0.999,full_coupled,time_varying,5,0.01209792755544182,0.01089492890810727,0.013300926202776371,0.9999903202056885,0.9999870089361376,0.9999936314752393,0.00037862359604327997,0.00011950479529760131,0.0006377423967889586,0.9999999165534973,0.9999997544080302,1.0000000786989642,0.0408277884125709,0.035834377781646505,0.04582119904349529,0.0012112947879358601,0.0010621719841537808,0.0013604175917179395,0.040829144418239545,0.035836651728980866,0.045821637107498224
split_cifar10,adam,smallcnn,0.0003,rms_global,5,0.1,,0.9,0.999,full_coupled,frozen_boundary,5,0.5401702582836151,0.5042073327790244,0.5761331837882058,0.8696171283721924,0.8346870946533855,0.9045471620909993,0.5412097930908203,0.4998052255776932,0.5826143606039473,0.8723284363746643,0.8364847403770089,0.9081721323723196,0.17660766243934628,0.16343905529265892,0.18977626958603364,0.02709971293807026,0.02429054625726445,0.029908879618876068,0.2758766621351242,0.2498953538593601,0.30185797041088824
split_cifar10,adam,smallcnn,0.0003,rms_global,5,0.1,,0.9,0.999,full_coupled,time_varying,5,0.14941461831331249,0.09164376182738697,0.207185474799238,0.9889692664146423,0.9813995026397998,0.9965390301894849,0.1388256967067718,0.07413150026637057,0.20351989314717306,0.9895908117294312,0.9805372850435191,0.9986443384153433,0.2801526337862015,0.25193341894930404,0.3083718486230989,0.02709971293807026,0.02429054625726445,0.029908879618876068,0.2758766621351242,0.2498953538593601,0.30185797041088824
split_cifar10,adam,smallcnn,0.0003,rms_global,10,0.1,,0.9,0.999,full_coupled,frozen_boundary,5,0.8258072018623352,0.7812712369836636,0.8703431667410069,0.5726109504699707,0.5151400168445079,0.6300818840954334,0.8172887802124024,0.7758309546059999,0.8587466058188048,0.5851581692695618,0.5342421348594215,0.636074203679702,0.32041409611701965,0.2735519058656234,0.3672762863684159,0.050542248785495715,0.04606289583547273,0.0550216017355187,0.4999042212963104,0.4639670764876129,0.535841366105008
split_cifar10,adam,smallcnn,0.0003,rms_global,10,0.1,,0.9,0.999,full_coupled,time_varying,5,0.37700803577899933,0.24474817548493036,0.5092678960730683,0.9282599568367005,0.8826139304642119,0.9739059832091891,0.3355558753013611,0.23180239042890732,0.4393093601738149,0.9454224348068238,0.9177279355172433,0.9731169340964042,0.5253964066505432,0.4853098633160319,0.5654829499850546,0.050542248785495715,0.04606289583547273,0.0550216017355187,0.4999042212963104,0.4639670764876129,0.535841366105008
split_cifar10,adam,smallcnn,0.0003,rms_global,20,0.003,,0.9,0.999,full_coupled,frozen_boundary,5,1.0606528520584106,0.9444207001598487,1.1768850039569725,0.01360732596367594,-0.020197096921548995,0.04741174884890088,1.0792390346527099,0.9935864088753468,1.164891660430073,0.029637980781262695,-0.017184342968674278,0.07646030453119967,1.5598645329475402,0.041098995661694726,3.0786300702333858,0.016746509820222803,0.006656177084408453,0.026836842556037153,3.658183145523071,1.6401191300924811,5.676247160953661
split_cifar10,adam,smallcnn,0.0003,rms_global,20,0.1,,0.9,0.999,full_coupled,time_varying,5,0.7811649918556214,0.6709517950540536,0.8913781886571892,0.6492032051086426,0.5176814362471287,0.7807249739701565,0.7013653635978698,0.5886542307977071,0.8140764963980326,0.7501623034477234,0.662110121826344,0.8382144850691028,0.8250488400459289,0.7922355075528997,0.8578621725389581,0.09713782668113706,0.08011520100437695,0.11416045235789717,0.8276885628700257,0.7613265911475908,0.8940505345924605
split_cifar10,adam,smallcnn,0.0003,rms_layerwise,1,0.03,,0.9,0.999,full_coupled,frozen_boundary,5,0.012209942735110673,0.011084050212937065,0.013335835257284281,0.9999909410874048,0.9999874657867027,0.9999944163881069,0.0004638011858332433,0.0003708073113466005,0.000556795060319886,0.9999998092651368,0.9999996643243987,0.9999999542058748,0.007336054206219416,0.006682657937726013,0.00798945047471282,0.00021763909563028098,0.0001981346176521389,0.00023714357360842306,0.007336302990006467,0.0066830056270106245,0.00798960035300231
split_cifar10,adam,smallcnn,0.0003,rms_layerwise,1,0.03,,0.9,0.999,full_coupled,time_varying,5,0.012209943355992393,0.011084050570968949,0.013335836141015836,0.9999909420808155,0.9999874648619942,0.9999944192996368,0.0004638010490452416,0.00037080731914096725,0.000556794778949516,0.9999998052914938,0.999999663749729,0.9999999468332585,0.0073360542139804365,0.006682657950528303,0.007989450477432571,0.00021763909563028098,0.0001981346176521389,0.00023714357360842306,0.007336302990006467,0.0066830056270106245,0.00798960035300231
split_cifar10,adam,smallcnn,0.0003,rms_layerwise,5,0.1,,0.9,0.999,full_coupled,frozen_boundary,5,0.5918502514561018,0.5036572155802478,0.6800432873319558,0.8359613801042238,0.7741690717250047,0.897753688483443,0.5671712319056192,0.4698686866285823,0.6644737771826562,0.8536895816524824,0.7868409914787794,0.9205381718261855,0.03655408211585983,0.03325238366717202,0.03985578056454764,0.005624758861752787,0.004880833282121418,0.006368684441384156,0.05635437091696072,0.050236911760811215,0.06247183007311022
split_cifar10,adam,smallcnn,0.0003,rms_layerwise,5,0.1,,0.9,0.999,full_coupled,time_varying,5,0.2552361897503336,0.20318990347052723,0.3072824760301399,0.951175711552302,0.9307928109780658,0.9715586121265382,0.17470538358514504,0.1151771965232922,0.23423357064699787,0.9707397609949112,0.9420612093141374,0.999418312675685,0.055884552239634365,0.050165238592929345,0.061603865886339385,0.005624758861752787,0.004880833282121418,0.006368684441384156,0.05635437091696072,0.050236911760811215,0.06247183007311022
split_cifar10,adam,smallcnn,0.0003,rms_layerwise,10,0.1,,0.9,0.999,full_coupled,frozen_boundary,5,0.7859091093142827,0.7226635737904112,0.8491546448381542,0.6060170029600461,0.5210535978107632,0.690980408109329,0.7465888917446137,0.6681325607073051,0.8250452227819224,0.668211254477501,0.5709446125008958,0.7654778964541061,0.08014538270751166,0.07041162323401595,0.08987914218100737,0.012978208657053323,0.011142924159647488,0.014813493154459158,0.12490946704832213,0.11326973653429002,0.13654919756235426
split_cifar10,adam,smallcnn,0.0003,rms_layerwise,10,0.1,,0.9,0.999,full_coupled,time_varying,5,0.48537004006405676,0.33473461678038596,0.6360054633477276,0.8067643858492375,0.6943099360834174,0.9192188356150576,0.3766975570470095,0.2358728997975771,0.517522214296442,0.8871369416515031,0.8117969053374259,0.9624769779655804,0.12006399548457311,0.1100315403080188,0.1300964506611274,0.012978208657053323,0.011142924159647488,0.014813493154459158,0.12490946704832213,0.11326973653429002,0.13654919756235426
split_cifar10,adam,smallcnn,0.0003,rms_layerwise,20,0.003,,0.9,0.999,full_coupled,frozen_boundary,5,0.9950384716192883,0.9827896050870006,1.007287338151576,0.06890557494286134,0.02107718438653812,0.11673396549918456,0.9920864244302114,0.9736287067096612,1.0105441421507617,0.09926059130666541,0.021305606726513646,0.1772155758868172,0.27974762660839286,0.17982698467029645,0.3796682685464893,0.006426157057285253,0.0037028850456748232,0.009149429068895683,1.483327646056811,0.6973720000212172,2.2692832920924046
split_cifar10,adam,smallcnn,0.0003,rms_layerwise,20,0.1,,0.9,0.999,full_coupled,time_varying,5,0.8143422422309717,0.7111067941043792,0.9175776903575643,0.4704005305965741,0.33422011477312574,0.6065809464200225,0.7461122969786327,0.6491052509962817,0.8431193429609837,0.5755186381439368,0.47498493951590337,0.6760523367719702,0.20612608596372106,0.18807306543778995,0.22417910648965217,0.03272858488101818,0.02522771485088201,0.04022945491115435,0.26799497908602155,0.2273612176611469,0.30862874051089617
split_cifar10,adam,smallcnn,0.0003,rms_random_layerwise,1,0.1,,0.9,0.999,full_coupled,frozen_boundary,5,0.01682281731627876,0.01458425285838473,0.01906138177417279,0.9999278515577317,0.9999078481579237,0.9999478549575397,0.000500617797661055,0.00030995130707540535,0.0006912842882467046,0.999999862909317,0.9999997691119249,0.999999956706709,0.012610790226608465,0.010769884764560748,0.014451695688656181,0.0012659800995606402,0.0010809986590965006,0.0014509615400247798,0.012611776706762567,0.010770409399229674,0.01445314401429546
split_cifar10,adam,smallcnn,0.0003,rms_random_layerwise,1,0.1,,0.9,0.999,full_coupled,time_varying,5,0.01682281736284489,0.014584252994935482,0.0190613817307543,0.9999278515577317,0.9999078481579237,0.9999478549575397,0.0005006178340408449,0.0003099513459085575,0.0006912843221731324,0.999999862909317,0.9999997691119249,0.999999956706709,0.012610790226608465,0.010769884764560748,0.014451695688656181,0.0012659800995606402,0.0010809986590965006,0.0014509615400247798,0.012611776706762567,0.010770409399229674,0.01445314401429546
split_cifar10,adam,smallcnn,0.0003,rms_random_layerwise,5,0.1,,0.9,0.999,full_coupled,frozen_boundary,5,0.5313730612397194,0.5097786941522595,0.5529674283271793,0.876638087630272,0.8499006783871188,0.9033754968734251,0.5213201805949211,0.4964368268094671,0.5462035343803752,0.8839219629764556,0.8562217828442551,0.9116221431086562,0.06245899889618154,0.054053503443495673,0.07086449434886741,0.009619171731173945,0.00828593912725017,0.010952404335097721,0.09505720324814314,0.08162097521779653,0.10849343127848975
split_cifar10,adam,smallcnn,0.0003,rms_random_layerwise,5,0.1,,0.9,0.999,full_coupled,time_varying,5,0.15186048019677398,0.06757829265696559,0.23614266773658238,0.9815133839845658,0.9579768625733349,1.0050499053957966,0.12768546435981984,0.06209143170156556,0.19327949701807412,0.9895247191190719,0.9776247597126735,1.0014246785254703,0.09453904256224628,0.08103256556133889,0.10804551956315367,0.009619171731173945,0.00828593912725017,0.010952404335097721,0.09505720324814314,0.08162097521779653,0.10849343127848975
split_cifar10,adam,smallcnn,0.0003,rms_random_layerwise,10,0.1,,0.9,0.999,full_coupled,frozen_boundary,5,0.6733402192592621,0.6037108707825342,0.7429695677359901,0.7443726092576981,0.6668228249249719,0.8219223935904243,0.6570598751306533,0.5951869630517905,0.7189327872095161,0.7621931582689285,0.6959098401504918,0.8284764763873652,0.13301584050059315,0.11559001231872935,0.15044166868245692,0.021417981106787862,0.0186725318363247,0.024163430377251025,0.20819592997431755,0.18088030450651615,0.23551155544211894
split_cifar10,adam,smallcnn,0.0003,rms_random_layerwise,10,0.1,,0.9,0.999,full_coupled,time_varying,5,0.32914199121296406,0.1657307752827654,0.49255320714316275,0.9255688458681106,0.8622094956219958,0.9889281961142254,0.28225864954292773,0.1493879660297231,0.41512933305613237,0.9489869177341461,0.906260955174138,0.9917128802941543,0.20197147019207473,0.17148505474989595,0.2324578856342535,0.021417981106787862,0.0186725318363247,0.024163430377251025,0.20819592997431755,0.18088030450651615,0.23551155544211894
split_cifar10,adam,smallcnn,0.0003,rms_random_layerwise,20,0.001,,0.9,0.999,full_coupled,frozen_boundary,5,1.0018680483102798,0.9933128632420664,1.0104232333784933,0.05471864265855399,0.010791281078784333,0.09864600423832365,0.9973449945449829,0.974477472518509,1.0202125165714568,0.09998872387222942,0.01279607919703045,0.1871813685474284,0.47596351280808447,0.23012222559210754,0.7218048000240613,0.006106679601361925,0.002031899604694229,0.010181459598029621,3.7724382996559145,0.45745850668098686,7.087418092630842
split_cifar10,adam,smallcnn,0.0003,rms_random_layerwise,20,0.1,,0.9,0.999,full_coupled,time_varying,5,0.7166291654109955,0.5837522553278308,0.8495060754941602,0.6478633984923363,0.5189135163574671,0.7768132806272056,0.6152303889393806,0.4837199632115258,0.7467408146672354,0.7617690399289131,0.6429042859398597,0.8806337939179665,0.33860099241137503,0.2817184278428611,0.39548355697988896,0.051480471529066506,0.04178447905289242,0.06117646400524059,0.42636193335056305,0.35819246603113564,0.49453140066999046
split_cifar10,heavy_ball,resnet18,0.01,momentum,1,0.1,0.5,,,,frozen_boundary,5,7.049025043670554e-05,7.035176222361135e-05,7.062873864979972e-05,1.0000000298023224,0.9999999758595002,1.0000000837451446,3.5268735337012914e-05,3.520103462930435e-05,3.533643604472148e-05,1.0000000178813935,0.9999999847835886,1.0000000509791984,0.5628691583871841,0.5624358491186568,0.5633024676557113,0.05628691799938675,0.05624358754409088,0.056330248454682624,0.5628691852092743,0.5624358680575382,0.5633025023610104
split_cifar10,heavy_ball,resnet18,0.01,momentum,1,0.1,0.5,,,,time_varying,5,7.049025043670554e-05,7.035176222361135e-05,7.062873864979972e-05,1.0000000298023224,0.9999999758595002,1.0000000837451446,3.5268735337012914e-05,3.520103462930435e-05,3.533643604472148e-05,1.0000000178813935,0.9999999847835886,1.0000000509791984,0.5628691583871841,0.5624358491186568,0.5633024676557113,0.05628691799938675,0.05624358754409088,0.056330248454682624,0.5628691852092743,0.5624358680575382,0.5633025023610104
split_cifar10,heavy_ball,resnet18,0.01,momentum,1,0.1,0.9,,,,frozen_boundary,5,3.918525981134735e-05,3.906985620747923e-05,3.930066341521546e-05,0.9999999791383744,0.9999999155811086,1.0000000426956401,1.9575143505790037e-05,1.9483906053133643e-05,1.966638095844643e-05,0.9999999523162841,0.9999998671255949,1.0000000375069735,1.0131644904613495,1.0123845163398755,1.0139444645828235,0.10131644904613495,0.10123845368594,0.10139444440632989,1.0131645143032073,1.0123845396877924,1.0139444889186222
split_cifar10,heavy_ball,resnet18,0.01,momentum,1,0.1,0.9,,,,time_varying,5,3.918525981134735e-05,3.906985620747923e-05,3.930066341521546e-05,0.9999999791383744,0.9999999155811086,1.0000000426956401,1.9575143505790037e-05,1.9483906053133643e-05,1.966638095844643e-05,0.9999999523162841,0.9999998671255949,1.0000000375069735,1.0131644904613495,1.0123845163398755,1.0139444645828235,0.10131644904613495,0.10123845368594,0.10139444440632989,1.0131645143032073,1.0123845396877924,1.0139444889186222
split_cifar10,heavy_ball,resnet18,0.01,momentum,5,0.1,0.5,,,,frozen_boundary,5,0.01507988544180984,0.012255821882667477,0.017903949000952202,0.999884107708931,0.9998419669808977,0.9999262484369643,0.010449572745710562,0.008547946227958968,0.012351199263462155,0.999944469332695,0.9999248161062027,0.9999641225591873,1.0905797839164735,1.089733405950991,1.0914261618819558,0.10906862542033191,0.10898373407030482,0.109153516770359,1.0906191766262054,1.0897765418980918,1.091461811354319
split_cifar10,heavy_ball,resnet18,0.01,momentum,5,0.1,0.5,,,,time_varying,5,0.014321924000978425,0.011754080187922664,0.016889767814034187,0.9998955696821212,0.9998590433278826,0.9999320960363599,0.00931385466828938,0.007863788180894551,0.01076392115568421,0.9999561011791229,0.9999427552498407,0.9999694471084052,1.0905609011650086,1.089721345883616,1.0914004564464013,0.10906862542033191,0.10898373407030482,0.109153516770359,1.0906191766262054,1.0897765418980918,1.091461811354319
split_cifar10,heavy_ball,resnet18,0.01,momentum,5,0.1,0.9,,,,frozen_boundary,5,0.009023416740819764,0.007019642285257966,0.011027191196381562,0.9999582350254059,0.9999401333919965,0.9999763366588154,0.0071114001329987755,0.005307338594145071,0.008915461671852481,0.9999738752841949,0.9999608959931064,0.9999868545752834,4.149073648452759,4.1458524956386595,4.152294801266858,0.41491649895906446,0.41459544656146446,0.41523755135666446,4.149103116989136,4.145906472938299,4.152299761039973
split_cifar10,heavy_ball,resnet18,0.01,momentum,5,0.1,0.9,,,,time_varying,5,0.00770305753685529,0.006292481853303571,0.00911363322040701,0.9999698132276535,0.9999590132508153,0.9999806132044918,0.005380344809964255,0.004350830400498024,0.006409859219430486,0.9999852687120437,0.9999797468160626,0.9999907906080249,4.149015283584594,4.145819118953472,4.152211448215716,0.41491649895906446,0.41459544656146446,0.41523755135666446,4.149103116989136,4.145906472938299,4.152299761039973
split_cifar10,heavy_ball,resnet18,0.01,momentum,10,0.1,0.5,,,,frozen_boundary,5,0.028775256685912555,0.022037243939859348,0.03551326943196576,0.9995734483003617,0.9993817296146034,0.99976516698612,0.022635359223931985,0.01668053421113041,0.02859018423673356,0.9997342169284821,0.9996000659029665,0.9998683679539977,1.1249231100082397,1.1239443696832112,1.1259018503332683,0.1124967966228723,0.11240853676824754,0.11258505647749707,1.1247857511043549,1.123919423179181,1.1256520790295288
split_cifar10,heavy_ball,resnet18,0.01,momentum,10,0.1,0.5,,,,time_varying,5,0.023064616881310895,0.0189467811638149,0.027182452598806892,0.9997289538383484,0.9996347236341115,0.9998231840425852,0.014833943126723134,0.01262367977665023,0.01704420647679604,0.9998886495828628,0.999856367721578,0.9999209314441476,1.1246454954147338,1.123782432133605,1.1255085586958626,0.1124967966228723,0.11240853676824754,0.11258505647749707,1.1247857511043549,1.123919423179181,1.1256520790295288
split_cifar10,heavy_ball,resnet18,0.01,momentum,10,0.1,0.9,,,,frozen_boundary,5,0.02562199989333743,0.016127459064512246,0.035116540722162616,0.9996476352214814,0.9993972368154082,0.9998980336275546,0.023864996992051548,0.01438729100341703,0.03334270298068606,0.9996910035610199,0.9994568764942842,0.9999251306277557,6.601432347297669,6.594978806616763,6.607885887978575,0.6599584847688675,0.6594396816634737,0.6604772878742614,6.599309515953064,6.594206008054793,6.604413023851335
split_cifar10,heavy_ball,resnet18,0.01,momentum,10,0.1,0.9,,,,time_varying,5,0.012982948217540941,0.009960713459672029,0.016005182975409853,0.9999133437871933,0.9998736602865086,0.999953027287878,0.009193266346119281,0.006964170388601584,0.011422362303636979,0.9999564170837403,0.9999355265629847,0.9999773076044959,6.598981809616089,6.5938983179392725,6.604065301292906,0.6599584847688675,0.6594396816634737,0.6604772878742614,6.599309515953064,6.594206008054793,6.604413023851335
split_cifar10,heavy_ball,resnet18,0.01,momentum,20,0.1,0.5,,,,frozen_boundary,5,0.3175819205120206,-0.01642678772817041,0.6515906287522116,0.9359929502010346,0.83962842832389,1.0323574720781792,0.3155480057001113,-0.01998066803323184,0.6510766794334545,0.9363673835992813,0.8400827203351011,1.0326520468634615,1.215312546491623,1.0711918162461196,1.3594332767371264,0.11264919266104693,0.11255183168889277,0.1127465536332011,1.126050317287445,1.1251609977929198,1.1269396367819702
split_cifar10,heavy_ball,resnet18,0.01,momentum,20,0.1,0.5,,,,time_varying,5,0.03538673510774965,0.028464158613170584,0.04230931160232872,0.9993587344884872,0.9991179333047195,0.9995995356722549,0.022233088873326735,0.018588687302622288,0.025877490444031183,0.9997489422559738,0.999669318522404,0.9998285659895435,1.1257530629634858,1.1248903765619516,1.12661574936502,0.11264919266104693,0.11255183168889277,0.1127465536332011,1.126050317287445,1.1251609977929198,1.1269396367819702
split_cifar10,heavy_ball,resnet18,0.01,momentum,20,0.0001,0.9,,,,frozen_boundary,5,1.0389809668064118,0.9578862144754761,1.1200757191373476,0.07184268790297207,4.720272010552695e-05,0.14363817308583862,1.1151571959257125,0.8780655503425722,1.352248841508853,0.1334028919227421,0.0020023164842679075,0.2648034673612163,23.053986644744874,-0.394514050737623,46.502487340227376,0.00882076693233098,0.006474869846859925,0.011166664017802036,47.18869552612305,34.2166463359103,60.1607447163358
split_cifar10,heavy_ball,resnet18,0.01,momentum,20,0.1,0.9,,,,time_varying,5,0.021375428233295638,0.01723338269784098,0.025517473768750295,0.999766930937767,0.9996790306174798,0.9998548312580543,0.015137406252324539,0.012055425551729004,0.018219386952920073,0.999882897734642,0.9998364098904805,0.9999293855788035,8.899961805343628,8.893095485653905,8.90682812503335,0.8902035862207412,0.8894953274557934,0.8909118449856891,8.901015996932983,8.894078913388956,8.90795308047701
split_cifar10,heavy_ball,resnet18,0.01,momentum,40,0.0001,0.5,,,,frozen_boundary,5,31.99049905538559,-40.47214057920218,104.45313868997337,0.012171866837888944,0.002400827556242621,0.02194290611953527,64.82521282434463,-83.01335757463839,212.66378322332764,0.013877083361148835,-0.00224301706082701,0.02999718378312468,2200.4126833438872,-2896.322528902871,7297.147895590646,0.005782224028371215,0.004024861956517558,0.007539586100224872,28.163947582244873,20.279402452964355,36.04849271152539
split_cifar10,heavy_ball,resnet18,0.01,momentum,40,0.1,0.5,,,,time_varying,5,0.06339132059365507,0.0491038767467053,0.07767876444060484,0.997928473353386,0.9970491497163305,0.9988077969904414,0.03847247334197158,0.030383888940431265,0.0465610577435119,0.9992408484220505,0.9989361981547901,0.999545498689311,1.1257816553115845,1.124916791788667,1.1266465188345018,0.11281313933432098,0.11264857158828841,0.11297770708035355,1.1266551733016967,1.1255616189030158,1.1277487277003777
split_cifar10,heavy_ball,resnet18,0.01,momentum,40,0.0001,0.9,,,,frozen_boundary,5,35131.810940694806,-32409.452423018665,102673.07430440828,0.002844936742440036,-0.014351615030492718,0.02004148851537279,66680.14052934646,-59355.531775932905,192715.81283462583,0.0036105859391682244,-0.015137207074464535,0.022358378952800986,6603437.7430175785,-5969105.926694827,19175981.412729986,0.02116124024614687,0.01357942096760174,0.028743059524692003,110.66042556762696,70.944917062122,150.37593407313193
split_cifar10,heavy_ball,resnet18,0.01,momentum,40,0.1,0.9,,,,time_varying,5,0.039260126277804334,0.029950280629922995,0.04856997192568567,0.9992038577795028,0.9987994573781058,0.9996082581808998,0.027334207389503668,0.020771993189319264,0.03389642158968807,0.9996143370866776,0.999418606455444,0.9998100677179111,9.982396125793457,9.974548125377012,9.990244126209902,0.999025747179985,0.9981957543824036,0.9998557399775665,9.986161947250366,9.978246654026119,9.994077240474613
split_cifar10,heavy_ball,resnet18,0.03,momentum,1,0.1,0.5,,,,frozen_boundary,5,2.3492576110584197e-05,2.3447035008154657e-05,2.3538117213013737e-05,0.9999999970197677,0.9999999379283666,1.0000000561111688,1.175313745989115e-05,1.172590034049103e-05,1.1780374579291271e-05,1.0000000208616258,0.9999999675572026,1.0000000741660489,1.6886074841022491,1.6873075662878854,1.689907401916613,0.1688607536256313,0.1687307622289837,0.1689907450222789,1.6886075019836426,1.687307553516653,1.6899074504506322
split_cifar10,heavy_ball,resnet18,0.03,momentum,1,0.1,0.5,,,,time_varying,5,2.3492576110584197e-05,2.3447035008154657e-05,2.3538117213013737e-05,0.9999999970197677,0.9999999379283666,1.0000000561111688,1.175313745989115e-05,1.172590034049103e-05,1.1780374579291271e-05,1.0000000208616258,0.9999999675572026,1.0000000741660489,1.6886074841022491,1.6873075662878854,1.689907401916613,0.1688607536256313,0.1687307622289837,0.1689907450222789,1.6886075019836426,1.687307553516653,1.6899074504506322
split_cifar10,heavy_ball,resnet18,0.03,momentum,1,0.1,0.9,,,,frozen_boundary,5,1.3043588933214777e-05,1.3007005561500653e-05,1.3080172304928902e-05,1.0000000059604646,0.9999999335885741,1.000000078332355,6.537033618769783e-06,6.530112030666193e-06,6.543955206873372e-06,1.0000000655651093,0.9999999897285113,1.0000001414017075,3.0394933819770813,3.0371534976188657,3.041833266335297,0.3039493441581726,0.3037153615764677,0.30418332673987747,3.039493405818939,3.0371535365296567,3.0418332751082215
split_cifar10,heavy_ball,resnet18,0.03,momentum,1,0.1,0.9,,,,time_varying,5,1.3043588933214777e-05,1.3007005561500653e-05,1.3080172304928902e-05,1.0000000059604646,0.9999999335885741,1.000000078332355,6.537033618769783e-06,6.530112030666193e-06,6.543955206873372e-06,1.0000000655651093,0.9999999897285113,1.0000001414017075,3.0394933819770813,3.0371534976188657,3.041833266335297,0.3039493441581726,0.3037153615764677,0.30418332673987747,3.039493405818939,3.0371535365296567,3.0418332751082215
split_cifar10,heavy_ball,resnet18,0.03,momentum,5,0.1,0.5,,,,frozen_boundary,5,0.07700153477489943,0.017213812778962105,0.13678925677083675,0.9953167080879212,0.9895852082124813,1.001048207963361,0.07547209756448861,0.014813281120833167,0.13613091400814406,0.995377117395401,0.9896435680703123,1.0011106667204897,3.2870277047157286,3.268376080738558,3.305679328692899,0.32721958607435225,0.32695024241305276,0.32748892973565175,3.2719488978385924,3.2693351574322986,3.2745626382448862
split_cifar10,heavy_ball,resnet18,0.03,momentum,5,0.1,0.5,,,,time_varying,5,0.016815643617883274,0.012605008002588803,0.021026279233177743,0.9998537987470627,0.9997831732987301,0.9999244241953953,0.011620548507198649,0.008582403917634127,0.01465869309676317,0.9999300479888916,0.9998943126405131,0.9999657833372702,3.271703863143921,3.2691467444746167,3.274260981813225,0.32721958607435225,0.32695024241305276,0.32748892973565175,3.2719488978385924,3.2693351574322986,3.2745626382448862
split_cifar10,heavy_ball,resnet18,0.03,momentum,5,0.1,0.9,,,,frozen_boundary,5,0.0656261740252375,-0.05140660596933519,0.1826589540198102,0.9930430144071579,0.9746289121819288,1.0114571166323871,0.06469865674152966,-0.05277104979996412,0.18216836328302344,0.993071785569191,0.974671081399663,1.0114724897387188,12.538229036331177,12.299681507454924,12.776776565207431,1.2447853863239289,1.2437913626922459,1.2457794099556119,12.447548151016235,12.437709392591737,12.457386909440734
split_cifar10,heavy_ball,resnet18,0.03,momentum,5,0.1,0.9,,,,time_varying,5,0.010245973174460176,0.00659751889687383,0.013894427452046523,0.9999438434839248,0.9999044196212474,0.9999832673466023,0.00766670869197693,0.004509560970463154,0.010823856413490707,0.9999676376581192,0.9999400930664216,0.9999951822498169,12.447122764587402,12.437443949483265,12.456801579691538,1.2447853863239289,1.2437913626922459,1.2457794099556119,12.447548151016235,12.437709392591737,12.457386909440734
split_cifar10,heavy_ball,resnet18,0.03,momentum,10,0.0001,0.5,,,,frozen_boundary,5,15.239206677675247,-7.773151665966674,38.25156502131717,-0.002734825009247279,-0.022132501803084233,0.016662851784589674,27.058270752429962,-13.899006950079226,68.01554845493915,0.0025401736435014697,-0.02815547015511728,0.033235817442120216,749.4557902812958,-402.0599790924714,1900.971559655063,0.004360733658540965,0.00310850389125958,0.00561296342582235,23.249645042419434,15.606447722896387,30.89284236194248
split_cifar10,heavy_ball,resnet18,0.03,momentum,10,0.1,0.5,,,,time_varying,5,0.02565314862877125,0.020244446841318788,0.031061850416223714,0.9996625781059265,0.9995241738169696,0.9998009823948835,0.01738031692802901,0.013896769879390057,0.020863863976667965,0.9998456567525864,0.9997856156739683,0.9999056978312045,3.373955547809601,3.3713150694587593,3.3765960261604424,0.33751038163900376,0.3372417927206547,0.33777897055735284,3.374488043785095,3.3718391468964017,3.3771369406737883
split_cifar10,heavy_ball,resnet18,0.03,momentum,10,0.0001,0.9,,,,frozen_boundary,5,143.2613696217537,-248.08556528407487,534.6083045275823,0.06167456533876246,-0.014519591643999033,0.13786872232152397,270.7652172386646,-470.3423268473854,1011.8727613247146,0.11624679267406464,-0.022708752774918142,0.25520233812304743,16690.8135389328,-29078.414182808418,62460.04126067402,0.010660151671618174,0.008531391548442539,0.012788911794793809,55.71606101989746,45.66740617081021,65.76471586898471
split_cifar10,heavy_ball,resnet18,0.03,momentum,10,0.1,0.9,,,,time_varying,5,0.017003683792427136,0.013182430150415255,0.020824937434439018,0.9998511850833893,0.9997859818284748,0.9999163883383039,0.012830077810212937,0.009313166352781564,0.01634698926764431,0.9999138236045837,0.9998655967136822,0.9999620504954851,19.797265338897706,19.781634589125225,19.812896088670186,1.9800165891647339,1.978394586275377,1.9816385920540909,19.79890203475952,19.782758009886095,19.815046059632948
split_cifar10,heavy_ball,resnet18,0.03,momentum,20,0.0001,0.5,,,,frozen_boundary,5,128497525.86796875,-99861320.84341489,356856372.5793524,0.003433052354375815,-0.0056523945800110225,0.012518499288762652,234000566.36171874,-178831525.6723208,646832658.3957583,0.0035958909109467503,-0.011554989097223644,0.018746770919117143,13215071289.375,-9300296780.281681,35730439359.03168,0.008549042930826482,0.005700738050858202,0.011397347810794762,44.494524765014646,28.53254847711719,60.4565010529121
split_cifar10,heavy_ball,resnet18,0.03,momentum,20,0.1,0.5,,,,time_varying,5,0.04070383422076697,0.030188967597155628,0.05121870084437831,0.9991411179304123,0.9986895476573445,0.99959268820348,0.026842516288161235,0.02040343031624555,0.03328160226007692,0.9996283054351807,0.9994447825975933,0.999811828272768,3.3773117899894713,3.374666684480197,3.379956895498746,0.33801891952753066,0.33775126781762344,0.3382865712374379,3.3785534381866453,3.37603662586495,3.3810702505083405
split_cifar10,heavy_ball,resnet18,0.03,momentum,20,0.0001,0.9,,,,frozen_boundary,5,34942093130.39021,-62059724601.23544,131943910862.01587,-0.0022998838190687594,-0.006968365307275183,0.002368597669137665,78357629815.12761,-139171509801.9201,295886769432.17535,-0.0031167830631602497,-0.010222682380533388,0.003989116254212888,13470498495448.484,-23925984931547.71,50866981922444.68,0.028322053886949965,0.02094394256151197,0.03570016521238796,136.15160026550294,105.23502724148585,167.06817328952002
split_cifar10,heavy_ball,resnet18,0.03,momentum,20,0.1,0.9,,,,time_varying,5,0.0273782354779541,0.024402529648321222,0.03035394130758698,0.9996218651533126,0.9995419637147661,0.9997017665918592,0.020578589010983656,0.017848515904336174,0.02330866211763114,0.9997854799032211,0.9997300797497876,0.9998408800566546,26.70083293914795,26.679725146546872,26.72194073174903,2.671066462993622,2.6690381559985257,2.673094769988718,26.706280994415284,26.68499306631234,26.727568922518227
split_cifar10,heavy_ball,resnet18,0.03,momentum,40,0.1,0.5,,,,frozen_boundary,5,inf,,,0.00067355201135796,-0.0015130836584053798,0.0028601876811213,inf,,,0.00037754359218524495,-0.0009431019870973177,0.0016981891714678077,inf,,,0.3406256571412086,0.33746010197738247,0.3437912123050348,3.4042188048362734,3.3573953561861245,3.4510422534864222
split_cifar10,heavy_ball,resnet18,0.03,momentum,40,0.1,0.5,,,,time_varying,5,0.11007876321673389,0.05494313582658068,0.16521439060688708,0.991570594906807,0.9825148421008487,1.0006263477127653,0.09568945672363041,0.007528213515219637,0.18385069993204117,0.9922239989042282,0.9785709259909187,1.0058770718175378,3.3775173664093017,3.3748790026239868,3.3801557301946166,0.3406256571412086,0.33746010197738247,0.3437912123050348,3.4042188048362734,3.3573953561861245,3.4510422534864222
split_cifar10,heavy_ball,resnet18,0.03,momentum,40,0.1,0.9,,,,frozen_boundary,5,inf,,,-0.0001318630213063445,-0.0004881226843042382,0.00022439664169154923,inf,,,-0.00019078841860390434,-0.0004423190202365424,6.074218302873371e-05,inf,,,3.0201345443725587,2.995766589403073,3.044502499342044,30.031585693359375,29.968913256015078,30.094258130703672
split_cifar10,heavy_ball,resnet18,0.03,momentum,40,0.1,0.9,,,,time_varying,5,0.11381345409899946,0.043971969855917045,0.18365493834208185,0.9914438158273697,0.9828906967796629,0.9999969348750766,0.06766306776553388,0.03206842727959749,0.10325770825147026,0.997227492928505,0.994516800785604,0.999938185071406,29.95468416213989,29.934759994653103,29.97460832962668,3.0201345443725587,2.995766589403073,3.044502499342044,30.031585693359375,29.968913256015078,30.094258130703672
split_cifar10,heavy_ball,smallcnn,0.01,momentum,1,0.1,0.5,,,,frozen_boundary,5,7.202921478892677e-05,7.17196520849565e-05,7.233877749289703e-05,0.9999999940395355,0.999999963079374,1.000000024999697,3.609736013459042e-05,3.603942582707217e-05,3.615529444210867e-05,1.0000000327825547,0.9999999782088008,1.0000000873563086,0.05991176944226021,0.059481993439991096,0.060341545444529326,0.005991177191026455,0.005948199838086752,0.0060341545439661585,0.059911769814789254,0.05948199356758695,0.06034154606199156
split_cifar10,heavy_ball,smallcnn,0.01,momentum,1,0.1,0.5,,,,time_varying,5,7.202921478892677e-05,7.17196520849565e-05,7.233877749289703e-05,0.9999999940395355,0.999999963079374,1.000000024999697,3.609736013459042e-05,3.603942582707217e-05,3.615529444210867e-05,1.0000000327825547,0.9999999782088008,1.0000000873563086,0.05991176944226021,0.059481993439991096,0.060341545444529326,0.005991177191026455,0.005948199838086752,0.0060341545439661585,0.059911769814789254,0.05948199356758695,0.06034154606199156
split_cifar10,heavy_ball,smallcnn,0.01,momentum,1,0.1,0.9,,,,frozen_boundary,5,4.017761239083484e-05,4.000633806034093e-05,4.034888672132875e-05,0.9999999970197677,0.9999999695765177,1.0000000244630178,2.010127846006071e-05,2.0038561399366255e-05,2.0163995520755167e-05,1.0,0.9999999773394821,1.000000022660518,0.10784118324518199,0.10706758579908188,0.10861478069128211,0.010784118715673651,0.010706759009769272,0.01086147842157803,0.10784118324518199,0.10706758674910133,0.10861477974126266
split_cifar10,heavy_ball,smallcnn,0.01,momentum,1,0.1,0.9,,,,time_varying,5,4.017761239083484e-05,4.000633806034093e-05,4.034888672132875e-05,0.9999999970197677,0.9999999695765177,1.0000000244630178,2.010127846006071e-05,2.0038561399366255e-05,2.0163995520755167e-05,1.0,0.9999999773394821,1.000000022660518,0.10784118324518199,0.10706758579908188,0.10861478069128211,0.010784118715673651,0.010706759009769272,0.01086147842157803,0.10784118324518199,0.10706758674910133,0.10861477974126266
split_cifar10,heavy_ball,smallcnn,0.01,momentum,5,0.1,0.5,,,,frozen_boundary,5,0.01229737880639727,0.01007868130992022,0.014516076302874319,0.9999229043722153,0.999895868625653,0.9999499401187776,0.009223281801678185,0.007410732624190837,0.011035830979165533,0.9999565154314041,0.9999397945619478,0.9999732363008603,0.1160850696265697,0.11525119711010248,0.11691894214303691,0.011609245743602465,0.011525684781389206,0.011692806705815724,0.11608818583190436,0.11525301681194959,0.11692335485185913
split_cifar10,heavy_ball,smallcnn,0.01,momentum,5,0.1,0.5,,,,time_varying,5,0.011391556961461855,0.009645671470992262,0.013137442451931448,0.9999340891838073,0.9999146895286842,0.9999534888389304,0.008010428934358,0.006890363317642577,0.009130494551073424,0.9999675005674362,0.9999589977585223,0.9999760033763502,0.11608058586716648,0.1152480284126338,0.11691314332169915,0.011609245743602465,0.011525684781389206,0.011692806705815724,0.11608818583190436,0.11525301681194959,0.11692335485185913
split_cifar10,heavy_ball,smallcnn,0.01,momentum,5,0.1,0.9,,,,frozen_boundary,5,0.008870165538974056,0.006829636494187247,0.010910694583760865,0.9999594807624816,0.999941340911042,0.9999776206139213,0.007988689281046344,0.0054389462437628,0.010538432318329889,0.999966236948967,0.9999455250397469,0.9999869488581872,0.4416427969932556,0.438476528710086,0.44480906527642516,0.044164637289941265,0.043848022597367545,0.044481251982514985,0.44164351373910904,0.43847642199391756,0.4448106054843005
split_cifar10,heavy_ball,smallcnn,0.01,momentum,5,0.1,0.9,,,,time_varying,5,0.0065375013742595455,0.005940115529653568,0.007134887218865523,0.9999784111976624,0.9999746137428714,0.9999822086524534,0.005365086090750939,0.004279473492879153,0.006450698688622724,0.9999850124120713,0.9999784844600005,0.9999915403641421,0.4416231244802475,0.4384549731275201,0.4447912758329749,0.044164637289941265,0.043848022597367545,0.044481251982514985,0.44164351373910904,0.43847642199391756,0.4448106054843005
split_cifar10,heavy_ball,smallcnn,0.01,momentum,10,0.1,0.5,,,,frozen_boundary,5,0.026540281716734122,0.020496865632322305,0.032583697801145936,0.9996375650167465,0.9994712802405303,0.9998038497929627,0.023325297050177992,0.017159872973723928,0.029490721126632057,0.9997176259756089,0.9995646122756443,0.9998706396755734,0.11977379545569418,0.11889567450039114,0.12065191641099722,0.01197523828595871,0.011888923761374251,0.01206155281054317,0.11974145881831644,0.1188787979974286,0.12060411963920427
split_cifar10,heavy_ball,smallcnn,0.01,momentum,10,0.1,0.5,,,,time_varying,5,0.01891070669516916,0.016609236337916045,0.021212177052422277,0.999818766117096,0.9997759063216114,0.9998616259125805,0.014156436035409514,0.0123743548743347,0.015938517196484328,0.9998983293771744,0.999872797499038,0.9999238612553107,0.11971648707985871,0.1188574512785095,0.12057552288120793,0.01197523828595871,0.011888923761374251,0.01206155281054317,0.11974145881831644,0.1188787979974286,0.12060411963920427
split_cifar10,heavy_ball,smallcnn,0.01,momentum,10,0.1,0.9,,,,frozen_boundary,5,0.031914784200489474,0.021963462172531603,0.041866106228447345,0.9994646042585373,0.9991434669976791,0.9997857415193956,0.031238651555031492,0.020896560312886413,0.04158074279717657,0.9994838982820511,0.9991567297174846,0.9998110668466176,0.7030286759138107,0.6979668023164232,0.7080905495111982,0.07025468461215494,0.0697501843078453,0.07075918491646457,0.7025377929210663,0.6974941383048444,0.7075814475372882
split_cifar10,heavy_ball,smallcnn,0.01,momentum,10,0.1,0.9,,,,time_varying,5,0.012403260217979505,0.010538670610530309,0.014267849825428702,0.9999211519956589,0.999894832006209,0.9999474719851088,0.010659923218190625,0.00815364351114228,0.01316620292523897,0.9999404102563858,0.9999089842708577,0.9999718362419139,0.7024328649044037,0.6973931800914209,0.7074725497173865,0.07025468461215494,0.0697501843078453,0.07075918491646457,0.7025377929210663,0.6974941383048444,0.7075814475372882
split_cifar10,heavy_ball,smallcnn,0.01,momentum,20,0.1,0.5,,,,frozen_boundary,5,0.07829028442502017,0.04777463746783279,0.10880593138220757,0.996707758307457,0.9940123219380108,0.9994031946769031,0.07637674082070585,0.04535405978393998,0.10739942185747173,0.9968482434749604,0.9941540951380455,0.9995423918118752,0.12046368084847925,0.1193130020733589,0.1216143596235996,0.011992706637829495,0.011906602588118324,0.012078810687540666,0.11990809813141819,0.1190475773806943,0.12076861888214208
split_cifar10,heavy_ball,smallcnn,0.01,momentum,20,0.1,0.5,,,,time_varying,5,0.027565923053771212,0.02525608931982154,0.029875756787720885,0.9996159046888351,0.999550719393526,0.9996810899841442,0.021739890147000507,0.01954296730466275,0.023936812989338262,0.9997608751058579,0.9997112007272256,0.9998105494844901,0.11985443942248816,0.11899447036827134,0.12071440847670499,0.011992706637829495,0.011906602588118324,0.012078810687540666,0.11990809813141819,0.1190475773806943,0.12076861888214208
split_cifar10,heavy_ball,smallcnn,0.01,momentum,20,0.1,0.9,,,,frozen_boundary,5,0.22421940341591834,0.12393006404806736,0.3245087427837693,0.9738659173250198,0.952454146784597,0.9952776878654426,0.22393950298428536,0.12344445862004921,0.3244345473485215,0.9739165931940079,0.9524805102185467,0.9953526761694691,0.9789448022842407,0.954029215733376,1.0038603888351056,0.09478369504213328,0.09411571372078374,0.09545167636348283,0.9478019803762436,0.9411225156952197,0.9544814450572676
split_cifar10,heavy_ball,smallcnn,0.01,momentum,20,0.1,0.9,,,,time_varying,5,0.021291218604892453,0.018711969277395043,0.023870467932389863,0.9997695684432983,0.9997131162326166,0.9998260206539801,0.019038610300049157,0.016055686653472855,0.022021533946625458,0.9998144924640655,0.9997534501342671,0.9998755347938639,0.9474915146827698,0.9407340327587328,0.9542489966068068,0.09478369504213328,0.09411571372078374,0.09545167636348283,0.9478019803762436,0.9411225156952197,0.9544814450572676
split_cifar10,heavy_ball,smallcnn,0.01,momentum,40,0.1,0.5,,,,frozen_boundary,5,0.7148976266384125,0.19925830922336352,1.2305369440534615,0.8193896293640137,0.645499133446639,0.9932801252813884,0.7148400790989399,0.1987353599870939,1.230944798210786,0.8194990485906601,0.6455212101787831,0.9934768870025372,0.1542247965931892,0.11642032767833481,0.19202926550804356,0.012002280261367515,0.011916519075949412,0.012088041446785618,0.11998851075768469,0.11913397646577564,0.12084304504959373
split_cifar10,heavy_ball,smallcnn,0.01,momentum,40,0.1,0.5,,,,time_varying,5,0.03897080905735488,0.034597419744575385,0.043344198370134375,0.9992298245429992,0.9990564828916629,0.9994031661943356,0.03164465865120286,0.0276911913423689,0.03559812596003682,0.9994923561811447,0.9993691510053497,0.9996155613569397,0.11989235356450079,0.11903095116089994,0.12075375596810163,0.012002280261367515,0.011916519075949412,0.012088041446785618,0.11998851075768469,0.11913397646577564,0.12084304504959373
split_cifar10,heavy_ball,smallcnn,0.01,momentum,40,0.0001,0.9,,,,frozen_boundary,5,4.274083977937698,1.0625436792680887,7.485624276607307,0.02895425865717697,0.0004459258032607459,0.05746259151109319,7.08894914984703,1.9471625602409146,12.230735739453145,0.045349273562896954,0.021704058162929973,0.06899448896286393,17.297092771530153,5.953714547891485,28.64047099516882,0.000483725327649105,0.00033019276987288006,0.00063725788542533,2.6736080050468445,2.018097308658455,3.329118701435234
split_cifar10,heavy_ball,smallcnn,0.01,momentum,40,0.1,0.9,,,,time_varying,5,0.03752659792080516,0.03430876414490525,0.04074443169670507,0.9992864072322846,0.9991584503628175,0.9994143641017517,0.03522279420867558,0.03263295676250634,0.03781263165484482,0.9993703693151474,0.9992759244671335,0.9994648141631614,1.063043361902237,1.0555105826091984,1.0705761411952757,0.10639074482023711,0.10563707303735893,0.10714441660311529,1.0638243436813355,1.0563387246970724,1.0713099626655986
split_cifar10,heavy_ball,smallcnn,0.03,momentum,1,0.1,0.5,,,,frozen_boundary,5,2.4061141266429333e-05,2.3963514029155365e-05,2.41587685037033e-05,1.0000000327825547,0.9999999798002156,1.0000000857648939,1.1995111253781943e-05,1.1904030717346921e-05,1.2086191790216965e-05,0.9999999940395355,0.9999999228600148,1.0000000652190564,0.1797353096306324,0.1784459830989677,0.18102463616229708,0.017973531223833505,0.017844598422011776,0.018102464025655234,0.17973531112074853,0.1784459842675437,0.18102463797395335
split_cifar10,heavy_ball,smallcnn,0.03,momentum,1,0.1,0.5,,,,time_varying,5,2.4061141266429333e-05,2.3963514029155365e-05,2.41587685037033e-05,1.0000000327825547,0.9999999798002156,1.0000000857648939,1.1995111253781943e-05,1.1904030717346921e-05,1.2086191790216965e-05,0.9999999940395355,0.9999999228600148,1.0000000652190564,0.1797353096306324,0.1784459830989677,0.18102463616229708,0.017973531223833505,0.017844598422011776,0.018102464025655234,0.17973531112074853,0.1784459842675437,0.18102463797395335
split_cifar10,heavy_ball,smallcnn,0.03,momentum,1,0.1,0.9,,,,frozen_boundary,5,1.3340725035959623e-05,1.3290159338682634e-05,1.3391290733236611e-05,0.9999999582767487,0.9999998910547893,1.000000025498708,6.682291177639854e-06,6.660366961791002e-06,6.704215393488705e-06,1.0000000208616258,0.9999999659751257,1.0000000757481258,0.32352354824543,0.3212027515833951,0.3258443449074649,0.03235235624015327,0.03212027750677886,0.032584434973527684,0.32352355122566223,0.32120275801781484,0.3258443444335096
split_cifar10,heavy_ball,smallcnn,0.03,momentum,1,0.1,0.9,,,,time_varying,5,1.3340725035959623e-05,1.3290159338682634e-05,1.3391290733236611e-05,0.9999999582767487,0.9999998910547893,1.000000025498708,6.682291177639854e-06,6.660366961791002e-06,6.704215393488705e-06,1.0000000208616258,0.9999999659751257,1.0000000757481258,0.32352354824543,0.3212027515833951,0.3258443449074649,0.03235235624015327,0.03212027750677886,0.032584434973527684,0.32352355122566223,0.32120275801781484,0.3258443444335096
split_cifar10,heavy_ball,smallcnn,0.03,momentum,5,0.1,0.5,,,,frozen_boundary,5,0.025309138465672683,0.02173863015215889,0.028879646779186474,0.999675652384758,0.9995841874345762,0.9997671173349397,0.02362238951027388,0.019610024430764057,0.027634754589783702,0.9997162044048309,0.9996195401879775,0.9998128686216843,0.3484199494123459,0.3458661650548338,0.35097373376985797,0.03483162242919202,0.034583079992585454,0.03508016486579859,0.34829868376255035,0.3458089301907945,0.3507884373343062
split_cifar10,heavy_ball,smallcnn,0.03,momentum,5,0.1,0.5,,,,time_varying,5,0.014119025785475905,0.012162780919386936,0.016075270651564874,0.9998990893363953,0.9998704848386014,0.9999276938341891,0.01094019324518735,0.009509213024679657,0.012371173465695044,0.999939477443695,0.9999233879887405,0.9999555668986496,0.34825404435396196,0.3457569019795111,0.3507511867284128,0.03483162242919202,0.034583079992585454,0.03508016486579859,0.34829868376255035,0.3458089301907945,0.3507884373343062
split_cifar10,heavy_ball,smallcnn,0.03,momentum,5,0.1,0.9,,,,frozen_boundary,5,0.02440916141495105,0.014426457083487363,0.03439186574641474,0.9996755748987198,0.9994201646970524,0.9999309851003872,0.023881387151777695,0.013580134054634683,0.034182640248920704,0.9996868222951889,0.9994287424580286,0.9999449021323492,1.3255165338516235,1.3157587162153968,1.3352743514878502,0.13250510692596434,0.13155436575348883,0.13345584809843986,1.3250347316265105,1.3155252932372092,1.3345441700158118
split_cifar10,heavy_ball,smallcnn,0.03,momentum,5,0.1,0.9,,,,time_varying,5,0.009633451863191965,0.00754196001761635,0.011724943708767581,0.999951434135437,0.9999264560409162,0.9999764122299577,0.008280799537897055,0.006030526311655028,0.010531072764139083,0.9999635577201843,0.999940336627522,0.9999867788128466,1.3249032616615295,1.3153830211393953,1.3344235021836637,0.13250510692596434,0.13155436575348883,0.13345584809843986,1.3250347316265105,1.3155252932372092,1.3345441700158118
split_cifar10,heavy_ball,smallcnn,0.03,momentum,10,0.1,0.5,,,,frozen_boundary,5,0.10380474217236038,0.07756628937225675,0.130043194972464,0.9943782240152359,0.9916974855493121,0.9970589624811597,0.10295550823211667,0.07623903835682061,0.12967197810741274,0.9944622129201889,0.9917627734259697,0.997161652414408,0.3621235653758049,0.3585117184620315,0.36573541228957834,0.03593564759939906,0.035680686742981645,0.036190608455816474,0.3593213766813278,0.3567710156417014,0.3618717377209542
split_cifar10,heavy_ball,smallcnn,0.03,momentum,10,0.1,0.5,,,,time_varying,5,0.023431033082306353,0.019615340899861094,0.027246725264751612,0.9997207522392273,0.9996263961156721,0.9998151083627825,0.019417518842965314,0.015958302298885906,0.02287673538704472,0.9998071521520615,0.9997339223491216,0.9998803819550014,0.35919090658426284,0.35661594631534155,0.3617658668531841,0.03593564759939906,0.035680686742981645,0.036190608455816474,0.3593213766813278,0.3567710156417014,0.3618717377209542
split_cifar10,heavy_ball,smallcnn,0.03,momentum,10,0.1,0.9,,,,frozen_boundary,5,0.14456685781478879,0.0633320282213422,0.22580168740823536,0.9882245659828186,0.9751756823339564,1.0012734496316809,0.1443600781261921,0.06307075241856318,0.22564940383382098,0.9882525622844696,0.9752116646640422,1.0012934599048968,2.139921474456787,2.0967548225121635,2.1830881264014104,0.210804833471775,0.20929808049995668,0.21231158644359333,2.107961452007294,2.0929095463641034,2.123013357650484
split_cifar10,heavy_ball,smallcnn,0.03,momentum,10,0.1,0.9,,,,time_varying,5,0.017975009977817476,0.014274841379876427,0.021675178575758527,0.9998306423425675,0.9997544669501682,0.9999068177349667,0.01581351524218913,0.01217886596932739,0.01944816451505087,0.9998691409826279,0.9998031387767641,0.9999351431884917,2.1074562072753906,2.0923286995941033,2.122583714956678,0.210804833471775,0.20929808049995668,0.21231158644359333,2.107961452007294,2.0929095463641034,2.123013357650484
split_cifar10,heavy_ball,smallcnn,0.03,momentum,20,0.0001,0.5,,,,frozen_boundary,5,1.05773868560791,0.9234996108745507,1.1919777603412693,0.08496599439531559,0.04620707817670108,0.1237249106139301,1.1206921339035034,0.8730069162301775,1.3683773515768294,0.15627359841018912,0.0869133019499341,0.22563389487044413,0.8133654609322548,0.2171033682806559,1.4096275535838538,0.000261807486094715,0.00020295699553136658,0.0003206579766580634,1.4467271327972413,1.1063590534173864,1.7870952121770962
split_cifar10,heavy_ball,smallcnn,0.03,momentum,20,0.1,0.5,,,,time_varying,5,0.035795649792998985,0.03062252931711852,0.04096877026887945,0.9993495553731918,0.999161746548562,0.9995373641978216,0.030397832486778454,0.025345179167948928,0.03545048580560798,0.9995281636714936,0.9993698957270442,0.999686431615943,0.35964624881744384,0.3570814761538192,0.3622110214810685,0.035997063294053035,0.03574681450621475,0.03624731208189132,0.35990271270275115,0.35740833382309634,0.36239709158240596
split_cifar10,heavy_ball,smallcnn,0.03,momentum,20,0.0001,0.9,,,,frozen_boundary,5,2.862155830860138,-0.3577008799803081,6.082012541700584,0.09320538202300664,0.022470762145604922,0.16394000190040836,4.234301191568375,-0.6463531660552606,9.114955549192011,0.14959353413432833,0.06022245416248938,0.23896461410616726,19.91192784309387,-0.6350519487025892,40.45890763489033,0.000837532852892715,0.0005645732186821233,0.0011104924871033067,5.0371832847595215,4.020538019281904,6.053828550237139
split_cifar10,heavy_ball,smallcnn,0.03,momentum,20,0.1,0.9,,,,time_varying,5,0.03831534152850504,0.02897408325564731,0.047656599801362776,0.9992345571517944,0.9988389528129332,0.9996301614906556,0.03589888410642737,0.025768424054711248,0.0460293441581435,0.9993166446685791,0.9988986121617993,0.9997346771753588,2.8433024406433107,2.8235591035401884,2.863045777746433,0.2845721304416656,0.2825446587266933,0.28659960215663793,2.8454582691192627,2.825177989765816,2.8657385484727094
split_cifar10,heavy_ball,smallcnn,0.03,momentum,40,0.0001,0.5,,,,frozen_boundary,5,205.79945569038392,-258.0433755059289,669.6422868866968,0.017246437879657597,0.0005969178781798576,0.033895957881135336,337.9513188123703,-399.3756864318098,1075.2783240565504,0.020170474605401972,0.0038919177991886163,0.03644903141161533,1046.656434249878,-1383.3404381170478,3476.653306616804,0.00050732543750195,0.00039425038305673354,0.0006204004919471665,2.7559609949588775,1.891998549043287,3.619923440874468
split_cifar10,heavy_ball,smallcnn,0.03,momentum,40,0.1,0.5,,,,time_varying,5,0.056517566367983774,0.04753532485687465,0.06549980787909289,0.998369836807251,0.9978555212730338,0.9988841523414682,0.048964268900454,0.041619477824298264,0.05630905997660974,0.9987735599279404,0.9984065751015092,0.9991405447543715,0.359897318482399,0.35734311323313267,0.3624515237316653,0.036060337908565956,0.035815943765809335,0.03630473205132258,0.3604670077562332,0.358056619617282,0.36287739589518436
split_cifar10,heavy_ball,smallcnn,0.03,momentum,40,0.0001,0.9,,,,frozen_boundary,5,9548.850290679931,-10901.805925628587,29999.50650698845,-0.00533529529420774,-0.015088434243871579,0.0044178436554560985,17124.637997436523,-18114.366931701083,52363.64292657413,0.0014078048610826949,-0.005473253179992488,0.008288862902157877,205481.70935058594,-134447.74275872944,545411.1614599014,0.00431910291081289,-0.0005603040075050992,0.009198509829130879,18.926705646514893,3.429730394217284,34.423680898812506
split_cifar10,heavy_ball,smallcnn,0.03,momentum,40,0.1,0.9,,,,time_varying,5,0.13169932328164574,0.04892752140345678,0.21447112515983469,0.987858334183693,0.9700364824742015,1.0056801858931843,0.10452919453382488,0.07058753590661745,0.1384708531610323,0.9940396785736084,0.989825074796059,0.9982542823511579,3.1938110828399657,3.174020669932397,3.2136014957475343,0.3235612869262695,0.31559231746176225,0.33153025639077677,3.2139750838279726,3.1825102110709764,3.2454399565849688
split_tinyimagenet,adam,resnet18,1e-05,m,1,0.01,,0.9,0.999,full_coupled,frozen_boundary,5,0.01530357077717776,0.01402168395048389,0.01658545760387163,0.9998824656009674,0.9998633654968451,0.9999015657050897,0.008031600806862068,0.007355775821352234,0.008707425792371902,0.9999676555395126,0.9999623927088314,0.9999729183701939,0.030211308319121555,0.027383731560927427,0.03303888507731568,0.00030214881699062,0.0002738758513701753,0.00033042178261106467,0.03021229105070229,0.027384813004208825,0.03303976909719575
split_tinyimagenet,adam,resnet18,1e-05,m,1,0.01,,0.9,0.999,full_coupled,time_varying,5,0.01530357077717776,0.01402168395048389,0.01658545760387163,0.9998824656009674,0.9998633654968451,0.9999015657050897,0.008031600806862068,0.007355775821352234,0.008707425792371902,0.9999676555395126,0.9999623927088314,0.9999729183701939,0.030211308319121555,0.027383731560927427,0.03303888507731568,0.00030214881699062,0.0002738758513701753,0.00033042178261106467,0.03021229105070229,0.027384813004208825,0.03303976909719575
split_tinyimagenet,adam,resnet18,1e-05,m,5,0.01,,0.9,0.999,full_coupled,frozen_boundary,5,0.1640986822545528,0.1498656612043413,0.17833170330476428,0.9866579860448838,0.9843167889127223,0.9889991831770452,0.09007220193743701,0.08324856324742937,0.09689584062744465,0.9961964070796967,0.9955788709325658,0.9968139432268276,0.12371826507151122,0.11213905957960474,0.1352974705634177,0.001225028582848555,0.001114461138415953,0.001335596027281157,0.1213402152061462,0.11018882364318498,0.13249160676910743
split_tinyimagenet,adam,resnet18,1e-05,m,5,0.01,,0.9,0.999,full_coupled,time_varying,5,0.15983926281332966,0.14488651695416319,0.17479200867249614,0.987079307436943,0.9847035605944038,0.9894550542794823,0.08189950995147223,0.07357683669923543,0.09022218320370903,0.9966215014457702,0.9959610741485063,0.9972819287430341,0.12093502953648565,0.10973944623557318,0.13213061283739813,0.001225028582848555,0.001114461138415953,0.001335596027281157,0.1213402152061462,0.11018882364318498,0.13249160676910743
split_tinyimagenet,adam,resnet18,1e-05,m,10,0.01,,0.9,0.999,full_coupled,frozen_boundary,5,0.24291355535387993,0.22149707136289068,0.26433003934486915,0.9706077575683594,0.9652730170213167,0.975942498115402,0.13454400002956385,0.12418853815609779,0.1448994619030299,0.9915894150733948,0.9901671784119813,0.9930116517348083,0.19677257239818574,0.17835596599809245,0.21518917879827903,0.00195277472957964,0.0017828181902525748,0.002122731268906705,0.1911794021725654,0.173844698608266,0.2085141057368648
split_tinyimagenet,adam,resnet18,1e-05,m,10,0.01,,0.9,0.999,full_coupled,time_varying,5,0.2366279974579811,0.2141420061430477,0.25911398877291447,0.971448078751564,0.9660450860412017,0.9768510714619264,0.12231439091265199,0.10977215799937023,0.13485662382593375,0.9924471080303192,0.99094569289484,0.9939485231657984,0.18975002169609068,0.17225610598046476,0.2072439374117166,0.00195277472957964,0.0017828181902525748,0.002122731268906705,0.1911794021725654,0.173844698608266,0.2085141057368648
split_tinyimagenet,adam,resnet18,1e-05,m,20,0.01,,0.9,0.999,full_coupled,frozen_boundary,5,0.32535120099782944,0.2967661319273906,0.3539362700682683,0.9465311765670776,0.9367020671158511,0.9563602860183041,0.18200412392616266,0.1674018533790081,0.19660639447331724,0.9845013320446014,0.9817562469965566,0.9872464170926463,0.26538486778736115,0.24054662338777377,0.2902231121869485,0.0026670608203857647,0.002446908721075289,0.0028872129196962403,0.2564832389354706,0.233722489838884,0.2792439880320572
split_tinyimagenet,adam,resnet18,1e-05,m,20,0.01,,0.9,0.999,full_coupled,time_varying,5,0.31749695986509324,0.28746501944108993,0.34752890028909655,0.9479458779096603,0.9379800105966813,0.9579117452226393,0.16634680479764935,0.14884417629359284,0.18384943330170586,0.985971188545227,0.9830946013011065,0.9888477757893476,0.2529182158410549,0.22975587219561153,0.2760805594864983,0.0026670608203857647,0.002446908721075289,0.0028872129196962403,0.2564832389354706,0.233722489838884,0.2792439880320572
split_tinyimagenet,adam,resnet18,1e-05,rms_global,1,0.1,,0.9,0.999,full_coupled,frozen_boundary,5,0.03517842888832088,0.034813336173323224,0.035543521603318536,0.999838650226593,0.9998247066591724,0.9998525937940136,0.0017098433105274201,0.0017014153380189578,0.0017182712830358824,0.9999985575675965,0.9999984956472735,0.9999986194879195,0.021899383887648557,0.021431619619335117,0.022367148155961997,0.0021260090637951604,0.002079147868169754,0.002172870259420567,0.02189382277429098,0.02142687251562104,0.02236077303296092
split_tinyimagenet,adam,resnet18,1e-05,rms_global,1,0.1,,0.9,0.999,full_coupled,time_varying,5,0.03517842888832088,0.034813336173323224,0.035543521603318536,0.999838650226593,0.9998247066591724,0.9998525937940136,0.0017098433105274201,0.0017014153380189578,0.0017182712830358824,0.9999985575675965,0.9999984956472735,0.9999986194879195,0.021899383887648557,0.021431619619335117,0.022367148155961997,0.0021260090637951604,0.002079147868169754,0.002172870259420567,0.02189382277429098,0.02142687251562104,0.02236077303296092
split_tinyimagenet,adam,resnet18,1e-05,rms_global,5,0.1,,0.9,0.999,full_coupled,frozen_boundary,5,0.5308645009994507,0.5146092484016271,0.5471197535972743,0.8910542726516724,0.8813520304517212,0.9007565148516236,0.5364093065261841,0.519975615535949,0.5528429975164193,0.8897081732749939,0.8799447251858432,0.8994716213641445,0.09365748763084407,0.09240669133571301,0.09490828392597513,0.01521764881908888,0.01496939161341059,0.01546590602476717,0.15410127341747282,0.15156642338588353,0.1566361234490621
split_tinyimagenet,adam,resnet18,1e-05,rms_global,5,0.1,,0.9,0.999,full_coupled,time_varying,5,0.09474116861820217,0.08812815926190588,0.10135417797449846,0.9955656051635742,0.9949627374125043,0.996168472914644,0.08110300153493878,0.07492334114125242,0.08728266192862515,0.9966997742652893,0.9961902605481602,0.9972092879824185,0.15330898761749262,0.15050440150030128,0.15611357373468396,0.01521764881908888,0.01496939161341059,0.01546590602476717,0.15410127341747282,0.15156642338588353,0.1566361234490621
split_tinyimagenet,adam,resnet18,1e-05,rms_global,10,0.1,,0.9,0.999,full_coupled,frozen_boundary,5,0.7171626567840577,0.7140362320202627,0.7202890815478526,0.7203736424446106,0.7131301196760343,0.7276171652131868,0.7207420468330383,0.7183226824750195,0.7231614111910571,0.7166166424751281,0.70958882310281,0.7236444618474462,0.15735300183296203,0.15410967998299097,0.16059632368293308,0.029203875735402063,0.028325291047957446,0.03008246042284668,0.29368593692779543,0.28462410137378613,0.30274777248180473
split_tinyimagenet,adam,resnet18,1e-05,rms_global,10,0.1,,0.9,0.999,full_coupled,time_varying,5,0.18501757085323334,0.16639299268361846,0.20364214902284822,0.9837203860282898,0.9806160512176101,0.9868247208389695,0.16855709850788117,0.15285624439503506,0.18425795262072728,0.9863566994667053,0.9839785272463035,0.9887348716871072,0.3003761649131774,0.293434655608674,0.30731767421768086,0.029203875735402063,0.028325291047957446,0.03008246042284668,0.29368593692779543,0.28462410137378613,0.30274777248180473
split_tinyimagenet,adam,resnet18,1e-05,rms_global,20,0.001,,0.9,0.999,full_coupled,frozen_boundary,5,1.006328558921814,1.000760600644709,1.0118965171989192,0.1409987151622772,0.12716148694799786,0.1548359433765565,1.011745285987854,1.001601332719769,1.0218892392559389,0.21298491656780238,0.1993956482991086,0.22657418483649616,0.3352717816829681,0.32580559441394835,0.3447379689519879,0.00104539357125754,0.0010065397754162868,0.001084247367098793,0.7059854388236999,0.6898343925110373,0.7221364851363625
split_tinyimagenet,adam,resnet18,1e-05,rms_global,20,0.1,,0.9,0.999,full_coupled,time_varying,5,0.30165199041366575,0.2847372209349067,0.3185667598924248,0.9617682814598083,0.9578159449948275,0.9657206179247891,0.2881925880908966,0.2751893368890177,0.3011958392927755,0.9656517624855041,0.9627366643162097,0.9685668606547985,0.4918530106544495,0.48173433279220634,0.5019716885166926,0.04518536701798434,0.04406210361185338,0.0463086304241153,0.4510632872581482,0.44038525061411954,0.46174132390217687
split_tinyimagenet,adam,resnet18,1e-05,rms_layerwise,1,0.1,,0.9,0.999,full_coupled,frozen_boundary,5,0.0395623400275196,0.03801366120138518,0.04111101885365402,0.9997581226485115,0.9997153067259961,0.9998009385710269,0.005087384831027214,0.004445851388369654,0.005728918273684775,0.9999663369996208,0.9999532662321907,0.9999794077670509,0.005398943540369887,0.005169283268734507,0.005628603812005266,0.0005243807540214552,0.0005007857881616017,0.0005479757198813086,0.005397367585932662,0.005168623118864311,0.005626112053001012
split_tinyimagenet,adam,resnet18,1e-05,rms_layerwise,1,0.1,,0.9,0.999,full_coupled,time_varying,5,0.03956234066614078,0.038013661550538744,0.04111101978174282,0.999758129460471,0.9997153115902423,0.9998009473306998,0.005087385383168457,0.0044458509589968016,0.005728919807340112,0.9999663352966308,0.9999532643816784,0.9999794062115832,0.005398943539954115,0.005169283267558197,0.005628603812350033,0.0005243807540214552,0.0005007857881616017,0.0005479757198813086,0.005397367585932662,0.005168623118864311,0.005626112053001012
split_tinyimagenet,adam,resnet18,1e-05,rms_layerwise,5,0.1,,0.9,0.999,full_coupled,frozen_boundary,5,0.6630939551762172,0.6495621923427658,0.6766257180096685,0.7152991188423974,0.7011183741825938,0.729479863502201,0.6335294204098838,0.6195195441365033,0.6475392966832643,0.7725063119615827,0.7555084254956219,0.7895041984275435,0.025817535811802322,0.02468924898982236,0.026945822633782285,0.004051330910130749,0.003972985782053787,0.004129676038207711,0.04075161095575558,0.04000598520587426,0.041497236705636896
split_tinyimagenet,adam,resnet18,1e-05,rms_layerwise,5,0.1,,0.9,0.999,full_coupled,time_varying,5,0.37073246304477964,0.36623554316132856,0.3752293829282307,0.8249137231281825,0.8189035501278342,0.8309238961285307,0.29202063009142876,0.28542433021284036,0.29861692997001715,0.892098583493914,0.8850855118468429,0.8991116551409851,0.04028423483583273,0.03947725277057742,0.041091216901088044,0.004051330910130749,0.003972985782053787,0.004129676038207711,0.04075161095575558,0.04000598520587426,0.041497236705636896
split_tinyimagenet,adam,resnet18,1e-05,rms_layerwise,10,0.1,,0.9,0.999,full_coupled,frozen_boundary,5,0.7760718464851379,0.7684832612268137,0.7836604317434622,0.5969167002609799,0.5924669841136562,0.6013664164083036,0.7559268270220075,0.7495290016903492,0.7623246523536659,0.6458825298718044,0.6380526706467297,0.6537123890968791,0.05138851765077557,0.04884074287919885,0.05393629242235228,0.008593841060064673,0.008442416047054964,0.008745266073074383,0.08565043794390344,0.08414882908598978,0.0871520468018171
split_tinyimagenet,adam,resnet18,1e-05,rms_layerwise,10,0.1,,0.9,0.999,full_coupled,time_varying,5,0.4312724713768278,0.41817918016822264,0.4443657625854329,0.8027391280446734,0.7973034723415471,0.8081747837477997,0.35365650036505286,0.3396632906074471,0.3676497101226586,0.8710430068629129,0.8648501160162559,0.8772358977095699,0.08432011579030321,0.08284554137269817,0.08579469020790825,0.008593841060064673,0.008442416047054964,0.008745266073074383,0.08565043794390344,0.08414882908598978,0.0871520468018171
split_tinyimagenet,adam,resnet18,1e-05,rms_layerwise,20,0.1,,0.9,0.999,full_coupled,frozen_boundary,5,0.9359531879425049,0.895487247575168,0.9764191283098419,0.44051875472068786,0.4211124772673186,0.4599250321740571,0.9337076715060644,0.8857235768391356,0.9816917661729931,0.47750556468963634,0.4577138983051137,0.49729723107415896,0.12003695258338531,0.11098665685443058,0.12908724831234003,0.014536008295336956,0.014001839505911889,0.015070177084762023,0.14365567652774705,0.13841249080921758,0.14889886224627652
split_tinyimagenet,adam,resnet18,1e-05,rms_layerwise,20,0.1,,0.9,0.999,full_coupled,time_varying,5,0.48855347526924947,0.479459200784882,0.4976477497536169,0.7763351640530995,0.7714825453526074,0.7811877827535917,0.4170433789491653,0.40906840922614657,0.4250183486721841,0.8433898644787924,0.8378710170397637,0.848908711917821,0.14202239451530785,0.13782220746716198,0.14622258156345372,0.014536008295336956,0.014001839505911889,0.015070177084762023,0.14365567652774705,0.13841249080921758,0.14889886224627652
split_tinyimagenet,adam,resnet18,1e-05,rms_random_layerwise,1,0.1,,0.9,0.999,full_coupled,frozen_boundary,5,0.018956875614821855,0.017036779651408502,0.020876971578235207,0.9998788595199585,0.9998295683102412,0.9999281507296758,0.004418768815230525,0.0027176457072543275,0.006119891923206722,0.9999870628118515,0.9999757900799064,0.9999983355437965,0.0075219671940430595,0.005882786266907227,0.00916114812117889,0.000753000489203205,0.0005887141708244032,0.0009172868075820069,0.00752100641839201,0.005882140424518407,0.009159872412265613
split_tinyimagenet,adam,resnet18,1e-05,rms_random_layerwise,1,0.1,,0.9,0.999,full_coupled,time_varying,5,0.018956875614821855,0.017036779651408502,0.020876971578235207,0.9998788595199585,0.9998295683102412,0.9999281507296758,0.004418768815230525,0.0027176457072543275,0.006119891923206722,0.9999870628118515,0.9999757900799064,0.9999983355437965,0.0075219671940430595,0.005882786266907227,0.00916114812117889,0.000753000489203205,0.0005887141708244032,0.0009172868075820069,0.00752100641839201,0.005882140424518407,0.009159872412265613
split_tinyimagenet,adam,resnet18,1e-05,rms_random_layerwise,5,0.1,,0.9,0.999,full_coupled,frozen_boundary,5,0.521549278497696,0.4988342574686433,0.5442642995267486,0.8908050209283829,0.8839219343651541,0.8976881074916117,0.5162806004285813,0.49312006348186704,0.5394411373752954,0.8941464394330978,0.8868850813622667,0.9014077975039289,0.035684907576069194,0.028209648241768692,0.043160166910369696,0.00560060078860257,0.004453208574375558,0.006747993002829583,0.055879420507699215,0.044500224482211234,0.0672586165331872
split_tinyimagenet,adam,resnet18,1e-05,rms_random_layerwise,5,0.1,,0.9,0.999,full_coupled,time_varying,5,0.11233948674052949,0.088740838485385,0.13593813499567398,0.9927273154258728,0.9896617729897411,0.9957928578620044,0.08410099353641268,0.06785975537567285,0.1003422316971525,0.995965650677681,0.9945312962640516,0.9974000050913103,0.05555950328707691,0.04420063233917751,0.0669183742349763,0.00560060078860257,0.004453208574375558,0.006747993002829583,0.055879420507699215,0.044500224482211234,0.0672586165331872
split_tinyimagenet,adam,resnet18,1e-05,rms_random_layerwise,10,0.1,,0.9,0.999,full_coupled,frozen_boundary,5,0.6585634469985961,0.6403866624105552,0.6767402315866371,0.7733822673559189,0.7536156159004196,0.7931489188114181,0.6522208154201508,0.631865633221398,0.6725759976189035,0.779200354218483,0.7588609523511789,0.7995397560857871,0.06997346868738527,0.05496111540771452,0.08498582196705602,0.01159941880032416,0.009223714765184375,0.013975122835463944,0.11552340090274807,0.09206440659934656,0.13898239520614958
split_tinyimagenet,adam,resnet18,1e-05,rms_random_layerwise,10,0.1,,0.9,0.999,full_coupled,time_varying,5,0.17994184456765647,0.1466874815747669,0.21319620756054602,0.9814651548862457,0.975268746805716,0.9876615629667755,0.1466535028070211,0.12156986756723524,0.17173713804680696,0.9878521621227264,0.9843995454116055,0.9913047788338474,0.11493560615926975,0.09126758976035404,0.13860362255818545,0.01159941880032416,0.009223714765184375,0.013975122835463944,0.11552340090274807,0.09206440659934656,0.13898239520614958
split_tinyimagenet,adam,resnet18,1e-05,rms_random_layerwise,20,0.1,,0.9,0.999,full_coupled,frozen_boundary,5,0.8809027910232544,0.7539992993300905,1.0078062827164185,0.5810793876647949,0.5159754783111389,0.646183297018451,0.8775485217571258,0.7486360276351359,1.0064610158791156,0.5880012139678001,0.5229891934116231,0.6530132345239772,0.1642455425113439,0.11999669430997607,0.20849439071271175,0.019215681171044652,0.015426308777156023,0.02300505356493328,0.19076547175645825,0.1533874726047046,0.2281434709082119
split_tinyimagenet,adam,resnet18,1e-05,rms_random_layerwise,20,0.1,,0.9,0.999,full_coupled,time_varying,5,0.25740201584994793,0.21157399766437415,0.3032300340355217,0.9628866463899612,0.9515693465742359,0.9742039462056866,0.2209193907678127,0.18050049264520865,0.2613382888904167,0.9731703966856002,0.9650918016620013,0.9812489917091992,0.1921429358422756,0.15320298200605081,0.23108288967850038,0.019215681171044652,0.015426308777156023,0.02300505356493328,0.19076547175645825,0.1533874726047046,0.2281434709082119
split_tinyimagenet,adam,resnet18,0.0001,m,1,0.01,,0.9,0.999,full_coupled,frozen_boundary,5,0.0016870671068317702,0.0015377182482336914,0.001836415965429849,0.999998590350151,0.9999983395100568,0.9999988411902453,0.000845223243231825,0.0007696605331431163,0.0009207859533205337,0.9999996393918991,0.9999995660800746,0.9999997127037236,0.3018021106719971,0.27418472542419714,0.329419495919797,0.0030180258443578546,0.0027418523254883792,0.00329419936322733,0.3018022283911705,0.2741848666586454,0.3294195901236956
split_tinyimagenet,adam,resnet18,0.0001,m,1,0.01,,0.9,0.999,full_coupled,time_varying,5,0.0016870671068317702,0.0015377182482336914,0.001836415965429849,0.999998590350151,0.9999983395100568,0.9999988411902453,0.000845223243231825,0.0007696605331431163,0.0009207859533205337,0.9999996393918991,0.9999995660800746,0.9999997127037236,0.3018021106719971,0.27418472542419714,0.329419495919797,0.0030180258443578546,0.0027418523254883792,0.00329419936322733,0.3018022283911705,0.2741848666586454,0.3294195901236956
split_tinyimagenet,adam,resnet18,0.0001,m,5,0.01,,0.9,0.999,full_coupled,frozen_boundary,5,0.12534441947937008,0.11331415832732282,0.13737468063141736,0.9921827852725983,0.9906723494043166,0.99369322114088,0.07313525229692455,0.06763358722404993,0.07863691736979918,0.9974273085594177,0.9970216095898052,0.9978330075290303,1.2359116077423096,1.1228157457203598,1.3490074697642593,0.01227024993859226,0.011163247498203747,0.013377252378980773,1.220604532957077,1.109378675603679,1.331830390310475
split_tinyimagenet,adam,resnet18,0.0001,m,5,0.01,,0.9,0.999,full_coupled,time_varying,5,0.11927737332880492,0.10577209642931687,0.13278265022829297,0.992802619934082,0.99119571730109,0.994409522567074,0.06210345979779954,0.0544373971010681,0.06976952249453099,0.9980507105588913,0.9975680423408883,0.9985333787768943,1.2182406187057495,1.106777837749498,1.3297033996620011,0.01227024993859226,0.011163247498203747,0.013377252378980773,1.220604532957077,1.109378675603679,1.331830390310475
split_tinyimagenet,adam,resnet18,0.0001,m,10,0.01,,0.9,0.999,full_coupled,frozen_boundary,5,0.1709623113274574,0.15350752599722114,0.18841709665769366,0.9854017823934555,0.982412232828346,0.9883913319585651,0.1020693991333246,0.09450139975780995,0.10963739850883926,0.9949863374233245,0.9941997301778168,0.9957729446688323,1.9658493399620056,1.7859520748120026,2.1457466051120084,0.019529364537447646,0.017798504223732546,0.021260224851162746,1.934235727787018,1.759435163424675,2.109036292149361
split_tinyimagenet,adam,resnet18,0.0001,m,10,0.01,,0.9,0.999,full_coupled,time_varying,5,0.161569219827652,0.14177552262158927,0.1813629170337147,0.9867284953594208,0.9835480606790751,0.9899089300397664,0.08515825420618053,0.07405105449025844,0.09626545392210263,0.9963260948657989,0.9953726732302998,0.9972795165012981,1.927197700738907,1.75152841738664,2.102866984091174,0.019529364537447646,0.017798504223732546,0.021260224851162746,1.934235727787018,1.759435163424675,2.109036292149361
split_tinyimagenet,adam,resnet18,0.0001,m,20,0.01,,0.9,0.999,full_coupled,frozen_boundary,5,0.26547026038169863,0.24960039219799018,0.2813401285654071,0.9647739112377167,0.9603396519501469,0.9692081705252865,0.18495501130819317,0.17542394175981513,0.1944860808565712,0.9833689421415329,0.9814864168874065,0.9852514673956594,2.6738048553466798,2.425731749715404,2.9218779609779557,0.02661487199366087,0.024341654841040894,0.028888089146280847,2.6116718530654905,2.378264890349306,2.845078815781675
split_tinyimagenet,adam,resnet18,0.0001,m,20,0.01,,0.9,0.999,full_coupled,time_varying,5,0.2240689970552921,0.19391028106327024,0.25422771304731395,0.9742254167795181,0.9674048883480404,0.9810459452109959,0.11788199022412296,0.10369923507457633,0.13206474537366958,0.9929473638534546,0.9912836450466265,0.9946110826602828,2.5934530973434446,2.357841010406178,2.829065184280711,0.02661487199366087,0.024341654841040894,0.028888089146280847,2.6116718530654905,2.378264890349306,2.845078815781675
split_tinyimagenet,adam,resnet18,0.0001,rms_global,1,0.03,,0.9,0.999,full_coupled,frozen_boundary,5,0.010549008101224859,0.009950272283853092,0.011147743918596626,0.999985146522522,0.9999823102318248,0.9999879828132192,0.00041126128053288,0.00038470745301724007,0.00043781510804852,0.9999999880790711,0.9999998556878517,1.0000001204702906,0.214097586274147,0.1989211990758416,0.22927397347245237,0.00636588847264644,0.005908664861274153,0.006823112084018728,0.2140933930873871,0.19892155082269605,0.22926523535207813
split_tinyimagenet,adam,resnet18,0.0001,rms_global,1,0.03,,0.9,0.999,full_coupled,time_varying,5,0.010549008101224859,0.009950272283853092,0.011147743918596626,0.999985146522522,0.9999823102318248,0.9999879828132192,0.00041126128053288,0.00038470745301724007,0.00043781510804852,0.9999999880790711,0.9999998556878517,1.0000001204702906,0.214097586274147,0.1989211990758416,0.22927397347245237,0.00636588847264644,0.005908664861274153,0.006823112084018728,0.2140933930873871,0.19892155082269605,0.22926523535207813
split_tinyimagenet,adam,resnet18,0.0001,rms_global,5,0.1,,0.9,0.999,full_coupled,frozen_boundary,5,0.9802104830741882,0.8896727765987966,1.0707481895495798,0.4321792185306549,0.3595467227450177,0.504811714316292,0.97491295337677,0.88531389802074,1.0645120087328,0.4334073901176453,0.3603275501893371,0.5064872300459534,0.755154836177826,0.6900124441033888,0.8202972282522631,0.09346884191036217,0.0892755152833486,0.09766216853737575,0.9483039736747741,0.9049714764086647,0.9916364709408836
split_tinyimagenet,adam,resnet18,0.0001,rms_global,5,0.1,,0.9,0.999,full_coupled,time_varying,5,0.34084790349006655,0.29330566087759896,0.38839014610253414,0.9475668787956237,0.9330175792087503,0.9621161783824972,0.31526330709457395,0.2750365720398249,0.355490042149323,0.9540277361869812,0.9411602469836139,0.9668952253903486,0.9970288395881652,0.9760114413470923,1.0180462378292383,0.09346884191036217,0.0892755152833486,0.09766216853737575,0.9483039736747741,0.9049714764086647,0.9916364709408836
split_tinyimagenet,adam,resnet18,0.0001,rms_global,10,0.001,,0.9,0.999,full_coupled,frozen_boundary,5,1.2316848516464234,1.0654242565057055,1.3979454467871413,0.034841380128636926,0.0048012047707526526,0.06488155548652119,1.4245509147644042,1.1433015933875292,1.7058002361412792,0.05762386023998254,0.012988926217462143,0.10225879426250294,3.2574988842010497,2.310069441727401,4.204928326674699,0.00451371623203152,0.004056411222382013,0.004971021241681027,3.119167518615723,2.9328460800101643,3.3054889572212813
split_tinyimagenet,adam,resnet18,0.0001,rms_global,10,0.1,,0.9,0.999,full_coupled,time_varying,5,0.47841363549232485,0.42683567926859434,0.5299915917160554,0.906014621257782,0.8875687054800208,0.9244605370355432,0.45025634765625,0.4077305251843718,0.4927821701281282,0.9160285949707031,0.9008302925073968,0.9312268974340094,1.726116704940796,1.6723821236968137,1.7798512861847782,0.15293817222118372,0.14584821431011644,0.160028130132251,1.5425704717636108,1.4670582285962315,1.6180827149309902
split_tinyimagenet,adam,resnet18,0.0001,rms_global,20,0.001,,0.9,0.999,full_coupled,frozen_boundary,5,16.64173469543457,6.139033121689161,27.144436269179984,-0.0133296305313706,-0.03394119059222676,0.007281929529485554,24.923497200012207,8.811684679862115,41.0353097201623,-0.013708664756268219,-0.04115050765179691,0.013733178139260475,128.75229110717774,50.50439872899726,207.0001834853582,0.007877946272492359,0.007195173421242841,0.008560719123741876,5.249492835998535,4.994430019023668,5.504555652973402
split_tinyimagenet,adam,resnet18,0.0001,rms_global,20,0.1,,0.9,0.999,full_coupled,time_varying,5,0.6095299482345581,0.5374530372176,0.6816068592515162,0.8506703615188599,0.8210962617761842,0.8802444612615355,0.5801316142082215,0.513240808773779,0.6470224196426639,0.8659669518470764,0.8418746346553535,0.8900592690387993,2.474407434463501,2.3431973252601743,2.6056175436668276,0.2136198371648788,0.2006738959439342,0.22656577838582342,2.135843777656555,2.015726461922245,2.2559610933908654
split_tinyimagenet,adam,resnet18,0.0001,rms_layerwise,1,0.1,,0.9,0.999,full_coupled,frozen_boundary,5,0.036840568908623236,0.035339328446297245,0.03834180937094923,0.9998744709151131,0.9998399659733677,0.9999089758568585,0.0014799402660822772,0.001451458134281532,0.0015084223978830225,0.9999989833150591,0.9999988700340531,0.9999990965960651,0.05431394516989317,0.052313835250283665,0.05631405508950268,0.00527464210941352,0.005069537606767034,0.005479746612060007,0.0542980827540824,0.05230562891603217,0.05629053659213263
split_tinyimagenet,adam,resnet18,0.0001,rms_layerwise,1,0.1,,0.9,0.999,full_coupled,time_varying,5,0.036840569015060096,0.03533932719921948,0.03834181083090071,0.9998744709151131,0.9998399659733677,0.9999089758568585,0.001479940332605317,0.001451457979419287,0.0015084226857913473,0.9999989867210388,0.999998877611943,0.9999990958301347,0.05431394516989317,0.052313835250283665,0.05631405508950268,0.00527464210941352,0.005069537606767034,0.005479746612060007,0.0542980827540824,0.05230562891603217,0.05629053659213263
split_tinyimagenet,adam,resnet18,0.0001,rms_layerwise,5,0.1,,0.9,0.999,full_coupled,frozen_boundary,5,0.9088342513356891,0.8652168019643413,0.9524517007070369,0.525520925436701,0.510277710050724,0.5407641408226781,0.8956755638122559,0.8474870200111276,0.9438641076133841,0.5712421442781176,0.5579575752378779,0.5845267133183573,0.2895627131419522,0.27597814214197813,0.30314728414192627,0.02804379332810636,0.027351928287374285,0.028735658368838433,0.2798891563101539,0.273138213833602,0.28664009878670577
split_tinyimagenet,adam,resnet18,0.0001,rms_layerwise,5,0.1,,0.9,0.999,full_coupled,time_varying,5,0.502618112734386,0.4914814562287849,0.513754769239987,0.7620271508182799,0.7550680673095396,0.7689862343270202,0.4355713556919779,0.4267255518567008,0.444417159527255,0.8265427078519549,0.820947807009023,0.8321376086948868,0.27515434102554404,0.2708882208613654,0.2794204611897227,0.02804379332810636,0.027351928287374285,0.028735658368838433,0.2798891563101539,0.273138213833602,0.28664009878670577
split_tinyimagenet,adam,resnet18,0.0001,rms_layerwise,10,0.001,,0.9,0.999,full_coupled,frozen_boundary,5,1.095278194972447,1.0584083259559973,1.1321480639888968,0.06998233821276308,0.06541768188691001,0.07454699453861614,1.198506772518158,1.139504066748957,1.2575094782873588,0.10623722667473232,0.10177144463076218,0.11070300871870245,1.2589024847107275,1.1271586047931583,1.3906463646282967,0.0029778543327535372,0.0028303681716144932,0.0031253404938925812,1.7073451280593872,1.6460107142264608,1.7686795418923136
split_tinyimagenet,adam,resnet18,0.0001,rms_layerwise,10,0.1,,0.9,0.999,full_coupled,time_varying,5,0.576356760944639,0.5688421602816301,0.5838713616076477,0.7162932259695871,0.7127509483908391,0.7198355035483351,0.5129758455923626,0.5061969460072934,0.5197547451774319,0.7804363174097878,0.7788428358749322,0.7820297989446434,0.48458691223391465,0.47761489768364185,0.49155892678418744,0.0498341151712728,0.04865436351728803,0.05101386682525757,0.49242252212549964,0.48104130176142834,0.5038037424895709
split_tinyimagenet,adam,resnet18,0.0001,rms_layerwise,20,0.001,,0.9,0.999,full_coupled,frozen_boundary,5,7.409058441434587,4.902293864120164,9.915823018749009,0.023806533024513278,0.017212669522720592,0.030400396526305964,12.070173011507306,8.313133963224805,15.827212059789806,0.037956165485749274,0.031780302861444704,0.044132028110053845,42.12238367029599,30.29275799184674,53.952009348745236,0.0056857651831315695,0.005494424294759314,0.005877106071503825,3.102772109849113,2.9858820802133543,3.2196621394848712
split_tinyimagenet,adam,resnet18,0.0001,rms_layerwise,20,0.1,,0.9,0.999,full_coupled,time_varying,5,0.6546782097646169,0.6416163324695101,0.6677400870597237,0.6612538516521453,0.651815133078196,0.6706925702260946,0.5961141509669168,0.5783980758352428,0.6138302260985907,0.7270405845982688,0.7181718601474832,0.7359093090490544,0.7025214686324553,0.6975445986115388,0.7074983386533719,0.07430544479617045,0.07310393217411319,0.0755069574182277,0.7264500935695001,0.713998639650553,0.7389015474884472
split_tinyimagenet,adam,resnet18,0.0001,rms_random_layerwise,1,0.1,,0.9,0.999,full_coupled,frozen_boundary,5,0.01583286426030094,0.012994640396932274,0.018671088123669605,0.9999318242073059,0.9999139353327203,0.9999497130818914,0.00062674125365441,0.0005066687009524074,0.0007468138063564126,0.99999980032444,0.9999996446415695,0.9999999560073105,0.07430316526442762,0.05892887530658211,0.08967745522227313,0.00743778856704007,0.005896588442462506,0.008978988691617633,0.0742941339500248,0.05892179569873249,0.0896664722013171
split_tinyimagenet,adam,resnet18,0.0001,rms_random_layerwise,1,0.1,,0.9,0.999,full_coupled,time_varying,5,0.01583286426030094,0.012994640396932274,0.018671088123669605,0.9999318242073059,0.9999139353327203,0.9999497130818914,0.000626741259475175,0.0005066686886881109,0.000746813830262239,0.99999980032444,0.9999996446415695,0.9999999560073105,0.07430316526442762,0.05892887530658211,0.08967745522227313,0.00743778856704007,0.005896588442462506,0.008978988691617633,0.0742941339500248,0.05892179569873249,0.0896664722013171
split_tinyimagenet,adam,resnet18,0.0001,rms_random_layerwise,5,0.1,,0.9,0.999,full_coupled,frozen_boundary,5,0.8353903979063034,0.6794752617615976,0.9913055340510093,0.6662762507796287,0.588222079199754,0.7443304223595034,0.8282749056816101,0.669558225377456,0.9869915859857642,0.6778047770261765,0.6000577637859259,0.755551790266427,0.3836255852133036,0.2945697436810751,0.4726814267455321,0.03793681315146382,0.030234312421387147,0.045639313881540494,0.374372673034668,0.2989864417456067,0.4497589043237293
split_tinyimagenet,adam,resnet18,0.0001,rms_random_layerwise,5,0.1,,0.9,0.999,full_coupled,time_varying,5,0.3036176927387714,0.25706807331515025,0.3501673121623926,0.948252609372139,0.9353497322126064,0.9611554865316715,0.2547460485249758,0.21508589203351053,0.29440620501644105,0.9639601200819016,0.9554617636234125,0.9724584765403906,0.3710849553346634,0.29332889726855293,0.44884101340077387,0.03793681315146382,0.030234312421387147,0.045639313881540494,0.374372673034668,0.2989864417456067,0.4497589043237293
split_tinyimagenet,adam,resnet18,0.0001,rms_random_layerwise,10,0.001,,0.9,0.999,full_coupled,frozen_boundary,5,1.1136487513780593,1.029776988757737,1.1975205139983816,0.08410977181047197,0.055899694526136315,0.11231984909480762,1.2930869162082672,1.073225127155982,1.5129487052605524,0.14201679620891808,0.09575250477411104,0.18828108764372511,1.733419167995453,1.0735324082009698,2.3933059277899362,0.0032745161908678197,0.0030703412947964775,0.003478691086939162,1.855513620376587,1.7244013774890998,1.986625863264074
split_tinyimagenet,adam,resnet18,0.0001,rms_random_layerwise,10,0.1,,0.9,0.999,full_coupled,time_varying,5,0.3911282867193222,0.3352603798815542,0.4469961935570902,0.914757889509201,0.8928766965089358,0.9366390825094663,0.33948305025696757,0.2898891973865289,0.3890769031274062,0.9370727002620697,0.921233104029848,0.9529122964942913,0.6486863039433957,0.5134017036552467,0.7839709042315446,0.06616059243679041,0.05317266795966947,0.07914851691391135,0.6486162416636944,0.5219795164242615,0.7752529669031272
split_tinyimagenet,adam,resnet18,0.0001,rms_random_layerwise,20,0.001,,0.9,0.999,full_coupled,frozen_boundary,5,10.215211284160613,3.595813876194282,16.834608692126945,0.029622411727905223,0.02124821504759313,0.037996608408217315,18.385460329055785,6.445687682996766,30.325232975114805,0.04668963155709203,0.033453470178664964,0.05992579293551909,63.365928983688356,23.587893753538097,103.14396421383861,0.0062034973176195805,0.005890544354768266,0.006516450280470895,3.3483550786972045,3.117564582964749,3.57914557442966
split_tinyimagenet,adam,resnet18,0.0001,rms_random_layerwise,20,0.1,,0.9,0.999,full_coupled,time_varying,5,0.47273493409156797,0.4128940686418022,0.5325757995413337,0.8763230234384537,0.8448561391340308,0.9077899077428766,0.41984370201826093,0.36462260608311725,0.4750647979534046,0.9048709362745285,0.8806270865634459,0.9291147859856111,0.9354084968566895,0.7385045528224755,1.1323124408909035,0.09704537168145176,0.07861872180118146,0.11547202156172207,0.9443248242139817,0.7652315069289499,1.1234181414990134
split_tinyimagenet,adam,smallcnn,1e-05,m,1,0.01,,0.9,0.999,full_coupled,frozen_boundary,5,9.34343373160118e-07,5.775128004311228e-07,1.2911739458891134e-06,0.9999999850988388,0.999999950484326,1.0000000197133516,4.849864438938312e-07,3.059468169905703e-07,6.64026070797092e-07,1.0000000298023224,0.9999999605732967,1.000000099031348,77.8745138168335,44.78871414855025,110.96031348511676,0.7787451356649399,0.4478871323766276,1.1096031389532521,77.87451171875,44.78871309485152,110.96031034264848
split_tinyimagenet,adam,smallcnn,1e-05,m,1,0.01,,0.9,0.999,full_coupled,time_varying,5,9.34343373160118e-07,5.775128004311228e-07,1.2911739458891134e-06,0.9999999850988388,0.999999950484326,1.0000000197133516,4.849864438938312e-07,3.059468169905703e-07,6.64026070797092e-07,1.0000000298023224,0.9999999605732967,1.000000099031348,77.8745138168335,44.78871414855025,110.96031348511676,0.7787451356649399,0.4478871323766276,1.1096031389532521,77.87451171875,44.78871309485152,110.96031034264848
split_tinyimagenet,adam,smallcnn,1e-05,m,5,0.001,,0.9,0.999,full_coupled,frozen_boundary,5,0.0006718953241942901,0.0001633376178340175,0.0011804530305545625,0.99999960064888,0.9999988308135763,1.0000003704841838,0.0006641151732764701,0.00029359048626795655,0.0010346398602849836,0.9999996691942215,0.9999992419568129,1.00000009643163,318.90390701293944,183.41425405319575,454.39355997268314,0.3189662419259548,0.18347878480131488,0.45445369905059474,318.9647346496582,183.48096868102022,454.44850061829624
split_tinyimagenet,adam,smallcnn,1e-05,m,5,0.0003,,0.9,0.999,full_coupled,time_varying,5,1.720180875963706e-05,1.2096841988238149e-05,2.2306775531035973e-05,1.00000002682209,0.9999999937242853,1.000000059919895,1.56536710619508e-05,-1.973830252566875e-06,3.3281172376468475e-05,1.00000002682209,0.9999999846305019,1.0000000690136783,318.9633430480957,183.4830444458675,454.44364165032385,0.09568900950253005,0.055044911975335314,0.1363331070297248,318.9633544921875,183.4830385618463,454.4436704225286
split_tinyimagenet,adam,smallcnn,1e-05,m,10,0.0003,,0.9,0.999,full_coupled,frozen_boundary,5,0.0015793863247381048,4.076991292993105e-05,0.0031180027365462788,0.9999956309795379,0.999984809912729,1.0000064520463467,0.00158310001424974,4.405577112415529e-05,0.003122144257375325,0.9999956250190735,0.9999848384887787,1.000006411549368,507.2134414672852,291.71850605075224,722.7083768838181,0.15222074203193184,0.08758210674710011,0.21685937731676358,507.4024169921875,291.9402427358093,722.8645912485657
split_tinyimagenet,adam,smallcnn,1e-05,m,10,0.0003,,0.9,0.999,full_coupled,time_varying,5,2.683830884961935e-05,1.659401760704261e-05,3.708260009219609e-05,1.0000000029802323,0.9999999357582728,1.0000000702021916,3.719516387263402e-05,-2.4846888130321767e-05,9.923721587558981e-05,1.0000000059604646,0.9999999526560414,1.0000000592648877,507.4024322509766,291.9403241470543,722.8645403548988,0.15222074203193184,0.08758210674710011,0.21685937731676358,507.4024169921875,291.9402427358093,722.8645912485657
split_tinyimagenet,adam,smallcnn,1e-05,m,20,0.0003,,0.9,0.999,full_coupled,frozen_boundary,5,0.0028609618253539796,0.0009990563232402838,0.004722867327467675,0.9999907046556473,0.9999738087034182,1.0000076006078764,0.00294025384355332,0.001009300389511378,0.004871207297595262,0.9999903947114944,0.9999735851704766,1.000007204252512,684.0677612304687,393.43433744534093,974.7011850155965,0.2053468339145183,0.1181678881444527,0.29252577968458393,684.485400390625,393.8863649839063,975.0844357973438
split_tinyimagenet,adam,smallcnn,1e-05,m,20,0.0001,,0.9,0.999,full_coupled,time_varying,5,0.00011562670970302934,7.35237597678101e-05,0.0001577296596382486,0.9999999970197677,0.9999999639219629,1.0000000301175727,0.00017505549913038155,-0.0001268462010410881,0.00047695719930185125,0.9999998837709427,0.9999995685805976,1.000000198961288,684.4884033203125,393.8915724310204,975.0852342096046,0.06844883207231754,0.039389135504298456,0.09750852864033663,684.4881195068359,393.89094322604,975.0852957876318
split_tinyimagenet,adam,smallcnn,1e-05,rms_global,1,0.1,,0.9,0.999,full_coupled,frozen_boundary,5,0.04821741357445712,0.04686448756093225,0.049570339587981994,0.9999707698822021,0.999957855947495,0.9999836838169093,0.00296050817705686,0.0026742429398005692,0.003246773414313151,0.9999963998794555,0.9999956754986272,0.9999971242602839,0.00127412388101216,0.0011209842364470182,0.0014272635255773017,0.00012163431238146,0.000106876681448108,0.00013639194331481198,0.00127573676872994,0.0011225558671770356,0.0014289176702828442
split_tinyimagenet,adam,smallcnn,1e-05,rms_global,1,0.1,,0.9,0.999,full_coupled,time_varying,5,0.04821741357445712,0.04686448756093225,0.049570339587981994,0.9999707698822021,0.999957855947495,0.9999836838169093,0.002960508223623,0.0026742428759619335,0.0032467735712840666,0.9999963998794555,0.9999956754986272,0.9999971242602839,0.00127412388101216,0.0011209842364470182,0.0014272635255773017,0.00012163431238146,0.000106876681448108,0.00013639194331481198,0.00127573676872994,0.0011225558671770356,0.0014289176702828442
split_tinyimagenet,adam,smallcnn,1e-05,rms_global,5,0.01,,0.9,0.999,full_coupled,frozen_boundary,5,0.5843361139297485,0.5615073522986427,0.6071648755608543,0.86061589717865,0.8370190460388962,0.8842127483184037,0.5843439817428588,0.5612799789369785,0.6074079845487392,0.8612648129463196,0.8375894800509291,0.8849401458417101,0.0062836699187755005,0.005537552423074591,0.00702978741447641,0.00010941160435320005,9.594029554507944e-05,0.00012288291316132067,0.01096693631261584,0.009612413355727881,0.012321459269503798
split_tinyimagenet,adam,smallcnn,1e-05,rms_global,5,0.1,,0.9,0.999,full_coupled,time_varying,5,0.0436088271439075,0.038685199796594405,0.048532454491220595,0.9998378276824951,0.9996112083432481,1.0000644470217421,0.00799171607941384,0.002654813134060451,0.013328619024767228,0.9999614715576172,0.9999038107880174,1.000019132327217,0.010979384183883622,0.009612851090846473,0.01234591727692077,0.00105612475890662,0.0009230443388374914,0.0011892051789757483,0.01097262836992734,0.009623251649962455,0.012322005089892226
split_tinyimagenet,adam,smallcnn,1e-05,rms_global,10,0.1,,0.9,0.999,full_coupled,frozen_boundary,5,0.7209741115570069,0.6965012539690709,0.7454469691449428,0.7703389406204224,0.7320860303024362,0.8085918509384086,0.7274256348609924,0.703426217556341,0.7514250521656438,0.770180594921112,0.731879398011052,0.8084817918311721,0.012170409969985441,0.010756794587245369,0.013584025352725513,0.0028066298458724803,0.0025038787974740444,0.003109380894270916,0.02895883247256274,0.02595549094975685,0.03196217399536863
split_tinyimagenet,adam,smallcnn,1e-05,rms_global,10,0.1,,0.9,0.999,full_coupled,time_varying,5,0.042718779295682865,0.036650973074888356,0.048786585516477375,0.9996945023536682,0.9993926211847545,0.9999963835225819,0.01584846097975964,0.011736364663079887,0.01996055729643939,0.9998797655105591,0.999807183480969,0.9999523475401493,0.02904354743659492,0.025898745850027338,0.0321883490231625,0.0028066298458724803,0.0025038787974740444,0.003109380894270916,0.02895883247256274,0.02595549094975685,0.03196217399536863
split_tinyimagenet,adam,smallcnn,1e-05,rms_global,20,0.1,,0.9,0.999,full_coupled,frozen_boundary,5,0.8001489758491516,0.7740892443646472,0.8262087073336559,0.6912874817848206,0.641472754105413,0.7411022094642281,0.8044129371643066,0.778355404221511,0.8304704701071023,0.6894769072532654,0.6395024493978538,0.7394513651086769,0.02243826687335964,0.019841091798799042,0.025035441947920237,0.0064557409845292,0.006111624815915698,0.006799857153142702,0.06610398590564723,0.06280142172764094,0.06940655008365351
split_tinyimagenet,adam,smallcnn,1e-05,rms_global,20,0.1,,0.9,0.999,full_coupled,time_varying,5,0.05547337234020226,0.04792844269093107,0.06301830198947345,0.9989471077919007,0.9984486566349189,0.9994455589488824,0.04284419789910314,0.03568900095683039,0.04999939484137589,0.9991269707679749,0.9988070700524142,0.9994468714835355,0.06651207804679866,0.062480335981468606,0.07054382011212873,0.0064557409845292,0.006111624815915698,0.006799857153142702,0.06610398590564723,0.06280142172764094,0.06940655008365351
split_tinyimagenet,adam,smallcnn,1e-05,rms_layerwise,1,0.1,,0.9,0.999,full_coupled,frozen_boundary,5,0.04839383698999877,0.04676379666502829,0.05002387731496925,0.9999530990918478,0.9999422033280615,0.9999639948556341,0.004124125873204264,0.0035030659175041188,0.004745185828904409,0.9999910940726597,0.9999877498337775,0.999994438311542,0.00025254732333145416,0.00021458567106421428,0.00029050897559869404,2.4128987653663596e-05,2.0468397710491582e-05,2.778957759683561e-05,0.00025284700242686155,0.00021487694528481057,0.00029081705956891254
split_tinyimagenet,adam,smallcnn,1e-05,rms_layerwise,1,0.1,,0.9,0.999,full_coupled,time_varying,5,0.048393836803734255,0.046763795486409916,0.050023878121058594,0.9999530980984369,0.99994220311055,0.9999639930863238,0.004124125966336523,0.0035030654594721683,0.004745186473200878,0.9999910960594812,0.9999877503633539,0.9999944417556086,0.00025254732333145416,0.00021458567106421428,0.00029050897559869404,2.4128987653663596e-05,2.0468397710491582e-05,2.778957759683561e-05,0.00025284700242686155,0.00021487694528481057,0.00029081705956891254
split_tinyimagenet,adam,smallcnn,1e-05,rms_layerwise,5,0.1,,0.9,0.999,full_coupled,frozen_boundary,5,0.5766717046499252,0.5318620215956157,0.6214813877042348,0.8677623470624288,0.8342577477357055,0.9012669463891522,0.5837581694126128,0.5404462809913323,0.6270700578338934,0.8686182012160618,0.8353649627565671,0.9018714396755565,0.0012555255204763716,0.0010673637832738375,0.0014436872576789057,0.00020569557445921388,0.0001760238471359183,0.00023536730178250946,0.002138113915983261,0.0018365912522882576,0.002439636579678265
split_tinyimagenet,adam,smallcnn,1e-05,rms_layerwise,5,0.1,,0.9,0.999,full_coupled,time_varying,5,0.05711195946981505,0.054250281132680565,0.05997363780694954,0.9989788919687271,0.9987315473872319,0.9992262365502224,0.018515061590975726,0.015027171818700528,0.022002951363250926,0.9996366123358408,0.9995167659461234,0.9997564587255582,0.0021370162807821686,0.0018346908092125216,0.0024393417523518156,0.00020569557445921388,0.0001760238471359183,0.00023536730178250946,0.002138113915983261,0.0018365912522882576,0.002439636579678265
split_tinyimagenet,adam,smallcnn,1e-05,rms_layerwise,10,0.1,,0.9,0.999,full_coupled,frozen_boundary,5,0.7294040918350221,0.6861046207950879,0.7727035628749562,0.7750834013024965,0.7203522099461008,0.8298145926588922,0.733620461821556,0.6916531932354136,0.7755877304076985,0.7753812104463578,0.720931561050426,0.8298308598422895,0.0024829726973014483,0.0021127053694027743,0.0028532400252001223,0.0005438241993942674,0.0004776563086877985,0.0006099920901007364,0.005621161375650693,0.004956465239917702,0.006285857511383684
split_tinyimagenet,adam,smallcnn,1e-05,rms_layerwise,10,0.1,,0.9,0.999,full_coupled,time_varying,5,0.056794563991328026,0.05444608883848138,0.059143039144174674,0.9987874696652094,0.9985926659492478,0.998982273381171,0.023587680891311375,0.01890576534835817,0.02826959643426458,0.9994992305835086,0.9992736925076783,0.999724768659339,0.005618284984181276,0.004947559403290163,0.0062890105650723884,0.0005438241993942674,0.0004776563086877985,0.0006099920901007364,0.005621161375650693,0.004956465239917702,0.006285857511383684
split_tinyimagenet,adam,smallcnn,1e-05,rms_layerwise,20,0.1,,0.9,0.999,full_coupled,frozen_boundary,5,0.8139813105265299,0.7732896373441273,0.8546729837089325,0.6901428833603859,0.6195185145725289,0.7607672521482428,0.8160775363445282,0.7766158820466357,0.8555391906424207,0.6900944774349531,0.6203937480438851,0.7597952068260211,0.004852710750613621,0.004126649976434982,0.005578771524792261,0.0012981847108675957,0.0012031905782063188,0.0013931788435288725,0.013330945929434726,0.0123918593128534,0.014270032546016052
split_tinyimagenet,adam,smallcnn,1e-05,rms_layerwise,20,0.1,,0.9,0.999,full_coupled,time_varying,5,0.0717636053760846,0.057189326781746264,0.08633788397042294,0.9969999214013419,0.9949840157175398,0.9990158270851439,0.039013800715717126,0.030823615324598284,0.04720398610683597,0.9987878551085789,0.9983201146433436,0.9992555955738143,0.013306277354907515,0.012345865252444776,0.014266689457370254,0.0012981847108675957,0.0012031905782063188,0.0013931788435288725,0.013330945929434726,0.0123918593128534,0.014270032546016052
split_tinyimagenet,adam,smallcnn,1e-05,rms_random_layerwise,1,0.1,,0.9,0.999,full_coupled,frozen_boundary,5,0.026688725035637573,0.024941076924525858,0.028436373146749287,0.9997519522905349,0.9996683986728448,0.999835505908225,0.008561143698170735,0.0068153631120242255,0.010306924284317245,0.9999602943658829,0.9999438719064094,0.9999767168253563,0.00041991991747631003,0.0003383683718338088,0.0005014714631188113,4.218603207846172e-05,3.403789088405945e-05,5.033417327286399e-05,0.00042003226626543996,0.00033846708364637906,0.0005015974488845009
split_tinyimagenet,adam,smallcnn,1e-05,rms_random_layerwise,1,0.1,,0.9,0.999,full_coupled,time_varying,5,0.026688725035637573,0.024941076924525858,0.028436373146749287,0.9997519522905349,0.9996683986728448,0.999835505908225,0.008561143674887665,0.006815363139701388,0.010306924210073941,0.9999602943658829,0.9999438719064094,0.9999767168253563,0.00041991991747631003,0.0003383683718338088,0.0005014714631188113,4.218603207846172e-05,3.403789088405945e-05,5.033417327286399e-05,0.00042003226626543996,0.00033846708364637906,0.0005015974488845009
split_tinyimagenet,adam,smallcnn,1e-05,rms_random_layerwise,5,0.1,,0.9,0.999,full_coupled,frozen_boundary,5,0.5652439683675766,0.5321911636046806,0.5982967731304727,0.8717671811580658,0.8401331081162731,0.9034012541998586,0.5641390234231949,0.5312560458082409,0.5970220010381488,0.871932715177536,0.8405547425945785,0.9033106877604935,0.00208753937622528,0.001682540080769267,0.0024925386716812925,0.000352501131419515,0.00027419410020748094,0.00043080816263154904,0.0035115790436975056,0.0027285851036245655,0.004294572983770445
split_tinyimagenet,adam,smallcnn,1e-05,rms_random_layerwise,5,0.1,,0.9,0.999,full_coupled,time_varying,5,0.022526855859905444,0.019873212320120816,0.02518049939969007,0.9998129963874817,0.9996997033939184,0.9999262893810449,0.007800404820591153,0.0069137454747437935,0.008687064166438512,0.9999679625034332,0.9999603027120588,0.9999756222948076,0.003510937024839165,0.0027269768107047116,0.0042948972389736184,0.000352501131419515,0.00027419410020748094,0.00043080816263154904,0.0035115790436975056,0.0027285851036245655,0.004294572983770445
split_tinyimagenet,adam,smallcnn,1e-05,rms_random_layerwise,10,0.1,,0.9,0.999,full_coupled,frozen_boundary,5,0.7085843741893768,0.677137423689198,0.7400313246895556,0.7859294176101684,0.7372929000693732,0.8345659351509637,0.7079620242118836,0.6768030070914375,0.7391210413323297,0.786015972495079,0.7377615492976098,0.8342703956925482,0.0041268463362939154,0.003327793964217236,0.004925898708370595,0.0009333478636107801,0.0007493346016370872,0.0011173611255844728,0.009301915089599749,0.007462177582010731,0.011141652597188766
split_tinyimagenet,adam,smallcnn,1e-05,rms_random_layerwise,10,0.1,,0.9,0.999,full_coupled,time_varying,5,0.02506074346601958,0.019650803230370252,0.03047068370166891,0.9996993273496628,0.9994367761945804,0.9999618785047453,0.01197370185982431,0.010683324328310251,0.01326407939133837,0.9999239832162857,0.9999071760836469,0.9999407903489246,0.009302049502730319,0.007459889792146875,0.011144209213313763,0.0009333478636107801,0.0007493346016370872,0.0011173611255844728,0.009301915089599749,0.007462177582010731,0.011141652597188766
split_tinyimagenet,adam,smallcnn,1e-05,rms_random_layerwise,20,0.1,,0.9,0.999,full_coupled,frozen_boundary,5,0.7824662446975708,0.7440833607014463,0.8208491286936952,0.7160296440124512,0.6451054874574924,0.7869538005674099,0.7819655418395997,0.743586677322014,0.8203444063571853,0.7162585496902466,0.6452973968035001,0.7872197025769931,0.008042443776503165,0.006487721199872617,0.009597166353133714,0.002205026376759585,0.0018654311017158426,0.0025446216518033274,0.0219819247256964,0.018584062100526884,0.025379787350865914
split_tinyimagenet,adam,smallcnn,1e-05,rms_random_layerwise,20,0.1,,0.9,0.999,full_coupled,time_varying,5,0.03422826630994673,0.030393246774274067,0.03806328584561939,0.999407234787941,0.9992685469030974,0.9995459226727846,0.025322680966928558,0.020178698667349084,0.030466663266508032,0.9996452420949936,0.9995095448201898,0.9997809393697974,0.021984936203807547,0.018589615848476602,0.025380256559138493,0.002205026376759585,0.0018654311017158426,0.0025446216518033274,0.0219819247256964,0.018584062100526884,0.025379787350865914
split_tinyimagenet,adam,smallcnn,0.0001,m,1,0.01,,0.9,0.999,full_coupled,frozen_boundary,5,1.2067125574333203e-07,9.3039759280582e-08,1.4830275220608206e-07,1.0000000089406966,0.9999999540541966,1.0000000638271966,9.029966676621371e-08,8.089951562356745e-08,9.969981790885997e-08,1.0000000476837159,1.0000000235597524,1.0000000718076794,778.7455017089844,447.89135938358595,1109.599644034383,7.78745481967926,4.4789136332985455,11.095996006059973,778.7454864501954,447.89135393282174,1109.5996189675689
split_tinyimagenet,adam,smallcnn,0.0001,m,1,0.01,,0.9,0.999,full_coupled,time_varying,5,1.2067125574333203e-07,9.3039759280582e-08,1.4830275220608206e-07,1.0000000089406966,0.9999999540541966,1.0000000638271966,9.029966676621371e-08,8.089951562356745e-08,9.969981790885997e-08,1.0000000476837159,1.0000000235597524,1.0000000718076794,778.7455017089844,447.89135938358595,1109.599644034383,7.78745481967926,4.4789136332985455,11.095996006059973,778.7454864501954,447.89135393282174,1109.5996189675689
split_tinyimagenet,adam,smallcnn,0.0001,m,5,0.0001,,0.9,0.999,full_coupled,frozen_boundary,5,0.00288396424730304,-0.0009622959064302899,0.006730224401036371,0.9999806642532348,0.999936837410299,1.0000244910961706,0.002366395456192495,-0.0007224639803488824,0.005455254892733873,0.9999911099672317,0.9999718933688401,1.0000103265656235,3189.0410034179686,1834.160729759114,4543.921277076823,0.3189296625554562,0.1834401000099834,0.45441922510092897,3189.426318359375,1834.4960323014527,4544.356604417297
split_tinyimagenet,adam,smallcnn,0.0001,m,5,1e-06,,0.9,0.999,full_coupled,time_varying,5,0.0009348244588181251,0.00037961901632916934,0.001490029901307081,0.9999993145465851,0.9999984719327653,1.000000157160405,0.0005860235327417673,0.0003298829857358305,0.0008421640797477042,0.9999997943639756,0.9999996005756923,0.9999999881522589,3189.458947753906,1834.4220213004364,4544.495874207376,0.0031894596642814146,0.0018344229598867908,0.004544496368676038,3189.4591552734373,1834.42233836696,4544.495972179915
split_tinyimagenet,adam,smallcnn,0.0001,m,10,3e-05,,0.9,0.999,full_coupled,frozen_boundary,5,0.00798348112439266,-0.007625617321688387,0.023592579570473705,0.9998831629753113,0.9995712447853939,1.0001950811652287,0.00692465623433232,-0.004461629267126607,0.018310941735791248,0.9999300450086593,0.9997561944292116,1.000103895588107,5072.14013671875,2917.2192288219285,7227.0610446155715,0.15220421776175494,0.08754784702876066,0.2168605884947492,5073.104418945312,2917.8100225528665,7228.398815337758
split_tinyimagenet,adam,smallcnn,0.0001,m,10,3e-05,,0.9,0.999,full_coupled,time_varying,5,0.003407241559762005,-0.005027956602590532,0.011842439722114542,0.9999296694993973,0.9997348039126581,1.0001245350861365,0.0026836065513634404,-0.0018926858851508132,0.007259898987877694,0.9999754965305329,0.9999158328175866,1.0000351602434792,5073.198645019531,2917.79513143519,7228.602158603871,0.15220421776175494,0.08754784702876066,0.2168605884947492,5073.104418945312,2917.8100225528665,7228.398815337758
split_tinyimagenet,adam,smallcnn,0.0001,m,20,3e-05,,0.9,0.999,full_coupled,frozen_boundary,5,0.027907737740315457,-0.01126782189744912,0.06708329737808003,0.9987829625606537,0.9958601292563946,1.001705795864913,0.021741614677011918,-0.0078094330238773005,0.05129266237790114,0.9995015591382981,0.9983598444124963,1.0006432738641,6840.712963867188,3934.444657648399,9746.981270085977,0.20531433895230294,0.11814434796374985,0.29248432994085605,6837.6669921875,3928.185795558395,9747.148188816605
split_tinyimagenet,adam,smallcnn,0.0001,m,20,3e-05,,0.9,0.999,full_coupled,time_varying,5,0.021892097433737878,-0.012870012240924288,0.056654207108400044,0.9989097267389297,0.9962244421127847,1.001595011365075,0.015669966959103426,-0.009894932373516258,0.04123486629172311,0.9996343672275543,0.9987461819923271,1.0005225524627814,6838.770336914063,3930.1699209160265,9747.370752912098,0.20531433895230294,0.11814434796374985,0.29248432994085605,6837.6669921875,3928.185795558395,9747.148188816605
split_tinyimagenet,adam,smallcnn,0.0001,rms_global,1,0.03,,0.9,0.999,full_coupled,frozen_boundary,5,0.014257611334323841,0.013910184834465485,0.014605037834182197,0.9999971270561219,0.9999961023596297,0.9999981517526141,0.00087206343887368,0.0007884112607029912,0.0009557156170443687,0.9999995708465577,0.9999994103989959,0.9999997312941195,0.012943433411419342,0.011792667059408134,0.01409419976343055,0.00038293134421103997,0.0003487421806532747,0.00041712050776880524,0.01294491998851294,0.011794174764611745,0.014095665212414137
split_tinyimagenet,adam,smallcnn,0.0001,rms_global,1,0.03,,0.9,0.999,full_coupled,time_varying,5,0.014257611520588362,0.013910185071439535,0.01460503796973719,0.9999971270561219,0.9999961023596297,0.9999981517526141,0.00087206353200594,0.0007884112433183844,0.0009557158206934957,0.9999995708465577,0.9999994103989959,0.9999997312941195,0.012943433411419342,0.011792667059408134,0.01409419976343055,0.00038293134421103997,0.0003487421806532747,0.00041712050776880524,0.01294491998851294,0.011794174764611745,0.014095665212414137
split_tinyimagenet,adam,smallcnn,0.0001,rms_global,5,0.03,,0.9,0.999,full_coupled,frozen_boundary,5,0.5813571214675903,0.5356009067789754,0.6271133361562052,0.8511023402214051,0.8111896701029051,0.891015010339905,0.5838289141654969,0.538243868991657,0.6294139593393367,0.8512130498886108,0.811144948114524,0.8912811516626976,0.05784558057785029,0.0508444415809626,0.06484671957473798,0.0028939814306795,0.0026500992044439743,0.003137863656915026,0.09742467850446698,0.08922129377556008,0.10562806323337388
split_tinyimagenet,adam,smallcnn,0.0001,rms_global,5,0.1,,0.9,0.999,full_coupled,time_varying,5,0.06707140281796452,0.0349981011758542,0.09914470446007484,0.9982446789741516,0.9956577733466851,1.000831584601618,0.04176779203116889,0.02414927373518642,0.05938631032715136,0.9990618109703064,0.998239165143364,0.9998844567972489,0.09755729734897609,0.08880597441195483,0.10630862028599734,0.009404483437538101,0.008591218389781422,0.01021774848529478,0.09737521260976786,0.0891728634686841,0.10557756175085163
split_tinyimagenet,adam,smallcnn,0.0001,rms_global,10,0.1,,0.9,0.999,full_coupled,frozen_boundary,5,0.7365365624427795,0.6832547662373352,0.7898183586482239,0.7192236065864563,0.6531061168341948,0.7853410963387178,0.739475667476654,0.6880202346558479,0.7909311002974602,0.7205317735671997,0.6564467457109041,0.7846168014234952,0.09816943109035488,0.08493496764685866,0.11140389453385109,0.020854970067739464,0.02004389275674336,0.021666047378735568,0.21333658695220947,0.20477558003295823,0.2218975938714607
split_tinyimagenet,adam,smallcnn,0.0001,rms_global,10,0.1,,0.9,0.999,full_coupled,time_varying,5,0.13126673847436904,0.08128616877240866,0.18124730817632942,0.9915378212928772,0.983933805707868,0.9991418368778863,0.11181194186210627,0.08198277298824617,0.14164111073596636,0.99368656873703,0.9902906915178112,0.9970824459562487,0.215104541182518,0.20276558043889653,0.2274435019261395,0.020854970067739464,0.02004389275674336,0.021666047378735568,0.21333658695220947,0.20477558003295823,0.2218975938714607
split_tinyimagenet,adam,smallcnn,0.0001,rms_global,20,0.1,,0.9,0.999,full_coupled,frozen_boundary,5,0.8861498475074768,0.839807962028478,0.9324917329864757,0.4650889217853546,0.37583822533388717,0.5543396182368221,0.8844524145126342,0.8392593354924677,0.9296454935328008,0.46852233409881594,0.38126630399768624,0.5557783641999456,0.17039887607097626,0.14481544668475602,0.1959823054571965,0.036312935501337,0.03495535432245572,0.03767051668021827,0.36610708832740785,0.3524334362384399,0.3797807404163758
split_tinyimagenet,adam,smallcnn,0.0001,rms_global,20,0.1,,0.9,0.999,full_coupled,time_varying,5,0.27849261760711663,0.2458228634619598,0.31116237175227346,0.9652642726898193,0.9529084160537691,0.9776201293258695,0.2529193192720413,0.23592670583904055,0.26991193270504205,0.9712363839149475,0.9646885432557923,0.9777842245741026,0.38491405844688414,0.3758308775742782,0.3939972393194901,0.036312935501337,0.03495535432245572,0.03767051668021827,0.36610708832740785,0.3524334362384399,0.3797807404163758
split_tinyimagenet,adam,smallcnn,0.0001,rms_layerwise,1,0.03,,0.9,0.999,full_coupled,frozen_boundary,5,0.014443269108111606,0.014011028144122266,0.014875510072100947,0.9999950190385182,0.9999926604030113,0.9999973776740251,0.0013267400364080498,0.000939198164852583,0.0017142819079635167,0.9999989002943039,0.9999980977057107,0.9999997028828972,0.00247369016178704,0.002084627187609738,0.002862753135964342,7.31880111099145e-05,6.165588714446971e-05,8.47201350753593e-05,0.00247397179555259,0.002084886434993679,0.0028630571561115013
split_tinyimagenet,adam,smallcnn,0.0001,rms_layerwise,1,0.03,,0.9,0.999,full_coupled,time_varying,5,0.014443268766626664,0.014011027809717094,0.014875509723536233,0.9999950170516968,0.9999926598922433,0.9999973742111503,0.0013267397473100033,0.0009391980672638894,0.0017142814273561173,0.9999989002943039,0.9999980968885999,0.999999703700008,0.002473690159846785,0.0020846271891321756,0.002862753130561394,7.31880111099145e-05,6.165588714446971e-05,8.47201350753593e-05,0.00247397179555259,0.002084886434993679,0.0028630571561115013
split_tinyimagenet,adam,smallcnn,0.0001,rms_layerwise,5,0.1,,0.9,0.999,full_coupled,frozen_boundary,5,0.5802720134456952,0.5031229020290392,0.6574211248623513,0.8446992014845212,0.7723433157226822,0.9170550872463601,0.5841735924283663,0.5096026853609892,0.6587444994957434,0.8484979679187139,0.777508833916419,0.9194871019210088,0.012035042728530199,0.010147049661018055,0.013923035796042343,0.0018685980650236804,0.0016178946590439643,0.0021193014710033965,0.019415084092179267,0.016863735618792897,0.021966432565565637
split_tinyimagenet,adam,smallcnn,0.0001,rms_layerwise,5,0.1,,0.9,0.999,full_coupled,time_varying,5,0.09043413077791528,0.06792719094712472,0.11294107060870583,0.9925902962684632,0.9819895776913766,1.0031910148455498,0.04424582656162475,0.03889970447507431,0.049591948648175184,0.9984327286481858,0.9981113839655847,0.9987540733307868,0.01937723809581556,0.016812178557781034,0.021942297633850083,0.0018685980650236804,0.0016178946590439643,0.0021193014710033965,0.019415084092179267,0.016863735618792897,0.021966432565565637
split_tinyimagenet,adam,smallcnn,0.0001,rms_layerwise,10,0.1,,0.9,0.999,full_coupled,frozen_boundary,5,0.7385044684012732,0.6595655871547764,0.8174433496477699,0.7127121570209662,0.6064173464770449,0.8190069675648876,0.7405788411696752,0.6605782823506899,0.8205793999886605,0.713479853918155,0.6036169457984663,0.8233427620378438,0.023573710059281393,0.019734463986137027,0.02741295613242576,0.004453198963892595,0.004198164287053671,0.00470823364073152,0.045937193817614214,0.0433837595684008,0.04849062806682763
split_tinyimagenet,adam,smallcnn,0.0001,rms_layerwise,10,0.1,,0.9,0.999,full_coupled,time_varying,5,0.13391124407450355,0.09145390634819844,0.17636858180080867,0.9854580283164978,0.9689551746289697,1.0019608820040258,0.09396971288758016,0.05228953162514154,0.13564989415001877,0.991152744491895,0.9795830593836481,1.002722429600142,0.04565564484025037,0.043165465511775025,0.04814582416872572,0.004453198963892595,0.004198164287053671,0.00470823364073152,0.045937193817614214,0.0433837595684008,0.04849062806682763
split_tinyimagenet,adam,smallcnn,0.0001,rms_layerwise,20,0.1,,0.9,0.999,full_coupled,frozen_boundary,5,0.8533233304818472,0.7776033817632542,0.9290432792004402,0.5362613625203569,0.3995004260298398,0.6730222990108741,0.8472800344228745,0.7734843927894522,0.9210756760562967,0.5467558382079005,0.414787258749905,0.678724417665896,0.04834504447644573,0.039356490944540856,0.0573335980083506,0.008986564449150998,0.008541269386189968,0.009431859512112029,0.08933644474018361,0.08791276533431265,0.09076012414605457
split_tinyimagenet,adam,smallcnn,0.0001,rms_layerwise,20,0.1,,0.9,0.999,full_coupled,time_varying,5,0.25875054970383643,0.1602355817115285,0.35726551769614434,0.9436682969331741,0.8940798813621923,0.9932567125041559,0.18220925545319916,0.10130536294070412,0.2631131479656942,0.9689514746268589,0.9361474418465479,1.00175550740717,0.08780587774235751,0.08551989177839361,0.09009186370632141,0.008986564449150998,0.008541269386189968,0.009431859512112029,0.08933644474018361,0.08791276533431265,0.09076012414605457
split_tinyimagenet,adam,smallcnn,0.0001,rms_random_layerwise,1,0.1,,0.9,0.999,full_coupled,frozen_boundary,5,0.019754419662058317,0.01810817045483033,0.021400668869286304,0.999907237291336,0.9998880853844814,0.9999263891981907,0.00092516075237649,0.0007900096905410785,0.0010603118142119014,0.999999612569809,0.9999994645519259,0.999999760587692,0.00423505847575139,0.0036169892705270844,0.0048531276809756965,0.000425577253918115,0.0003639592872627457,0.0004871952205734843,0.004236069496255315,0.0036179730531405207,0.004854165939370109
split_tinyimagenet,adam,smallcnn,0.0001,rms_random_layerwise,1,0.1,,0.9,0.999,full_coupled,time_varying,5,0.01975441984832283,0.01810817093396466,0.021400668762681003,0.9999072402715683,0.9998880811867249,0.9999263993564117,0.0009251607232726649,0.000790009650316716,0.0010603117962286138,0.999999612569809,0.9999994645519259,0.999999760587692,0.00423505847575139,0.0036169892705270844,0.0048531276809756965,0.000425577253918115,0.0003639592872627457,0.0004871952205734843,0.004236069496255315,0.0036179730531405207,0.004854165939370109
split_tinyimagenet,adam,smallcnn,0.0001,rms_random_layerwise,5,0.1,,0.9,0.999,full_coupled,frozen_boundary,5,0.5526328951120376,0.5242553564976388,0.5810104337264365,0.868389219045639,0.8340917410818368,0.9026866970094413,0.5504082322120667,0.5227710928384318,0.5780453715857016,0.869384428858757,0.8356195782989041,0.9031492794186099,0.02049445924349124,0.01746571505428676,0.023523203432695722,0.00325690782628948,0.0026298768477895675,0.0038839388047893922,0.03241703426465388,0.026147964039858446,0.03868610448944931
split_tinyimagenet,adam,smallcnn,0.0001,rms_random_layerwise,5,0.1,,0.9,0.999,full_coupled,time_varying,5,0.05381909692659968,0.02792503592177303,0.07971315793142633,0.9982158184051514,0.9962792231924403,1.0001524136178626,0.03442709837108847,0.023654540212898863,0.04519965652927807,0.9992907553911209,0.9987882873165246,0.9997932234657172,0.032390874903649045,0.026079045894589536,0.03870270391270855,0.00325690782628948,0.0026298768477895675,0.0038839388047893922,0.03241703426465388,0.026147964039858446,0.03868610448944931
split_tinyimagenet,adam,smallcnn,0.0001,rms_random_layerwise,10,0.1,,0.9,0.999,full_coupled,frozen_boundary,5,0.7007079750299454,0.6560705331758823,0.7453454168840086,0.7504382252693176,0.6922688643166184,0.8086075862220168,0.7060342937707901,0.6524256112148911,0.7596429763266891,0.7432074218988418,0.6732381740024512,0.8131766697952324,0.03953592516481871,0.033399992824083485,0.04567185750555393,0.007584763597696975,0.006439380614700556,0.008730146580693394,0.07654429823160167,0.0651253850514144,0.08796321141178894
split_tinyimagenet,adam,smallcnn,0.0001,rms_random_layerwise,10,0.1,,0.9,0.999,full_coupled,time_varying,5,0.08613020218908782,0.05708051645046662,0.11517988792770902,0.9957005590200424,0.9923854073421264,0.9990157106979584,0.101465200074017,-0.004245397493828448,0.20717579764186245,0.9862033903598786,0.9539321565974557,1.0184746241223015,0.07535117864608759,0.06401825248066735,0.08668410481150783,0.007584763597696975,0.006439380614700556,0.008730146580693394,0.07654429823160167,0.0651253850514144,0.08796321141178894
split_tinyimagenet,adam,smallcnn,0.0001,rms_random_layerwise,20,0.1,,0.9,0.999,full_coupled,frozen_boundary,5,0.8107938230037689,0.7444803571689711,0.8771072888385667,0.5850132241845131,0.48488428258319954,0.6851421657858265,0.8109316945075988,0.7379674436138545,0.8838959454013432,0.5825891569256783,0.4684603660449157,0.6967179478064408,0.08029351271688935,0.06596084254733811,0.09462618288644059,0.014674772415310094,0.013405885450112289,0.0159436593805079,0.1487048618495464,0.13111977758917434,0.16628994610991846
split_tinyimagenet,adam,smallcnn,0.0001,rms_random_layerwise,20,0.1,,0.9,0.999,full_coupled,time_varying,5,0.22925617024302478,0.09295802912822929,0.36555431135782024,0.9611418098211288,0.9133992302035614,1.0088843894386963,0.2204703483730554,0.060054190111180406,0.3808865066349304,0.9568119049072266,0.8853370929829831,1.02828671683147,0.1426174100488424,0.12729532212031527,0.15793949797736953,0.014674772415310094,0.013405885450112289,0.0159436593805079,0.1487048618495464,0.13111977758917434,0.16628994610991846
split_tinyimagenet,heavy_ball,resnet18,0.003,momentum,1,0.1,0.5,,,,frozen_boundary,5,0.00024635008085164997,0.00024573917755478357,0.0002469609841485164,1.000000011920929,0.9999999308481954,1.0000000929936623,0.000123137037007795,0.00012256619720548296,0.00012370787681010702,1.0000000029802323,0.9999999550883835,1.0000000508720812,0.1740040652453899,0.17394356880467604,0.17406456168610374,0.01740040723234411,0.017394358511310777,0.01740645595337744,0.1740040704607963,0.17394358279559752,0.17406455812599508
split_tinyimagenet,heavy_ball,resnet18,0.003,momentum,1,0.1,0.5,,,,time_varying,5,0.00024635008085164997,0.00024573917755478357,0.0002469609841485164,1.000000011920929,0.9999999308481954,1.0000000929936623,0.000123137037007795,0.00012256619720548296,0.00012370787681010702,1.0000000029802323,0.9999999550883835,1.0000000508720812,0.1740040652453899,0.17394356880467604,0.17406456168610374,0.01740040723234411,0.017394358511310777,0.01740645595337744,0.1740040704607963,0.17394358279559752,0.17406455812599508
split_tinyimagenet,heavy_ball,resnet18,0.003,momentum,1,0.1,0.9,,,,frozen_boundary,5,0.00013671248379973,0.0001363863614732007,0.00013703860612625932,0.9999999761581421,0.9999998959343611,1.000000056381923,6.84294387610862e-05,6.817795574935337e-05,6.868092177281903e-05,1.0000000029802323,0.9999999725779573,1.0000000333825074,0.3132073074579239,0.31309841804091026,0.31331619687493756,0.03132073227316138,0.03130984349273788,0.03133162105358488,0.31320731788873674,0.31309843206831517,0.3133162037091583
split_tinyimagenet,heavy_ball,resnet18,0.003,momentum,1,0.1,0.9,,,,time_varying,5,0.00013671248379973,0.0001363863614732007,0.00013703860612625932,0.9999999761581421,0.9999998959343611,1.000000056381923,6.84294387610862e-05,6.817795574935337e-05,6.868092177281903e-05,1.0000000029802323,0.9999999725779573,1.0000000333825074,0.3132073074579239,0.31309841804091026,0.31331619687493756,0.03132073227316138,0.03130984349273788,0.03133162105358488,0.31320731788873674,0.31309843206831517,0.3133162037091583
split_tinyimagenet,heavy_ball,resnet18,0.003,momentum,5,0.1,0.5,,,,frozen_boundary,5,0.018477401044219684,0.017015901123479824,0.019938900964959545,0.9998286545276642,0.9998011434008767,0.9998561656544518,0.01163538191467518,0.01105490025966171,0.012215863569688649,0.9999321758747101,0.9999253644306048,0.9999389873188154,0.33713696897029877,0.33701833733136904,0.3372556006092285,0.033718680962920154,0.033707311246095537,0.03373005067974477,0.33715175837278366,0.33703555572069727,0.33726796102487006
split_tinyimagenet,heavy_ball,resnet18,0.003,momentum,5,0.1,0.5,,,,time_varying,5,0.01777568468824024,0.016341146051701484,0.019210223324778994,0.9998413741588592,0.9998154200417454,0.999867328275973,0.01050484380684788,0.009916970578908325,0.011092717034787435,0.9999446779489517,0.9999386264648243,0.999950729433079,0.3371321737766266,0.3370149925433904,0.33724935500986275,0.033718680962920154,0.033707311246095537,0.03373005067974477,0.33715175837278366,0.33703555572069727,0.33726796102487006
split_tinyimagenet,heavy_ball,resnet18,0.003,momentum,5,0.1,0.9,,,,frozen_boundary,5,0.009877187944948618,0.009351753843353149,0.010402622046544088,0.9999510616064071,0.9999456276570542,0.99995649555576,0.007238744525238816,0.006667023529582057,0.007810465520895575,0.999973687529564,0.9999696004950734,0.9999777745640545,1.282627409696579,1.2821814553612898,1.2830733640318683,0.12826649770140644,0.1282222417056729,0.12831075369713998,1.2826359212398528,1.2821915013947056,1.283080341085
split_tinyimagenet,heavy_ball,resnet18,0.003,momentum,5,0.1,0.9,,,,time_varying,5,0.008656207239255264,0.008129086313502952,0.009183328165007576,0.9999623745679855,0.9999576240132085,0.9999671251227625,0.0054549790685995804,0.005203932996000312,0.005706025141198849,0.9999850928783417,0.9999836775117541,0.9999865082449293,1.282613170146942,1.2821675703306903,1.283058769963194,0.12826649770140644,0.1282222417056729,0.12831075369713998,1.2826359212398528,1.2821915013947056,1.283080341085
split_tinyimagenet,heavy_ball,resnet18,0.003,momentum,10,0.1,0.5,,,,frozen_boundary,5,0.030418153386563014,0.02646660179932089,0.034369704973805135,0.9995321959257126,0.9994078233521178,0.9996565684993075,0.023430820740759327,0.018991700209097934,0.02786994127242072,0.9997190415859223,0.9996077622577182,0.9998303209141264,0.347751984000206,0.3475935844778978,0.34791038352251424,0.03477700967341656,0.034765396614799896,0.03478862273203323,0.34770479798316956,0.34758623923000015,0.34782335673633896
split_tinyimagenet,heavy_ball,resnet18,0.003,momentum,10,0.1,0.5,,,,time_varying,5,0.02406269833445545,0.022538887142637014,0.025586509526273886,0.9997096478939056,0.9996725547201063,0.9997467410677049,0.01437259921804066,0.013531103701896441,0.015214094734184879,0.9998964697122574,0.9998846793640049,0.9999082600605099,0.3476674795150757,0.34754658387798426,0.34778837515216715,0.03477700967341656,0.034765396614799896,0.03478862273203323,0.34770479798316956,0.34758623923000015,0.34782335673633896
split_tinyimagenet,heavy_ball,resnet18,0.003,momentum,10,0.1,0.9,,,,frozen_boundary,5,0.025029494799673507,0.020821862473839603,0.02923712712550741,0.9996813595294952,0.9995801458410724,0.9997825732179181,0.0233757190406322,0.018742401235070188,0.02800903684619421,0.9997201234102249,0.9996175577094853,0.9998226891109644,2.040654754638672,2.0398845123767413,2.0414249969006026,0.2040124252438545,0.20394232001161586,0.20408253047609312,2.0400430083274843,2.0393386284520467,2.040747388202922
split_tinyimagenet,heavy_ball,resnet18,0.003,momentum,10,0.1,0.9,,,,time_varying,5,0.01163019211962814,0.010999198863582579,0.012261185375673701,0.9999321520328521,0.9999246450669166,0.9999396589987877,0.007519107614643824,0.007228126074766255,0.007810089154521393,0.9999716967344284,0.9999694797218789,0.999973913746978,2.0399837255477906,2.0392750450346626,2.0406924060609186,0.2040124252438545,0.20394232001161586,0.20408253047609312,2.0400430083274843,2.0393386284520467,2.040747388202922
split_tinyimagenet,heavy_ball,resnet18,0.003,momentum,20,0.1,0.5,,,,frozen_boundary,5,0.7552010666579008,-0.7847911091441986,2.29519324246,0.8690421871840954,0.5695991739919847,1.1684852003762063,0.7541618067771196,-0.788011751743775,2.296335365298014,0.8691017352044582,0.56903179454597,1.1691716758629465,0.5090821877121925,0.08542975600681252,0.9327346194175725,0.034818327054381315,0.03480695155953479,0.03482970254922784,0.34807173907756805,0.34795753797146506,0.34818594018367105
split_tinyimagenet,heavy_ball,resnet18,0.003,momentum,20,0.1,0.5,,,,time_varying,5,0.031538059376180136,0.030225045267364185,0.032851073484996086,0.9995014071464539,0.9994592692853222,0.9995435450075855,0.018896506074815946,0.01730863785070191,0.02048437429892998,0.9998205959796905,0.9997907859941813,0.9998504059651998,0.34800751209259034,0.3478864700464786,0.3481285541387021,0.034818327054381315,0.03480695155953479,0.03482970254922784,0.34807173907756805,0.34795753797146506,0.34818594018367105
split_tinyimagenet,heavy_ball,resnet18,0.003,momentum,20,0.1,0.9,,,,frozen_boundary,5,0.8117099367082119,0.35674549106253345,1.2666743823538904,0.7801726400852204,0.6260123095358523,0.9343329706345884,0.8116911329329014,0.3565649128143811,1.2668173530514217,0.7801908910274505,0.6259889672163845,0.9343928148385165,3.6538169980049133,2.929030169347623,4.378603826662204,0.2751605287194252,0.2750675280046481,0.2752535294342023,2.751420247554779,2.750479581491404,2.752360913618154
split_tinyimagenet,heavy_ball,resnet18,0.003,momentum,20,0.1,0.9,,,,time_varying,5,0.015494897542521303,0.014745227516647618,0.016244567568394985,0.9998796343803406,0.9998679460143307,0.9998913227463504,0.010339354025199955,0.009951017918297785,0.010727690132102126,0.9999464899301529,0.9999424846983048,0.999950495162001,2.751285433769226,2.7503296133735615,2.7522412541648906,0.2751605287194252,0.2750675280046481,0.2752535294342023,2.751420247554779,2.750479581491404,2.752360913618154
split_tinyimagenet,heavy_ball,resnet18,0.003,momentum,40,0.0001,0.5,,,,frozen_boundary,5,851.7359863579273,-1502.5598757183188,3206.0318484341733,0.012621884641703215,-0.01467040483781763,0.039914174121224055,1705.024521535635,-3009.813445161714,6419.862488232984,0.005007321946322919,-0.015529314425286794,0.02554395831793263,10605.969392347335,-18732.35608101637,39944.29486571104,0.00119258245686065,0.0011261577301728918,0.0012590071835484082,6.402596092224121,5.4888562870539594,7.316335897394282
split_tinyimagenet,heavy_ball,resnet18,0.003,momentum,40,0.1,0.5,,,,time_varying,5,0.04081879928708073,0.038995859215946824,0.042641739358214636,0.9991636753082276,0.9990894390084374,0.9992379116080178,0.024246775172650753,0.022043800647489356,0.02644974969781215,0.9997042655944824,0.9996510944277927,0.9997574367611722,0.34800877422094345,0.34788771355523734,0.34812983488664956,0.0348302267491817,0.034819577979813825,0.03484087551854958,0.3481135323643684,0.3480058098438214,0.34822125488491545
split_tinyimagenet,heavy_ball,resnet18,0.003,momentum,40,0.0001,0.9,,,,frozen_boundary,5,568.6193079948425,14.535623211343022,1122.702992778342,-0.00409921134123578,-0.01690678559188535,0.008708362909413788,1089.4195140838624,82.37810872099601,2096.460919446729,-0.006571300077484914,-0.02029858810984855,0.007155987954878723,22227.230102539062,1606.1895441937377,42848.27066088439,0.004036279232241159,0.0036251742787422867,0.004447384185740031,20.365817165374757,19.044823166875346,21.686811163874168
split_tinyimagenet,heavy_ball,resnet18,0.003,momentum,40,0.1,0.9,,,,time_varying,5,0.021742990612983664,0.019758184239407516,0.023727796986559812,0.9997621536254883,0.9997186681691844,0.9998056390817921,0.014784227591007889,0.01360736832276295,0.015961086859252828,0.9998902320861817,0.9998722999233395,0.9999081642490238,3.085783565044403,3.0847147120020586,3.0868524180867474,0.3086499750614166,0.30855548286719015,0.3087444672556431,3.0861016631126406,3.085087613156772,3.087115713068509
split_tinyimagenet,heavy_ball,resnet18,0.01,momentum,1,0.1,0.5,,,,frozen_boundary,5,7.372685868176632e-05,7.356080990819695e-05,7.389290745533569e-05,0.9999999910593033,0.9999999600991417,1.0000000220194647,3.6950769390386996e-05,3.689639417671628e-05,3.7005144604057714e-05,1.000000038743019,0.9999999606820024,1.0000001168040356,0.5800135225057602,0.579811880848124,0.5802151641633965,0.05800135545432561,0.05798119117482673,0.05802151973382449,0.5800135433673859,0.5798118964309877,0.580215190303784
split_tinyimagenet,heavy_ball,resnet18,0.01,momentum,1,0.1,0.5,,,,time_varying,5,7.372685868176632e-05,7.356080990819695e-05,7.389290745533569e-05,0.9999999910593033,0.9999999600991417,1.0000000220194647,3.6950769390386996e-05,3.689639417671628e-05,3.7005144604057714e-05,1.000000038743019,0.9999999606820024,1.0000001168040356,0.5800135225057602,0.579811880848124,0.5802151641633965,0.05800135545432561,0.05798119117482673,0.05802151973382449,0.5800135433673859,0.5798118964309877,0.580215190303784
split_tinyimagenet,heavy_ball,resnet18,0.01,momentum,1,0.1,0.9,,,,frozen_boundary,5,4.1073864122154194e-05,4.096416045768398e-05,4.118356778662441e-05,1.0000000149011612,0.9999999756519928,1.0000000541503296,2.0526368825812823e-05,2.04731200714418e-05,2.0579617580183845e-05,1.0000000298023224,0.9999999513039858,1.000000108300659,1.0440243184566498,1.043661345542307,1.0443872913709926,0.10440243519842621,0.10436613980075464,0.10443873059609778,1.0440243542194367,1.0436613741341267,1.0443873343047467
split_tinyimagenet,heavy_ball,resnet18,0.01,momentum,1,0.1,0.9,,,,time_varying,5,4.1073864122154194e-05,4.096416045768398e-05,4.118356778662441e-05,1.0000000149011612,0.9999999756519928,1.0000000541503296,2.0526368825812823e-05,2.04731200714418e-05,2.0579617580183845e-05,1.0000000298023224,0.9999999513039858,1.000000108300659,1.0440243184566498,1.043661345542307,1.0443872913709926,0.10440243519842621,0.10436613980075464,0.10443873059609778,1.0440243542194367,1.0436613741341267,1.0443873343047467
split_tinyimagenet,heavy_ball,resnet18,0.01,momentum,5,0.1,0.5,,,,frozen_boundary,5,0.43627847619354726,0.03669290413144155,0.835864048255653,0.9046840101480484,0.7796668509357738,1.029701169360323,0.4360989112406969,0.03655015740423506,0.8356476650771587,0.9047112092375755,0.7797956078077002,1.0296268106674509,1.2788979947566985,1.0353997696123571,1.52239621990104,0.11239026077091689,0.11234728756289987,0.11243323397893391,1.1238322854042053,1.123425630590901,1.1242389402175097
split_tinyimagenet,heavy_ball,resnet18,0.01,momentum,5,0.1,0.5,,,,time_varying,5,0.01433951659128065,0.011302364628835479,0.01737666855372582,0.99989452958107,0.9998457506244232,0.9999433085377167,0.009393957722932061,0.007606392609263834,0.011181522836600288,0.9999550074338913,0.9999366573266951,0.9999733575410875,1.1237811684608459,1.1233839922355449,1.1241783446861469,0.11239026077091689,0.11234728756289987,0.11243323397893391,1.1238322854042053,1.123425630590901,1.1242389402175097
split_tinyimagenet,heavy_ball,resnet18,0.01,momentum,5,0.1,0.9,,,,frozen_boundary,5,0.19078641384840012,0.09135001447139084,0.2902228132254094,0.9763022810220718,0.9583453448532142,0.9942592171909295,0.19058831371366977,0.0908944393952402,0.2902821880320994,0.9763334065675735,0.9583779656398561,0.9942888474952909,4.382191467285156,4.2987542294484555,4.465628705121857,0.4275484666228294,0.4273990624148817,0.42769787083077715,4.2754281759262085,4.273936458948626,4.276919892903791
split_tinyimagenet,heavy_ball,resnet18,0.01,momentum,5,0.1,0.9,,,,time_varying,5,0.007301119901239819,0.006827782632594544,0.007774457169885094,0.9999732285737991,0.999969740728208,0.9999767164193902,0.00516305745113636,0.004920103254349605,0.005406011647923114,0.999986645579338,0.9999853661527712,0.9999879250059048,4.275386214256287,4.273897110275098,4.276875318237475,0.4275484666228294,0.4273990624148817,0.42769787083077715,4.2754281759262085,4.273936458948626,4.276919892903791
split_tinyimagenet,heavy_ball,resnet18,0.01,momentum,10,0.0001,0.5,,,,frozen_boundary,5,1746.4653743743897,-2012.8464907668154,5505.777239515595,-0.008348480216227461,-0.05066207678151308,0.03396511634905816,3516.6220754623414,-4083.59595898833,11116.840109913013,-0.0030071026412769944,-0.026297731577901436,0.020283526295347448,21889.907875061035,-23299.153322301245,67078.96907242332,0.0013984986057038848,0.001260204003601308,0.0015367932078064615,6.940574717521668,6.226677233086738,7.654472201956597
split_tinyimagenet,heavy_ball,resnet18,0.01,momentum,10,0.1,0.5,,,,time_varying,5,0.020154338423162645,0.01740659851665669,0.0229020783296686,0.999794465303421,0.9997358986927367,0.9998530319141052,0.013030110299587205,0.011467963438218062,0.014592257160956348,0.9999144226312637,0.9998931551386306,0.9999356901238968,1.158900547027588,1.1584894822734855,1.1593116117816904,0.11591420471668241,0.11587001647253838,0.11595839296082645,1.1589996337890625,1.1585816923931296,1.1594175751849953
split_tinyimagenet,heavy_ball,resnet18,0.01,momentum,10,0.0001,0.9,,,,frozen_boundary,5,662.0263835430145,-87.3784982038868,1411.4312652899157,0.00818687326973303,-0.004683535560472005,0.021057282099938065,1224.3019543647765,-151.031408994402,2599.6353177239553,0.005162041657604281,-0.009562269377200621,0.01988635269240918,19756.641316223144,-1596.816209757253,41110.098842203544,0.0031392277334816206,0.002789698605576017,0.003488756861387224,16.82681269645691,15.196537687754809,18.457087705159008
split_tinyimagenet,heavy_ball,resnet18,0.01,momentum,10,0.1,0.9,,,,time_varying,5,0.011411290569230851,0.010571485559070183,0.01225109557939152,0.9999346375465393,0.9999250507493682,0.9999442243437104,0.00828193414490665,0.007877883576842843,0.008685984712970458,0.9999656319618225,0.9999622752310234,0.9999689886926216,6.799986958503723,6.797615122413802,6.802358794593644,0.6800352156162262,0.6798007420112414,0.6802696892212109,6.800141739845276,6.797782744235459,6.802500735455093
split_tinyimagenet,heavy_ball,resnet18,0.01,momentum,20,0.0001,0.5,,,,frozen_boundary,5,6212302485316.0,-10389948613675.26,22814553584307.258,0.005250994465313847,-0.03151769366936543,0.04201968259999312,12948876652655.2,-21739676211741.45,47637429517051.84,-0.0023301121022086648,-0.03345621909107082,0.02879599488665349,116895575576064.0,-195064537765032.62,428855688917160.6,0.0021657177421729396,0.001835347524016135,0.0024960879603297442,10.474139881134032,9.281945874692571,11.666333887575494
split_tinyimagenet,heavy_ball,resnet18,0.01,momentum,20,0.1,0.5,,,,time_varying,5,0.027660375181585505,0.02549399029919205,0.02982676006397896,0.999615278840065,0.9995560508546654,0.9996745068254645,0.01740009170025582,0.016408414363343053,0.01839176903716859,0.9998481899499894,0.9998314249163569,0.9998649549836218,1.1600340962409974,1.1596232742493962,1.1604449182325987,0.11604806110262866,0.11600750744123736,0.11608861476401997,1.1602070450782775,1.15980279903039,1.160611291126165
split_tinyimagenet,heavy_ball,resnet18,0.01,momentum,20,0.0001,0.9,,,,frozen_boundary,5,322573367524.0,-176985849985.00787,822132585033.0078,0.005431876899092446,-0.004432613242918797,0.015296367041103688,607604144304.0,-331069849415.75757,1546278138023.7576,0.0006084649299736951,-0.011721676128366151,0.012938605988313541,20910758228019.2,-11148623946664.238,52970140402702.64,0.0069391477620228655,0.006107152234192723,0.007771143289853008,35.689947032928465,32.04415522350477,39.335738842352164
split_tinyimagenet,heavy_ball,resnet18,0.01,momentum,20,0.1,0.9,,,,time_varying,5,0.018383536301553198,0.01695223065727571,0.019814841945830684,0.9998302578926086,0.9998038638088869,0.9998566519763303,0.013476933166384642,0.012629885969337598,0.014323980363431686,0.9999089121818543,0.999897368718899,0.9999204556448096,9.171077632904053,9.167873114127739,9.174282151680368,0.917243891954422,0.916937722301201,0.9175500616076431,9.17171025276184,9.168586311981244,9.174834193542438
split_tinyimagenet,heavy_ball,resnet18,0.01,momentum,40,0.1,0.5,,,,frozen_boundary,5,inf,,,0.0,0.0,0.0,inf,,,0.0,0.0,0.0,inf,,,0.11610462516546245,0.11607478162602178,0.11613446870490313,1.160404235124588,1.1600514782822762,1.1607569919668999
split_tinyimagenet,heavy_ball,resnet18,0.01,momentum,40,0.1,0.5,,,,time_varying,5,0.04141763560473915,0.03673151750575097,0.04610375370372733,0.9991339057683944,0.9989391677595155,0.9993286437772734,0.025064706522971353,0.02280097207453439,0.027328440971408317,0.9996838510036469,0.999627661162323,0.9997400408449707,1.1600423812866212,1.159633093350281,1.1604516692229614,0.11610462516546245,0.11607478162602178,0.11613446870490313,1.160404235124588,1.1600514782822762,1.1607569919668999
split_tinyimagenet,heavy_ball,resnet18,0.01,momentum,40,0.1,0.9,,,,frozen_boundary,5,inf,,,0.0,0.0,0.0,inf,,,0.0,0.0,0.0,inf,,,1.0292339622974396,1.028747987821578,1.0297199367733012,10.289156246185303,10.285384546462609,10.292927945907998
split_tinyimagenet,heavy_ball,resnet18,0.01,momentum,40,0.1,0.9,,,,time_varying,5,0.03495388459414239,0.030626123327916723,0.03928164586036806,0.9993750989437103,0.9992238451845474,0.9995263527028733,0.025034019071608737,0.022880144339472292,0.027187893803745183,0.9996811389923096,0.9996242272702581,0.9997380507143611,10.286181211471558,10.282577395130934,10.289785027812181,1.0292339622974396,1.028747987821578,1.0297199367733012,10.289156246185303,10.285384546462609,10.292927945907998
split_tinyimagenet,heavy_ball,smallcnn,0.003,momentum,1,0.1,0.5,,,,frozen_boundary,5,0.00023895385966165003,0.0002375884553216025,0.00024031926400169755,1.0000000059604646,0.9999999595202224,1.0000000524007069,0.00011938814641320998,0.00011901573170839106,0.0001197605611180289,0.9999999791383744,0.9999999155811086,1.0000000426956401,0.026229408569633905,0.025258181159135428,0.027200635980132382,0.0026229410199448,0.002525818423226379,0.002720063616663221,0.026229408662766168,0.025258180211331534,0.0272006371142008
split_tinyimagenet,heavy_ball,smallcnn,0.003,momentum,1,0.1,0.5,,,,time_varying,5,0.00023895385966165003,0.0002375884553216025,0.00024031926400169755,1.0000000059604646,0.9999999595202224,1.0000000524007069,0.00011938814641320998,0.00011901573170839106,0.0001197605611180289,0.9999999791383744,0.9999999155811086,1.0000000426956401,0.026229408569633905,0.025258181159135428,0.027200635980132382,0.0026229410199448,0.002525818423226379,0.002720063616663221,0.026229408662766168,0.025258180211331534,0.0272006371142008
split_tinyimagenet,heavy_ball,smallcnn,0.003,momentum,1,0.1,0.9,,,,frozen_boundary,5,0.00013265022716945,0.00013211545979937607,0.00013318499453952393,0.9999999612569809,0.9999999186616362,1.0000000038523256,6.639300554525107e-05,6.598628735665765e-05,6.679972373384448e-05,1.0000000029802323,0.999999933258467,1.0000000727019975,0.047212933562695944,0.045464722992486745,0.04896114413290514,0.00472129301633681,0.004546472183537793,0.004896113849135827,0.04721293468028303,0.04546472642726687,0.04896114293329919
split_tinyimagenet,heavy_ball,smallcnn,0.003,momentum,1,0.1,0.9,,,,time_varying,5,0.00013265022716945,0.00013211545979937607,0.00013318499453952393,0.9999999612569809,0.9999999186616362,1.0000000038523256,6.639300554525107e-05,6.598628735665765e-05,6.679972373384448e-05,1.0000000029802323,0.999999933258467,1.0000000727019975,0.047212933562695944,0.045464722992486745,0.04896114413290514,0.00472129301633681,0.004546472183537793,0.004896113849135827,0.04721293468028303,0.04546472642726687,0.04896114293329919
split_tinyimagenet,heavy_ball,smallcnn,0.003,momentum,5,0.1,0.5,,,,frozen_boundary,5,0.011602246481925203,0.009935985546656867,0.013268507417193539,0.9999315589666367,0.9999121910364387,0.9999509268968346,0.007515926007181361,0.006372453050910288,0.008659398963452433,0.9999711990356446,0.9999627034526481,0.999979694618641,0.0508171416819095,0.04893571800732693,0.05269856535649207,0.005082090594805725,0.004893823524561826,0.005270357665049624,0.05081828851252791,0.04893650067451621,0.05270007635053962
split_tinyimagenet,heavy_ball,smallcnn,0.003,momentum,5,0.1,0.5,,,,time_varying,5,0.011317172879353125,0.009675621957212019,0.012958723801494232,0.9999348998069764,0.9999161201319383,0.9999536794820144,0.007069530384615011,0.005947065314218367,0.008191995455011654,0.9999745458364486,0.9999665455460337,0.9999825461268635,0.0508174311369657,0.04893594898159919,0.05269891329233221,0.005082090594805725,0.004893823524561826,0.005270357665049624,0.05081828851252791,0.04893650067451621,0.05270007635053962
split_tinyimagenet,heavy_ball,smallcnn,0.003,momentum,5,0.1,0.9,,,,frozen_boundary,5,0.006316795339807816,0.005603415846998376,0.007030174832617255,0.9999797940254211,0.999975202394588,0.9999843856562542,0.00469280572142448,0.004093244639893972,0.005292366802954987,0.9999888300895691,0.999985961210726,0.9999916989684121,0.19333259388804436,0.18617529968136895,0.20048988809471976,0.0193336744792759,0.018617631020198176,0.020049717938353622,0.19333508089184756,0.1861756480861619,0.2004945136975332
split_tinyimagenet,heavy_ball,smallcnn,0.003,momentum,5,0.1,0.9,,,,time_varying,5,0.005616231914609619,0.004964122190996114,0.006268341638223124,0.9999840021133423,0.9999802936126798,0.9999877106140047,0.0037559996126219153,0.0032874265569775053,0.004224572668266325,0.9999928683042526,0.9999910813005429,0.9999946553079623,0.19333479255437852,0.18617670315297669,0.20049288195578036,0.0193336744792759,0.018617631020198176,0.020049717938353622,0.19333508089184756,0.1861756480861619,0.2004945136975332
split_tinyimagenet,heavy_ball,smallcnn,0.003,momentum,10,0.1,0.5,,,,frozen_boundary,5,0.02189659136347468,0.012512107118556805,0.03128107560839256,0.9996539711952209,0.9991785026246587,1.0001294397657832,0.015151868993416372,0.01043961380237439,0.019864124184458355,0.9998625904321671,0.9997382614315935,0.9999869194327407,0.05240471940487619,0.050464178536810206,0.054345260272942175,0.005241955304518295,0.005047004815059106,0.005436905793977483,0.05240839589387174,0.05046628464769498,0.05435050714004849
split_tinyimagenet,heavy_ball,smallcnn,0.003,momentum,10,0.1,0.5,,,,time_varying,5,0.020311599969863845,0.010992108987655765,0.029631090952071927,0.9996828615665436,0.9992085273096385,1.0001571958234488,0.012930732360109623,0.008382672612208425,0.017478792108010822,0.9998915076255799,0.9997702739343135,1.0000127413168463,0.05240362379699941,0.05046363417680867,0.05434361341719014,0.005241955304518295,0.005047004815059106,0.005436905793977483,0.05240839589387174,0.05046628464769498,0.05435050714004849
split_tinyimagenet,heavy_ball,smallcnn,0.003,momentum,10,0.1,0.9,,,,frozen_boundary,5,0.01607606988400216,0.01361033009822032,0.018541809669784005,0.9998637467622757,0.9998120962562149,0.9999153972683366,0.015064776781946362,0.011963395260549774,0.01816615830334295,0.9998838245868683,0.999835350293339,0.9999322988803976,0.3074930593371391,0.29611420410272016,0.31887191457155806,0.03074962710961695,0.029609967083562682,0.03188928713567121,0.30749221295118334,0.2960968185296972,0.31888760737266947
split_tinyimagenet,heavy_ball,smallcnn,0.003,momentum,10,0.1,0.9,,,,time_varying,5,0.010507507249712899,0.00683196870957572,0.014183045789850078,0.9999342918395996,0.9998707360650485,0.9999978476141507,0.00884554807562377,0.003687737738047138,0.014003358413200401,0.9999538421630859,0.9998944816246593,1.0000132027015125,0.3074843168258667,0.29610130815349295,0.31886732549824043,0.03074962710961695,0.029609967083562682,0.03188928713567121,0.30749221295118334,0.2960968185296972,0.31888760737266947
split_tinyimagenet,heavy_ball,smallcnn,0.003,momentum,20,0.1,0.5,,,,frozen_boundary,5,0.03287458298727865,0.022949273348534936,0.04279989262602236,0.9993581801652909,0.9988027224435431,0.9999136378870387,0.026185685489326666,0.0202329402201945,0.03213843075845883,0.9996355473995209,0.999452975439391,0.9998181193596507,0.05246951095759863,0.05052232972643791,0.05441669218875935,0.00524750025942917,0.005052197414096812,0.005442803104761529,0.052460789121687376,0.05051694885580892,0.05440462938756583
split_tinyimagenet,heavy_ball,smallcnn,0.003,momentum,20,0.1,0.5,,,,time_varying,5,0.025869561359286263,0.016690927915794428,0.0350481948027781,0.9995502889156341,0.9990246312527591,1.0000759465785092,0.017265773238614154,0.013143193359650838,0.02138835311757747,0.9998263001441956,0.9996957546428458,0.9999568456455454,0.05245346333831545,0.0505118796497737,0.0543950470268572,0.00524750025942917,0.005052197414096812,0.005442803104761529,0.052460789121687376,0.05051694885580892,0.05440462938756583
split_tinyimagenet,heavy_ball,smallcnn,0.003,momentum,20,0.1,0.9,,,,frozen_boundary,5,0.05050740856677288,0.04419240042683646,0.0568224167067093,0.9987078219652176,0.9983942904367084,0.9990213534937268,0.04978477880358693,0.04352206834972739,0.056047489257446466,0.9987520635128021,0.9984362513166408,0.9990678757089634,0.415275476872921,0.39991659187742473,0.43063436186841725,0.04147247094660993,0.039931940643192027,0.04301300125002783,0.41471066176891325,0.3993101872314462,0.4301111363063803
split_tinyimagenet,heavy_ball,smallcnn,0.003,momentum,20,0.1,0.9,,,,time_varying,5,0.01689691729843612,0.010647549492400932,0.02314628510447131,0.999825382232666,0.9996421238767135,1.0000086405886186,0.014926515985280237,0.005990272613953039,0.023862759356607435,0.9998677194118499,0.9996927482578291,1.0000426905658708,0.41467745155096053,0.39932611691455316,0.4300287861873679,0.04147247094660993,0.039931940643192027,0.04301300125002783,0.41471066176891325,0.3993101872314462,0.4301111363063803
split_tinyimagenet,heavy_ball,smallcnn,0.003,momentum,40,0.1,0.5,,,,frozen_boundary,5,0.06309331636875863,0.04401795508325754,0.08216867765425973,0.9978802084922791,0.9966566101032164,0.9991038068813418,0.05744848828762765,0.039663948394466186,0.07523302818078911,0.9982660621404648,0.9972393570599029,0.9992927672210267,0.05257776509970422,0.050594762206814345,0.0545607679925941,0.00524843018501992,0.005052847184196078,0.0054440131858437615,0.052464744634926286,0.050519895139463096,0.054409594130389476
split_tinyimagenet,heavy_ball,smallcnn,0.003,momentum,40,0.1,0.5,,,,time_varying,5,0.033567268494516564,0.025993171537849625,0.041141365451183506,0.9993365317583084,0.998918160403831,0.9997549031127858,0.023198645189404447,0.01892316111393804,0.027474129264870854,0.9997087717056274,0.9995881791776168,0.9998293642336381,0.05245245378464456,0.05051089189708536,0.05439401567220376,0.00524843018501992,0.005052847184196078,0.0054440131858437615,0.052464744634926286,0.050519895139463096,0.054409594130389476
split_tinyimagenet,heavy_ball,smallcnn,0.003,momentum,40,0.1,0.9,,,,frozen_boundary,5,0.3338848419487476,0.21383328756028683,0.4539363963372084,0.9468688994646073,0.9151954466203486,0.978542352308866,0.3335506685078144,0.21342544311209355,0.45367589390353524,0.9469683706760407,0.915321185423224,0.9786155559288573,0.495288160443306,0.4712106127712594,0.5193657081153525,0.04652031101286407,0.04478785850007072,0.048252763525657424,0.4651652738451958,0.4478552784126319,0.4824752692777597
split_tinyimagenet,heavy_ball,smallcnn,0.003,momentum,40,0.1,0.9,,,,time_varying,5,0.024581683892756636,0.017255046817837703,0.03190832096767557,0.9996567040681839,0.9993862501277927,0.999927158008575,0.021043771505355788,0.011096473782341732,0.030991069228369843,0.9997521549463272,0.9994945335286635,1.0000097763639908,0.465081025660038,0.4478608900553416,0.48230116126473443,0.04652031101286407,0.04478785850007072,0.048252763525657424,0.4651652738451958,0.4478552784126319,0.4824752692777597
split_tinyimagenet,heavy_ball,smallcnn,0.01,momentum,1,0.1,0.5,,,,frozen_boundary,5,7.198701168817934e-05,7.145104531341298e-05,7.25229780629457e-05,0.9999999940395355,0.9999999278439259,1.0000000602351453,3.597747072490165e-05,3.5859312448789196e-05,3.60956290010141e-05,1.0000000327825547,0.9999999798002156,1.0000000857648939,0.08743135817348954,0.08419393363549155,0.09066878271148754,0.008743135817348896,0.008419394273943498,0.009066877360754294,0.08743136301636695,0.08419394213408114,0.09066878389865275
split_tinyimagenet,heavy_ball,smallcnn,0.01,momentum,1,0.1,0.5,,,,time_varying,5,7.198701168817934e-05,7.145104531341298e-05,7.25229780629457e-05,0.9999999940395355,0.9999999278439259,1.0000000602351453,3.597747072490165e-05,3.5859312448789196e-05,3.60956290010141e-05,1.0000000327825547,0.9999999798002156,1.0000000857648939,0.08743135817348954,0.08419393363549155,0.09066878271148754,0.008743135817348896,0.008419394273943498,0.009066877360754294,0.08743136301636695,0.08419394213408114,0.09066878389865275
split_tinyimagenet,heavy_ball,smallcnn,0.01,momentum,1,0.1,0.9,,,,frozen_boundary,5,3.981731897511054e-05,3.9686331853428816e-05,3.9948306096792266e-05,1.0000000059604646,0.9999999347809438,1.0000000771399853,1.9920047179766698e-05,1.9809309442108476e-05,2.003078491742492e-05,1.00000002682209,0.9999999649017671,1.0000000887424132,0.15737644061446185,0.15154907975571733,0.16320380147320637,0.015737645467743235,0.015154909412138196,0.016320381523348273,0.1573764473199844,0.15154908798116626,0.16320380665880255
split_tinyimagenet,heavy_ball,smallcnn,0.01,momentum,1,0.1,0.9,,,,time_varying,5,3.981731897511054e-05,3.9686331853428816e-05,3.9948306096792266e-05,1.0000000059604646,0.9999999347809438,1.0000000771399853,1.9920047179766698e-05,1.9809309442108476e-05,2.003078491742492e-05,1.00000002682209,0.9999999649017671,1.0000000887424132,0.15737644061446185,0.15154907975571733,0.16320380147320637,0.015737645467743235,0.015154909412138196,0.016320381523348273,0.1573764473199844,0.15154908798116626,0.16320380665880255
split_tinyimagenet,heavy_ball,smallcnn,0.01,momentum,5,0.1,0.5,,,,frozen_boundary,5,0.019872246310114826,0.011062368520642022,0.02868212409958763,0.9997559249401092,0.9994695500452091,1.0000422998350094,0.015567248873412562,0.011296229970349715,0.019838267776475408,0.9998702734708786,0.9997856720148521,0.9999548749269052,0.16939017623662944,0.16312172058548108,0.1756586318877778,0.016941023804247328,0.016312760190463186,0.01756928741803147,0.16939195394515988,0.16311679551025648,0.17566711238006327
split_tinyimagenet,heavy_ball,smallcnn,0.01,momentum,5,0.1,0.5,,,,time_varying,5,0.016123748384416055,0.006310377685289305,0.025937119083542806,0.9998135328292846,0.9995179605439355,1.0001091051146338,0.01076890591066325,0.0050213304404047145,0.016516481380921787,0.9999281615018845,0.9998347649538138,1.000021558049955,0.16938597783446313,0.16311473904176124,0.17565721662716502,0.016941023804247328,0.016312760190463186,0.01756928741803147,0.16939195394515988,0.16311679551025648,0.17566711238006327
split_tinyimagenet,heavy_ball,smallcnn,0.01,momentum,5,0.1,0.9,,,,frozen_boundary,5,0.013466021139174656,0.011783016089519767,0.015149026188829545,0.999905702471733,0.9998802839373946,0.9999311210060715,0.012514353590086064,0.010900733266203763,0.014127973913968365,0.9999205231666565,0.9998991444657638,0.9999419018675492,0.644428962469101,0.6205699990675019,0.6682879258707001,0.06444441620260472,0.06205914351247447,0.06682968889273497,0.6444325923919678,0.6205796480648886,0.668285536719047
split_tinyimagenet,heavy_ball,smallcnn,0.01,momentum,5,0.1,0.9,,,,time_varying,5,0.008679015375673716,0.007170002589535987,0.010188028161811444,0.9999583125114441,0.9999375451611608,0.9999790798617273,0.007170804985798853,0.005274646850114523,0.009066963121483184,0.999972727894783,0.9999571539828352,0.9999883018067307,0.6444325357675552,0.6205743042805798,0.6682907672545306,0.06444441620260472,0.06205914351247447,0.06682968889273497,0.6444325923919678,0.6205796480648886,0.668285536719047
split_tinyimagenet,heavy_ball,smallcnn,0.01,momentum,10,0.1,0.5,,,,frozen_boundary,5,0.041413799859583336,0.03337647085866821,0.04945112886049846,0.999102333188057,0.9986866293504654,0.9995180370256486,0.03713549599051471,0.03380572446147564,0.04046526751955378,0.999305248260498,0.9991783656681221,0.999432130852874,0.17480628639459606,0.1683384500234887,0.1812741227657034,0.017472404893487642,0.016823703664620854,0.01812110612235443,0.17468883469700813,0.16821695847538437,0.1811607109186319
split_tinyimagenet,heavy_ball,smallcnn,0.01,momentum,10,0.1,0.5,,,,time_varying,5,0.023181602731347038,0.010294125560722789,0.036069079901971286,0.999649316072464,0.9991606468207112,1.000137985324217,0.015994501905515737,0.008762806559292426,0.023226197251739047,0.9998524814844132,0.9996959406764107,1.0000090222924156,0.17467276081442834,0.1682061858065098,0.18113933582234687,0.017472404893487642,0.016823703664620854,0.01812110612235443,0.17468883469700813,0.16821695847538437,0.1811607109186319
split_tinyimagenet,heavy_ball,smallcnn,0.01,momentum,10,0.1,0.9,,,,frozen_boundary,5,0.04130682069808239,0.03513658907983799,0.04747705231632679,0.9991363376379013,0.9988786066722829,0.9993940686035198,0.04050601162016388,0.034155151530386466,0.046856871709941295,0.9991693794727325,0.9989092235967977,0.9994295353486674,1.025774312019348,0.9876722984396045,1.0638763255990917,0.10249472409486768,0.09870134376351329,0.10628810442622207,1.0249100893735885,0.9869774969347391,1.062842681812438
split_tinyimagenet,heavy_ball,smallcnn,0.01,momentum,10,0.1,0.9,,,,time_varying,5,0.014534906065091436,0.013930274521360822,0.01513953760882205,0.9998910933732986,0.9998777003004563,0.9999044864461409,0.01241915505379434,0.011590735625533068,0.013247574482055612,0.999922028183937,0.9999115615051933,0.9999324948626808,1.024917110800743,0.9869777113671077,1.0628565102343785,0.10249472409486768,0.09870134376351329,0.10628810442622207,1.0249100893735885,0.9869774969347391,1.062842681812438
split_tinyimagenet,heavy_ball,smallcnn,0.01,momentum,20,0.1,0.5,,,,frozen_boundary,5,0.129918160662055,0.1053548484805492,0.15448147284356079,0.9914874017238617,0.9882877396193838,0.9946870638283397,0.12700546272099014,0.09955238343434192,0.15445854200763837,0.9918288946151733,0.9883723313955449,0.9952854578348017,0.17669159695506093,0.17027237050872174,0.1831108234014001,0.017492843512445642,0.016842314729362276,0.01814337229552901,0.17487090602517127,0.16838997346045328,0.18135183858988926
split_tinyimagenet,heavy_ball,smallcnn,0.01,momentum,20,0.1,0.5,,,,time_varying,5,0.030786918662488415,0.015981702130079663,0.04559213519489717,0.9994188219308853,0.9987154923083247,1.0001221515534457,0.02161439619958397,0.013928385484999833,0.029300406914168103,0.9997453212738037,0.9995350564360398,0.9999555861115675,0.17484025955200191,0.16836761769274425,0.18131290141125958,0.017492843512445642,0.016842314729362276,0.01814337229552901,0.17487090602517127,0.16838997346045328,0.18135183858988926
split_tinyimagenet,heavy_ball,smallcnn,0.01,momentum,20,0.1,0.9,,,,frozen_boundary,5,0.2512353748083115,0.15900298163941978,0.3434677679772032,0.9684656888246537,0.9460682806929849,0.9908630969563225,0.25086035504937165,0.15845324899463714,0.34326746110410616,0.968554225564003,0.946159862157111,0.9909485889708949,1.4352512598037719,1.3628261945582345,1.5076763250493093,0.1382620684802532,0.13313003413081817,0.1433941028296882,1.3824967443943024,1.3312324025458966,1.4337610862427081
split_tinyimagenet,heavy_ball,smallcnn,0.01,momentum,20,0.1,0.9,,,,time_varying,5,0.02662676488980647,0.018415079091821693,0.03483845068779125,0.9996099561452866,0.9993239229470112,0.9998959893435619,0.02311206073500211,0.015658443876164545,0.030565677593839678,0.9997023433446884,0.9994722727824118,0.9999324139069651,1.3822601199150086,1.3310892393636657,1.4334310004663515,0.1382620684802532,0.13313003413081817,0.1433941028296882,1.3824967443943024,1.3312324025458966,1.4337610862427081
split_tinyimagenet,heavy_ball,smallcnn,0.01,momentum,40,0.0001,0.5,,,,frozen_boundary,5,1.0151693403720856,0.9994143127773921,1.0309243679667792,0.019150424690451424,-0.011201420556367553,0.0495022699372704,1.0486430495977401,0.9873457127880981,1.1099403864073822,0.06793301528086881,0.03262418088413361,0.10324184967760403,0.4163746885955334,0.24275108358586103,0.5899982936052057,0.000242604635423005,0.00019557889037704126,0.00028963038046896875,1.272472968697548,1.024285973051376,1.52065996434372
split_tinyimagenet,heavy_ball,smallcnn,0.01,momentum,40,0.1,0.5,,,,time_varying,5,0.04029571795836087,0.023182938942502288,0.05740849697421946,0.9990262538194656,0.9979667137045828,1.0000857939343486,0.028683582134544815,0.02198509455641257,0.03538206971267706,0.9995658189058304,0.9993426437240577,0.9997889940876031,0.1748400256037712,0.16836851865055927,0.18131153255698315,0.017499679885804607,0.016848877930093507,0.018150481841515707,0.1749028258025646,0.16842723396918594,0.18137841763594328
split_tinyimagenet,heavy_ball,smallcnn,0.01,momentum,40,0.0001,0.9,,,,frozen_boundary,5,2.9577018201351164,-0.2876103114199413,6.203013951690174,0.015932731320208376,-0.01293958448175753,0.044805047122174285,5.522609430551529,-1.937643239943898,12.982862101046955,0.014802519982913511,-0.02097203633203178,0.050577076297858806,40.13556985855102,-8.870301967151818,89.14144168425386,0.00312919638236049,9.398043081765024e-05,0.00616441233390333,17.89579519033432,-1.7120161596337233,37.50360654030236
split_tinyimagenet,heavy_ball,smallcnn,0.01,momentum,40,0.1,0.9,,,,time_varying,5,0.06523332716897128,0.03432970872688906,0.09613694561105349,0.9971176892518997,0.9944059181916524,0.999829460312147,0.055963622126728244,0.01636345126516759,0.0955637929882889,0.9976694017648697,0.994564167355915,1.0007746361738246,1.5503112971782684,1.4929436001025413,1.6076789942539955,0.15545724779367442,0.14983435653154403,0.16108013905580482,1.5537860691547394,1.4995665565741574,1.6080055817353214
