dataset,optimizer,architecture,learning_rate,memory_component,horizon,radius_scale,momentum,beta1,beta2,tangent_model,endpoint_error_time_varying,endpoint_cosine_time_varying,centered_error_time_varying,centered_cosine_time_varying,endpoint_error_frozen_boundary,endpoint_cosine_frozen_boundary,centered_error_frozen_boundary,centered_cosine_frozen_boundary,endpoint_error_gap,endpoint_error_gain,centered_error_gap,centered_error_gain
split_cifar10,adam,resnet18,3e-05,m,1,1e-06,,0.9,0.999,full_coupled,0.9289034962654114,0.3627139270305634,0.8589794635772705,0.5011020302772522,0.9289034962654114,0.3627139270305634,0.8589794635772705,0.5011020302772522,0.0,1.0,0.0,1.0
split_cifar10,adam,resnet18,3e-05,m,1,3e-06,,0.9,0.999,full_coupled,0.7938779771327973,0.5951318085193634,0.6357450872659683,0.7566965162754059,0.7938779771327973,0.5951318085193634,0.6357450872659683,0.7566965162754059,0.0,1.0,0.0,1.0
split_cifar10,adam,resnet18,3e-05,m,1,1e-05,,0.9,0.999,full_coupled,0.49599376767873765,0.8543335914611816,0.3176281452178955,0.9394462615251541,0.49599376767873765,0.8543335914611816,0.3176281452178955,0.9394462615251541,0.0,1.0,0.0,1.0
split_cifar10,adam,resnet18,3e-05,m,1,3e-05,,0.9,0.999,full_coupled,0.2334706716239452,0.9668596684932709,0.13030470497906205,0.9894882410764694,0.2334706716239452,0.9668596684932709,0.13030470497906205,0.9894882410764694,0.0,1.0,0.0,1.0
split_cifar10,adam,resnet18,3e-05,m,1,0.0001,,0.9,0.999,full_coupled,0.08253311626613136,0.9957467198371888,0.04358390215784306,0.9988040655851365,0.08253311626613136,0.9957467198371888,0.04358390215784306,0.9988040655851365,0.0,1.0,0.0,1.0
split_cifar10,adam,resnet18,3e-05,m,1,0.0003,,0.9,0.999,full_coupled,0.02986905993893737,0.9994372099637985,0.015588769037276465,0.9998463958501815,0.02986905993893737,0.9994372099637985,0.015588769037276465,0.9998463958501815,0.0,1.0,0.0,1.0
split_cifar10,adam,resnet18,3e-05,m,1,0.001,,0.9,0.999,full_coupled,0.009638715302571611,0.9999414443969726,0.005015001911669915,0.9999840945005417,0.009638715302571611,0.9999414443969726,0.005015001911669915,0.9999840945005417,0.0,1.0,0.0,1.0
split_cifar10,adam,resnet18,3e-05,m,1,0.003,,0.9,0.999,full_coupled,0.0034147888887673095,0.9999926179647446,0.0017558392195496351,0.9999980181455612,0.0034147888887673095,0.9999926179647446,0.0017558392195496351,0.9999980181455612,0.0,1.0,0.0,1.0
split_cifar10,adam,resnet18,3e-05,m,1,0.01,,0.9,0.999,full_coupled,0.0010683097789296301,0.9999992817640304,0.00054014453344275,0.9999998122453689,0.0010683097789296301,0.9999992817640304,0.00054014453344275,0.9999998122453689,0.0,1.0,0.0,1.0
split_cifar10,adam,resnet18,3e-05,m,5,1e-06,,0.9,0.999,full_coupled,0.9999646127223969,0.007805054902564684,0.9998733758926391,0.014851851668208793,0.9999646604061126,0.00780074250651519,0.9998736023902893,0.01484171792399134,4.768371575369912e-08,1.0000000476854032,2.264976501908933e-07,1.000000226526334
split_cifar10,adam,resnet18,3e-05,m,5,3e-06,,0.9,0.999,full_coupled,0.9996980160474778,0.022872502170503083,0.9989319801330566,0.043104446493089164,0.9996984541416168,0.022859325725585168,0.9989334762096405,0.043080659862607666,4.3809413907691663e-07,1.0000004382264764,1.4960765838401002e-06,1.0000014976761318
split_cifar10,adam,resnet18,3e-05,m,5,1e-05,,0.9,0.999,full_coupled,0.9972358524799347,0.0695602786727249,0.9901110529899597,0.13188988063484428,0.9972396612167358,0.06952186804264779,0.9901246786117553,0.13181743025779719,3.808736801058643e-06,1.0000038192938927,1.3625621795632092e-05,1.0000137617106228
split_cifar10,adam,resnet18,3e-05,m,5,3e-05,,0.9,0.999,full_coupled,0.9786601722240448,0.19195200242102145,0.9282152622938156,0.34807579442858694,0.9786912709474563,0.19184644706547258,0.9283233106136322,0.34788488447666166,3.109872341156006e-05,1.0000317768356108,0.00010804831981658936,1.000116404377525
split_cifar10,adam,resnet18,3e-05,m,5,0.0001,,0.9,0.999,full_coupled,0.8450008660554886,0.5029294125735759,0.6648803114891052,0.7105755463242531,0.8452543586492538,0.502648102492094,0.6655506983399391,0.7101697057485581,0.00025349259376516997,1.000299990927759,0.0006703868508338706,1.0010082820009099
split_cifar10,adam,resnet18,3e-05,m,5,0.0003,,0.9,0.999,full_coupled,0.5351344823837281,0.8141049742698669,0.3316916324198246,0.927041020989418,0.5362564101815224,0.8136351346969605,0.3341172531247139,0.9264991819858551,0.0011219277977942976,1.0020965343006802,0.002425620704889331,1.0073128787940577
split_cifar10,adam,resnet18,3e-05,m,5,0.001,,0.9,0.999,full_coupled,0.21465983167290686,0.9691320806741714,0.11426976714283221,0.9912400186061859,0.2187920819967985,0.9685621917247772,0.12215104438364502,0.9906561106443406,0.00413225032389164,1.0192502262378937,0.007881277240812806,1.068970799870114
split_cifar10,adam,resnet18,3e-05,m,5,0.003,,0.9,0.999,full_coupled,0.07755263336002823,0.9959457278251648,0.039750337973237,0.9989360064268112,0.08871129546314474,0.9953586280345916,0.057983520627021744,0.9983471035957336,0.011158662103116515,1.143885018724172,0.018233182653784742,1.4586925189431277
split_cifar10,adam,resnet18,3e-05,m,5,0.01,,0.9,0.999,full_coupled,0.024412550451233934,0.9996033072471618,0.012440253142267422,0.9998984426259995,0.04802994057536121,0.9990139991044998,0.04246071502566332,0.9993089497089386,0.023617390124127276,1.9674282157165408,0.0300204618833959,3.4131713028730397
split_cifar10,adam,resnet18,3e-05,m,10,1e-06,,0.9,0.999,full_coupled,0.9999888598918915,0.004390435089589971,0.9999572604894638,0.00860626931535075,0.9999888926744461,0.0043878407159354,0.9999574571847916,0.008592029428109485,3.2782554670873765e-08,1.00000003278292,1.9669532780319798e-07,1.0000001967037349
split_cifar10,adam,resnet18,3e-05,m,10,3e-06,,0.9,0.999,full_coupled,0.9998989105224609,0.013275457127019722,0.99962138235569,0.025742540089413485,0.9998992562294007,0.013257989566773126,0.999622854590416,0.02570782611146565,3.4570693974167455e-07,1.0000003457418907,1.4722347260187618e-06,1.0000014727923512
split_cifar10,adam,resnet18,3e-05,m,10,1e-05,,0.9,0.999,full_coupled,0.9989837676286697,0.04226698619313535,0.9961445748805999,0.0823762875050306,0.9989872604608536,0.042210905160754875,0.9961580276489258,0.08226614603772756,3.4928321839267085e-06,1.000003496385324,1.3452768325872277e-05,1.0000135048352068
split_cifar10,adam,resnet18,3e-05,m,10,3e-05,,0.9,0.999,full_coupled,0.9914121419191361,0.12213148660957811,0.9684416681528092,0.2328783255070448,0.9914433926343917,0.12197105158120389,0.968558070063591,0.23257438391447066,3.125071525567069e-05,1.0000315214167088,0.00011640191078177153,1.0001201950665792
split_cifar10,adam,resnet18,3e-05,m,10,0.0001,,0.9,0.999,full_coupled,0.9218178808689117,0.36341254115104676,0.7889114052057267,0.5800774216651916,0.9221168696880341,0.3629356473684311,0.7898322641849518,0.5793032616376876,0.00029898881912238107,1.0003243469510925,0.0009208589792251143,1.0011672527144984
split_cifar10,adam,resnet18,3e-05,m,10,0.0003,,0.9,0.999,full_coupled,0.6709069594740867,0.7072967991232872,0.44947550296783445,0.8688246101140976,0.672543141245842,0.7063448965549469,0.45331795811653136,0.8676271200180053,0.0016361817717552851,1.0024387610661214,0.0038424551486969105,1.0085487532097426
split_cifar10,adam,resnet18,3e-05,m,10,0.001,,0.9,0.999,full_coupled,0.30234688743948934,0.9398227751255035,0.1660267692059278,0.9817453533411026,0.309165795147419,0.9385108113288879,0.1792245965451002,0.9803636938333511,0.0068189077079296445,1.0225532591576434,0.013197827339172408,1.07949216504239
split_cifar10,adam,resnet18,3e-05,m,10,0.003,,0.9,0.999,full_coupled,0.1134012626484036,0.991456001996994,0.05871273064985866,0.9977067977190017,0.13208951912820335,0.9900573343038559,0.08897241707891221,0.9962978065013885,0.018688256479799756,1.164797604923871,0.03025968642905355,1.515385438458165
split_cifar10,adam,resnet18,3e-05,m,10,0.01,,0.9,0.999,full_coupled,0.03585952902212734,0.9991532474756241,0.018474486283957915,0.9997797727584838,0.07493953034281726,0.9977418392896652,0.06752236094325775,0.9983674049377441,0.03908000132068992,2.0898079920842063,0.04904787465929984,3.654897890280713
split_cifar10,adam,resnet18,3e-05,m,20,1e-06,,0.9,0.999,full_coupled,0.9999946981668473,0.0030090096639468706,0.9999794363975525,0.005945864290697454,0.9999947339296341,0.00300574127759314,0.9999796479940415,0.00592910618870515,3.5762786843029915e-08,1.0000000357629764,2.1159648899704564e-07,1.0000002116008402
split_cifar10,adam,resnet18,3e-05,m,20,3e-06,,0.9,0.999,full_coupled,0.9999500274658203,0.00932008808013047,0.9998087227344513,0.018289204221218786,0.9999504059553146,0.009295275853946766,0.9998102694749832,0.0182384447427466,3.78489494301526e-07,1.0000003785084093,1.5467405318769778e-06,1.0000015470364447
split_cifar10,adam,resnet18,3e-05,m,20,1e-05,,0.9,0.999,full_coupled,0.9994876950979232,0.030027403542771884,0.9980106860399246,0.0592137092724442,0.9994910180568695,0.02995291715487832,0.998023945093155,0.059064846672117664,3.3229589462280273e-06,1.0000033246621869,1.3259053230352258e-05,1.0000132854822257
split_cifar10,adam,resnet18,3e-05,m,20,3e-05,,0.9,0.999,full_coupled,0.9955083221197129,0.08835717858746645,0.9829349875450134,0.17183241099119181,0.9955392420291901,0.08814408797770734,0.9830541878938674,0.17141662072390312,3.091990947723389e-05,1.0000310594183797,0.00011920034885404274,1.00012126981984
split_cifar10,adam,resnet18,3e-05,m,20,0.0001,,0.9,0.999,full_coupled,0.9553771555423737,0.27660175152122973,0.863262265920639,0.4746108166873455,0.9556900352239609,0.27594347558915616,0.8643025159835815,0.4734757669270039,0.00031287968158721924,1.0003274933671713,0.0010402500629425049,1.001205022047191
split_cifar10,adam,resnet18,3e-05,m,20,0.0003,,0.9,0.999,full_coupled,0.7657820791006088,0.6102067872881889,0.5476082265377045,0.8077916204929352,0.7677298337221146,0.6087431535124779,0.5525423049926758,0.8058076143264771,0.0019477546215057595,1.0025434842034868,0.004934078454971291,1.0090102343534306
split_cifar10,adam,resnet18,3e-05,m,20,0.001,,0.9,0.999,full_coupled,0.3833863288164139,0.9044620990753174,0.21862579770386215,0.9686484187841415,0.39246518537402153,0.9022038966417313,0.23645917400717736,0.9661932617425919,0.00907885655760765,1.0236806997934325,0.017833376303315218,1.0815703201114046
split_cifar10,adam,resnet18,3e-05,m,20,0.003,,0.9,0.999,full_coupled,0.15013663507997985,0.9852131217718124,0.0788762498646974,0.995899447798729,0.17554662413895125,0.9827070593833923,0.11989654190838332,0.9933582007884979,0.025409989058971405,1.1692457610058675,0.041020292043685916,1.5200588531281751
split_cifar10,adam,resnet18,3e-05,m,20,0.01,,0.9,0.999,full_coupled,0.04813189236447211,0.998482084274292,0.024995322804897975,0.9996031701564789,0.10122957378625866,0.9959329515695572,0.09147430248558518,0.9970506459474564,0.05309768142178655,2.103170451303092,0.0664789796806872,3.6596567765734265
split_cifar10,adam,resnet18,3e-05,rms_global,1,0.001,,0.9,0.999,full_coupled,0.08610044568777081,0.9962739109992981,0.04467429742217059,0.9989981055259705,0.08610044568777081,0.9962739109992981,0.04467429742217059,0.9989981055259705,0.0,1.0,0.0,1.0
split_cifar10,adam,resnet18,3e-05,rms_global,1,0.003,,0.9,0.999,full_coupled,0.029864655435085243,0.9995527744293213,0.014686104841530278,0.9998917818069458,0.029864655435085243,0.9995527744293213,0.014686104841530278,0.9998917818069458,0.0,1.0,0.0,1.0
split_cifar10,adam,resnet18,3e-05,rms_global,1,0.01,,0.9,0.999,full_coupled,0.00946367885917418,0.999959123134613,0.0043983282521366605,0.9999902844429016,0.00946367885917418,0.999959123134613,0.0043983282521366605,0.9999902844429016,0.0,1.0,0.0,1.0
split_cifar10,adam,resnet18,3e-05,rms_global,1,0.03,,0.9,0.999,full_coupled,0.01085449177771804,0.9999784469604492,0.00146689401008184,0.9999989151954651,0.01085449177771804,0.9999784469604492,0.00146689401008184,0.9999989151954651,0.0,1.0,0.0,1.0
split_cifar10,adam,resnet18,3e-05,rms_global,1,0.1,,0.9,0.999,full_coupled,0.035213898867368656,0.9998164176940918,0.0013802119763567599,0.9999991536140442,0.035213898867368656,0.9998164176940918,0.0013802119763567599,0.9999991536140442,0.0,1.0,0.0,1.0
split_cifar10,adam,resnet18,3e-05,rms_global,5,0.001,,0.9,0.999,full_coupled,0.7612313628196716,0.646553373336792,0.5505796074867249,0.8332108616828918,0.8300948977470398,0.5901179194450379,0.6976377964019775,0.7583764433860779,0.06886353492736819,1.0904633443796787,0.14705818891525269,1.26709704993714
split_cifar10,adam,resnet18,3e-05,rms_global,5,0.003,,0.9,0.999,full_coupled,0.4537846267223358,0.8902665257453919,0.3107850134372711,0.9500716805458069,0.642880117893219,0.8109197854995728,0.5781354904174805,0.8640133738517761,0.18909549117088315,1.4167075745529563,0.26735047698020936,1.8602425001879037
split_cifar10,adam,resnet18,3e-05,rms_global,5,0.01,,0.9,0.999,full_coupled,0.24314238429069518,0.9695469617843628,0.17491697967052455,0.9843710780143737,0.5527007937431335,0.8829062223434448,0.5343716263771057,0.8956246733665466,0.30955840945243834,2.273156921428959,0.3594546467065811,3.055001449165505
split_cifar10,adam,resnet18,3e-05,rms_global,5,0.03,,0.9,0.999,full_coupled,0.1453175991773605,0.9892903566360474,0.11288963109254835,0.9935144543647766,0.5241585016250611,0.9014932870864868,0.5205017685890198,0.9047140717506409,0.3788409024477005,3.6069856961050135,0.4076121374964714,4.610713699314916
split_cifar10,adam,resnet18,3e-05,rms_global,5,0.1,,0.9,0.999,full_coupled,0.09818292260169978,0.9953120946884155,0.08152141720056527,0.9966088175773621,0.5094245433807373,0.9092962145805359,0.5158065557479858,0.9076792240142822,0.4112416207790375,5.188524947941588,0.43428513854742057,6.327252070200875
split_cifar10,adam,resnet18,3e-05,rms_global,10,0.001,,0.9,0.999,full_coupled,0.831219220161438,0.5561326503753662,0.6687039375305176,0.7440082192420959,0.9135471820831299,0.42182750105857847,0.8391987919807434,0.5647133469581604,0.0823279619216919,1.099044824668157,0.17049485445022583,1.2549631382160733
split_cifar10,adam,resnet18,3e-05,rms_global,10,0.003,,0.9,0.999,full_coupled,0.5802186846733093,0.8153704881668091,0.4388778984546661,0.8995226979255676,0.8036118745803833,0.6181411862373352,0.7544389128684997,0.6824052095413208,0.22339318990707402,1.3850155050295476,0.3155610144138336,1.7190177849578576
split_cifar10,adam,resnet18,3e-05,rms_global,10,0.01,,0.9,0.999,full_coupled,0.36068028807640073,0.9337205767631531,0.2787723362445831,0.9613663911819458,0.7326902866363525,0.707041335105896,0.713909900188446,0.7281428098678588,0.37200999855995176,2.031412058984358,0.43513756394386294,2.5609065440485157
split_cifar10,adam,resnet18,3e-05,rms_global,10,0.03,,0.9,0.999,full_coupled,0.24326513111591339,0.9712833523750305,0.20432170033454894,0.9800750255584717,0.7046800374984741,0.7375134944915771,0.6995962858200073,0.742867624759674,0.46141490638256066,2.8967572716481964,0.4952745854854584,3.4239940479866493
split_cifar10,adam,resnet18,3e-05,rms_global,10,0.1,,0.9,0.999,full_coupled,0.18332914412021634,0.9846978783607483,0.1702056765556335,0.9866025686264038,0.6914461135864258,0.7509587049484253,0.6944345831871033,0.748105502128601,0.5081169694662095,3.7716104381800672,0.5242289066314698,4.079973108065641
split_cifar10,adam,resnet18,3e-05,rms_global,20,0.001,,0.9,0.999,full_coupled,0.8968995690345765,0.4496570825576782,0.7878631830215455,0.6262254238128662,1.020884907245636,0.15810911208391185,1.039325475692749,0.2210027933120727,0.12398533821105961,1.138237705192029,0.25146229267120357,1.319170000693289
split_cifar10,adam,resnet18,3e-05,rms_global,20,0.003,,0.9,0.999,full_coupled,0.714926815032959,0.7099368810653687,0.5906172752380371,0.8193896412849426,1.0511343240737916,0.24750457108020782,1.0658453464508058,0.28726438283920286,0.33620750904083263,1.4702684274408326,0.47522807121276867,1.8046294802691591
split_cifar10,adam,resnet18,3e-05,rms_global,20,0.01,,0.9,0.999,full_coupled,0.5118003129959107,0.871626365184784,0.4283773064613342,0.916520607471466,1.0727215647697448,0.30429427921772,1.0793695330619812,0.32050746083259585,0.5609212517738341,2.0959767658022437,0.650992226600647,2.5196701991014696
split_cifar10,adam,resnet18,3e-05,rms_global,20,0.03,,0.9,0.999,full_coupled,0.3927459120750427,0.9334360718727112,0.35446569323539734,0.9490360736846923,1.081116271018982,0.3295696586370468,1.0852554321289063,0.33326196372509,0.6883703589439392,2.752711709479005,0.730789738893509,3.0616656360258774
split_cifar10,adam,resnet18,3e-05,rms_global,20,0.1,,0.9,0.999,full_coupled,0.3289268255233765,0.95811927318573,0.3198260307312012,0.9615692734718323,1.0820232391357423,0.34136385321617124,1.0867725610733032,0.3383087694644928,0.7530964136123658,3.289556081095137,0.766946530342102,3.3980115958312496
split_cifar10,adam,resnet18,3e-05,rms_layerwise,1,0.001,,0.9,0.999,full_coupled,0.20935137569904333,0.9436461022921971,0.13079020551272796,0.9743468693324498,0.2093513748475484,0.9436461022921971,0.13079020529985425,0.9743468608175005,-8.514949301208219e-10,0.9999999959326996,-2.1287371865241766e-10,0.9999999983724032
split_cifar10,adam,resnet18,3e-05,rms_layerwise,1,0.003,,0.9,0.999,full_coupled,0.09242770011935911,0.9869871122496467,0.04914052310798846,0.9961707438741412,0.09242770033223285,0.9869871190616063,0.04914052332086218,0.9961707404681615,2.1287374640799328e-10,1.000000002303138,2.1287372559131157e-10,1.0000000043319386
split_cifar10,adam,resnet18,3e-05,rms_layerwise,1,0.01,,0.9,0.999,full_coupled,0.02901446594457537,0.998741854940142,0.01428578233878523,0.9996878334454127,0.02901446594457537,0.9987418600491115,0.014285782392003663,0.9996878283364433,0.0,1.0,5.321843313255137e-11,1.0000000037252725
split_cifar10,adam,resnet18,3e-05,rms_layerwise,1,0.03,,0.9,0.999,full_coupled,0.015848757805568776,0.9998348116874695,0.004610494577458877,0.9999683618545532,0.01584875772574113,0.9998348133904594,0.004610495083033989,0.9999683618545532,-7.982764796410358e-11,0.9999999949631606,5.05575111289791e-10,1.0000001096574571
split_cifar10,adam,resnet18,3e-05,rms_layerwise,1,0.1,,0.9,0.999,full_coupled,0.03420728088489596,0.9997716188430786,0.002247473218345163,0.9999960167067392,0.03420728035271163,0.9997716222490582,0.0022474731085821487,0.9999960098947798,-5.321843313255137e-10,0.9999999844423667,-1.0976301421591894e-10,0.9999999511615919
split_cifar10,adam,resnet18,3e-05,rms_layerwise,5,0.001,,0.9,0.999,full_coupled,0.916872215270996,0.2535213781121586,0.8390636077948977,0.35730918275990653,0.9384879861559187,0.23057891305402983,0.8855550204004562,0.32590792111254163,0.021615770884922614,1.0235755545046523,0.046491412605558446,1.0554086867475283
split_cifar10,adam,resnet18,3e-05,rms_layerwise,5,0.003,,0.9,0.999,full_coupled,0.7895065367221832,0.41180950693253954,0.7075884389025824,0.4989230871200562,0.8546892915453229,0.375848777938102,0.8054595308644432,0.45380586460232736,0.06518275482313973,1.082561387133995,0.09787109196186083,1.1383164090606845
split_cifar10,adam,resnet18,3e-05,rms_layerwise,5,0.01,,0.9,0.999,full_coupled,0.6494648775884083,0.5594601776983057,0.5786531537771225,0.638015768783433,0.7709274547440665,0.5081480377486773,0.7310444142137256,0.5788046211004257,0.12146257715565822,1.1870194699468166,0.15239126043660312,1.263355102174556
split_cifar10,adam,resnet18,3e-05,rms_layerwise,5,0.03,,0.9,0.999,full_coupled,0.5337828069925308,0.6887258595653943,0.45050071477890014,0.7787487460034234,0.7049187600612641,0.6240836226514408,0.6581431175981249,0.7041027247905731,0.1711359530687333,1.3206097139639195,0.2076424028192248,1.46091470225776
split_cifar10,adam,resnet18,3e-05,rms_layerwise,5,0.1,,0.9,0.999,full_coupled,0.38646486880523817,0.8381061451775688,0.29239767188472404,0.9095146690096174,0.6164658861500876,0.7593233159610204,0.57337908915111,0.8207472477640424,0.2300010173448494,1.5951408159191829,0.280981417266386,1.960956410682918
split_cifar10,adam,resnet18,3e-05,rms_layerwise,10,0.001,,0.9,0.999,full_coupled,0.9391669852393015,0.22032106179477914,0.870515765462603,0.3238832281503294,0.9643798334257943,0.17392972801213286,0.9284923400197711,0.2570492602419108,0.02521284818649272,1.0268459694418117,0.05797657455716809,1.0666002579819547
split_cifar10,adam,resnet18,3e-05,rms_layerwise,10,0.003,,0.9,0.999,full_coupled,0.8253609989370618,0.37923943174204655,0.7506746015378407,0.4645022666880062,0.9081210238592965,0.3006257700467748,0.8771959219660077,0.36532618078802315,0.08276002492223467,1.1002713055606175,0.126521320428167,1.1685434943036224
split_cifar10,adam,resnet18,3e-05,rms_layerwise,10,0.01,,0.9,0.999,full_coupled,0.6986596022333418,0.5225501798093319,0.6319831703390394,0.6028246313333512,0.8579821177891322,0.4066085318901709,0.8344781007085528,0.4664252960256167,0.15932251555579047,1.2280402574393863,0.20249493036951338,1.3204119031538153
split_cifar10,adam,resnet18,3e-05,rms_layerwise,10,0.03,,0.9,0.999,full_coupled,0.5894225814512798,0.6548290484717915,0.5121443576046398,0.7436272361448832,0.8198850154876709,0.5032551965543202,0.7946621928896223,0.567654716542789,0.2304624340363911,1.3909969541189704,0.2825178352849824,1.5516371138136755
split_cifar10,adam,resnet18,3e-05,rms_layerwise,10,0.1,,0.9,0.999,full_coupled,0.45077881940773556,0.8047061954225813,0.3663047551044396,0.8776576927730015,0.7703087602342878,0.6156650641134808,0.7463569181306022,0.6676393415246691,0.3195299408265523,1.7088397392902641,0.3800521630261626,2.037529973963356
split_cifar10,adam,resnet18,3e-05,rms_layerwise,20,0.001,,0.9,0.999,full_coupled,0.9499124271529062,0.20315976877962902,0.8899657811437335,0.3017732044282768,0.9886446986879621,0.12349872051189384,0.9841167177472796,0.18363164530268736,0.03873227153505587,1.0407745708213807,0.09415093660354612,1.1057916367105134
split_cifar10,adam,resnet18,3e-05,rms_layerwise,20,0.003,,0.9,0.999,full_coupled,0.8516084083489008,0.35750287361443045,0.7845043105738505,0.4443585215934685,0.9878375802721295,0.21501127024447278,1.003886820588793,0.2613278760441712,0.1362291719232287,1.1599669174090823,0.21938251001494247,1.2796447477190638
split_cifar10,adam,resnet18,3e-05,rms_layerwise,20,0.01,,0.9,0.999,full_coupled,0.7355716126305717,0.5076721234513181,0.6682662425296648,0.5953913398087025,1.0230305688721792,0.2909747417750103,1.0560823236192975,0.33363347787942205,0.28745895624160755,1.3907966964815144,0.3878160810896327,1.5803316947772015
split_cifar10,adam,resnet18,3e-05,rms_layerwise,20,0.03,,0.9,0.999,full_coupled,0.6237251916102001,0.648177963921002,0.5492963226778167,0.7276629511799131,1.0790043473243713,0.35633815143789566,1.116290121419089,0.39433660996811726,0.4552791557141712,1.729935493769025,0.5669937987412723,2.0322184499200366
split_cifar10,adam,resnet18,3e-05,rms_layerwise,20,0.1,,0.9,0.999,full_coupled,0.4990096850054604,0.7790846364838736,0.4332467020622322,0.8451404861041478,1.1335039002554756,0.4228419601917267,1.1551586151123048,0.4573286946330752,0.6344942152500153,2.271506815029196,0.7219119130500726,2.666283689209424
split_cifar10,adam,resnet18,3e-05,rms_random_layerwise,1,0.001,,0.9,0.999,full_coupled,0.24753471165895463,0.9630286455154419,0.13668909259140488,0.9887293457984925,0.24753471165895463,0.9630286455154419,0.13668909259140488,0.9887293457984925,0.0,1.0,0.0,1.0
split_cifar10,adam,resnet18,3e-05,rms_random_layerwise,1,0.003,,0.9,0.999,full_coupled,0.0947691429406404,0.9945528715848923,0.04943899828940625,0.9985043942928314,0.0947691429406404,0.9945528715848923,0.04943899828940625,0.9985043942928314,0.0,1.0,0.0,1.0
split_cifar10,adam,resnet18,3e-05,rms_random_layerwise,1,0.01,,0.9,0.999,full_coupled,0.03034180030226703,0.9994337797164917,0.01534117325209077,0.9998531013727188,0.03034180030226703,0.9994337797164917,0.01534117325209077,0.9998531013727188,0.0,1.0,0.0,1.0
split_cifar10,adam,resnet18,3e-05,rms_random_layerwise,1,0.03,,0.9,0.999,full_coupled,0.011789905861951352,0.9999270021915436,0.0051395546062849,0.9999834209680557,0.011789905861951352,0.9999270021915436,0.0051395546062849,0.9999834209680557,0.0,1.0,0.0,1.0
split_cifar10,adam,resnet18,3e-05,rms_random_layerwise,1,0.1,,0.9,0.999,full_coupled,0.01662990963086481,0.9999126225709916,0.0016323807591106202,0.9999983996152878,0.016629909584298684,0.9999126225709916,0.0016323807591106202,0.9999983996152878,-4.6566125955216364e-11,0.999999997199857,0.0,1.0
split_cifar10,adam,resnet18,3e-05,rms_random_layerwise,5,0.001,,0.9,0.999,full_coupled,0.9359779357910156,0.32658569402992726,0.8206007510423661,0.5353614561259746,0.9513351202011109,0.29868356622755526,0.8672236114740371,0.48894731774926187,0.01535718441009526,1.0164076350764792,0.046622860431671076,1.0568155224967177
split_cifar10,adam,resnet18,3e-05,rms_random_layerwise,5,0.003,,0.9,0.999,full_coupled,0.7165177345275879,0.6619713172316551,0.5142935216426849,0.8317026555538177,0.7954320102930069,0.6040210768580436,0.6672487318515777,0.7588084071874619,0.07891427576541898,1.1101358305073195,0.1529552102088928,1.2974083937910486
split_cifar10,adam,resnet18,3e-05,rms_random_layerwise,5,0.01,,0.9,0.999,full_coupled,0.3840584434568882,0.9059084385633469,0.251206199452281,0.9595285534858704,0.5958326756954193,0.8266359090805053,0.5348755329847336,0.8750112086534501,0.2117742322385311,1.5514114735568973,0.28366933353245255,2.1292290323684395
split_cifar10,adam,resnet18,3e-05,rms_random_layerwise,5,0.03,,0.9,0.999,full_coupled,0.20276081301271914,0.9736186414957047,0.14017310999333857,0.9873751938343048,0.5163764744997025,0.8878753304481506,0.4974613949656487,0.9000684678554535,0.31361566148698333,2.546727184741118,0.35728828497231013,3.548907454427525
split_cifar10,adam,resnet18,3e-05,rms_random_layerwise,5,0.1,,0.9,0.999,full_coupled,0.11121325846761461,0.9920613557100296,0.08090162854641672,0.995739397406578,0.49039199352264407,0.9042044788599014,0.4845765545964241,0.9077119678258896,0.37917873505502947,4.409474196509103,0.40367492605000743,5.989700866384931
split_cifar10,adam,resnet18,3e-05,rms_random_layerwise,10,0.001,,0.9,0.999,full_coupled,0.9467018783092499,0.2963272511959076,0.845659327507019,0.4972932130098343,0.9679723471403122,0.23916872404515738,0.9102564305067062,0.40074549838900564,0.021270468831062317,1.022467969398191,0.06459710299968724,1.0763866735676146
split_cifar10,adam,resnet18,3e-05,rms_random_layerwise,10,0.003,,0.9,0.999,full_coupled,0.7547401994466781,0.6186973422765731,0.5713277697563172,0.7898817807435989,0.861858281493187,0.4987639546394348,0.7748994201421737,0.6348470523953438,0.10711808204650886,1.1419270924286797,0.20357165038585656,1.356313242874023
split_cifar10,adam,resnet18,3e-05,rms_random_layerwise,10,0.01,,0.9,0.999,full_coupled,0.45015463083982465,0.8700242638587952,0.31865377128124234,0.9345358371734619,0.7242224723100662,0.7003601208329201,0.6812609732151031,0.7492909997701644,0.27406784147024155,1.6088304389070278,0.3626072019338608,2.1379347574512946
split_cifar10,adam,resnet18,3e-05,rms_random_layerwise,10,0.03,,0.9,0.999,full_coupled,0.2672962874174118,0.9535850286483765,0.19693535342812535,0.9746262818574906,0.6666815608739853,0.7642124623060227,0.6510362654924393,0.7798876762390137,0.39938527345657354,2.494166931068858,0.45410091206431397,3.305837444418253
split_cifar10,adam,resnet18,3e-05,rms_random_layerwise,10,0.1,,0.9,0.999,full_coupled,0.1626124411821365,0.9826491624116898,0.1279226560145616,0.98914053440094,0.6445671766996384,0.785923770070076,0.6391234457492828,0.7911254405975342,0.4819547355175019,3.9638244897737023,0.5112007897347213,4.996170855587384
split_cifar10,adam,resnet18,3e-05,rms_random_layerwise,20,0.001,,0.9,0.999,full_coupled,0.9523113042116165,0.27968620546162126,0.8632948696613312,0.4695317968726158,0.985030323266983,0.1786435721442103,0.9602274477481842,0.29645149521529673,0.03271901905536656,1.0343574825906885,0.09693257808685307,1.112282119926045
split_cifar10,adam,resnet18,3e-05,rms_random_layerwise,20,0.003,,0.9,0.999,full_coupled,0.784366437792778,0.582686323672533,0.6196463882923127,0.7518204867839813,0.9401802808046341,0.3714558783918619,0.9122026532888412,0.4739457592368126,0.15581384301185608,1.198649298981123,0.29255626499652854,1.4721342212657547
split_cifar10,adam,resnet18,3e-05,rms_random_layerwise,20,0.01,,0.9,0.999,full_coupled,0.5108008041977883,0.8332482859492302,0.38599356114864347,0.9050236612558364,0.8966596305370331,0.5253725089132786,0.8917509883642196,0.5649999737739563,0.38585882633924484,1.7553998019741481,0.5057574272155761,2.3102742587480947
split_cifar10,adam,resnet18,3e-05,rms_random_layerwise,20,0.03,,0.9,0.999,full_coupled,0.33381284326314925,0.9291073143482208,0.26268913969397545,0.9562756836414337,0.8899279832839966,0.5791737675666809,0.8903234839439392,0.5933197289705276,0.5561151400208473,2.6659489029379677,0.6276343442499638,3.389266434772058
split_cifar10,adam,resnet18,3e-05,rms_random_layerwise,20,0.1,,0.9,0.999,full_coupled,0.2274609338492155,0.967434611916542,0.1932891763746738,0.9766508609056472,0.8908355116844178,0.5996076226234436,0.8907350212335586,0.6046615839004517,0.6633745778352023,3.91643301822965,0.6974458448588848,4.60830263722035
split_cifar10,adam,resnet18,0.0003,m,1,1e-06,,0.9,0.999,full_coupled,0.49590619653463364,0.8544121414422989,0.31760128438472746,0.9394935518503189,0.49590619653463364,0.8544121414422989,0.31760128438472746,0.9394935518503189,0.0,1.0,0.0,1.0
split_cifar10,adam,resnet18,0.0003,m,1,3e-06,,0.9,0.999,full_coupled,0.2333485811948776,0.9668887972831726,0.13025432899594303,0.9895036488771438,0.2333485811948776,0.9668887972831726,0.13025432899594303,0.9895036488771438,0.0,1.0,0.0,1.0
split_cifar10,adam,resnet18,0.0003,m,1,1e-05,,0.9,0.999,full_coupled,0.08245750665664667,0.9957516819238663,0.043546808231621936,0.9988059908151626,0.08245750665664667,0.9957516819238663,0.043546808231621936,0.9988059908151626,0.0,1.0,0.0,1.0
split_cifar10,adam,resnet18,0.0003,m,1,3e-05,,0.9,0.999,full_coupled,0.029831646755337653,0.999438613653183,0.01555616660043592,0.999847286939621,0.029831646755337653,0.999438613653183,0.01555616660043592,0.999847286939621,0.0,1.0,0.0,1.0
split_cifar10,adam,resnet18,0.0003,m,1,0.0001,,0.9,0.999,full_coupled,0.00964361610822375,0.9999411880970002,0.0050119968946091345,0.9999841153621674,0.00964361610822375,0.9999411880970002,0.0050119968946091345,0.9999841153621674,0.0,1.0,0.0,1.0
split_cifar10,adam,resnet18,0.0003,m,1,0.0003,,0.9,0.999,full_coupled,0.0034154642955399606,0.9999926060438156,0.00175475120777259,0.9999980300664901,0.0034154642955399606,0.9999926060438156,0.00175475120777259,0.9999980300664901,0.0,1.0,0.0,1.0
split_cifar10,adam,resnet18,0.0003,m,1,0.001,,0.9,0.999,full_coupled,0.00106621680606618,0.9999992549419403,0.0005390883568906701,0.9999998211860657,0.00106621680606618,0.9999992549419403,0.0005390883568906701,0.9999998211860657,0.0,1.0,0.0,1.0
split_cifar10,adam,resnet18,0.0003,m,1,0.003,,0.9,0.999,full_coupled,0.00036038438338431995,0.9999999463558197,0.000180924609958255,0.9999999850988388,0.00036038438338431995,0.9999999463558197,0.000180924609958255,0.9999999850988388,0.0,1.0,0.0,1.0
split_cifar10,adam,resnet18,0.0003,m,1,0.01,,0.9,0.999,full_coupled,0.00010860034235518222,1.0000000089406966,5.428227614173631e-05,0.9999999821186065,0.00010860034235518222,1.0000000089406966,5.428227614173631e-05,0.9999999821186065,0.0,1.0,0.0,1.0
split_cifar10,adam,resnet18,0.0003,m,5,1e-06,,0.9,0.999,full_coupled,0.9999235242605209,0.011488807271234655,0.9997277289628983,0.021838957117870404,0.9999237686395646,0.01147347835358227,0.999728474020958,0.02181634472217406,2.443790436679194e-07,1.0000002443977343,7.450580596923828e-07,1.0000007452609727
split_cifar10,adam,resnet18,0.0003,m,5,3e-06,,0.9,0.999,full_coupled,0.9994290739297866,0.03170182979665692,0.9978828310966492,0.06042985999956722,0.999430587887764,0.031662672152742696,0.9978882133960724,0.06036171261221166,1.5139579773171263e-06,1.0000015148228292,5.38229942315116e-06,1.000005393718837
split_cifar10,adam,resnet18,0.0003,m,5,1e-05,,0.9,0.999,full_coupled,0.9943798601627349,0.09863734524697061,0.9799202024936676,0.18651071749627585,0.9943924188613892,0.09854343868792054,0.9799673110246658,0.1863196689635515,1.2558698654241418e-05,1.0000126296792176,4.7108530998207776e-05,1.000048073844052
split_cifar10,adam,resnet18,0.0003,m,5,3e-05,,0.9,0.999,full_coupled,0.9605957567691803,0.26132200062274935,0.8734361976385117,0.4591498635709286,0.960696691274643,0.26103215143084524,0.8737695515155792,0.4586573339998722,0.00010093450546266869,1.0001050749024774,0.0003333538770675659,1.0003816579596414
split_cifar10,adam,resnet18,0.0003,m,5,0.0001,,0.9,0.999,full_coupled,0.7557138293981552,0.6252245336771012,0.5427233055233955,0.8157380253076554,0.7564486235380172,0.6245281398296356,0.5445049732923508,0.8147984504699707,0.0007347941398619939,1.000972317974447,0.0017816677689552751,1.0032828289311015
split_cifar10,adam,resnet18,0.0003,m,5,0.0003,,0.9,0.999,full_coupled,0.408836568146944,0.8973792135715485,0.23149374127388,0.9674502640962601,0.41173364222049713,0.8963142037391663,0.23750494793057442,0.9662624567747116,0.0028970740735531075,1.0070861422369435,0.006011206656694412,1.0259670374828085
split_cifar10,adam,resnet18,0.0003,m,5,0.001,,0.9,0.999,full_coupled,0.14553138501942153,0.9867710262537003,0.07493230793625112,0.9965802669525147,0.1552857477217912,0.9855502784252167,0.09209673367440696,0.9953401297330856,0.009754362702369679,1.0670258357059403,0.01716442573815584,1.2290657556251774
split_cifar10,adam,resnet18,0.0003,m,5,0.003,,0.9,0.999,full_coupled,0.05168264647945757,0.9983677327632904,0.02809760910458859,0.9995279908180237,0.07420186977833507,0.9971238672733307,0.05946234241127964,0.9982817769050598,0.022519223298877497,1.435721172053917,0.031364733306691046,2.1162776587125665
split_cifar10,adam,resnet18,0.0003,m,5,0.01,,0.9,0.999,full_coupled,0.018179590953513923,0.9998034656047821,0.010828135954216075,0.9999332666397095,0.05515948645770545,0.9985562533140182,0.05302243875339622,0.9986859560012817,0.03697989550419153,3.0341434303307966,0.04219430279918014,4.896728206737305
split_cifar10,adam,resnet18,0.0003,m,10,1e-06,,0.9,0.999,full_coupled,0.9999740660190582,0.00679864396806801,0.999905264377594,0.013071551546454374,0.9999742627143859,0.006781373010016935,0.9999057173728942,0.013060825667343984,1.9669532769217568e-07,1.0000001967004288,4.529953002707643e-07,1.0000004530382192
split_cifar10,adam,resnet18,0.0003,m,10,3e-06,,0.9,0.999,full_coupled,0.9997801274061203,0.019847681839019006,0.9991892606019974,0.03794569866731758,0.9997816264629364,0.01978218671865755,0.9991938769817352,0.03784465622156854,1.4990568161232787e-06,1.00000149938649,4.616379737809595e-06,1.0000046201254555
split_cifar10,adam,resnet18,0.0003,m,10,1e-05,,0.9,0.999,full_coupled,0.997811222076416,0.06254266202449794,0.9915776789188385,0.12237496655434366,0.9978229612112045,0.06240680636838074,0.9916249722242355,0.12207885943353172,1.1739134788468775e-05,1.0000117648855102,4.729330539698928e-05,1.000047695008069
split_cifar10,adam,resnet18,0.0003,m,10,3e-05,,0.9,0.999,full_coupled,0.982929241657257,0.1747834749519825,0.9393896192312241,0.32569390460848807,0.9830307245254517,0.17433396428823467,0.9397237509489059,0.3249336376786232,0.0001014828681946689,1.000103245344521,0.00033413171768181815,1.0003556902384714
split_cifar10,adam,resnet18,0.0003,m,10,0.0001,,0.9,0.999,full_coupled,0.8634390234947205,0.4829731464385986,0.6784718096256256,0.7106271877884864,0.8642708480358123,0.4818046219646931,0.6807781040668488,0.70889992415905,0.0008318245410918745,1.0009633853908122,0.002306294441223211,1.003399248735914
split_cifar10,adam,resnet18,0.0003,m,10,0.0003,,0.9,0.999,full_coupled,0.5426813513040543,0.8221010059118271,0.32328599244356154,0.938519436120987,0.5465724423527718,0.8200699836015701,0.3318513758480549,0.9361309111118317,0.003891091048717543,1.007170121175838,0.008565383404493365,1.0264947557416633
split_cifar10,adam,resnet18,0.0003,m,10,0.001,,0.9,0.999,full_coupled,0.20767316818237305,0.9743249148130417,0.10883104708045717,0.9930619299411774,0.22172572836279864,0.9718315690755844,0.13384077772498126,0.9905036658048629,0.014052560180425583,1.0676667106464375,0.025009730644524095,1.229803271359089
split_cifar10,adam,resnet18,0.0003,m,10,0.003,,0.9,0.999,full_coupled,0.0749506782740354,0.9967073619365692,0.04118411745876068,0.9990274786949158,0.10795544162392612,0.9941369950771332,0.08700538892298931,0.9964488267898559,0.03300476334989072,1.440353097662684,0.04582127146422863,2.1125956871629294
split_cifar10,adam,resnet18,0.0003,m,10,0.01,,0.9,0.999,full_coupled,0.026981584727764085,0.9995878070592881,0.01657890207134182,0.9998505592346192,0.0808310184627771,0.9970068842172622,0.07776243742555376,0.9972688168287277,0.05384943373501301,2.995784690867393,0.06118353535421194,4.6904455488625745
split_cifar10,adam,resnet18,0.0003,m,20,1e-06,,0.9,0.999,full_coupled,0.9999954491853714,0.00285777203389437,0.9999819993972778,0.005683621088974145,0.9999949097633362,0.002934687453671305,0.999981427192688,0.005964247498195565,-5.394220352616941e-07,0.9999994605755099,-5.722045898215455e-07,0.99999942778511
split_cifar10,adam,resnet18,0.0003,m,20,3e-06,,0.9,0.999,full_coupled,0.9999539524316787,0.00902764402562748,0.9998299032449722,0.017380366916768197,0.9999552577733993,0.008953845314681495,0.9998415291309357,0.01676664044643981,1.3053417206032591e-06,1.000001305401831,1.162588596348435e-05,1.0000116278638254
split_cifar10,adam,resnet18,0.0003,m,20,1e-05,,0.9,0.999,full_coupled,0.9995325714349746,0.028998813033103886,0.9981579422950745,0.05772159108892079,0.9995637238025665,0.02804758939892049,0.9983201354742051,0.05527186533436175,3.1152367591880115e-05,1.000031166935908,0.0001621931791305764,1.0001624924996917
split_cifar10,adam,resnet18,0.0003,m,20,3e-05,,0.9,0.999,full_coupled,0.9961518347263336,0.08373645171523089,0.9856598198413848,0.16066778954118485,0.9964574307203293,0.08039888292551038,0.9864183366298676,0.15602688984945412,0.0003055959939957109,1.0003067765207496,0.0007585167884827104,1.0007695523072095
split_cifar10,adam,resnet18,0.0003,m,20,0.0001,,0.9,0.999,full_coupled,0.9629701346158981,0.2570647358894348,0.8748705208301544,0.4586096242070198,0.965634822845459,0.24807611964643,0.8829423666000367,0.4435195833444595,0.0026646882295608965,1.0027671556300382,0.008071845769882291,1.0092263318716272
split_cifar10,adam,resnet18,0.0003,m,20,0.0003,,0.9,0.999,full_coupled,0.7853260308504104,0.5959291592240333,0.5547353908419609,0.8130513191223144,0.8011670619249344,0.5749218456447125,0.6038173630833625,0.7789667144417762,0.015841031074523948,1.0201712797643676,0.04908197224140165,1.088478170045914
split_cifar10,adam,resnet18,0.0003,m,20,0.001,,0.9,0.999,full_coupled,0.3948341965675354,0.904394906759262,0.2090425118803978,0.9746714383363724,0.47592670619487765,0.8645842283964157,0.36938617303967475,0.9257204324007035,0.08109250962734227,1.2053837036718567,0.16034366115927695,1.7670385306650758
split_cifar10,adam,resnet18,0.0003,m,20,0.003,,0.9,0.999,full_coupled,0.14769187606871123,0.9868138611316681,0.08091525565832848,0.9961303830146789,0.33905461207032206,0.9368050456047058,0.3181237816810608,0.9450362712144852,0.19136273600161083,2.2956889782656864,0.23720852602273235,3.9315674045987747
split_cifar10,adam,resnet18,0.0003,m,20,0.01,,0.9,0.999,full_coupled,0.05149404853582377,0.9984546720981597,0.034398568514734475,0.999285164475441,0.3121047720313072,0.9471130698919297,0.30983563885092735,0.9478599518537522,0.2606107234954834,6.0609872578610675,0.27543707033619286,9.007224783735133
split_cifar10,adam,resnet18,0.0003,rms_global,1,0.001,,0.9,0.999,full_coupled,0.00897036287933582,0.9999595999717712,0.0044832337647676,0.999989914894104,0.00897036287933582,0.9999595999717712,0.0044832337647676,0.999989914894104,0.0,1.0,0.0,1.0
split_cifar10,adam,resnet18,0.0003,rms_global,1,0.003,,0.9,0.999,full_coupled,0.00316535532474514,0.9999953269958496,0.00149424273986362,0.9999989032745361,0.00316535532474514,0.9999953269958496,0.0014942427631467,0.9999989032745361,0.0,1.0,2.3283079891162073e-11,1.0000000155818591
split_cifar10,adam,resnet18,0.0003,rms_global,1,0.01,,0.9,0.999,full_coupled,0.00363119845278556,0.9999976754188538,0.00044693497475231994,1.0,0.00363119845278556,0.9999976754188538,0.00044693498639386005,1.0,0.0,1.0,1.1641540108211362e-11,1.000000026047503
split_cifar10,adam,resnet18,0.0003,rms_global,1,0.03,,0.9,0.999,full_coupled,0.010602449811994978,0.9999826669692993,0.00019107469124714002,0.9999999761581421,0.010602449811994978,0.9999826669692993,0.00019107469415752002,0.9999999761581421,0.0,1.0,2.9103799990652657e-12,1.0000000152316353
split_cifar10,adam,resnet18,0.0003,rms_global,1,0.1,,0.9,0.999,full_coupled,0.03571287393569942,0.9998148202896118,0.00131355975754552,0.9999993085861207,0.03571287393569942,0.9998148202896118,0.00131355975754552,0.9999993085861207,0.0,1.0,0.0,1.0
split_cifar10,adam,resnet18,0.0003,rms_global,5,0.001,,0.9,0.999,full_coupled,0.8997984170913697,0.435920387506485,0.8182471632957459,0.5763507843017578,0.9909985780715942,0.2230658262968063,0.9848082661628723,0.2923409193754196,0.09120016098022454,1.1013562140674045,0.16656110286712644,1.2035584238340034
split_cifar10,adam,resnet18,0.0003,rms_global,5,0.003,,0.9,0.999,full_coupled,0.748440933227539,0.6652212977409363,0.6313226699829102,0.7785040736198425,0.9782604098320007,0.33731151521205904,0.9670838356018067,0.3948053687810898,0.22981947660446167,1.3070642804281156,0.33576116561889646,1.5318376506707505
split_cifar10,adam,resnet18,0.0003,rms_global,5,0.01,,0.9,0.999,full_coupled,0.5479543447494507,0.840798556804657,0.44906153678894045,0.8977673649787903,0.9630584597587586,0.4265825092792511,0.9532052874565125,0.45719929933547976,0.4151041150093079,1.7575523745488542,0.504143750667572,2.1226607254598164
split_cifar10,adam,resnet18,0.0003,rms_global,5,0.03,,0.9,0.999,full_coupled,0.3990297853946686,0.9219941973686219,0.34333124160766604,0.9435312271118164,0.9519587635993958,0.4696423292160034,0.9470247626304626,0.4801793277263641,0.5529289782047272,2.385683471367536,0.6036935210227966,2.758341356283136
split_cifar10,adam,resnet18,0.0003,rms_global,5,0.1,,0.9,0.999,full_coupled,0.3132507562637329,0.9562519669532776,0.2933917224407196,0.9603585481643677,0.9514543533325195,0.4873971104621887,0.9442271590232849,0.4898510932922363,0.6382035970687866,3.037356923510405,0.6508354365825653,3.218315606071906
split_cifar10,adam,resnet18,0.0003,rms_global,10,0.001,,0.9,0.999,full_coupled,0.9472511410713196,0.32399871349334713,0.8839104771614075,0.47146652936935424,1.5415701866149902,0.02141597648151216,1.9124707937240601,0.0253275095485151,0.5943190455436707,1.6274144414030574,1.0285603165626527,2.1636476126697515
split_cifar10,adam,resnet18,0.0003,rms_global,10,0.003,,0.9,0.999,full_coupled,0.8335148215293884,0.555818897485733,0.7326056003570557,0.685050880908966,2.158087730407715,0.026343042124062778,2.51320481300354,0.031001909542828797,1.3245729088783265,2.589141398167236,1.7805992126464845,3.430501775824072
split_cifar10,adam,resnet18,0.0003,rms_global,10,0.01,,0.9,0.999,full_coupled,0.6618080019950867,0.7567082405090332,0.5671979188919067,0.8323405861854554,2.7907146692276,0.03292472362518312,3.0153228998184205,0.03995664976537226,2.1289066672325134,4.216804059205555,2.4481249809265138,5.31617412438543
split_cifar10,adam,resnet18,0.0003,rms_global,10,0.03,,0.9,0.999,full_coupled,0.5194939136505127,0.8650797247886658,0.4600305676460266,0.8981837630271912,3.1449266195297243,0.04048291910439728,3.2312172412872315,0.043117286404594765,2.6254327058792115,6.053827652051108,2.7711866736412047,7.023918557893552
split_cifar10,adam,resnet18,0.0003,rms_global,10,0.1,,0.9,0.999,full_coupled,0.43715614080429077,0.9137539863586426,0.40166814923286437,0.927938437461853,3.3718767166137695,0.04644700596109032,3.3618326663970945,0.04754947796463964,2.9347205758094788,7.713209084539237,2.9601645171642303,8.369676990365733
split_cifar10,adam,resnet18,0.0003,rms_global,20,0.001,,0.9,0.999,full_coupled,0.9784409523010253,0.22432048618793488,0.9286902785301209,0.3732002913951874,54.75771427154541,-0.016268822725396582,83.58401794433594,-0.020251136831939177,53.77927331924438,55.96425021128792,82.65532766580581,90.00203822164269
split_cifar10,adam,resnet18,0.0003,rms_global,20,0.003,,0.9,0.999,full_coupled,0.892214012145996,0.45225188732147215,0.8139978528022767,0.5897504389286041,100.34425621032715,-0.028001493215560856,131.61463661193847,-0.03088848739862436,99.45204219818115,112.46657735062277,130.80063875913618,161.68916927586562
split_cifar10,adam,resnet18,0.0003,rms_global,20,0.01,,0.9,0.999,full_coupled,0.760363781452179,0.6584036588668823,0.6831737160682678,0.7458324670791626,151.60578651428222,-0.03934116102755064,173.17182884216308,-0.039549102261662424,150.84542273283003,199.38586004811836,172.4886551260948,253.4813983166449
split_cifar10,adam,resnet18,0.0003,rms_global,20,0.03,,0.9,0.999,full_coupled,0.6521082520484924,0.7742297172546386,0.5931443333625793,0.8228982090950012,183.14937782287598,-0.04367357231676574,193.00509300231934,-0.04405700638890262,182.49726957082748,280.85732276434453,192.41194866895677,325.3931330813853
split_cifar10,adam,resnet18,0.0003,rms_global,20,0.1,,0.9,0.999,full_coupled,0.5850380063056946,0.8217470526695252,0.5385025799274444,0.8621190786361694,204.53299255371093,-0.0420876974239945,205.65753097534179,-0.04534065946936604,203.94795454740523,349.60633386070674,205.11902839541435,381.9063058213226
split_cifar10,adam,resnet18,0.0003,rms_layerwise,1,0.001,,0.9,0.999,full_coupled,0.02733037743185242,0.9989123242241996,0.014070276124402828,0.9996967656271798,0.027330377644726157,0.99891231911523,0.014070276017965965,0.99969676392419,2.1287373599965242e-10,1.0000000077889057,-1.0643686279565578e-10,0.9999999924353394
split_cifar10,adam,resnet18,0.0003,rms_layerwise,1,0.003,,0.9,0.999,full_coupled,0.009592791087925387,0.9998623524393354,0.004750327795876937,0.9999660560062953,0.009592791061316172,0.9998623524393354,0.004750327755963117,0.9999660543033055,-2.6609214831552208e-11,0.9999999972261238,-3.99138196452431e-11,0.9999999915976704
split_cifar10,adam,resnet18,0.0003,rms_layerwise,1,0.01,,0.9,0.999,full_coupled,0.004937567189335768,0.999985843045371,0.001420821945482283,0.9999969312122889,0.004937567136117335,0.9999858447483609,0.0014208218922638484,0.9999969312122892,-5.321843313255137e-11,0.9999999892217298,-5.321843465043441e-11,0.99999996254391
split_cifar10,adam,resnet18,0.0003,rms_layerwise,1,0.03,,0.9,0.999,full_coupled,0.010286713684243769,0.9999784333365305,0.0005005239704457057,0.9999996866498675,0.010286713471370031,0.9999784384454999,0.0005005242365378715,0.9999996849468775,-2.128737377343759e-10,0.9999999793059529,2.6609216577117706e-10,1.0000005316272176
split_cifar10,adam,resnet18,0.0003,rms_layerwise,1,0.1,,0.9,0.999,full_coupled,0.034186231185282925,0.999783446107592,0.0014063624931232772,0.9999992285455976,0.03418623129171979,0.999783446107592,0.0014063626328216627,0.9999992285455976,1.0643686626510274e-10,1.0000000031134426,1.396983854550643e-10,1.000000099333128
split_cifar10,adam,resnet18,0.0003,rms_layerwise,5,0.001,,0.9,0.999,full_coupled,0.9318346125738962,0.23162081415565422,0.8824097403458186,0.31218267093811713,0.9692947319575719,0.17180264075951915,0.9588761551039559,0.22535741302583898,0.03746011938367566,1.0402003948750134,0.0764664147581372,1.0866563584488198
split_cifar10,adam,resnet18,0.0003,rms_layerwise,5,0.003,,0.9,0.999,full_coupled,0.852473761354174,0.3595146424802286,0.7955981033188957,0.4428351854639394,0.9572473032133919,0.2568750466087034,0.9706686718123301,0.30550377608409945,0.10477354185921794,1.1229052982144374,0.1750705684934344,1.2200490018303396
split_cifar10,adam,resnet18,0.0003,rms_layerwise,5,0.01,,0.9,0.999,full_coupled,0.7486483642033168,0.5093881048262119,0.6766039546046938,0.600148848763534,0.9966559878417425,0.3390621933021715,1.04225612112454,0.38697492192898475,0.24800762363842566,1.3312738469713294,0.3656521665198462,1.540422745139701
split_cifar10,adam,resnet18,0.0003,rms_layerwise,5,0.03,,0.9,0.999,full_coupled,0.6277229530470712,0.653508603147098,0.5481928120766367,0.7338974118232727,1.077460846730641,0.4142616746681077,1.1146843416350227,0.46060926488467635,0.44973789368356987,1.7164592142130022,0.566491529558386,2.033380075547563
split_cifar10,adam,resnet18,0.0003,rms_layerwise,5,0.1,,0.9,0.999,full_coupled,0.4971094052706446,0.7837553390434809,0.4218594029545784,0.8517672743116107,1.1456412264278957,0.4930892612252917,1.151856515237263,0.5377972934927259,0.648531821157251,2.304605815704023,0.7299971122826847,2.7304275006554337
split_cifar10,adam,resnet18,0.0003,rms_layerwise,10,0.001,,0.9,0.999,full_coupled,0.9643311773027692,0.1768854761562709,0.9249651908874513,0.2597165934741497,1.2642742259161814,0.08371674344608823,1.5138959850583755,0.1199400502065795,0.29994304861341226,1.3110373859863702,0.5889307941709242,1.636705899825137
split_cifar10,adam,resnet18,0.0003,rms_layerwise,10,0.003,,0.9,0.999,full_coupled,0.8986401643071856,0.30928970915930615,0.8443329649312157,0.40042315412844925,1.6990411247525898,0.13940068622884735,2.0912172777312144,0.16994880541959506,0.8004009604454042,1.8906801545671845,1.2468843127999987,2.4767684842218345
split_cifar10,adam,resnet18,0.0003,rms_layerwise,10,0.01,,0.9,0.999,full_coupled,0.7963879815169743,0.4696110960096121,0.7252418645790646,0.5591756735529219,2.431440143925803,0.18877043231789553,2.904631430762155,0.21484508071360842,1.6350521624088288,3.053084928899042,2.17938956618309,4.00505206969543
split_cifar10,adam,resnet18,0.0003,rms_layerwise,10,0.03,,0.9,0.999,full_coupled,0.6821438610553743,0.6069211531962667,0.6111350515059063,0.6830905939851488,3.189906339985984,0.2271569401025772,3.583135298320225,0.25108932919268095,2.5077624789306094,4.676295605813621,2.9720002468143187,5.8630826189579075
split_cifar10,adam,resnet18,0.0003,rms_layerwise,10,0.1,,0.9,0.999,full_coupled,0.5690484195947647,0.7299684567110878,0.5057588445288795,0.7979499731745039,3.855479807513101,0.2679206623562745,4.108922381060465,0.29294758816914895,3.2864313879183364,6.77531063219312,3.6031635365315853,8.124271924276432
split_cifar10,adam,resnet18,0.0003,rms_layerwise,20,0.001,,0.9,0.999,full_coupled,0.9907903739384242,0.09189728362751855,0.9725430692945208,0.15663144351315816,22.167661843981058,0.019127229716195848,38.522483972140726,0.032704422132727395,21.176871470042634,22.37371539638993,37.5499409028462,39.61005449361209
split_cifar10,adam,resnet18,0.0003,rms_layerwise,20,0.003,,0.9,0.999,full_coupled,0.9564970936094012,0.20837944604323377,0.9179008909634181,0.29470534265440484,52.080420804023746,0.04016554553361075,77.26722395079477,0.054007844329212906,51.123923710414346,54.44911558224923,76.34932305983135,84.17817730811439
split_cifar10,adam,resnet18,0.0003,rms_layerwise,20,0.01,,0.9,0.999,full_coupled,0.8786643496581487,0.36289772034755774,0.8213910732950482,0.4531454876065254,100.55364111491613,0.06592232937650154,135.207940196991,0.07672265822932653,99.67497676525798,114.43919530141098,134.38654912369594,164.60848503575536
split_cifar10,adam,resnet18,0.0003,rms_layerwise,20,0.03,,0.9,0.999,full_coupled,0.7829048463276453,0.5039040067366192,0.721826478413173,0.5845409783933844,154.92309620039802,0.08200589343905447,186.2275154726846,0.0892127763443698,154.14019135407037,197.8824079670632,185.50568899427142,257.9948520066454
split_cifar10,adam,resnet18,0.0003,rms_layerwise,20,0.1,,0.9,0.999,full_coupled,0.6814999086516244,0.6322411032659667,0.632336061341422,0.69786961717265,206.83656854629515,0.0931146608374547,229.54050325666157,0.09612490893008982,206.15506863764352,303.50197545224887,228.90816719532015,363.0039741363478
split_cifar10,adam,resnet18,0.0003,rms_random_layerwise,1,0.001,,0.9,0.999,full_coupled,0.03023390686139459,0.9994362950325012,0.015326524153351737,0.9998538553714752,0.03023390686139459,0.9994362950325012,0.015326524153351737,0.9998538553714752,0.0,1.0,0.0,1.0
split_cifar10,adam,resnet18,0.0003,rms_random_layerwise,1,0.003,,0.9,0.999,full_coupled,0.010277800029143639,0.99993417263031,0.00513232483062889,0.9999835520982743,0.010277800029143639,0.99993417263031,0.00513232483062889,0.9999835520982743,0.0,1.0,0.0,1.0
split_cifar10,adam,resnet18,0.0003,rms_random_layerwise,1,0.01,,0.9,0.999,full_coupled,0.00363534829812119,0.9999932378530503,0.0015427663776790101,0.9999984592199326,0.00363534829812119,0.9999932378530503,0.0015427663776790101,0.9999984592199326,0.0,1.0,0.0,1.0
split_cifar10,adam,resnet18,0.0003,rms_random_layerwise,1,0.03,,0.9,0.999,full_coupled,0.0050168245215899705,0.999992099404335,0.0005184961584745399,0.9999998360872269,0.0050168245332315,0.999992099404335,0.000518496162840115,0.9999998360872269,1.1641529754080615e-11,1.0000000023204978,4.365575067243055e-12,1.0000000084196865
split_cifar10,adam,resnet18,0.0003,rms_random_layerwise,1,0.1,,0.9,0.999,full_coupled,0.01610773629508907,0.9999189913272858,0.0004399603727506,0.9999998897314072,0.01610773629508907,0.9999189913272858,0.0004399603771161701,0.9999998897314072,0.0,1.0,4.3655700799130615e-12,1.0000000099226438
split_cifar10,adam,resnet18,0.0003,rms_random_layerwise,5,0.001,,0.9,0.999,full_coupled,0.938729465007782,0.3166617535054684,0.8506907761096955,0.488972307741642,0.9705691546201706,0.24439696818590165,0.9304101288318634,0.3797833986580372,0.03183968961238859,1.0339178547166672,0.0797193527221679,1.0937113166863446
split_cifar10,adam,resnet18,0.0003,rms_random_layerwise,5,0.003,,0.9,0.999,full_coupled,0.7764071673154831,0.5938822060823441,0.6429234609007836,0.733960734307766,0.9010155260562897,0.4584641009569168,0.8538952231407165,0.5649608246982097,0.12460835874080656,1.1604935708819566,0.21097176223993297,1.3281444449769275
split_cifar10,adam,resnet18,0.0003,rms_random_layerwise,5,0.01,,0.9,0.999,full_coupled,0.550696212053299,0.807486230134964,0.43530292212963106,0.8795204401016236,0.8281178563833237,0.6195990785956382,0.8045078083872795,0.6717558860778808,0.2774216443300247,1.503765303370517,0.36920488625764847,1.8481562321047345
split_cifar10,adam,resnet18,0.0003,rms_random_layerwise,5,0.03,,0.9,0.999,full_coupled,0.37791799530386927,0.910021784901619,0.29735309481620786,0.9437057614326477,0.7986666321754455,0.6924924984574318,0.7895025387406349,0.7162041127681732,0.42074863687157626,2.11333316248481,0.49214944392442705,2.6551011323040763
split_cifar10,adam,resnet18,0.0003,rms_random_layerwise,5,0.1,,0.9,0.999,full_coupled,0.2517146721482277,0.9594468116760254,0.2072524424642324,0.9720910966396332,0.7880879521369935,0.7265243500471115,0.78532674908638,0.7351468592882157,0.5363732799887657,3.1308780907014855,0.5780743066221476,3.789227956731615
split_cifar10,adam,resnet18,0.0003,rms_random_layerwise,10,0.001,,0.9,0.999,full_coupled,0.9678464591503143,0.23336340636014935,0.9128010332584381,0.3797612011432648,1.2641613841056825,0.11289884131401773,1.5724677622318268,0.1847327746450901,0.29631492495536815,1.3061590215616505,0.6596667289733887,1.7226840296384938
split_cifar10,adam,resnet18,0.0003,rms_random_layerwise,10,0.003,,0.9,0.999,full_coupled,0.8587470084428788,0.4829722873866558,0.7463929563760757,0.6364025235176086,1.8254041433334351,0.22955198474228383,2.2481968462467194,0.3005952138453722,0.9666571348905564,2.125659973643862,1.5018038898706436,3.012082076929392
split_cifar10,adam,resnet18,0.0003,rms_random_layerwise,10,0.01,,0.9,0.999,full_coupled,0.6617915809154511,0.7233395650982857,0.5417308062314987,0.8186131864786148,2.529693764448166,0.3398565459996462,2.85538974404335,0.3823747143149376,1.867902183532715,3.822493119282147,2.3136589378118515,5.270864627224378
split_cifar10,adam,resnet18,0.0003,rms_random_layerwise,10,0.03,,0.9,0.999,full_coupled,0.48225752264261246,0.8580973446369171,0.38964301720261574,0.9079481422901153,3.02109808921814,0.39637169763445856,3.212660241127014,0.41746171154081824,2.5388405665755274,6.264491371049055,2.8230172239243982,8.245137470169059
split_cifar10,adam,resnet18,0.0003,rms_random_layerwise,10,0.1,,0.9,0.999,full_coupled,0.33656742200255396,0.9315928786993026,0.2846242249011993,0.9512387096881867,3.319997799396515,0.42518264055252075,3.404604411125183,0.4327504634857178,2.983430377393961,9.864287457302751,3.1199801862239838,11.961752069090439
split_cifar10,adam,resnet18,0.0003,rms_random_layerwise,20,0.001,,0.9,0.999,full_coupled,0.990862512588501,0.1264938214793801,0.9698116213083268,0.2272011768072843,32.679165315628055,0.024245880160015033,58.486428785324094,0.041650732565904,31.688302803039555,32.98052444254646,57.51661716401577,60.306999318509746
split_cifar10,adam,resnet18,0.0003,rms_random_layerwise,20,0.003,,0.9,0.999,full_coupled,0.9478651016950608,0.2998444281518459,0.877681428194046,0.45636325925588606,75.85636944770813,0.053285395749844575,116.20712242126464,0.07900347253307698,74.90850434601307,80.02865525068356,115.32944099307059,132.4023941811977
split_cifar10,adam,resnet18,0.0003,rms_random_layerwise,20,0.01,,0.9,0.999,full_coupled,0.8071882963180542,0.5668868526816369,0.6927767187356949,0.7002586781978607,147.28415155410767,0.09676731965737413,182.84570293426515,0.11990910280146631,146.4769632577896,182.4656678323216,182.15292621552945,263.9316506881976
split_cifar10,adam,resnet18,0.0003,rms_random_layerwise,20,0.03,,0.9,0.999,full_coupled,0.6339667439460754,0.7551615059375762,0.5310199320316314,0.8329496264457703,203.2274085998535,0.12567436514655123,224.6144624710083,0.13967878891126015,202.59344185590743,320.56477810631,224.08344253897667,422.9868766162032
split_cifar10,adam,resnet18,0.0003,rms_random_layerwise,20,0.1,,0.9,0.999,full_coupled,0.4724974051117897,0.8695203602313996,0.41211315616965294,0.9021228373050689,237.43495979309083,0.14295536205172535,247.50171947479248,0.14774663115385916,236.96246238797903,502.5106111152405,247.08960631862283,600.5673824518828
split_cifar10,adam,smallcnn,3e-05,m,1,1e-06,,0.9,0.999,full_coupled,0.001262778209638725,0.9999991834163666,0.000937107412028075,0.9999995440244674,0.001262778209638725,0.9999991834163666,0.000937107412028075,0.9999995440244674,0.0,1.0,0.0,1.0
split_cifar10,adam,smallcnn,3e-05,m,1,3e-06,,0.9,0.999,full_coupled,0.0005380609829444049,0.9999998420476913,0.000373470925842365,0.9999999433755875,0.0005380609829444049,0.9999998420476913,0.000373470925842365,0.9999999433755875,0.0,1.0,0.0,1.0
split_cifar10,adam,smallcnn,3e-05,m,1,1e-05,,0.9,0.999,full_coupled,0.00021275075196167998,0.9999999880790711,0.0001357631859718521,1.0000000178813935,0.00021275075196167998,0.9999999880790711,0.0001357631859718521,1.0000000178813935,0.0,1.0,0.0,1.0
split_cifar10,adam,smallcnn,3e-05,m,1,3e-05,,0.9,0.999,full_coupled,8.68312034071853e-05,0.9999999761581421,5.126297510287259e-05,0.9999999821186065,8.68312034071853e-05,0.9999999761581421,5.126297510287259e-05,0.9999999821186065,0.0,1.0,0.0,1.0
split_cifar10,adam,smallcnn,3e-05,m,1,0.0001,,0.9,0.999,full_coupled,2.9524476303777192e-05,1.0000000238418578,1.6419951589341508e-05,0.9999999850988388,2.9524476303777192e-05,1.0000000238418578,1.6419951589341508e-05,0.9999999850988388,0.0,1.0,0.0,1.0
split_cifar10,adam,smallcnn,3e-05,m,1,0.0003,,0.9,0.999,full_coupled,1.035241941735876e-05,1.000000011920929,5.619773128273664e-06,1.0000000059604646,1.035241941735876e-05,1.000000011920929,5.619773128273664e-06,1.0000000059604646,0.0,1.0,0.0,1.0
split_cifar10,adam,smallcnn,3e-05,m,1,0.001,,0.9,0.999,full_coupled,3.1829931913307518e-06,0.9999999940395355,1.716009853680589e-06,1.0000000029802323,3.1829931913307518e-06,0.9999999940395355,1.716009853680589e-06,1.0000000029802323,0.0,1.0,0.0,1.0
split_cifar10,adam,smallcnn,3e-05,m,1,0.003,,0.9,0.999,full_coupled,1.078576730151326e-06,0.9999999761581421,5.810834849739877e-07,0.9999999910593033,1.078576730151326e-06,0.9999999761581421,5.810834849739877e-07,0.9999999910593033,0.0,1.0,0.0,1.0
split_cifar10,adam,smallcnn,3e-05,m,1,0.01,,0.9,0.999,full_coupled,3.340780203586746e-07,1.0000000208616258,1.9007960148087477e-07,0.9999999940395355,3.340780203586746e-07,1.0000000208616258,1.9007960077033205e-07,0.9999999940395355,0.0,1.0,-7.105427198782324e-16,0.9999999962618675
split_cifar10,adam,smallcnn,3e-05,m,5,1e-06,,0.9,0.999,full_coupled,0.0010029083408880598,0.9999987483024597,0.0006870769269880301,0.9999996066093445,0.02334463676088484,0.9993662327528,0.02330651814118022,0.9993670582771301,0.02234172841999678,23.276939486028727,0.02261944121419219,33.92126445484067
split_cifar10,adam,smallcnn,3e-05,m,5,3e-06,,0.9,0.999,full_coupled,0.0005324606892826999,0.999999663233757,0.000324979972356175,0.9999999165534973,0.023359117330983236,0.9993672877550125,0.023300502449273997,0.9993674963712692,0.022826656641700537,43.87012562833752,0.022975522476917823,71.69827198993318
split_cifar10,adam,smallcnn,3e-05,m,5,1e-05,,0.9,0.999,full_coupled,0.00024799841557974486,0.9999999523162841,0.00015526718543694656,1.0,0.02327763786888677,0.9993675649166107,0.02326383286854247,0.9993676722049714,0.023029639453307025,93.86204268471124,0.02310856568310552,149.8309691328167
split_cifar10,adam,smallcnn,3e-05,m,5,3e-05,,0.9,0.999,full_coupled,0.0001834169597713924,0.9999999821186065,9.167088683169828e-05,1.0000000238418578,0.023267512972233766,0.9993675410747528,0.023262774696922818,0.9993675112724304,0.023084096012462373,126.85584256349019,0.02317110381009112,253.76404113589237
split_cifar10,adam,smallcnn,3e-05,m,5,0.0001,,0.9,0.999,full_coupled,0.0014055810128411244,0.9999898761510849,0.0006147912091364455,0.9999975711107254,0.023734456236706995,0.9993528425693512,0.023420299292774824,0.9993629634380341,0.022328875223865872,16.885868562447456,0.02280550808363838,38.094720524178754
split_cifar10,adam,smallcnn,3e-05,m,5,0.0003,,0.9,0.999,full_coupled,0.007774519205668155,0.9998490244150162,0.0043797730449114,0.9999587029218674,0.022389953333185945,0.9993943959474564,0.022408207770786195,0.9994154512882233,0.01461543412751779,2.879914852723258,0.018028434725874794,5.116294278494857
split_cifar10,adam,smallcnn,3e-05,m,5,0.001,,0.9,0.999,full_coupled,0.012999232210358942,0.9997800022363663,0.009353578255559094,0.999909108877182,0.024717423782567433,0.999322509765625,0.022976740312878927,0.9993964910507203,0.011718191572208492,1.901452592166974,0.013623162057319832,2.4564652890163403
split_cifar10,adam,smallcnn,3e-05,m,5,0.003,,0.9,0.999,full_coupled,0.0440181409588035,0.9986513525247573,0.03495799771044967,0.9992697596549988,0.050996976133319494,0.9981934607028962,0.043751087290002,0.9987249493598938,0.006978835174515995,1.1585445232920553,0.008793089579552334,1.2515329868828242
split_cifar10,adam,smallcnn,3e-05,m,5,0.01,,0.9,0.999,full_coupled,0.2415711052715778,0.9774596661329269,0.20641350448131557,0.9858429819345474,0.24418645054101945,0.9771174103021621,0.21067431122064587,0.9852515637874604,0.0026153452694416546,1.0108263994011264,0.004260806739330297,1.0206420929194386
split_cifar10,adam,smallcnn,3e-05,m,10,1e-06,,0.9,0.999,full_coupled,0.0027424685977166,0.999982726573944,0.014827672664250658,0.9990127563476563,0.034055580012500225,0.9988876968622208,0.042617751064244605,0.997915256023407,0.03131311141478363,12.417855956802992,0.027790078399993947,2.8742036615763373
split_cifar10,adam,smallcnn,3e-05,m,10,3e-06,,0.9,0.999,full_coupled,0.0014356766318087,0.9999973386526108,0.0067081324508762395,0.999814972281456,0.034002801193855646,0.9989028453826905,0.03642515972023826,0.998721769452095,0.03256712456204695,23.684164275222685,0.02971702726936202,5.430000076322327
split_cifar10,adam,smallcnn,3e-05,m,10,1e-05,,0.9,0.999,full_coupled,0.010246057959011484,0.9994896978139878,0.00574776224202647,0.9999078840017319,0.040496256970800414,0.9983956098556519,0.0358358452096581,0.998815369606018,0.03025019901178893,3.9523743797665767,0.03008808296763163,6.234747315682907
split_cifar10,adam,smallcnn,3e-05,m,10,3e-05,,0.9,0.999,full_coupled,0.004144242104666723,0.9999225258827209,0.004766013944754335,0.999954691529274,0.03538959427969525,0.9988249391317368,0.03452488399343561,0.9988696932792663,0.031245352175028527,8.539461109148029,0.029758870048681274,7.243974607215549
split_cifar10,adam,smallcnn,3e-05,m,10,0.0001,,0.9,0.999,full_coupled,0.005887459530640593,0.999916884303093,0.003945375934745208,0.9999732911586762,0.03586729849921534,0.9987929344177247,0.03458617005962874,0.9988705307245255,0.02997983896857475,6.092152024578375,0.03064079412488353,8.76625463116034
split_cifar10,adam,smallcnn,3e-05,m,10,0.0003,,0.9,0.999,full_coupled,0.01477912631708019,0.9996731907129288,0.00848091669950005,0.9999108225107193,0.034273223357740745,0.9988569676876068,0.032993186521343844,0.998963651061058,0.019494097040660553,2.3190290564152827,0.024512269821843794,3.890285412576779
split_cifar10,adam,smallcnn,3e-05,m,10,0.001,,0.9,0.999,full_coupled,0.027343718445626986,0.9993494927883149,0.01918041992298635,0.9997276157140732,0.04206499007996167,0.9985181093215942,0.03687620847485955,0.9988635838031769,0.014721271634334687,1.5383785553383293,0.017695788551873197,1.9225965136803949
split_cifar10,adam,smallcnn,3e-05,m,10,0.003,,0.9,0.999,full_coupled,0.10957642905414103,0.9940761089324951,0.08715053759515282,0.9966805726289749,0.11809178907424207,0.9931165099143981,0.09730044901370996,0.9956414431333542,0.008515360020101045,1.0777116036140735,0.010149911418557145,1.1164641286059223
split_cifar10,adam,smallcnn,3e-05,m,10,0.01,,0.9,0.999,full_coupled,0.38853291124105455,0.9517424762248993,0.34653944820165633,0.9671541541814804,0.3932860895991325,0.9508899420499801,0.35276379734277724,0.9659998625516891,0.004753178358077981,1.0122336569710282,0.006224349141120911,1.017961444716963
split_cifar10,adam,smallcnn,3e-05,m,20,1e-06,,0.9,0.999,full_coupled,0.018857561540789863,0.9991936147212982,0.044403149286517826,0.9910526007413865,0.05396689844783391,0.9976187437772751,0.076195076550357,0.989428922533989,0.03510933690704404,2.8618174375886705,0.03179192726383917,1.715983613204935
split_cifar10,adam,smallcnn,3e-05,m,20,3e-06,,0.9,0.999,full_coupled,0.02463050603982988,0.9975753158330918,0.032781376602360926,0.9977704852819442,0.05935598465148355,0.9959672808647155,0.06298792907036838,0.9961724400520324,0.03472547861165367,2.409856482668251,0.03020655246800745,1.921454667215896
split_cifar10,adam,smallcnn,3e-05,m,20,1e-05,,0.9,0.999,full_coupled,0.028477700083749318,0.9983561217784882,0.01364037569292118,0.9997555524110794,0.0599864168092608,0.9967793881893158,0.04728572238236662,0.998189240694046,0.031508716725511476,2.106434741318587,0.03364534668944544,3.466599707140475
split_cifar10,adam,smallcnn,3e-05,m,20,3e-05,,0.9,0.999,full_coupled,0.01134649904124666,0.9997216522693634,0.00908856256719441,0.9998915672302247,0.04687975121196356,0.9981522917747497,0.04414869258180256,0.9983543783426285,0.0355332521707169,4.131648981905947,0.03506013001460815,4.857610018679887
split_cifar10,adam,smallcnn,3e-05,m,20,0.0001,,0.9,0.999,full_coupled,0.011365835824835776,0.9998173892498017,0.007059856420892126,0.9999428123235703,0.046210105251520826,0.9982012957334518,0.04399687768891449,0.9983685493469239,0.03484426942668505,4.065702334934836,0.03693702126802237,6.231979103528961
split_cifar10,adam,smallcnn,3e-05,m,20,0.0003,,0.9,0.999,full_coupled,0.01979158395697591,0.9995521426200866,0.012006082545849454,0.9998677402734757,0.04374522757716474,0.9983261466026306,0.04221344406250859,0.9984895259141922,0.023953643620188828,2.2102944197018615,0.030207361516659138,3.5160048168336084
split_cifar10,adam,smallcnn,3e-05,m,20,0.001,,0.9,0.999,full_coupled,0.04390358249656852,0.9986907809972763,0.03145872973836953,0.9994159877300263,0.060778533667325926,0.9974194318056107,0.05260826689191157,0.9981145143508912,0.016874951170757407,1.384363876730933,0.021149537153542043,1.672294696239639
split_cifar10,adam,smallcnn,3e-05,m,20,0.003,,0.9,0.999,full_coupled,0.17544871717691418,0.987104058265686,0.14410647116601466,0.9924072295427322,0.18591368831694124,0.9855143994092941,0.15658311210572715,0.9907382637262344,0.010464971140027063,1.059646894593562,0.012476640939712486,1.0865793245699498
split_cifar10,adam,smallcnn,3e-05,m,20,0.01,,0.9,0.999,full_coupled,0.4999211147427559,0.9296917617321014,0.45796637833118437,0.9494092166423798,0.5073005139827729,0.9282054781913758,0.466852568089962,0.9475650936365128,0.0073793992400169595,1.0147611273506905,0.00888618975877764,1.019403585457864
split_cifar10,adam,smallcnn,3e-05,rms_global,1,0.001,,0.9,0.999,full_coupled,0.118484416604042,0.9929113745689392,0.059520845860242796,0.9982140541076661,0.118484416604042,0.9929113745689392,0.059520845860242796,0.9982140541076661,0.0,1.0,0.0,1.0
split_cifar10,adam,smallcnn,3e-05,rms_global,1,0.003,,0.9,0.999,full_coupled,0.039820259809493955,0.9992020010948182,0.01996546238660808,0.9997993588447571,0.039820259809493955,0.9992019772529602,0.01996546238660808,0.9997993588447571,0.0,1.0,0.0,1.0
split_cifar10,adam,smallcnn,3e-05,rms_global,1,0.01,,0.9,0.999,full_coupled,0.0126863397657871,0.9999259829521179,0.00601809229701752,0.9999818325042724,0.0126863399520516,0.9999259829521179,0.00601809220388526,0.9999818325042724,1.862645003514185e-10,1.0000000146822885,-9.313225971668837e-11,0.9999999845246209
split_cifar10,adam,smallcnn,3e-05,rms_global,1,0.03,,0.9,0.999,full_coupled,0.01272835507988922,0.9999823689460754,0.00204470569733524,0.9999979496002197,0.01272835526615374,0.9999823689460754,0.00204470588359976,0.9999979496002197,1.8626451943337674e-10,1.0000000146338248,1.8626452030073848e-10,1.000000091096005
split_cifar10,adam,smallcnn,3e-05,rms_global,1,0.1,,0.9,0.999,full_coupled,0.0407185889780521,0.9999014496803283,0.00147178301122032,0.9999990582466125,0.0407185889780521,0.9999014496803283,0.0014717829879372598,0.9999990582466125,0.0,1.0,-2.3283060158682534e-11,0.9999999841803717
split_cifar10,adam,smallcnn,3e-05,rms_global,5,0.001,,0.9,0.999,full_coupled,0.41185363233089445,0.8383635401725769,0.3304940015077591,0.9023193120956421,0.6576107621192933,0.7579225182533265,0.6221833229064941,0.8095591545104981,0.2457571297883988,1.596709875781673,0.29168932139873505,1.8825858262722115
split_cifar10,adam,smallcnn,3e-05,rms_global,5,0.003,,0.9,0.999,full_coupled,0.24894946515560146,0.9402984619140625,0.15499714165925976,0.9792538762092591,0.592698585987091,0.8409129500389099,0.558750855922699,0.8708547472953796,0.34374912083148956,2.380798792303632,0.40375371426343926,3.6049107095860977
split_cifar10,adam,smallcnn,3e-05,rms_global,5,0.01,,0.9,0.999,full_coupled,0.10163600146770473,0.9914992809295654,0.06457527726888654,0.9970349192619323,0.545082974433899,0.8795499801635742,0.5410896301269531,0.8822039484977722,0.44344697296619423,5.363089521060128,0.47651435285806654,8.37920722932241
split_cifar10,adam,smallcnn,3e-05,rms_global,5,0.03,,0.9,0.999,full_coupled,0.05328612215816969,0.9983653664588928,0.0320172201842069,0.9994484543800354,0.5381239235401154,0.8829351782798767,0.5396603584289551,0.8828943371772766,0.4848378013819457,10.09876308774726,0.5076431382447482,16.855315837042994
split_cifar10,adam,smallcnn,3e-05,rms_global,5,0.1,,0.9,0.999,full_coupled,0.041015520691871615,0.999406361579895,0.02478236947208638,0.9996449947357178,0.5328182399272918,0.8833745360374451,0.5395666003227234,0.8827661037445068,0.4918027192354202,12.990649172299422,0.5147842308506371,21.77219579146636
split_cifar10,adam,smallcnn,3e-05,rms_global,10,0.001,,0.9,0.999,full_coupled,0.4923384666442871,0.7887615621089935,0.3804206669330597,0.8633195996284485,0.775008225440979,0.6386765599250793,0.7439749121665955,0.6949836134910583,0.28266975879669193,1.5741370580351584,0.3635542452335358,1.9556637607638394
split_cifar10,adam,smallcnn,3e-05,rms_global,10,0.003,,0.9,0.999,full_coupled,0.3028846442699432,0.9064148426055908,0.2712930604815483,0.9433663368225098,0.7237625360488892,0.7300666034221649,0.7083724856376648,0.760837996006012,0.42087789177894597,2.38956497049696,0.4370794251561165,2.611096960535207
split_cifar10,adam,smallcnn,3e-05,rms_global,10,0.01,,0.9,0.999,full_coupled,0.11983316391706463,0.9921589136123657,0.09893282800912853,0.9944858193397522,0.6755755186080933,0.7989154696464539,0.6750038027763366,0.7996956586837769,0.5557423546910286,5.637633994840131,0.5760709747672081,6.8228495673251555
split_cifar10,adam,smallcnn,3e-05,rms_global,10,0.03,,0.9,0.999,full_coupled,0.08760392069816583,0.9953729271888733,0.060768099874258,0.9978030562400818,0.6733213067054749,0.8005375266075134,0.6734485268592835,0.800841999053955,0.585717386007309,7.685972286849625,0.6126804269850255,11.082270603372335
split_cifar10,adam,smallcnn,3e-05,rms_global,10,0.1,,0.9,0.999,full_coupled,0.05923919454216954,0.9983574509620666,0.04466705098748202,0.9989789724349976,0.6687378048896789,0.8032845020294189,0.6725271701812744,0.8014187335968017,0.6094986103475094,11.288772746794127,0.6278601191937924,15.056448888236448
split_cifar10,adam,smallcnn,3e-05,rms_global,20,0.001,,0.9,0.999,full_coupled,0.5484435677528381,0.7634881556034088,0.43307217955589294,0.8532618165016175,0.8431843400001526,0.5424508571624755,0.8134187459945679,0.6041436731815338,0.29474077224731454,1.5374131261215604,0.3803465664386749,1.8782521353108226
split_cifar10,adam,smallcnn,3e-05,rms_global,20,0.003,,0.9,0.999,full_coupled,0.3648645460605621,0.8966192603111267,0.347173735499382,0.9231735706329346,0.797105610370636,0.6368149638175964,0.7893190979957581,0.6566428542137146,0.43224106431007386,2.184661729885721,0.44214536249637604,2.2735564856609467
split_cifar10,adam,smallcnn,3e-05,rms_global,20,0.01,,0.9,0.999,full_coupled,0.18049216866493217,0.9826642394065856,0.1598136574029922,0.9865708470344543,0.7604252934455872,0.6982030987739563,0.7585305571556091,0.7005571603775025,0.579933124780655,4.213065303998036,0.5987168997526169,4.746343769874872
split_cifar10,adam,smallcnn,3e-05,rms_global,20,0.03,,0.9,0.999,full_coupled,0.1334024533629417,0.9907291889190674,0.11007224023342128,0.9938898921012879,0.7550380945205688,0.7049907922744751,0.7552145838737487,0.7042876243591308,0.6216356411576272,5.659851640556958,0.6451423436403274,6.861081252386854
split_cifar10,adam,smallcnn,3e-05,rms_global,20,0.1,,0.9,0.999,full_coupled,0.11857374459505077,0.9923613905906677,0.09503232389688486,0.9956498622894288,0.7529599666595459,0.707846713066101,0.7540686726570129,0.7057239294052124,0.6343862220644951,6.350140743475974,0.6590363487601281,7.934865125209583
split_cifar10,adam,smallcnn,3e-05,rms_layerwise,1,0.001,,0.9,0.999,full_coupled,0.1905320612092813,0.9712441076834996,0.10179107642422117,0.9912641853094101,0.190532062202692,0.9712441056966782,0.10179107630004483,0.9912641853094101,9.934107148001914e-10,1.0000000052138769,-1.2417633588057697e-10,0.9999999987800863
split_cifar10,adam,smallcnn,3e-05,rms_layerwise,1,0.003,,0.9,0.999,full_coupled,0.08077893185739712,0.9919124235709507,0.036045114990944614,0.9987061848243078,0.08077893160904444,0.9919124245643616,0.03604511474259193,0.9987061828374862,-2.4835268563894175e-10,0.9999999969255265,-2.4835268563894175e-10,0.9999999931099489
split_cifar10,adam,smallcnn,3e-05,rms_layerwise,1,0.01,,0.9,0.999,full_coupled,0.024188658595085087,0.9994252691666284,0.009906155235754895,0.999944011370341,0.024188658719261437,0.9994252691666284,0.009906155406497367,0.9999440133571624,1.2417634975836478e-10,1.00000000513366,1.707424722441342e-10,1.000000017235998
split_cifar10,adam,smallcnn,3e-05,rms_layerwise,1,0.03,,0.9,0.999,full_coupled,0.01474894702744976,0.9999377369880676,0.0037608237141587716,0.9999849746624629,0.014748947306846533,0.9999377379814784,0.0037608236132654904,0.9999849736690521,2.7939677307853295e-10,1.0000000189435065,-1.008932811429053e-10,0.9999999731725577
split_cifar10,adam,smallcnn,3e-05,rms_layerwise,1,0.1,,0.9,0.999,full_coupled,0.04158035103852546,0.9998978048563003,0.0017323811092258216,0.9999984542528788,0.041580351473142665,0.9998978018760681,0.00173238093460284,0.9999984572331112,4.34617203337595e-10,1.000000010452466,-1.7462298165620005e-10,0.999999899200597
split_cifar10,adam,smallcnn,3e-05,rms_layerwise,5,0.001,,0.9,0.999,full_coupled,0.43393983772645395,0.7948666024953127,0.37271176024029656,0.8328211950759092,0.7059607734282811,0.6953937018911043,0.6786076997717221,0.7289429453512033,0.27202093570182717,1.6268632470506272,0.3058959395314255,1.8207305810103946
split_cifar10,adam,smallcnn,3e-05,rms_layerwise,5,0.003,,0.9,0.999,full_coupled,0.356032552709803,0.8573553748428822,0.2926028672760973,0.8975129490097364,0.6792387177546819,0.7456288817028205,0.650218579173088,0.781253815193971,0.3232061650448789,1.9077994767189719,0.3576157118969907,2.222187995716214
split_cifar10,adam,smallcnn,3e-05,rms_layerwise,5,0.01,,0.9,0.999,full_coupled,0.2404680970280121,0.9285964071750641,0.16243390871677546,0.9669315338134765,0.6283854087193806,0.8090421547492346,0.5960451583067576,0.8440778156121572,0.38791731169136856,2.613175787082392,0.4336112495899822,3.669462632620874
split_cifar10,adam,smallcnn,3e-05,rms_layerwise,5,0.03,,0.9,0.999,full_coupled,0.1467377298977226,0.959892144302527,0.10404479546317207,0.9773476550976434,0.5942182486255965,0.8376052714884281,0.579781953493754,0.8534542058904965,0.44748051872787387,4.049525974265593,0.475737158030582,5.57242628920324
split_cifar10,adam,smallcnn,3e-05,rms_layerwise,5,0.1,,0.9,0.999,full_coupled,0.09696724244082963,0.9839475159843764,0.056464905765217996,0.9923823108275732,0.5679437845945359,0.8602386196454367,0.5666278441747029,0.8673087301353612,0.4709765421537062,5.857068534676551,0.5101629384094849,10.035044537765648
split_cifar10,adam,smallcnn,3e-05,rms_layerwise,10,0.001,,0.9,0.999,full_coupled,0.6179774610325693,0.6468016412109137,0.5122692667879163,0.7290649444485704,0.8492484470208487,0.5092212761053816,0.8151327033837636,0.5723521427717061,0.23127098598827933,1.3742385452081893,0.30286343659584736,1.5912192204988072
split_cifar10,adam,smallcnn,3e-05,rms_layerwise,10,0.003,,0.9,0.999,full_coupled,0.4848490222822875,0.7583679703995585,0.4093581156805158,0.820756974319617,0.8066025584936142,0.596308674539129,0.7770098904768626,0.6501414532152314,0.3217535362113267,1.6636159328459905,0.36765177479634686,1.8981177133502376
split_cifar10,adam,smallcnn,3e-05,rms_layerwise,10,0.01,,0.9,0.999,full_coupled,0.3714511426786582,0.8454127572476864,0.2664103300621112,0.920646645128727,0.7623722821474075,0.676182055803171,0.7253624022006989,0.7370691611198709,0.3909211394687493,2.0524160368701154,0.45895207213858774,2.7227262622721393
split_cifar10,adam,smallcnn,3e-05,rms_layerwise,10,0.03,,0.9,0.999,full_coupled,0.22706743820259967,0.9309831909835339,0.14235276306668915,0.9731300612290699,0.7248108714818955,0.7382204200762014,0.7013942440350851,0.7719684454301994,0.4977434332792958,3.192051124631912,0.5590414809683959,4.927155812960914
split_cifar10,adam,smallcnn,3e-05,rms_layerwise,10,0.1,,0.9,0.999,full_coupled,0.14970205711821713,0.9738522499799729,0.083533852151595,0.991957167784373,0.6915662288665771,0.7792675168253482,0.6874789168437322,0.788598273601383,0.54186417174836,4.619617406596218,0.6039450646921372,8.229943898625839
split_cifar10,adam,smallcnn,3e-05,rms_layerwise,20,0.001,,0.9,0.999,full_coupled,0.7986911579966545,0.43687320881678404,0.7297696604082982,0.529265130039615,0.9212095061937969,0.33019948821747674,0.9013909310102463,0.39042485694711404,0.12251834819714247,1.1533989039073045,0.1716212706019481,1.2351718355979993
split_cifar10,adam,smallcnn,3e-05,rms_layerwise,20,0.003,,0.9,0.999,full_coupled,0.6644921814401944,0.5970768288631613,0.5841461133211852,0.6925747542486838,0.8756247073411941,0.4499016064762448,0.85134317278862,0.5166361116804181,0.21113252590099973,1.3177351544504246,0.2671970594674349,1.4574147689664076
split_cifar10,adam,smallcnn,3e-05,rms_layerwise,20,0.01,,0.9,0.999,full_coupled,0.5023282947639623,0.7572353407740593,0.40279677292952937,0.8471568579475086,0.8302883019049963,0.5573655825108289,0.8044274667898813,0.6167459929361939,0.3279600071410339,1.6528798209448625,0.40163069386035194,1.9971050436658253
split_cifar10,adam,smallcnn,3e-05,rms_layerwise,20,0.03,,0.9,0.999,full_coupled,0.3308320477604866,0.8818674635142087,0.24038222848127283,0.9392685003578662,0.7887254436810811,0.6383415841807922,0.7683567553758621,0.6771991920967897,0.4578933959205945,2.3840660208714026,0.5279745268945892,3.1963958410333215
split_cifar10,adam,smallcnn,3e-05,rms_layerwise,20,0.1,,0.9,0.999,full_coupled,0.22716149042050038,0.9464243687689304,0.14789710162828365,0.9783525139093399,0.7608687112728754,0.6880096020797888,0.7504965851704279,0.7060684499641259,0.533707220852375,3.349461697334462,0.6025994835421443,5.074450931815313
split_cifar10,adam,smallcnn,3e-05,rms_random_layerwise,1,0.001,,0.9,0.999,full_coupled,0.35011880546808244,0.9334283947944642,0.19291762262582773,0.9800375193357468,0.35011880546808244,0.9334283947944642,0.19291762262582773,0.9800375193357468,0.0,1.0,0.0,1.0
split_cifar10,adam,smallcnn,3e-05,rms_random_layerwise,1,0.003,,0.9,0.999,full_coupled,0.13248856961727137,0.9906008571386338,0.06812736466526984,0.9975133568048478,0.13248856961727137,0.9906008571386338,0.0681273642927408,0.9975133568048478,0.0,1.0,-3.7252903539730653e-10,0.9999999945318737
split_cifar10,adam,smallcnn,3e-05,rms_random_layerwise,1,0.01,,0.9,0.999,full_coupled,0.0412556055001914,0.9990882635116577,0.02074918942525978,0.9997687488794327,0.041255605313926885,0.9990882724523544,0.02074918942525978,0.9997687488794327,-1.8626451769865326e-10,0.9999999954851101,0.0,1.0
split_cifar10,adam,smallcnn,3e-05,rms_random_layerwise,1,0.03,,0.9,0.999,full_coupled,0.014955170126631811,0.999889925122261,0.0069768065353855045,0.9999738216400147,0.014955170452594719,0.999889925122261,0.0069768066052347,0.9999738216400147,3.259629077073667e-10,1.0000000217960012,6.984919587171845e-11,1.0000000100116286
split_cifar10,adam,smallcnn,3e-05,rms_random_layerwise,1,0.1,,0.9,0.999,full_coupled,0.01736644203774626,0.9999214887619019,0.002170240925624925,0.9999974876642227,0.01736644189804787,0.9999214887619019,0.002170240943087225,0.9999974876642227,-1.396983917434369e-10,0.9999999919558427,1.746229983529135e-11,1.0000000080462494
split_cifar10,adam,smallcnn,3e-05,rms_random_layerwise,5,0.001,,0.9,0.999,full_coupled,0.611330246925354,0.7284971825778485,0.4958009093999863,0.8105876006186008,0.7551970094442367,0.6477299198508263,0.695084884762764,0.7235391333699226,0.14386676251888275,1.2353339512357704,0.1992839753627777,1.4019435454524465
split_cifar10,adam,smallcnn,3e-05,rms_random_layerwise,5,0.003,,0.9,0.999,full_coupled,0.33086269721388817,0.9103453867137432,0.30156253315508363,0.9131579548120499,0.612483462691307,0.8126249387860298,0.609203776717186,0.8156455144286155,0.2816207654774189,1.8511710986124357,0.3076412435621023,2.0201573794443908
split_cifar10,adam,smallcnn,3e-05,rms_random_layerwise,5,0.01,,0.9,0.999,full_coupled,0.18155526965856553,0.9654986083507537,0.11216662991791959,0.9864266306161881,0.5637436389923096,0.8615001037716865,0.5453077182173729,0.8798021137714386,0.3821883693337441,3.1050800125630666,0.4331410882994533,4.861586004825266
split_cifar10,adam,smallcnn,3e-05,rms_random_layerwise,5,0.03,,0.9,0.999,full_coupled,0.09404785055667157,0.9909523010253907,0.046642985707148865,0.9978694379329681,0.5422422483563423,0.883706521987915,0.5338904947042465,0.8898504048585891,0.4481943977996707,5.765599587303664,0.4872475089970977,11.446319025465352
split_cifar10,adam,smallcnn,3e-05,rms_random_layerwise,5,0.1,,0.9,0.999,full_coupled,0.03980451812967654,0.9987848430871964,0.022311393450945564,0.9996376067399979,0.5336420744657516,0.8904472440481186,0.5320079177618027,0.8912716060876846,0.49383755633607507,13.406570398044614,0.5096965243108571,23.84467464712546
split_cifar10,adam,smallcnn,3e-05,rms_random_layerwise,10,0.001,,0.9,0.999,full_coupled,0.6989910855889321,0.6565235935151577,0.5582590848207474,0.7844067707657814,0.8531282514333725,0.5307894732803107,0.7964259624481201,0.6366514205932617,0.15413716584444037,1.2205137791057417,0.23816687762737276,1.4266242755437581
split_cifar10,adam,smallcnn,3e-05,rms_random_layerwise,10,0.003,,0.9,0.999,full_coupled,0.4228060536086559,0.8776052013039589,0.3548035804182291,0.90919229388237,0.7439023464918136,0.7135968461632729,0.7258235037326812,0.7401760131120682,0.3210962928831577,1.7594410963196863,0.3710199233144521,2.0457051275443945
split_cifar10,adam,smallcnn,3e-05,rms_random_layerwise,10,0.01,,0.9,0.999,full_coupled,0.2208889946341514,0.964174684882164,0.1400189129635691,0.985535454750061,0.6891192525625229,0.7842191874980926,0.6739060908555985,0.8017562001943588,0.46823025792837153,3.119753674029258,0.5338871778920293,4.8129647387773895
split_cifar10,adam,smallcnn,3e-05,rms_random_layerwise,10,0.03,,0.9,0.999,full_coupled,0.11099394885823126,0.9914898991584777,0.06503961822018023,0.9973525106906891,0.670002818107605,0.8062805116176606,0.6646449148654938,0.8116938561201096,0.5590088692493738,6.036390496957419,0.5996052966453136,10.21907774143838
split_cifar10,adam,smallcnn,3e-05,rms_random_layerwise,10,0.1,,0.9,0.999,full_coupled,0.06261636344715948,0.9974507421255112,0.04247627067379649,0.9989101976156235,0.6651323139667511,0.8110565751791,0.6634259402751923,0.8127716034650803,0.6025159505195916,10.622340189526353,0.6209496696013959,15.618742647396731
split_cifar10,adam,smallcnn,3e-05,rms_random_layerwise,20,0.001,,0.9,0.999,full_coupled,0.7789453953504563,0.5712650157511234,0.6192791849374771,0.732605767250061,0.9086800307035446,0.42468361668288707,0.8519841849803924,0.5465607076883316,0.12973463535308838,1.1665516429360485,0.23270500004291528,1.3757675143988721
split_cifar10,adam,smallcnn,3e-05,rms_random_layerwise,20,0.003,,0.9,0.999,full_coupled,0.5227600067853928,0.8182216182351112,0.39857980497181417,0.8870879262685776,0.8188209295272827,0.6096282035112381,0.7849577605724335,0.6628628507256508,0.2960609227418899,1.5663419521368072,0.3863779556006193,1.969386684375397
split_cifar10,adam,smallcnn,3e-05,rms_random_layerwise,20,0.01,,0.9,0.999,full_coupled,0.2864602580666542,0.9463216125965118,0.20599004495888945,0.9710010170936585,0.7552344024181366,0.7082309663295746,0.7396153450012207,0.7276790559291839,0.46877414435148235,2.6364369267670176,0.5336253000423312,3.5905392668312186
split_cifar10,adam,smallcnn,3e-05,rms_random_layerwise,20,0.03,,0.9,0.999,full_coupled,0.16514043807983395,0.9816574692726135,0.10477877352386708,0.9936202108860016,0.7327406018972397,0.7365469962358475,0.7241458415985107,0.7461189031600952,0.5676001638174057,4.437075560760051,0.6193670680746436,6.911188375702459
split_cifar10,adam,smallcnn,3e-05,rms_random_layerwise,20,0.1,,0.9,0.999,full_coupled,0.10287847435101863,0.993299663066864,0.07457591202110048,0.9967408686876297,0.7248630434274673,0.7451046198606491,0.7220061242580413,0.7482852935791016,0.6219845690764487,7.045818359963755,0.6474302122369409,9.681492383945063
split_cifar10,adam,smallcnn,0.0003,m,1,1e-06,,0.9,0.999,full_coupled,0.000213472752511685,0.9999999910593033,0.00013561334017136634,1.000000011920929,0.000213472752511685,0.9999999910593033,0.00013561334017136634,1.000000011920929,0.0,1.0,0.0,1.0
split_cifar10,adam,smallcnn,0.0003,m,1,3e-06,,0.9,0.999,full_coupled,8.703548901393733e-05,1.0000000447034836,5.122048805787927e-05,0.9999999850988388,8.703548901393733e-05,1.0000000447034836,5.122048805787927e-05,0.9999999850988388,0.0,1.0,0.0,1.0
split_cifar10,adam,smallcnn,0.0003,m,1,1e-05,,0.9,0.999,full_coupled,2.9667473882000195e-05,0.9999999821186065,1.6415014579251873e-05,1.000000011920929,2.9667473882000195e-05,0.9999999821186065,1.6415014579251873e-05,1.000000011920929,0.0,1.0,0.0,1.0
split_cifar10,adam,smallcnn,0.0003,m,1,3e-05,,0.9,0.999,full_coupled,1.036095029576245e-05,0.9999999970197677,5.611323751963937e-06,1.0000000089406966,1.036095029576245e-05,0.9999999970197677,5.611323751963937e-06,1.0000000089406966,0.0,1.0,0.0,1.0
split_cifar10,adam,smallcnn,0.0003,m,1,0.0001,,0.9,0.999,full_coupled,3.192695010056923e-06,1.0000000029802323,1.7125038823451177e-06,1.0000000327825547,3.192695010056923e-06,1.0000000029802323,1.7125038823451177e-06,1.0000000327825547,0.0,1.0,0.0,1.0
split_cifar10,adam,smallcnn,0.0003,m,1,0.0003,,0.9,0.999,full_coupled,1.0807636243725938e-06,0.9999999880790711,5.798550205327047e-07,1.0000000327825547,1.0807636243725938e-06,0.9999999880790711,5.798550205327047e-07,1.0000000327825547,0.0,1.0,0.0,1.0
split_cifar10,adam,smallcnn,0.0003,m,1,0.001,,0.9,0.999,full_coupled,3.3487713864133183e-07,1.0000000298023224,1.946404132979751e-07,1.0000000178813935,3.3487713864133183e-07,1.0000000298023224,1.9464041258743237e-07,1.0000000178813935,0.0,1.0,-7.105427198782324e-16,0.9999999963494595
split_cifar10,adam,smallcnn,0.0003,m,1,0.003,,0.9,0.999,full_coupled,1.3325176055900557e-07,1.0000000178813935,1.0118758524413351e-07,1.0000000029802323,1.3325176055900557e-07,1.0000000178813935,1.0118758524413351e-07,1.0000000029802323,0.0,1.0,0.0,1.0
split_cifar10,adam,smallcnn,0.0003,m,1,0.01,,0.9,0.999,full_coupled,8.18937540003617e-08,0.9999999940395355,7.768888607984081e-08,1.0000000089406966,8.18937540003617e-08,0.9999999940395355,7.768888607984081e-08,1.0000000089406966,0.0,1.0,0.0,1.0
split_cifar10,adam,smallcnn,0.0003,m,5,1e-06,,0.9,0.999,full_coupled,0.00547429696016476,0.999957698583603,0.00553899013902987,0.9999375134706497,0.026452970504760698,0.9994597107172012,0.026129402825608807,0.9994389802217484,0.020978673544595938,4.832213286428024,0.020590412686578935,4.717358610460581
split_cifar10,adam,smallcnn,0.0003,m,5,3e-06,,0.9,0.999,full_coupled,0.01982579247996903,0.9982477456331253,0.010465597980510154,0.9995478242635727,0.03779775538714598,0.99771046936512,0.03021117018070068,0.9990305542945862,0.017971962907176946,1.906494049372044,0.019745572200190527,2.8867122774028067
split_cifar10,adam,smallcnn,0.0003,m,5,1e-05,,0.9,0.999,full_coupled,0.008445623748411835,0.9997289538383484,0.007897012538160159,0.9998298317193985,0.028593955934047642,0.9992205619812011,0.027595786214806083,0.9993423670530319,0.020148332185635807,3.385653539139086,0.019698773676645923,3.4944589591895636
split_cifar10,adam,smallcnn,0.0003,m,5,3e-05,,0.9,0.999,full_coupled,0.012079497265949554,0.9997489422559738,0.00841744274366641,0.9999081999063492,0.02793219472514461,0.9993552297353745,0.02569801539648319,0.9994780033826828,0.015852697459195056,2.312364009045446,0.01728057265281678,3.052948048362944
split_cifar10,adam,smallcnn,0.0003,m,5,0.0001,,0.9,0.999,full_coupled,0.01666529598442133,0.9997357487678528,0.011419179569929789,0.9998933464288712,0.025746038393117444,0.999447175860405,0.025182384485378816,0.9995135366916656,0.009080742408696114,1.5448893567317836,0.013763204915449027,2.205270906825196
split_cifar10,adam,smallcnn,0.0003,m,5,0.0003,,0.9,0.999,full_coupled,0.05114438210148359,0.9983731389045716,0.03920708629302676,0.9991487830877304,0.054690618580207184,0.9980768322944641,0.04617885416373606,0.9987848162651062,0.0035462364787235967,1.069337751929175,0.0069717678707093,1.177819076342566
split_cifar10,adam,smallcnn,0.0003,m,5,0.001,,0.9,0.999,full_coupled,0.25397598147392275,0.9766008585691452,0.21825903877615924,0.985029885172844,0.25816308334469795,0.9759461134672165,0.22313198372721668,0.984344658255577,0.004187101870775201,1.0164862119893219,0.004872944951057445,1.022326429083448
split_cifar10,adam,smallcnn,0.0003,m,5,0.003,,0.9,0.999,full_coupled,0.669395062327385,0.9017609149217606,0.6367284849286079,0.9228395640850067,0.673602531850338,0.901072108745575,0.6412829205393791,0.9220793694257736,0.0042074695229530334,1.0062854803683856,0.004554435610771179,1.0071528692662177
split_cifar10,adam,smallcnn,0.0003,m,5,0.01,,0.9,0.999,full_coupled,1.5790874749422072,0.865870988368988,1.5716294527053833,0.894097375869751,1.585539036989212,0.8658553391695023,1.5782531708478929,0.8940550297498703,0.0064515620470047,1.0040856267618998,0.006623718142509505,1.0042145546019818
split_cifar10,adam,smallcnn,0.0003,m,10,1e-06,,0.9,0.999,full_coupled,0.2713854113826528,0.9034415066242218,0.19320273606572297,0.9585751414299011,0.2910874620079994,0.9023089855909348,0.21293521523475648,0.9573223114013671,0.01970205062534658,1.072598046169721,0.019732479169033507,1.10213353894906
split_cifar10,adam,smallcnn,0.0003,m,10,3e-06,,0.9,0.999,full_coupled,0.1803454376058653,0.9710915505886077,0.10518714645877476,0.9914486557245255,0.19586991406977178,0.9700717091560364,0.12281543444842098,0.9901182591915131,0.015524476463906478,1.0860818918958979,0.01762828798964622,1.1675897539111886
split_cifar10,adam,smallcnn,0.0003,m,10,1e-05,,0.9,0.999,full_coupled,0.08044523238204417,0.9945733487606049,0.061378195136785475,0.9972667247056961,0.10077977068722244,0.9933862775564194,0.0842290755361318,0.9958991438150406,0.02033453830517827,1.2527749339899608,0.02285088039934633,1.3722963887814166
split_cifar10,adam,smallcnn,0.0003,m,10,3e-05,,0.9,0.999,full_coupled,0.05386575064621861,0.9980136305093765,0.03769576610065993,0.9991259664297104,0.07503431346267457,0.9967855900526047,0.06402738345786925,0.9977357625961304,0.02116856281645596,1.3929874282359416,0.02633161735720932,1.6985298371943245
split_cifar10,adam,smallcnn,0.0003,m,10,0.0001,,0.9,0.999,full_coupled,0.05398802291601893,0.9983651250600815,0.037779792305082036,0.9992219030857086,0.06848286297172304,0.9973914533853531,0.061691747792065085,0.9979602724313736,0.01449484005570411,1.268482512839034,0.02391195548698305,1.6329297761588404
split_cifar10,adam,smallcnn,0.0003,m,10,0.0003,,0.9,0.999,full_coupled,0.13361597843468184,0.991964516043663,0.10469828061759467,0.9956074565649032,0.14362145066261287,0.9908912062644959,0.12069594301283355,0.9941855937242507,0.010005472227931023,1.0748823033378616,0.01599766239523888,1.1527977565712808
split_cifar10,adam,smallcnn,0.0003,m,10,0.001,,0.9,0.999,full_coupled,0.419980077445507,0.9481639236211776,0.37612066939473154,0.9648587137460709,0.43161148577928543,0.9464292496442794,0.39016079604625703,0.9627136021852494,0.011631408333778404,1.027695143075656,0.014040126651525486,1.0373287824732405
split_cifar10,adam,smallcnn,0.0003,m,10,0.003,,0.9,0.999,full_coupled,0.9292523175477981,0.8514621794223786,0.9088965773582458,0.8805278807878494,0.9438267141580582,0.8495868444442749,0.9250733762979507,0.8782490879297257,0.014574396610260054,1.0156840035101773,0.016176798939704917,1.0177982834820696
split_cifar10,adam,smallcnn,0.0003,m,10,0.01,,0.9,0.999,full_coupled,2.3491871893405913,0.7958520084619523,2.384090393781662,0.8374968141317367,2.3758140802383423,0.7952823340892792,2.412052482366562,0.8367676436901093,0.026626890897750943,1.0113345122170638,0.027962088584899902,1.0117286192913795
split_cifar10,adam,smallcnn,0.0003,m,20,1e-06,,0.9,0.999,full_coupled,0.6220595501363277,0.6695800945162773,0.5668155618011952,0.7604368239641189,0.6338878333568573,0.6635350942611694,0.5788821175694465,0.7533603638410569,0.011828283220529534,1.0190147120447508,0.01206655576825133,1.0212883283054313
split_cifar10,adam,smallcnn,0.0003,m,20,3e-06,,0.9,0.999,full_coupled,0.5166013780981302,0.8062423795461655,0.4083118073642254,0.8862003207206726,0.531903325766325,0.7982957929372787,0.43208280131220816,0.8756445556879043,0.015301947668194815,1.029620415889189,0.023770993947982766,1.058217748101461
split_cifar10,adam,smallcnn,0.0003,m,20,1e-05,,0.9,0.999,full_coupled,0.30561580285429957,0.9373177975416184,0.2248688407242298,0.9662838160991669,0.3326895274221897,0.9317280173301696,0.2537432014942169,0.9617820888757705,0.027073724567890145,1.0885874497163923,0.028874360769987117,1.1284053436527361
split_cifar10,adam,smallcnn,0.0003,m,20,3e-05,,0.9,0.999,full_coupled,0.18446992933750153,0.9796931952238083,0.13436415679752828,0.9895285964012146,0.21037353947758675,0.9763957440853119,0.17049613893032073,0.9851792335510254,0.025903610140085215,1.1404218575521468,0.03613198213279245,1.2689108687463375
split_cifar10,adam,smallcnn,0.0003,m,20,0.0001,,0.9,0.999,full_coupled,0.14874085225164885,0.9886763542890549,0.11181574426591394,0.9934193670749665,0.17331196218729014,0.9851890474557876,0.14778252504765985,0.9895986557006836,0.024571109935641294,1.1651940913587775,0.03596678078174591,1.3216611490436598
split_cifar10,adam,smallcnn,0.0003,m,20,0.0003,,0.9,0.999,full_coupled,0.231972274184227,0.977565398812294,0.18605508059263226,0.987175253033638,0.25471119955182076,0.9748164981603622,0.21934184506535526,0.9833939492702484,0.022738925367593754,1.0980243240169945,0.033286764472722996,1.1789081188575785
split_cifar10,adam,smallcnn,0.0003,m,20,0.001,,0.9,0.999,full_coupled,0.5543262347579002,0.9230392843484878,0.5100139990448952,0.9471665024757385,0.5861239358782768,0.9192528367042542,0.5479143604636192,0.9421228468418121,0.03179770112037661,1.057362793110927,0.03790036141872399,1.0743123943454496
split_cifar10,adam,smallcnn,0.0003,m,20,0.003,,0.9,0.999,full_coupled,1.15175401866436,0.8214975118637085,1.1506707668304443,0.8580637305974961,1.1972421795129775,0.8165337860584259,1.2007380038499833,0.8521386623382569,0.04548816084861751,1.0394946838573815,0.05006723701953897,1.0435113487391798
split_cifar10,adam,smallcnn,0.0003,m,20,0.01,,0.9,0.999,full_coupled,2.9644351601600647,0.7548525720834732,3.0524088561534883,0.8041460305452347,3.05083087682724,0.752013435959816,3.142065113782883,0.8012206465005874,0.08639571666717538,1.0291440736597222,0.08965625762939444,1.0293722963909806
split_cifar10,adam,smallcnn,0.0003,rms_global,1,0.001,,0.9,0.999,full_coupled,0.01213438753038642,0.999925971031189,0.0060892042703926,0.9999813437461853,0.01213438753038642,0.999925971031189,0.0060892042703926,0.9999813437461853,0.0,1.0,0.0,1.0
split_cifar10,adam,smallcnn,0.0003,rms_global,1,0.003,,0.9,0.999,full_coupled,0.004242273699492161,0.9999915957450867,0.0020232209935784,0.9999979496002197,0.0042422737926244205,0.9999915957450867,0.00202322092372918,0.9999979496002197,9.313225971668837e-11,1.0000000219533831,-6.984922015784711e-11,0.999999965476228
split_cifar10,adam,smallcnn,0.0003,rms_global,1,0.01,,0.9,0.999,full_coupled,0.00419665579684074,0.9999981641769409,0.00062457330059254,0.9999997973442077,0.00419665579684074,0.9999981641769409,0.00062457334715868,0.9999997973442077,0.0,1.0,4.656613994142439e-11,1.0000000745567252
split_cifar10,adam,smallcnn,0.0003,rms_global,1,0.03,,0.9,0.999,full_coupled,0.01209792755544182,0.9999903202056885,0.00037862359604327997,0.9999999165534973,0.0120979273691773,0.9999903202056885,0.00037862361350556007,0.9999999165534973,-1.8626452116810022e-10,0.9999999846036008,1.746228010281181e-11,1.0000000461204221
split_cifar10,adam,smallcnn,0.0003,rms_global,1,0.1,,0.9,0.999,full_coupled,0.04077913835644718,0.9998996019363403,0.00137405127752568,0.9999992251396179,0.04077913835644718,0.9998996019363403,0.00137405127752568,0.9999992251396179,0.0,1.0,0.0,1.0
split_cifar10,adam,smallcnn,0.0003,rms_global,5,0.001,,0.9,0.999,full_coupled,0.5945483982563019,0.7904959440231323,0.5138437509536743,0.8427063345909118,0.7360058188438415,0.6974742770195007,0.69295175075531,0.7414038300514221,0.14145742058753963,1.2379241471382438,0.17910799980163572,1.348565102658577
split_cifar10,adam,smallcnn,0.0003,rms_global,5,0.003,,0.9,0.999,full_coupled,0.4761176109313965,0.856138551235199,0.36109964549541473,0.9232568621635437,0.6741580367088318,0.7535131692886352,0.6184647679328918,0.811754047870636,0.1980404257774353,1.4159485413488955,0.2573651224374771,1.7127260456996076
split_cifar10,adam,smallcnn,0.0003,rms_global,5,0.01,,0.9,0.999,full_coupled,0.33157369494438166,0.9354835510253906,0.2648181229829788,0.9584343791007995,0.6054803848266601,0.8221771121025085,0.5816098093986511,0.8431369066238403,0.27390668988227845,1.8260808805361466,0.31679168641567235,2.196261354197553
split_cifar10,adam,smallcnn,0.0003,rms_global,5,0.03,,0.9,0.999,full_coupled,0.18906254023313518,0.9808101773262023,0.1563169196248054,0.986817467212677,0.5536048650741577,0.8632416367530823,0.5450774312019349,0.8702128529548645,0.36454232484102256,2.9281573409068833,0.38876051157712943,3.487002126898606
split_cifar10,adam,smallcnn,0.0003,rms_global,5,0.1,,0.9,0.999,full_coupled,0.14941461831331249,0.9889692664146423,0.1388256967067718,0.9895908117294312,0.5401702582836151,0.8696171283721924,0.5412097930908203,0.8723284363746643,0.3907556399703026,3.615243704942672,0.4023840963840485,3.898484257089419
split_cifar10,adam,smallcnn,0.0003,rms_global,10,0.001,,0.9,0.999,full_coupled,0.852664303779602,0.44897687882184983,0.816360068321228,0.5071677595376969,0.94992436170578,0.27803203016519545,0.9402884721755982,0.3124222159385681,0.09726005792617798,1.1140660603417472,0.1239284038543702,1.1518060579680458
split_cifar10,adam,smallcnn,0.0003,rms_global,10,0.003,,0.9,0.999,full_coupled,0.8619684338569641,0.4787134289741516,0.7937111616134643,0.5672188639640808,0.9573816418647766,0.28388586342334743,0.9291218757629395,0.3508293256163597,0.0954132080078125,1.110692229854493,0.13541071414947514,1.170604523028517
split_cifar10,adam,smallcnn,0.0003,rms_global,10,0.01,,0.9,0.999,full_coupled,0.7489820003509522,0.6415656626224517,0.6633039236068725,0.724906587600708,0.9181337714195251,0.39251444339752195,0.8902938604354859,0.44986348748207095,0.16915177106857293,1.2258422378499259,0.22698993682861335,1.3422110570284307
split_cifar10,adam,smallcnn,0.0003,rms_global,10,0.03,,0.9,0.999,full_coupled,0.5108246326446533,0.8582251071929932,0.45632762312889097,0.88827565908432,0.8511810064315796,0.5305786728858948,0.8374507069587708,0.5522258877754211,0.3403563737869263,1.6662880997433998,0.3811230838298798,1.8351961715940885
split_cifar10,adam,smallcnn,0.0003,rms_global,10,0.1,,0.9,0.999,full_coupled,0.37700803577899933,0.9282599568367005,0.3355558753013611,0.9454224348068238,0.8258072018623352,0.5726109504699707,0.8172887802124024,0.5851581692695618,0.4487991660833359,2.1904233424520965,0.48173290491104126,2.4356264943309345
split_cifar10,adam,smallcnn,0.0003,rms_global,20,0.001,,0.9,0.999,full_coupled,0.9906040310859681,0.11063436716794965,0.9811166167259217,0.17414683699607847,1.028742289543152,0.019312568870373085,1.0826942205429078,0.026759072928689377,0.03813825845718388,1.038500003291299,0.1015776038169861,1.1035326505384855
split_cifar10,adam,smallcnn,0.0003,rms_global,20,0.003,,0.9,0.999,full_coupled,0.9903645277023315,0.13527094721794125,0.972987687587738,0.21792480945587153,1.0606528520584106,0.01360732596367594,1.0792390346527099,0.029637980781262695,0.07028832435607912,1.0709721747800778,0.10625134706497186,1.1092011218851017
split_cifar10,adam,smallcnn,0.0003,rms_global,20,0.01,,0.9,0.999,full_coupled,0.9578452587127686,0.2811803311109543,0.9086920499801636,0.41400648951530455,1.2119047403335572,0.03681639768183226,1.3269039392471313,0.051136760413646655,0.2540594816207886,1.2652406318346396,0.41821188926696773,1.4602350040105414
split_cifar10,adam,smallcnn,0.0003,rms_global,20,0.03,,0.9,0.999,full_coupled,0.9022278189659119,0.43685131072998046,0.8445241451263428,0.5530375361442565,1.4476292133331299,0.06428292058408255,1.6624653577804565,0.07715793587267397,0.545401394367218,1.6045051847241085,0.8179412126541137,1.9685231824032074
split_cifar10,adam,smallcnn,0.0003,rms_global,20,0.1,,0.9,0.999,full_coupled,0.7811649918556214,0.6492032051086426,0.7013653635978698,0.7501623034477234,1.8211323261260985,0.0882462099194526,2.0754797220230103,0.09798157885670657,1.0399673342704772,2.3313030475163545,1.3741143584251405,2.9591990562182846
split_cifar10,adam,smallcnn,0.0003,rms_layerwise,1,0.001,,0.9,0.999,full_coupled,0.02845177079240475,0.9989630470673243,0.01519819821696724,0.9995552808046341,0.02845177082344884,0.9989630480607351,0.01519819849636401,0.9995552847782772,3.1044090909038147e-11,1.0000000010911128,2.79396769609086e-10,1.0000000183835456
split_cifar10,adam,smallcnn,0.0003,rms_layerwise,1,0.003,,0.9,0.999,full_coupled,0.010379431897308625,0.9998395820458729,0.004926882237972022,0.9999652127424875,0.01037943187402556,0.9998395790656407,0.004926882451400114,0.999965218702952,-2.3283064712331658e-11,0.9999999977568074,2.1342809203989122e-10,1.0000000433190974
split_cifar10,adam,smallcnn,0.0003,rms_layerwise,1,0.01,,0.9,0.999,full_coupled,0.00505976877175267,0.9999913583199185,0.0013053326086567517,0.9999981860319773,0.005059768492355893,0.9999913593133292,0.0013053329889468,0.9999981850385666,-2.793967765479799e-10,0.9999999447807224,3.802900483667465e-10,1.0000002913357453
split_cifar10,adam,smallcnn,0.0003,rms_layerwise,1,0.03,,0.9,0.999,full_coupled,0.012209943355992393,0.9999909420808155,0.0004638010490452416,0.9999998052914938,0.012209942735110673,0.9999909410874048,0.0004638011858332433,0.9999998092651368,-6.208817193015248e-10,0.9999999491495004,1.3678800166129143e-10,1.0000002949281852
split_cifar10,adam,smallcnn,0.0003,rms_layerwise,1,0.1,,0.9,0.999,full_coupled,0.04112724314133321,0.9999119033416111,0.0012905546056571917,0.9999994208415348,0.041127242458363314,0.9999118993679683,0.0012905550616172051,0.9999994258085886,-6.829698959154307e-10,0.9999999833937351,4.5596001345231396e-10,1.0000003533054793
split_cifar10,adam,smallcnn,0.0003,rms_layerwise,5,0.001,,0.9,0.999,full_coupled,0.7632119340201219,0.4754897482111119,0.6629035500188668,0.5877471152693033,0.8506367405255636,0.42062193933137076,0.8151995052893956,0.5096897995099425,0.08742480650544171,1.1145485318146726,0.15229595527052875,1.229740744737593
split_cifar10,adam,smallcnn,0.0003,rms_layerwise,5,0.003,,0.9,0.999,full_coupled,0.6673241686541587,0.5925159757879251,0.6033292083069681,0.6719874512404204,0.7975043753782908,0.5250610607055326,0.7809366698066393,0.5870318952947855,0.1301802067241321,1.1950779139120287,0.17760746149967122,1.2943790206976127
split_cifar10,adam,smallcnn,0.0003,rms_layerwise,5,0.01,,0.9,0.999,full_coupled,0.5102340308949351,0.7571377218700945,0.4363614026457071,0.8340157844747106,0.718351938823859,0.6686944795151551,0.6843092948198317,0.7324240690718095,0.20811790792892382,1.4078871563386144,0.2479478921741246,1.5682168282318034
split_cifar10,adam,smallcnn,0.0003,rms_layerwise,5,0.03,,0.9,0.999,full_coupled,0.360456463880837,0.8884018778800964,0.2736408995154003,0.931779853751262,0.6450728585322698,0.7808042312661806,0.608087745308876,0.8188978160421054,0.2846163946514328,1.789599918911494,0.33444684579347567,2.222210738181897
split_cifar10,adam,smallcnn,0.0003,rms_layerwise,5,0.1,,0.9,0.999,full_coupled,0.2552361897503336,0.951175711552302,0.17470538358514504,0.9707397609949112,0.5918502514561018,0.8359613801042238,0.5671712319056192,0.8536895816524824,0.33661406170576824,2.3188335950126695,0.3924658483204742,3.2464439290114986
split_cifar10,adam,smallcnn,0.0003,rms_layerwise,10,0.001,,0.9,0.999,full_coupled,0.9369462271531421,0.21603616166976275,0.8917220388849575,0.30125793745586027,0.9655386110146841,0.168314400515131,0.9423046747843424,0.2326985025079921,0.028592383861541948,1.030516568649215,0.05058263589938494,1.0567246672097903
split_cifar10,adam,smallcnn,0.0003,rms_layerwise,10,0.003,,0.9,0.999,full_coupled,0.8490533466140429,0.37868981844900795,0.797491829097271,0.4516667200368829,0.9228255818287531,0.2933215222515476,0.8992091049750645,0.34904098486294965,0.07377223521471021,1.0868876325720969,0.10171727587779344,1.1275464803105675
split_cifar10,adam,smallcnn,0.0003,rms_layerwise,10,0.01,,0.9,0.999,full_coupled,0.7579376717408499,0.5127527845092119,0.6768890394518772,0.6144837576895952,0.8820439507563907,0.39779592564639943,0.8486394027868907,0.4718647904383639,0.12410627901554083,1.1637420643448035,0.17175036333501348,1.253734886110863
split_cifar10,adam,smallcnn,0.0003,rms_layerwise,10,0.03,,0.9,0.999,full_coupled,0.6222761428604523,0.6841346915190418,0.5251640864958366,0.775623856143405,0.8322557126482328,0.5180901523058613,0.7957979400952657,0.5868588851609577,0.20997956978778054,1.3374379239778589,0.27063385359942915,1.5153319896743829
split_cifar10,adam,smallcnn,0.0003,rms_layerwise,10,0.1,,0.9,0.999,full_coupled,0.48537004006405676,0.8067643858492375,0.3766975570470095,0.8871369416515031,0.7859091093142827,0.6060170029600461,0.7465888917446137,0.668211254477501,0.30053906925022594,1.619195756727305,0.3698913346976042,1.9819318649083888
split_cifar10,adam,smallcnn,0.0003,rms_layerwise,20,0.001,,0.9,0.999,full_coupled,0.9951936850945156,0.04835758486199966,0.9869475354750952,0.07507407542337505,0.999004183212916,0.03213040098926281,0.9968777726093927,0.051039330363467604,0.003810498118400396,1.0038289010224561,0.009930237134297526,1.0100615653592138
split_cifar10,adam,smallcnn,0.0003,rms_layerwise,20,0.003,,0.9,0.999,full_coupled,0.980889481306076,0.10653388919114752,0.9640765190124512,0.1470765352457723,0.9950384716192883,0.06890557494286134,0.9920864244302114,0.09926059130666541,0.014148990313212262,1.014424652912347,0.028009905417760272,1.0290536123070937
split_cifar10,adam,smallcnn,0.0003,rms_layerwise,20,0.01,,0.9,0.999,full_coupled,0.9579202016194662,0.19387941145590348,0.9357250422239304,0.2494626222488781,1.0034951984882354,0.1196314115542918,1.0017860651016235,0.15476256722273923,0.0455749968687692,1.0475770286415504,0.06606102287769311,1.070598754865731
split_cifar10,adam,smallcnn,0.0003,rms_layerwise,20,0.03,,0.9,0.999,full_coupled,0.9135962714751562,0.3077745187484349,0.8621242533127467,0.39605669925610226,1.013081255555153,0.18480291357263923,1.0165625870227815,0.24057864738473045,0.09948498407999673,1.1088938157763728,0.1544383337100348,1.179136978360833
split_cifar10,adam,smallcnn,0.0003,rms_layerwise,20,0.1,,0.9,0.999,full_coupled,0.8143422422309717,0.4704005305965741,0.7461122969786327,0.5755186381439368,1.0283359766006472,0.2763801475210736,1.057881999015808,0.3354173827605943,0.2139937343696755,1.2627810805729767,0.31176970203717524,1.4178589513933502
split_cifar10,adam,smallcnn,0.0003,rms_random_layerwise,1,0.001,,0.9,0.999,full_coupled,0.04135821545496578,0.9990785509347916,0.020828385511413177,0.9997659683227539,0.041358215641230295,0.9990785509347916,0.020828385511413177,0.9997659683227539,1.8626451769865326e-10,1.0000000045036885,0.0,1.0
split_cifar10,adam,smallcnn,0.0003,rms_random_layerwise,1,0.003,,0.9,0.999,full_coupled,0.013924632733687718,0.9998954057693481,0.006994657777249766,0.9999735713005066,0.013924632733687718,0.9998954057693481,0.00699465773068363,0.9999735713005066,0.0,1.0,-4.656613549619548e-11,0.9999999933426141
split_cifar10,adam,smallcnn,0.0003,rms_random_layerwise,1,0.01,,0.9,0.999,full_coupled,0.0046022648923098545,0.9999897181987762,0.0021100798563565603,0.9999975949525833,0.004602264938875986,0.9999897181987762,0.002110079780686595,0.9999975949525833,4.656613115938679e-11,1.0000000101180901,-7.566996508556745e-11,0.9999999641388145
split_cifar10,adam,smallcnn,0.0003,rms_random_layerwise,1,0.03,,0.9,0.999,full_coupled,0.0052877763635478395,0.999992436170578,0.0007252634022733701,0.999999725818634,0.00528777637518938,0.999992436170578,0.00072526331059629,0.999999725818634,1.1641540162421471e-11,1.0000000022015947,-9.167708009839154e-11,0.9999998735947797
split_cifar10,adam,smallcnn,0.0003,rms_random_layerwise,1,0.1,,0.9,0.999,full_coupled,0.01682281736284489,0.9999278515577317,0.0005006178340408449,0.999999862909317,0.01682281731627876,0.9999278515577317,0.000500617797661055,0.999999862909317,-4.6566129424663316e-11,0.9999999972319661,-3.637978991406082e-11,0.9999999273302159
split_cifar10,adam,smallcnn,0.0003,rms_random_layerwise,5,0.001,,0.9,0.999,full_coupled,0.8066765546798706,0.5438322357833385,0.6878523826599121,0.6817274764180183,0.8669251531362534,0.48341646492481233,0.790948161482811,0.6092868551611901,0.06024859845638275,1.0746874296852378,0.10309577882289889,1.1498806741414915
split_cifar10,adam,smallcnn,0.0003,rms_random_layerwise,5,0.003,,0.9,0.999,full_coupled,0.611902529746294,0.7422189243137837,0.5258318424224854,0.8010271981358528,0.7454493492841721,0.6638054624199867,0.6939854502677918,0.7165778443217278,0.13354681953787806,1.2182485167911448,0.16815360784530642,1.3197858978464099
split_cifar10,adam,smallcnn,0.0003,rms_random_layerwise,5,0.01,,0.9,0.999,full_coupled,0.4163112066686153,0.8456147685647011,0.3498053204268217,0.8950762614607811,0.6461153849959373,0.7551187127828598,0.6130313321948051,0.7981551170349122,0.22980417832732203,1.5520009421947814,0.2632260117679834,1.7524928764571193
split_cifar10,adam,smallcnn,0.0003,rms_random_layerwise,5,0.03,,0.9,0.999,full_coupled,0.2610264576971531,0.9350386425852776,0.20377280320972205,0.9635023534297943,0.5748435497283936,0.8344202056527138,0.5510449409484863,0.8597253650426865,0.3138170920312405,2.202242465380026,0.3472721377387643,2.7042123986553466
split_cifar10,adam,smallcnn,0.0003,rms_random_layerwise,5,0.1,,0.9,0.999,full_coupled,0.15186048019677398,0.9815133839845658,0.12768546435981984,0.9895247191190719,0.5313730612397194,0.876638087630272,0.5213201805949211,0.8839219629764556,0.3795125810429454,3.499087192080455,0.39363471623510127,4.082846729725099
split_cifar10,adam,smallcnn,0.0003,rms_random_layerwise,10,0.001,,0.9,0.999,full_coupled,0.8908590704202652,0.38313345341011884,0.8266306802630424,0.4945919752120972,0.9396806865930557,0.3016744377091527,0.9008930921554565,0.3997116181184538,0.04882161617279046,1.0548028501856739,0.07426241189241412,1.089837473572579
split_cifar10,adam,smallcnn,0.0003,rms_random_layerwise,10,0.003,,0.9,0.999,full_coupled,0.8066969335079193,0.49819398038089274,0.7121359221637249,0.6240157715976238,0.8954805105924606,0.4029198158532381,0.84512999355793,0.5036735892295837,0.08878357708454132,1.1100581561633887,0.13299407139420505,1.186753774462214
split_cifar10,adam,smallcnn,0.0003,rms_random_layerwise,10,0.01,,0.9,0.999,full_coupled,0.670278362184763,0.6663506828248501,0.5458825275301933,0.7850979670882225,0.8305614620447159,0.5322244398295879,0.7676700711250305,0.6295717671513558,0.16028309985995293,1.239129157231799,0.2217875435948372,1.4062917063828717
split_cifar10,adam,smallcnn,0.0003,rms_random_layerwise,10,0.03,,0.9,0.999,full_coupled,0.4996575750410557,0.8182294383645058,0.3852508217096329,0.8907983750104904,0.7471237361431122,0.6544209569692612,0.7000484138727188,0.7138761758804322,0.24746616110205655,1.495271508856286,0.3147975921630859,1.8171237397135307
split_cifar10,adam,smallcnn,0.0003,rms_random_layerwise,10,0.1,,0.9,0.999,full_coupled,0.32914199121296406,0.9255688458681106,0.28225864954292773,0.9489869177341461,0.6733402192592621,0.7443726092576981,0.6570598751306533,0.7621931582689285,0.34419822804629807,2.045743895447215,0.3748012255877256,2.327864447005098
split_cifar10,adam,smallcnn,0.0003,rms_random_layerwise,20,0.001,,0.9,0.999,full_coupled,0.9933592259883881,0.09203484837198626,0.9790480226278305,0.15490702308597973,1.0018680483102798,0.05471864265855399,0.9973449945449829,0.09998872387222942,0.008508822321891651,1.0085657052346046,0.018296971917152405,1.0186885336513343
split_cifar10,adam,smallcnn,0.0003,rms_random_layerwise,20,0.003,,0.9,0.999,full_coupled,0.9801733314990997,0.14714906513690942,0.953429764509201,0.22860481487587095,0.994398495554924,0.1089350573252886,0.9980567246675491,0.15505289547145362,0.014225164055824302,1.0145129066448564,0.044626960158348106,1.0468067620915116
split_cifar10,adam,smallcnn,0.0003,rms_random_layerwise,20,0.01,,0.9,0.999,full_coupled,0.9355611652135849,0.28200819983612746,0.8830235868692398,0.4039241814985871,0.9885076016187668,0.19346573660150165,1.0046345114707946,0.26963837798684837,0.05294643640518193,1.0565932387681938,0.12161092460155487,1.1377210375916758
split_cifar10,adam,smallcnn,0.0003,rms_random_layerwise,20,0.03,,0.9,0.999,full_coupled,0.8666780084371567,0.42893885597586634,0.7553304344415664,0.593432492017746,1.0285674989223481,0.27937944494187833,1.0750426650047302,0.3753346748650074,0.1618894904851914,1.1867931214467065,0.3197122305631638,1.4232746570043011
split_cifar10,adam,smallcnn,0.0003,rms_random_layerwise,20,0.1,,0.9,0.999,full_coupled,0.7166291654109955,0.6478633984923363,0.6152303889393806,0.7617690399289131,1.0903073698282242,0.4109841451048851,1.1413806140422822,0.47345567867159843,0.37367820441722865,1.521438733522546,0.5261502251029015,1.8552084463999774
split_cifar10,heavy_ball,resnet18,0.01,momentum,1,0.0001,0.5,,,,0.06599701941013333,0.9978197753429413,0.034655099362134886,0.9993993252515793,0.06599701941013333,0.9978197753429413,0.034655099362134886,0.9993993252515793,0.0,1.0,0.0,1.0
split_cifar10,heavy_ball,resnet18,0.01,momentum,1,0.0001,0.9,,,,0.0383607847616076,0.999263945221901,0.019593197014182752,0.9998079836368561,0.0383607847616076,0.999263945221901,0.019593197014182752,0.9998079836368561,0.0,1.0,0.0,1.0
split_cifar10,heavy_ball,resnet18,0.01,momentum,1,0.0003,0.5,,,,0.023432144336402373,0.9997254312038422,0.011754355393350074,0.9999309122562409,0.023432144336402373,0.9997254312038422,0.011754355393350074,0.9999309122562409,0.0,1.0,0.0,1.0
split_cifar10,heavy_ball,resnet18,0.01,momentum,1,0.0003,0.9,,,,0.013043385790660934,0.9999149411916732,0.006531564355827825,0.9999786287546157,0.013043385790660934,0.9999149411916732,0.006531564355827825,0.9999786287546157,0.0,1.0,0.0,1.0
split_cifar10,heavy_ball,resnet18,0.01,momentum,1,0.001,0.5,,,,0.0070492514874785596,0.9999751359224319,0.00352004109881813,0.9999938100576401,0.0070492514874785596,0.9999751359224319,0.00352004109881813,0.9999938100576401,0.0,1.0,0.0,1.0
split_cifar10,heavy_ball,resnet18,0.01,momentum,1,0.001,0.9,,,,0.003915750794112639,0.9999923348426819,0.001958872750401445,0.9999980628490448,0.003915750794112639,0.9999923348426819,0.001958872750401445,0.9999980628490448,0.0,1.0,0.0,1.0
split_cifar10,heavy_ball,resnet18,0.01,momentum,1,0.003,0.5,,,,0.00234953927574674,0.9999972522258759,0.0011746352713089,0.9999993324279786,0.00234953927574674,0.9999972522258759,0.0011746352713089,0.9999993324279786,0.0,1.0,0.0,1.0
split_cifar10,heavy_ball,resnet18,0.01,momentum,1,0.003,0.9,,,,0.0013049533357843202,0.9999991536140442,0.0006531614199047351,0.999999749660492,0.0013049533357843202,0.9999991536140442,0.0006531614199047351,0.999999749660492,0.0,1.0,0.0,1.0
split_cifar10,heavy_ball,resnet18,0.01,momentum,1,0.01,0.5,,,,0.0007052381959510451,0.999999725818634,0.00035184378211846,0.9999999135732651,0.0007052381959510451,0.999999725818634,0.00035184378211846,0.9999999135732651,0.0,1.0,0.0,1.0
split_cifar10,heavy_ball,resnet18,0.01,momentum,1,0.01,0.9,,,,0.000391796961775945,0.9999999552965164,0.00019601148233046,0.9999999463558197,0.000391796961775945,0.9999999552965164,0.00019601148233046,0.9999999463558197,0.0,1.0,0.0,1.0
split_cifar10,heavy_ball,resnet18,0.01,momentum,1,0.03,0.5,,,,0.000235190534294755,0.9999999850988388,0.00011743368049787501,0.9999999463558197,0.000235190534294755,0.9999999850988388,0.00011743368049787501,0.9999999463558197,0.0,1.0,0.0,1.0
split_cifar10,heavy_ball,resnet18,0.01,momentum,1,0.03,0.9,,,,0.000130766851361795,1.000000011920929,6.527822333737276e-05,0.9999999463558197,0.000130766851361795,1.000000011920929,6.527822333737276e-05,0.9999999463558197,0.0,1.0,0.0,1.0
split_cifar10,heavy_ball,resnet18,0.01,momentum,1,0.1,0.5,,,,7.049025043670554e-05,1.0000000298023224,3.5268735337012914e-05,1.0000000178813935,7.049025043670554e-05,1.0000000298023224,3.5268735337012914e-05,1.0000000178813935,0.0,1.0,0.0,1.0
split_cifar10,heavy_ball,resnet18,0.01,momentum,1,0.1,0.9,,,,3.918525981134735e-05,0.9999999791383744,1.9575143505790037e-05,0.9999999523162841,3.918525981134735e-05,0.9999999791383744,1.9575143505790037e-05,0.9999999523162841,0.0,1.0,0.0,1.0
split_cifar10,heavy_ball,resnet18,0.01,momentum,5,0.0001,0.5,,,,0.9930682063102723,0.11609251014888282,0.9729461371898651,0.2285684816539287,0.993067991733551,0.11609432287514206,0.9729456841945648,0.2285720780491829,-2.145767212802241e-07,0.9999997839254948,-4.529953002707643e-07,0.9999995344086554
split_cifar10,heavy_ball,resnet18,0.01,momentum,5,0.0001,0.9,,,,0.9578305512666703,0.28449333980679514,0.866555255651474,0.49462600499391557,0.9578332483768464,0.28448665142059326,0.8665560454130172,0.494621941447258,2.6971101760864258e-06,1.000002815853151,7.897615432739258e-07,1.0000009113804782
split_cifar10,heavy_ball,resnet18,0.01,momentum,5,0.0003,0.5,,,,0.9418353706598281,0.3323808372020721,0.8233564615249633,0.5632004290819168,0.9418322056531906,0.3323910728096962,0.8233649790287018,0.563187912106514,-3.1650066375510377e-06,0.9999966395330477,8.517503738425525e-06,1.0000103448556446
split_cifar10,heavy_ball,resnet18,0.01,momentum,5,0.0003,0.9,,,,0.7523614019155502,0.6546339362859726,0.5092901185154914,0.8585139334201812,0.7523738980293274,0.6546211630105973,0.5093119516968727,0.8585018217563629,1.2496113777182849e-05,1.0000166091904041,2.1833181381269995e-05,1.0000428698311385
split_cifar10,heavy_ball,resnet18,0.01,momentum,5,0.001,0.5,,,,0.6610228180885315,0.7468642264604568,0.40661213397979734,0.9117728173732758,0.6610369056463241,0.7468489199876786,0.40664284229278563,0.911758103966713,1.408755779264137e-05,1.0000213117571848,3.070831298829235e-05,1.0000755223723594
split_cifar10,heavy_ball,resnet18,0.01,momentum,5,0.001,0.9,,,,0.337958799302578,0.9398785918951035,0.18078783750534055,0.9831603735685348,0.3379946157336235,0.9398661464452743,0.18087133243679995,0.9831442445516586,3.581643104549892e-05,1.0001059786906552,8.349493145939912e-05,1.000461839317354
split_cifar10,heavy_ball,resnet18,0.01,momentum,5,0.003,0.5,,,,0.29201906695961954,0.9553473740816116,0.15633773319423194,0.9874361723661422,0.2920328415930271,0.9553428441286087,0.15638474486768242,0.9874288588762283,1.3774633407570569e-05,1.0000471703219622,4.701167345047552e-05,1.0003007058660116
split_cifar10,heavy_ball,resnet18,0.01,momentum,5,0.003,0.9,,,,0.1223586436361074,0.9923438519239426,0.0647812038660049,0.997862258553505,0.12244614064693446,0.992332574725151,0.06491835508495564,0.9978528827428818,8.749701082705341e-05,1.00071508647225,0.00013715121895073457,1.0021171452638395
split_cifar10,heavy_ball,resnet18,0.01,momentum,5,0.01,0.5,,,,0.09632611237466329,0.9952435940504074,0.052687995135784094,0.9985759258270264,0.09642336666584012,0.9952343046665192,0.05286414157599206,0.9985667258501053,9.725429117682372e-05,1.0010096357963514,0.00017614644020796932,1.0033431987638552
split_cifar10,heavy_ball,resnet18,0.01,momentum,5,0.01,0.9,,,,0.04176509995013469,0.9991112023591995,0.023126347176730587,0.9997272074222565,0.04203575905412431,0.9990994244813919,0.023592765722423747,0.9997158914804458,0.000270659103989615,1.0064805089491649,0.0004664185456931605,1.02016827569563
split_cifar10,heavy_ball,resnet18,0.01,momentum,5,0.03,0.5,,,,0.036515667196363163,0.9993160724639892,0.020891664922237353,0.9997777342796326,0.036808239575475396,0.9993050634860993,0.021414536051452115,0.9997664213180542,0.00029257237911223255,1.0080122424585294,0.0005228711292147616,1.025027738629783
split_cifar10,heavy_ball,resnet18,0.01,momentum,5,0.03,0.9,,,,0.016849245829507663,0.9998558759689331,0.010369497071951575,0.9999452859163285,0.01748495837673541,0.9998444586992263,0.011371105490252314,0.9999339163303376,0.0006357125472277458,1.0377294363000176,0.0010016084183007389,1.0965918029920647
split_cifar10,heavy_ball,resnet18,0.01,momentum,5,0.1,0.5,,,,0.014321924000978425,0.9998955696821212,0.00931385466828938,0.9999561011791229,0.01507988544180984,0.999884107708931,0.010449572745710562,0.999944469332695,0.0007579614408314145,1.0529231575855056,0.0011357180774211814,1.1219385654886724
split_cifar10,heavy_ball,resnet18,0.01,momentum,5,0.1,0.9,,,,0.00770305753685529,0.9999698132276535,0.005380344809964255,0.9999852687120437,0.009023416740819764,0.9999582350254059,0.0071114001329987755,0.9999738752841949,0.001320359203964474,1.1714071584753474,0.0017310553230345206,1.3217368745268245
split_cifar10,heavy_ball,resnet18,0.01,momentum,10,0.0001,0.5,,,,0.9975457996129989,0.06866847816854711,0.9899609565734864,0.13913633152842517,0.9975483149290085,0.06863007564097638,0.9899642586708068,0.13912049308419222,2.5153160095880978e-06,1.0000025215042865,3.3020973204678228e-06,1.0000033355833868
split_cifar10,heavy_ball,resnet18,0.01,momentum,10,0.0001,0.9,,,,0.983434796333313,0.17806328162550927,0.9425301790237427,0.3282583236694336,0.9834452271461487,0.1780021533370018,0.9425578474998474,0.32814721912145617,1.043081283569336e-05,1.000010606511865,2.766847610469192e-05,1.000029355533351
split_cifar10,heavy_ball,resnet18,0.01,momentum,10,0.0003,0.5,,,,0.9787370562553406,0.20203500092029572,0.9274293780326843,0.37041344940662385,0.9787314265966416,0.20207858309149737,0.9274265676736831,0.3704326555132866,-5.629658698991236e-06,0.9999942480376491,-2.8103590011818724e-06,0.9999969697326095
split_cifar10,heavy_ball,resnet18,0.01,momentum,10,0.0003,0.9,,,,0.880543252825737,0.4677355244755745,0.6922908574342728,0.7171815723180771,0.8806201964616776,0.4675922766327858,0.6925512462854385,0.7169284373521805,7.694363594057396e-05,1.0000873820061578,0.0002603888511657493,1.0003761263757416
split_cifar10,heavy_ball,resnet18,0.01,momentum,10,0.001,0.5,,,,0.8284031391143799,0.5546246573328972,0.5951918303966522,0.79859718978405,0.8284651666879654,0.5545115530490875,0.5953031480312347,0.7985104084014892,6.202757358553246e-05,1.000074876072599,0.00011131763458249733,1.0001870281628502
split_cifar10,heavy_ball,resnet18,0.01,momentum,10,0.001,0.9,,,,0.5063118740916253,0.8577650159597396,0.2852296821773052,0.9572357773780823,0.506648288667202,0.8575660318136216,0.28615684136748315,0.9569447070360184,0.00033641457557676,1.0006644414101098,0.0009271591901779397,1.0032505704984855
split_cifar10,heavy_ball,resnet18,0.01,momentum,10,0.003,0.5,,,,0.4535911649465561,0.887958574295044,0.25502768978476525,0.9659764707088471,0.453781059384346,0.8878547787666321,0.25541144981980324,0.9658790290355682,0.00018989443778988369,1.0004186466855285,0.0003837600350379833,1.0015047779139663
split_cifar10,heavy_ball,resnet18,0.01,momentum,10,0.003,0.9,,,,0.19679760187864298,0.9798633903264999,0.1059679042547941,0.994209823012352,0.19792616441845895,0.9796202301979064,0.10806319974362844,0.9939696818590165,0.0011285625398159693,1.0057346356309358,0.002095295488834331,1.019772925619028
split_cifar10,heavy_ball,resnet18,0.01,momentum,10,0.01,0.5,,,,0.15833980105817314,0.9870791256427764,0.08736507184803481,0.9960401773452758,0.1592722553759813,0.986923125386238,0.0889736164361238,0.9958966195583343,0.0009324543178081679,1.0058889446088517,0.0016085445880889837,1.0184117583155763
split_cifar10,heavy_ball,resnet18,0.01,momentum,10,0.01,0.9,,,,0.06866096649318928,0.9975637048482895,0.03760707024484868,0.9992716491222382,0.07215619254857297,0.9973038166761399,0.04365610703825946,0.9990092575550079,0.003495226055383688,1.0509055761067738,0.006049036793410775,1.1608483924439543
split_cifar10,heavy_ball,resnet18,0.01,momentum,10,0.03,0.5,,,,0.05933547671884295,0.9981792122125626,0.033926348015665964,0.9994120210409164,0.06170867010951038,0.9980303078889847,0.03792964359745379,0.999263447523117,0.0023731933906674316,1.0399961965741447,0.004003295581787823,1.1179996025490055
split_cifar10,heavy_ball,resnet18,0.01,momentum,10,0.03,0.9,,,,0.027593472693115424,0.9996100932359695,0.017289269715547506,0.9998464286327362,0.03543840609490868,0.9993430793285369,0.02813859339803453,0.9995786398649216,0.007844933401793253,1.284303954382319,0.010849323682487023,1.627517752975459
split_cifar10,heavy_ball,resnet18,0.01,momentum,10,0.1,0.5,,,,0.023064616881310895,0.9997289538383484,0.014833943126723134,0.9998886495828628,0.028775256685912555,0.9995734483003617,0.022635359223931985,0.9997342169284821,0.00571063980460166,1.2475930917902631,0.007801416097208851,1.525916543602942
split_cifar10,heavy_ball,resnet18,0.01,momentum,10,0.1,0.9,,,,0.012982948217540941,0.9999133437871933,0.009193266346119281,0.9999564170837403,0.02562199989333743,0.9996476352214814,0.023864996992051548,0.9996910035610199,0.01263905167579649,1.9735116757779392,0.014671730645932267,2.595921416127097
split_cifar10,heavy_ball,resnet18,0.01,momentum,20,0.0001,0.5,,,,0.9990964323282242,0.0414649978280067,0.9962952047586441,0.0841577878221869,0.9992980599403382,0.03784049502573901,0.99686598777771,0.07857032585889097,0.00020162761211395264,1.0002018099610706,0.0005707830190658791,1.0005729055166979
split_cifar10,heavy_ball,resnet18,0.01,momentum,20,0.0001,0.9,,,,0.9942315608263016,0.10513369515538211,0.9795910984277725,0.19690147340297698,1.0389809668064118,0.07184268790297207,1.1151571959257125,0.1334028919227421,0.044749405980110235,1.0450090378773726,0.13556609749794002,1.1383904954991133
split_cifar10,heavy_ball,resnet18,0.01,momentum,20,0.0003,0.5,,,,0.9921712547540664,0.12299297936260696,0.971755838394165,0.23286000490188594,0.9934138268232345,0.1155737660825252,0.9761737376451493,0.219438087195158,0.001242572069168113,1.0012523766065728,0.004417899250984236,1.0045463058480666
split_cifar10,heavy_ball,resnet18,0.01,momentum,20,0.0003,0.9,,,,0.9536761492490768,0.29647291675209997,0.8515034496784211,0.519426541030407,1.2199998438358306,0.20239774310030043,1.526542592048645,0.34543678276240825,0.26632369458675376,1.2792600976719997,0.675039142370224,1.792761488664737
split_cifar10,heavy_ball,resnet18,0.01,momentum,20,0.001,0.5,,,,0.9256411641836166,0.37286184430122377,0.7701236844062805,0.6290654003620147,0.9370012611150742,0.3501085452735424,0.8081555604934693,0.5895769685506821,0.011360096931457564,1.0122726790586034,0.03803187608718872,1.0493841143406841
split_cifar10,heavy_ball,resnet18,0.01,momentum,20,0.001,0.9,,,,0.7002053797245026,0.705636414885521,0.44848369210958483,0.8907549679279327,1.7363293707370757,0.4795189585536718,1.997921985387802,0.5895978108048439,1.0361239910125732,2.479742974011766,1.5494382932782171,4.4548375348721025
split_cifar10,heavy_ball,resnet18,0.01,momentum,20,0.003,0.5,,,,0.6402614504098892,0.7624428033828735,0.39471821635961535,0.9161531329154968,0.7014129012823105,0.7167220830917358,0.5150353670120239,0.8599441528320313,0.06115145087242124,1.0955101245487646,0.12031715065240856,1.3048178312165644
split_cifar10,heavy_ball,resnet18,0.01,momentum,20,0.003,0.9,,,,0.3247750520706177,0.9440142750740051,0.17991366535425182,0.9830021649599076,2.0535713717341424,0.625034786015749,2.0924718245863914,0.6477130554616451,1.7287963196635248,6.32305763217189,1.9125581592321395,11.630421849648236
split_cifar10,heavy_ball,resnet18,0.01,momentum,20,0.01,0.5,,,,0.2542455837130546,0.9663003474473953,0.1398191165179014,0.9898328125476837,0.4204838998615742,0.9055564522743225,0.3554338693618774,0.9275446623563767,0.16623831614851958,1.6538493755554813,0.21561475284397597,2.5420978061778143
split_cifar10,heavy_ball,resnet18,0.01,momentum,20,0.01,0.9,,,,0.11448617689311502,0.9931812882423401,0.061829356104135466,0.9980353832244873,2.0991017393767835,0.653243324905634,2.1020529106259347,0.6557258524000644,1.9846155624836683,18.334979788315557,2.0402235545217993,33.9976516508691
split_cifar10,heavy_ball,resnet18,0.01,momentum,20,0.03,0.5,,,,0.09481436423957346,0.9953419864177704,0.052415050007402854,0.9985903888940811,0.3346220355480909,0.9324444323778153,0.3211241621524096,0.9354790866374969,0.23980767130851743,3.529233552656433,0.2687091121450067,6.126564070950147
split_cifar10,heavy_ball,resnet18,0.01,momentum,20,0.03,0.9,,,,0.04574190154671666,0.9989305555820465,0.02850223844870921,0.9995845437049866,2.101986851543188,0.6564044825732708,2.1025449082255365,0.6567250326275825,2.0562449499964712,45.953202216493075,2.0740426697768273,73.76771168373813
split_cifar10,heavy_ball,resnet18,0.01,momentum,20,0.1,0.5,,,,0.03538673510774965,0.9993587344884872,0.022233088873326735,0.9997489422559738,0.3175819205120206,0.9359929502010346,0.3155480057001113,0.9363673835992813,0.28219518540427097,8.974603606266873,0.29331491682678457,14.192720026351243
split_cifar10,heavy_ball,resnet18,0.01,momentum,20,0.1,0.9,,,,0.021375428233295638,0.999766930937767,0.015137406252324539,0.999882897734642,2.1024266935884954,0.6569917246699333,2.102451413869858,0.6570517532527447,2.0810512653551996,98.35717304197118,2.0873140076175334,138.89112697540241
split_cifar10,heavy_ball,resnet18,0.01,momentum,40,0.0001,0.5,,,,0.9997711509466172,0.020680850883945782,0.999064689874649,0.04207707634195681,31.99049905538559,0.012171866837888944,64.82521282434463,0.013877083361148835,30.990727904438973,31.997821726598037,63.82614813446998,64.88590126479012
split_cifar10,heavy_ball,resnet18,0.01,momentum,40,0.0001,0.9,,,,0.9987041980028153,0.0498608378693461,0.9952825129032135,0.09522643294185396,35131.810940694806,0.002844936742440036,66680.14052934646,0.0036105859391682244,35130.8122364968,35177.39387793759,66679.14524683356,66996.194211071
split_cifar10,heavy_ball,resnet18,0.01,momentum,40,0.0003,0.5,,,,0.997960376739502,0.06255171336233611,0.9926640927791596,0.11893045678734775,100.74462197422982,0.004826842283364394,208.44412271976472,0.00914570256136356,99.74666159749032,100.95052300911865,207.45145862698556,209.98454989560884
split_cifar10,heavy_ball,resnet18,0.01,momentum,40,0.0003,0.9,,,,0.9890812784433365,0.14471758045256133,0.9592632532119751,0.27768791019916533,97098.77741622925,0.0010334279621019946,197500.9401626587,-0.003372762138315011,97097.7883349508,98170.67568910813,197499.9808994055,205888.15374856803
split_cifar10,heavy_ball,resnet18,0.01,momentum,40,0.001,0.5,,,,0.9790139228105545,0.19920176044106483,0.9223276823759079,0.3778339117765427,320.6122950911522,0.012655341043137003,639.8376780390739,0.008279172820039085,319.6332811683416,327.484918877086,638.915350356698,693.720561862415
split_cifar10,heavy_ball,resnet18,0.01,momentum,40,0.001,0.9,,,,0.8972012907266617,0.43327366188168526,0.7132706731557846,0.6929065018892289,294047.37517471315,0.00217835195944643,474081.4695106506,-0.0014375894679687902,294046.47797342244,327738.4665112978,474080.75623997743,664658.5754228914
split_cifar10,heavy_ball,resnet18,0.01,momentum,40,0.003,0.5,,,,0.8558027684688568,0.5091797307133674,0.6409715786576271,0.7589616715908051,863.052507507801,0.03984001646749672,1366.092669224739,0.04148093088297171,862.1967047393322,1008.4712731788832,1365.4516976460814,2131.2843107423223
split_cifar10,heavy_ball,resnet18,0.01,momentum,40,0.003,0.9,,,,0.5800037667155266,0.8063027709722519,0.34673579335212706,0.9339275687932969,550212.9049072266,0.00416731909208463,627800.6229896545,0.002997109370426155,550212.3249034599,948636.7787281777,627800.2762538611,1810602.2943875669
split_cifar10,heavy_ball,resnet18,0.01,momentum,40,0.01,0.5,,,,0.4549594521522522,0.8877761691808701,0.2633304663002491,0.9634827733039856,1660.828536939621,0.033409901197592226,1860.6189088344574,0.03155311756709121,1660.3735774874688,3650.4979269753135,1860.3555783681572,7065.71835373193
split_cifar10,heavy_ball,resnet18,0.01,momentum,40,0.01,0.9,,,,0.23060652986168861,0.9711318343877793,0.12191958762705321,0.9920794010162354,646555.0682357788,0.0008169150154571649,657527.5990562439,0.0010769886182970102,646554.837629249,2803715.3528287536,657527.4771366563,5393125.188936765
split_cifar10,heavy_ball,resnet18,0.01,momentum,40,0.03,0.5,,,,0.18092231713235374,0.9828509211540222,0.09845818616449828,0.9949419856071472,1908.431141638756,0.030605698670842674,1939.3981063127517,0.030368786916369545,1908.2502193216235,10548.345676131501,1939.2996481265873,19697.68265964718
split_cifar10,heavy_ball,resnet18,0.01,momentum,40,0.03,0.9,,,,0.08932079747319219,0.9958543896675109,0.05294964853674168,0.998541659116745,658952.8638145446,0.0011063479392987468,660515.3139411926,0.0012568293102958499,658952.7744937472,7377373.270903855,660515.260991544,12474404.121546945
split_cifar10,heavy_ball,resnet18,0.01,momentum,40,0.1,0.5,,,,0.06339132059365507,0.997928473353386,0.03847247334197158,0.9992408484220505,1947.5103162050248,0.032451448158826654,1950.9381336688996,0.03214018918515646,1947.4469248844312,30722.03415178503,1950.8996611955577,50709.974280247836
split_cifar10,heavy_ball,resnet18,0.01,momentum,40,0.1,0.9,,,,0.039260126277804334,0.9992038577795028,0.027334207389503668,0.9996143370866776,660862.4519104004,0.0015474964259737764,661096.9220863342,0.0016574958921864661,660862.4126502741,16832917.123957857,661096.8947521268,24185699.357069902
split_cifar10,heavy_ball,resnet18,0.03,momentum,1,0.0001,0.5,,,,0.02343077631667252,0.9997254639863968,0.01174928010441358,0.9999309659004212,0.02343077631667252,0.9997254639863968,0.01174928010441358,0.9999309659004212,0.0,1.0,0.0,1.0
split_cifar10,heavy_ball,resnet18,0.03,momentum,1,0.0001,0.9,,,,0.013032015925273244,0.9999150842428207,0.006527339597232595,0.9999787181615829,0.013032015925273244,0.9999150842428207,0.006527339597232595,0.9999787181615829,0.0,1.0,0.0,1.0
split_cifar10,heavy_ball,resnet18,0.03,momentum,1,0.0003,0.5,,,,0.007838619709946166,0.9999692410230636,0.003917395486496325,0.9999923169612884,0.007838619709946166,0.9999692410230636,0.003917395486496325,0.9999923169612884,0.0,1.0,0.0,1.0
split_cifar10,heavy_ball,resnet18,0.03,momentum,1,0.0003,0.9,,,,0.004352174536324985,0.9999905198812484,0.002174938668031195,0.9999976247549057,0.004352174536324985,0.9999905198812484,0.002174938668031195,0.9999976247549057,0.0,1.0,0.0,1.0
split_cifar10,heavy_ball,resnet18,0.03,momentum,1,0.001,0.5,,,,0.0023526377743109603,0.9999972492456436,0.00117428400553758,0.9999993294477463,0.0023526377743109603,0.9999972492456436,0.00117428400553758,0.9999993294477463,0.0,1.0,0.0,1.0
split_cifar10,heavy_ball,resnet18,0.03,momentum,1,0.001,0.9,,,,0.0013035861833486247,0.9999991565942764,0.0006518964917631299,0.9999998033046722,0.0013035861833486247,0.9999991565942764,0.0006518964917631299,0.9999998033046722,0.0,1.0,0.0,1.0
split_cifar10,heavy_ball,resnet18,0.03,momentum,1,0.003,0.5,,,,0.0007821057341061,0.9999996989965438,0.00039114410174074,0.999999925494194,0.0007821057341061,0.9999996989965438,0.00039114410174074,0.999999925494194,0.0,1.0,0.0,1.0
split_cifar10,heavy_ball,resnet18,0.03,momentum,1,0.003,0.9,,,,0.00043519353494042497,0.9999999135732651,0.000217714571044735,1.0000000029802323,0.00043519353494042497,0.9999999135732651,0.000217714571044735,1.0000000029802323,0.0,1.0,0.0,1.0
split_cifar10,heavy_ball,resnet18,0.03,momentum,1,0.01,0.5,,,,0.00023504105120076998,1.0000000059604646,0.00011746789386956,1.0000000149011612,0.00023504105120076998,1.0000000059604646,0.00011746789386956,1.0000000149011612,0.0,1.0,0.0,1.0
split_cifar10,heavy_ball,resnet18,0.03,momentum,1,0.01,0.9,,,,0.00013052666326981,0.9999999701976776,6.53150647849543e-05,1.0000000417232513,0.00013052666326981,0.9999999701976776,6.53150647849543e-05,1.0000000417232513,0.0,1.0,0.0,1.0
split_cifar10,heavy_ball,resnet18,0.03,momentum,1,0.03,0.5,,,,7.83339753979817e-05,0.9999999523162841,3.9187358379422224e-05,1.0000000178813935,7.83339753979817e-05,0.9999999523162841,3.9187358379422224e-05,1.0000000178813935,0.0,1.0,0.0,1.0
split_cifar10,heavy_ball,resnet18,0.03,momentum,1,0.03,0.9,,,,4.3461539280542635e-05,1.0000000178813935,2.170364359699306e-05,1.0000000178813935,4.3461539280542635e-05,1.0000000178813935,2.170364359699306e-05,1.0000000178813935,0.0,1.0,0.0,1.0
split_cifar10,heavy_ball,resnet18,0.03,momentum,1,0.1,0.5,,,,2.3492576110584197e-05,0.9999999970197677,1.175313745989115e-05,1.0000000208616258,2.3492576110584197e-05,0.9999999970197677,1.175313745989115e-05,1.0000000208616258,0.0,1.0,0.0,1.0
split_cifar10,heavy_ball,resnet18,0.03,momentum,1,0.1,0.9,,,,1.3043588933214777e-05,1.0000000059604646,6.537033618769783e-06,1.0000000655651093,1.3043588933214777e-05,1.0000000059604646,6.537033618769783e-06,1.0000000655651093,0.0,1.0,0.0,1.0
split_cifar10,heavy_ball,resnet18,0.03,momentum,5,0.0001,0.5,,,,0.9896645903587341,0.14081842042505738,0.962755411863327,0.2647348366677761,0.9896887123584748,0.14040833003818984,0.9630256742238998,0.2633495979011059,2.41219997406672e-05,1.0000243739141277,0.00027026236057281494,1.000280717570883
split_cifar10,heavy_ball,resnet18,0.03,momentum,5,0.0001,0.9,,,,0.9396298825740814,0.33191061690449714,0.8179920941591263,0.5630946636199952,0.940226873755455,0.3302046373486519,0.8199066311120987,0.5601972475647926,0.000596991181373574,1.000635347164288,0.00191453695297239,1.0023405323433359
split_cifar10,heavy_ball,resnet18,0.03,momentum,5,0.0003,0.5,,,,0.9201522022485733,0.38515452295541763,0.7802581369876862,0.6146316468715668,0.9207242786884308,0.38373233675956725,0.7825526386499405,0.6119010627269745,0.0005720764398574607,1.0006217193617093,0.0022945016622543113,1.0029406955896834
split_cifar10,heavy_ball,resnet18,0.03,momentum,5,0.0003,0.9,,,,0.6889967888593673,0.7137658715248107,0.45161511152982714,0.88582164645195,0.6943024396896362,0.708048689365387,0.4619628980755806,0.8794959157705307,0.005305650830268904,1.0077005450766359,0.010347786545753468,1.022912843883148
split_cifar10,heavy_ball,resnet18,0.03,momentum,5,0.001,0.5,,,,0.6020830675959588,0.7916155934333802,0.36728872656822203,0.927256441116333,0.6078474372625351,0.7870978504419327,0.3789198353886604,0.9222635358572007,0.005764369666576341,1.009574043810255,0.011631108820438385,1.0316674811370177
split_cifar10,heavy_ball,resnet18,0.03,momentum,5,0.001,0.9,,,,0.294400031119585,0.9528850972652435,0.15472889095544815,0.9874114722013474,0.31278284564614295,0.9461707174777985,0.18240825496613974,0.9805763036012649,0.018382814526557933,1.062441618829486,0.0276793640106916,1.1788894358369146
split_cifar10,heavy_ball,resnet18,0.03,momentum,5,0.003,0.5,,,,0.25616132467985153,0.9651401251554489,0.14482038468122477,0.9885567337274551,0.27161135673522946,0.9606066137552262,0.17067230306565756,0.9838509559631348,0.015450032055377927,1.060313679571603,0.025851918384432793,1.178510217614305
split_cifar10,heavy_ball,resnet18,0.03,momentum,5,0.003,0.9,,,,0.10967598482966419,0.9936269074678421,0.060230707749724346,0.9980772763490677,0.14314746670424933,0.9866526961326599,0.1008978435769677,0.9910902947187423,0.03347148187458514,1.3051851499356864,0.04066713582724335,1.675189406643316
split_cifar10,heavy_ball,resnet18,0.03,momentum,5,0.01,0.5,,,,0.08990347459912298,0.9957774996757507,0.049040120840072594,0.998744535446167,0.12330145537853236,0.9913001298904419,0.09406611677259201,0.9942102700471878,0.03339798077940938,1.3714870968928623,0.045025995932519415,1.9181461048873867
split_cifar10,heavy_ball,resnet18,0.03,momentum,5,0.01,0.9,,,,0.04026638530194756,0.9991462707519532,0.024100373592227647,0.9996924936771393,0.08481917520985002,0.9922111630439758,0.07328356308862562,0.9927594482898712,0.044552789907902464,2.106451189343474,0.04918318949639797,3.040764609236577
split_cifar10,heavy_ball,resnet18,0.03,momentum,5,0.03,0.5,,,,0.035854876134544564,0.9993346750736236,0.02229963690042491,0.9997427314519882,0.08580123092979189,0.9948159486055375,0.0794098529964685,0.9951894640922546,0.049946354795247325,2.3930142892650035,0.05711021609604358,3.561037937570875
split_cifar10,heavy_ball,resnet18,0.03,momentum,5,0.03,0.9,,,,0.01887677619233722,0.9998119562864304,0.013169942423701248,0.9999074101448059,0.06998042697086924,0.9929053515195847,0.06686539356596763,0.9930157870054245,0.051103650778532024,3.7072234293521413,0.053695451142266384,5.077121175991895
split_cifar10,heavy_ball,resnet18,0.03,momentum,5,0.1,0.5,,,,0.016815643617883274,0.9998537987470627,0.011620548507198649,0.9999300479888916,0.07700153477489943,0.9953167080879212,0.07547209756448861,0.995377117395401,0.060185891157016155,4.579160722281784,0.06385154905728996,6.494710427630458
split_cifar10,heavy_ball,resnet18,0.03,momentum,5,0.1,0.9,,,,0.010245973174460176,0.9999438434839248,0.00766670869197693,0.9999676376581192,0.0656261740252375,0.9930430144071579,0.06469865674152966,0.993071785569191,0.05538020085077733,6.405069865771448,0.057031948049552736,8.43890896875156
split_cifar10,heavy_ball,resnet18,0.03,momentum,10,0.0001,0.5,,,,0.9966077238321305,0.08083116617053741,0.9877248525619506,0.15283989049494262,15.239206677675247,-0.002734825009247279,27.058270752429962,0.0025401736435014697,14.242598953843116,15.291078237962918,26.070545899868012,27.394542804351328
split_cifar10,heavy_ball,resnet18,0.03,momentum,10,0.0001,0.9,,,,0.9811345845460892,0.19046268910169598,0.9298483103513717,0.36296081691980364,143.2613696217537,0.06167456533876246,270.7652172386646,0.11624679267406464,142.2802350372076,146.01602255008873,269.83536892831324,291.19289052248496
split_cifar10,heavy_ball,resnet18,0.03,momentum,10,0.0003,0.5,,,,0.9719475656747818,0.22968969941139217,0.907398110628128,0.41180929988622667,42.86403314471245,0.00848051094071705,80.0772802889347,0.013077510346192875,41.89208557903767,44.1011785599296,79.16988217830658,88.24933549123529
split_cifar10,heavy_ball,resnet18,0.03,momentum,10,0.0003,0.9,,,,0.861086168885231,0.5028069257736206,0.6620381623506546,0.7443857252597809,371.85179486870766,0.16513827720191326,575.037794688344,0.23026971603976562,370.99070869982245,431.84039914392065,574.3757565259933,868.5870806096672
split_cifar10,heavy_ball,resnet18,0.03,momentum,10,0.001,0.5,,,,0.7910845816135407,0.6041589409112931,0.5645588293671608,0.8194049537181854,122.01013159751892,0.039806716074235714,171.087515103817,0.05154547940474001,121.21904701590537,154.23146201214058,170.52295627444983,303.04638986090544
split_cifar10,heavy_ball,resnet18,0.03,momentum,10,0.001,0.9,,,,0.47263520658016206,0.8778524398803711,0.26154810935258865,0.9645426243543624,725.1173590034247,0.27199058688420336,806.4002418205142,0.28941923061793207,724.6447237968445,1534.2008993577585,806.1386937111616,3083.18130770129
split_cifar10,heavy_ball,resnet18,0.03,momentum,10,0.003,0.5,,,,0.41445514261722566,0.9058433502912522,0.24056403413414956,0.9686409026384354,194.80473591089248,0.05793540705926713,212.9607219338417,0.06164501678431404,194.39028076827526,470.0261038642882,212.72015789970757,885.2558642040607
split_cifar10,heavy_ball,resnet18,0.03,momentum,10,0.003,0.9,,,,0.18397008851170538,0.9825230449438095,0.10023007877171038,0.9948437005281449,826.7445629008114,0.29537824531435036,838.2732611089945,0.2983885855242988,826.5605928122997,4493.90751284119,838.1730310302228,8363.489996034947
split_cifar10,heavy_ball,resnet18,0.03,momentum,10,0.01,0.5,,,,0.15127547532320018,0.9880007356405258,0.08085311632603402,0.9965968668460846,218.46204710006714,0.05640432857908306,221.16279983520508,0.05736463294888379,218.31077162474395,1444.1339327033863,221.08194671887904,2735.3651891830978
split_cifar10,heavy_ball,resnet18,0.03,momentum,10,0.01,0.9,,,,0.06746773570775981,0.9976622492074967,0.04017166513949627,0.9991735011339188,840.9149815514684,0.29931030619336524,842.4878877088428,0.29907827065326276,840.8475138157606,12463.957367621431,842.4477160437033,20972.192334654294
split_cifar10,heavy_ball,resnet18,0.03,momentum,10,0.03,0.5,,,,0.057775015011429745,0.9982653647661209,0.03483271803706879,0.9993765354156494,221.63634201288224,0.05754946169181489,221.97079740762712,0.05794865420612039,221.5785669978708,3836.1970476171314,221.93596468959004,6372.479953226934
split_cifar10,heavy_ball,resnet18,0.03,momentum,10,0.03,0.9,,,,0.031215166579931918,0.9995008647441864,0.021700769942253784,0.9997575074434281,842.78381524086,0.29922404054086654,843.0469150148332,0.29905542661363144,842.75260007428,26999.177245547096,843.0252142448909,38848.70985030481
split_cifar10,heavy_ball,resnet18,0.03,momentum,10,0.1,0.5,,,,0.02565314862877125,0.9996625781059265,0.01738031692802901,0.9998456567525864,222.0525514960289,0.057816885238571515,222.10298303365707,0.05793781107495303,222.02689834740013,8655.957001979328,222.08560271672903,12778.994994934441
split_cifar10,heavy_ball,resnet18,0.03,momentum,10,0.1,0.9,,,,0.017003683792427136,0.9998511850833893,0.012830077810212937,0.9999138236045837,843.1315253600478,0.2990692197343378,843.2062233783305,0.2990234354978384,843.1145216762554,49585.227275018486,843.1933933005203,65721.05297031991
split_cifar10,heavy_ball,resnet18,0.03,momentum,20,0.0001,0.5,,,,0.9990987986326217,0.04158747605979438,0.9965738981962204,0.08069626279175277,128497525.86796875,0.003433052354375815,234000566.36171874,0.0035958909109467503,128497524.86886996,128613432.46917318,234000565.36514485,234805032.30644035
split_cifar10,heavy_ball,resnet18,0.03,momentum,20,0.0001,0.9,,,,0.9951131701469421,0.09728005006909365,0.9788100838661193,0.20175369083881373,34942093130.39021,-0.0022998838190687594,78357629815.12761,-0.0031167830631602497,34942093129.3951,35113687747.92774,78357629814.1488,80053966654.72572
split_cifar10,heavy_ball,resnet18,0.03,momentum,20,0.0003,0.5,,,,0.9922394663095474,0.12121339775621887,0.9711511701345443,0.2333030991256237,372598615.640625,-0.001018146343994895,741233195.35,-0.00271334592252968,372598614.6483855,375512795.34005755,741233194.3788489,763252126.0797212
split_cifar10,heavy_ball,resnet18,0.03,momentum,20,0.0003,0.9,,,,0.956229817867279,0.28825339749455453,0.8592084884643555,0.5057283654808998,115857843592.99142,-0.0005994297549478,206485453920.56323,-0.00029991427772983823,115857843592.0352,121161086412.67244,206485453919.704,240320546983.43375
split_cifar10,heavy_ball,resnet18,0.03,momentum,20,0.001,0.5,,,,0.9269038766622544,0.36998355239629743,0.7851339995861053,0.6095051810145378,1213024737.315625,-0.0024853026028722447,2013239813.875,-0.0006768343271687599,1213024736.388721,1308684501.0117779,2013239813.089866,2564198996.523279
split_cifar10,heavy_ball,resnet18,0.03,momentum,20,0.001,0.9,,,,0.7180858552455902,0.688867598772049,0.4557232916355133,0.8865046530961991,307351467549.0706,-0.0015272799239028148,421782607228.35974,-0.0007644983998033999,307351467548.35254,428014930671.4228,421782607227.904,925523480958.4865
split_cifar10,heavy_ball,resnet18,0.03,momentum,20,0.003,0.5,,,,0.6433985561132431,0.7569243729114532,0.4074778392910957,0.9078970402479172,2661928611.66875,0.002505205590568935,3393559541.1375,0.00087904754873307,2661928611.025351,4137293418.4829435,3393559540.730022,8328206380.600724
split_cifar10,heavy_ball,resnet18,0.03,momentum,20,0.003,0.9,,,,0.32698253244161607,0.9434124797582626,0.17549006864428518,0.984181746840477,458280148660.35657,-1.868480467099188e-07,494114359323.40393,0.00012647166222450995,458280148660.0296,1401543211615.3916,494114359323.22845,2815625768116.6206
split_cifar10,heavy_ball,resnet18,0.03,momentum,20,0.01,0.5,,,,0.2650548815727234,0.962388563156128,0.14410517588257787,0.9890139818191528,3700717933.59375,-0.00167821241775526,3850493393.425,-0.001086770038818915,3700717933.3286953,13962081783.347122,3850493393.280895,26720021469.336548
split_cifar10,heavy_ball,resnet18,0.03,momentum,20,0.01,0.9,,,,0.12059299647808068,0.9923580229282379,0.07065474502742285,0.9974299550056458,499231633744.3716,0.00035842672841681424,502865410215.3675,0.0001632072689971997,499231633744.251,4139806193762.781,502865410215.2968,7117220648382.398
split_cifar10,heavy_ball,resnet18,0.03,momentum,20,0.03,0.5,,,,0.10062656514346595,0.9946047395467759,0.05861090477555987,0.9981981158256531,3882679657.3875,-0.0010911852096341852,3903334353.18125,-0.00082325070179649,3882679657.2868733,38585036186.53644,3903334353.122639,66597408249.000435
split_cifar10,heavy_ball,resnet18,0.03,momentum,20,0.03,0.9,,,,0.052298851311206776,0.9986073255538941,0.03539333045482633,0.9993678212165833,503783275294.11163,8.075160694716164e-05,504343743119.14685,-0.00014098137037309028,503783275294.0593,9632778974366.484,504343743119.11145,14249683108032.383
split_cifar10,heavy_ball,resnet18,0.03,momentum,20,0.1,0.5,,,,0.04070383422076697,0.9991411179304123,0.026842516288161235,0.9996283054351807,3909241868.31875,-0.000580683254520395,3911898940.125,-0.0004491515784138608,3909241868.278046,96041121018.62549,3911898940.0981574,145735179896.3171
split_cifar10,heavy_ball,resnet18,0.03,momentum,20,0.1,0.9,,,,0.0273782354779541,0.9996218651533126,0.020578589010983656,0.9997854799032211,504500961430.16394,-0.0001722284758215943,504606591694.7987,-0.0002575592053289973,504500961430.13654,18427080950355.824,504606591694.77814,24520951918786.51
split_cifar10,heavy_ball,resnet18,0.03,momentum,40,0.0001,0.5,,,,0.9998776108026505,0.014136839579441535,0.9995780855417251,0.02567272312007839,inf,0.009333232120843579,inf,0.00651465877890586,inf,inf,inf,inf
split_cifar10,heavy_ball,resnet18,0.03,momentum,40,0.0001,0.9,,,,0.9994040995836257,0.028209194229566453,0.9967630267143249,0.06967203042004252,inf,0.0014809041371336245,inf,-0.0014518608106300053,inf,inf,inf,inf
split_cifar10,heavy_ball,resnet18,0.03,momentum,40,0.0003,0.5,,,,0.9988672733306885,0.04405849887989456,0.9955605775117874,0.08780790697783228,inf,0.0006630453965044598,inf,-0.0016628245684842148,inf,inf,inf,inf
split_cifar10,heavy_ball,resnet18,0.03,momentum,40,0.0003,0.9,,,,0.9940423220396042,0.08873043347848575,0.9748918801546097,0.18261612374335523,inf,-0.00055359013495035,inf,-0.0008132192378980049,inf,inf,inf,inf
split_cifar10,heavy_ball,resnet18,0.03,momentum,40,0.001,0.5,,,,0.9895597517490387,0.13087544310837979,0.957091411948204,0.2607940688729286,inf,0.006433396774809803,inf,0.0037692294572479997,inf,inf,inf,inf
split_cifar10,heavy_ball,resnet18,0.03,momentum,40,0.001,0.9,,,,0.9458241373300552,0.27391185648739336,0.821149405837059,0.5017211709171534,inf,-0.00046979080070740504,inf,-0.00248486023047006,inf,inf,inf,inf
split_cifar10,heavy_ball,resnet18,0.03,momentum,40,0.003,0.5,,,,0.9052494674921036,0.3921054884791374,0.7721716880798339,0.5875716015696526,inf,0.0015127522870898198,inf,-0.0007551711649284746,inf,inf,inf,inf
split_cifar10,heavy_ball,resnet18,0.03,momentum,40,0.003,0.9,,,,0.7427146524190903,0.5657794967293739,0.5417083822190761,0.7873600944876671,inf,0.001570083328988385,inf,0.0008526838399120499,inf,inf,inf,inf
split_cifar10,heavy_ball,resnet18,0.03,momentum,40,0.01,0.5,,,,0.6165065586566925,0.7580994889140129,0.4520928278565407,0.8512026518583298,inf,0.0016126864386023902,inf,-0.00120914142607943,inf,inf,inf,inf
split_cifar10,heavy_ball,resnet18,0.03,momentum,40,0.01,0.9,,,,0.45890583619475367,0.8136980801820755,0.3371497929096222,0.8967257648706436,inf,0.001201391615904875,inf,-0.0002170324685721414,inf,inf,inf,inf
split_cifar10,heavy_ball,resnet18,0.03,momentum,40,0.03,0.5,,,,0.27883680909872055,0.946000874042511,0.16152999475598329,0.9820046305656434,inf,-0.00034829074575098995,inf,-0.0003885270591126799,inf,inf,inf,inf
split_cifar10,heavy_ball,resnet18,0.03,momentum,40,0.03,0.9,,,,0.24524345099925995,0.948586243391037,0.13552070595324034,0.9875262051820755,inf,0.0007571704845759001,inf,0.00028236616398657853,inf,inf,inf,inf
split_cifar10,heavy_ball,resnet18,0.03,momentum,40,0.1,0.5,,,,0.11007876321673389,0.991570594906807,0.09568945672363041,0.9922239989042282,inf,0.00067355201135796,inf,0.00037754359218524495,inf,inf,inf,inf
split_cifar10,heavy_ball,resnet18,0.03,momentum,40,0.1,0.9,,,,0.11381345409899946,0.9914438158273697,0.06766306776553388,0.997227492928505,inf,-0.0001318630213063445,inf,-0.00019078841860390434,inf,inf,inf,inf
split_cifar10,heavy_ball,smallcnn,0.01,momentum,1,0.0001,0.5,,,,0.07177559472620483,0.9974206924438477,0.0360945269465446,0.9993483513593674,0.07177559472620483,0.9974206924438477,0.0360945269465446,0.9993483513593674,0.0,1.0,0.0,1.0
split_cifar10,heavy_ball,smallcnn,0.01,momentum,1,0.0001,0.9,,,,0.04009762592613693,0.9991957724094391,0.0200399754568934,0.9997991770505905,0.04009762592613693,0.9991957724094391,0.0200399754568934,0.9997991770505905,0.0,1.0,0.0,1.0
split_cifar10,heavy_ball,smallcnn,0.01,momentum,1,0.0003,0.5,,,,0.02404925245791669,0.9997107803821563,0.012043106695637051,0.9999274790287018,0.02404925245791669,0.9997107803821563,0.012043106695637051,0.9999274790287018,0.0,1.0,0.0,1.0
split_cifar10,heavy_ball,smallcnn,0.01,momentum,1,0.0003,0.9,,,,0.01338911214843388,0.9999103844165802,0.006684213341213725,0.9999776691198349,0.01338911214843388,0.9999103844165802,0.006684213341213725,0.9999776691198349,0.0,1.0,0.0,1.0
split_cifar10,heavy_ball,smallcnn,0.01,momentum,1,0.001,0.5,,,,0.007214707531966215,0.9999739706516266,0.0036079348763450444,0.9999935030937195,0.007214707531966215,0.9999739706516266,0.0036079348763450444,0.9999935030937195,0.0,1.0,0.0,1.0
split_cifar10,heavy_ball,smallcnn,0.01,momentum,1,0.001,0.9,,,,0.00400830339640374,0.9999919444322586,0.0020072390325366852,0.9999979883432388,0.00400830339640374,0.9999919444322586,0.0020072390325366852,0.9999979883432388,0.0,1.0,0.0,1.0
split_cifar10,heavy_ball,smallcnn,0.01,momentum,1,0.003,0.5,,,,0.00240086450939993,0.9999971270561219,0.00120393355609844,0.9999992698431015,0.00240086450939993,0.9999971270561219,0.00120393355609844,0.9999992698431015,0.0,1.0,0.0,1.0
split_cifar10,heavy_ball,smallcnn,0.01,momentum,1,0.003,0.9,,,,0.0013401044707279151,0.9999990940093995,0.00066882775863627,0.9999997794628142,0.0013401044707279151,0.9999990940093995,0.00066882775863627,0.9999997794628142,0.0,1.0,0.0,1.0
split_cifar10,heavy_ball,smallcnn,0.01,momentum,1,0.01,0.5,,,,0.00072075607895381,0.9999997705221176,0.000361275936302215,0.9999999523162841,0.00072075607895381,0.9999997705221176,0.000361275936302215,0.9999999523162841,0.0,1.0,0.0,1.0
split_cifar10,heavy_ball,smallcnn,0.01,momentum,1,0.01,0.9,,,,0.00040135356539389996,0.9999999105930328,0.00020047816724394,0.9999999701976776,0.00040135356539389996,0.9999999105930328,0.00020047816724394,0.9999999701976776,0.0,1.0,0.0,1.0
split_cifar10,heavy_ball,smallcnn,0.01,momentum,1,0.03,0.5,,,,0.00024008949330886,0.9999999701976776,0.00012040927213088,0.9999999880790711,0.00024008949330886,0.9999999701976776,0.00012040927213088,0.9999999880790711,0.0,1.0,0.0,1.0
split_cifar10,heavy_ball,smallcnn,0.01,momentum,1,0.03,0.9,,,,0.00013367753781490997,1.0000000238418578,6.693541508866474e-05,1.000000011920929,0.00013367753781490997,1.0000000238418578,6.693541508866474e-05,1.000000011920929,0.0,1.0,0.0,1.0
split_cifar10,heavy_ball,smallcnn,0.01,momentum,1,0.1,0.5,,,,7.202921478892677e-05,0.9999999940395355,3.609736013459042e-05,1.0000000327825547,7.202921478892677e-05,0.9999999940395355,3.609736013459042e-05,1.0000000327825547,0.0,1.0,0.0,1.0
split_cifar10,heavy_ball,smallcnn,0.01,momentum,1,0.1,0.9,,,,4.017761239083484e-05,0.9999999970197677,2.010127846006071e-05,1.0,4.017761239083484e-05,0.9999999970197677,2.010127846006071e-05,1.0,0.0,1.0,0.0,1.0
split_cifar10,heavy_ball,smallcnn,0.01,momentum,5,0.0001,0.5,,,,0.9236865699291229,0.3758150339126587,0.8031121402978897,0.5907874956727028,0.9236791014671326,0.37583531737327575,0.8031239748001099,0.5907645165920258,-7.468461990289832e-06,0.9999919145062477,1.1834502220198218e-05,1.0000147358029177
split_cifar10,heavy_ball,smallcnn,0.01,momentum,5,0.0001,0.9,,,,0.7157805383205413,0.6883750349283219,0.5110130578279495,0.853461030125618,0.7157798558473587,0.6883841052651405,0.5110952377319335,0.8534189403057099,-6.824731826338137e-07,0.999999046532916,8.217990398406982e-05,1.0001608176204604
split_cifar10,heavy_ball,smallcnn,0.01,momentum,5,0.0003,0.5,,,,0.7081677377223968,0.7021726399660111,0.5207220882177352,0.8515831112861634,0.7081661880016327,0.7021712988615036,0.520787401497364,0.8515409469604492,-1.5497207641601562e-06,0.9999978116473236,6.531327962877587e-05,1.0001254282871932
split_cifar10,heavy_ball,smallcnn,0.01,momentum,5,0.0003,0.9,,,,0.3966899648308754,0.9163134098052979,0.24543343856930733,0.9682873696088791,0.3967201918363571,0.9163048684597015,0.24552968367934228,0.9682597696781159,3.022700548171997e-05,1.000076198059345,9.624511003494818e-05,1.0003921434283607
split_cifar10,heavy_ball,smallcnn,0.01,momentum,5,0.001,0.5,,,,0.37112093567848203,0.9278501331806183,0.21507053151726718,0.9765128552913666,0.37114736884832383,0.9278379529714584,0.2151196278631687,0.976501676440239,2.6433169841799664e-05,1.0000712252187915,4.9096345901528116e-05,1.0002282802090792
split_cifar10,heavy_ball,smallcnn,0.01,momentum,5,0.001,0.9,,,,0.16825925931334493,0.9851558566093445,0.09532718360424039,0.9953157186508179,0.1682801969349384,0.985153517127037,0.09543967209756371,0.995305672287941,2.093762159346979e-05,1.000124436668026,0.00011248849332332056,1.0011800253513239
split_cifar10,heavy_ball,smallcnn,0.01,momentum,5,0.003,0.5,,,,0.15565244182944293,0.9875923454761505,0.08897704742848866,0.9959864139556884,0.15573162883520122,0.9875812828540802,0.08906343244016168,0.9959798365831375,7.918700575829107e-05,1.0005087424574108,8.638501167301804e-05,1.0009708684899041
split_cifar10,heavy_ball,smallcnn,0.01,momentum,5,0.003,0.9,,,,0.06920974776148792,0.997564560174942,0.03884849231690164,0.9992360144853591,0.06945456154644485,0.9975486278533936,0.03930372111499305,0.9992180556058884,0.0002448137849569293,1.0035372731858612,0.00045522879809140743,1.0117180557324577
split_cifar10,heavy_ball,smallcnn,0.01,momentum,5,0.01,0.5,,,,0.05972415469586845,0.9981990277767181,0.03495435006916518,0.9993827909231185,0.05995889008045193,0.9981841027736664,0.03531662151217456,0.9993700414896012,0.00023473538458348292,1.0039303257748697,0.0003622714430093765,1.010364130424183
split_cifar10,heavy_ball,smallcnn,0.01,momentum,5,0.01,0.9,,,,0.026751131657510956,0.9996386885643005,0.015987707069143604,0.9998706996440887,0.027513632364571057,0.9996183156967163,0.01721517904661591,0.9998500317335128,0.0007625007070601007,1.0285034934903776,0.0012274719774723053,1.0767759862101387
split_cifar10,heavy_ball,smallcnn,0.01,momentum,5,0.03,0.5,,,,0.02551334379240865,0.9996691375970841,0.015561989927664343,0.999876719713211,0.026006806548684792,0.9996562004089355,0.016320679010823326,0.9998644679784775,0.0004934627562761425,1.0193413595760414,0.0007586890831589831,1.0487527036507247
split_cifar10,heavy_ball,smallcnn,0.01,momentum,5,0.03,0.9,,,,0.012120364932343329,0.9999258846044541,0.008529153955168966,0.9999616026878357,0.013510585529729665,0.9999079406261444,0.010391866858117221,0.9999434232711792,0.0013902205973863359,1.1147012161058383,0.001862712902948255,1.218393631154868
split_cifar10,heavy_ball,smallcnn,0.01,momentum,5,0.1,0.5,,,,0.011391556961461855,0.9999340891838073,0.008010428934358,0.9999675005674362,0.01229737880639727,0.9999229043722153,0.009223281801678185,0.9999565154314041,0.0009058218449354144,1.0795169482099638,0.0012128528673201848,1.1514092288014772
split_cifar10,heavy_ball,smallcnn,0.01,momentum,5,0.1,0.9,,,,0.0065375013742595455,0.9999784111976624,0.005365086090750939,0.9999850124120713,0.008870165538974056,0.9999594807624816,0.007988689281046344,0.999966236948967,0.00233266416471451,1.3568127991374554,0.0026236031902954057,1.4890141827953753
split_cifar10,heavy_ball,smallcnn,0.01,momentum,10,0.0001,0.5,,,,0.9751748859882354,0.21905462220311164,0.9208013892173768,0.3863054499030113,0.9751840054988861,0.21901759505271906,0.9208676248788834,0.3861257568001747,9.119510650634766e-06,1.0000093516668462,6.623566150665283e-05,1.0000719326255176
split_cifar10,heavy_ball,smallcnn,0.01,momentum,10,0.0001,0.9,,,,0.8669373482465744,0.492124380171299,0.702310585975647,0.7066387593746185,0.8669429004192353,0.4921031504869461,0.7026086479425431,0.7063742101192474,5.552172660849841e-06,1.0000064043528314,0.00029806196689607933,1.0004244019282182
split_cifar10,heavy_ball,smallcnn,0.01,momentum,10,0.0003,0.5,,,,0.8606005758047104,0.5054501578211784,0.6917339563369751,0.7192950218915939,0.8606206864118576,0.5053931146860122,0.6919654846191406,0.7190605610609054,2.0110607147239e-05,1.0000233681079385,0.00023152828216554955,1.000334707122651
split_cifar10,heavy_ball,smallcnn,0.01,momentum,10,0.0003,0.9,,,,0.5666246712207794,0.8221239358186722,0.36434088051319125,0.9298194378614426,0.5672908887267113,0.8216751039028167,0.3654365003108978,0.9293886989355087,0.0006662175059318765,1.001175765087137,0.0010956197977065596,1.003007128368805
split_cifar10,heavy_ball,smallcnn,0.01,momentum,10,0.001,0.5,,,,0.5295306786894798,0.8469559043645859,0.3275304213166237,0.9441647529602051,0.5298245653510094,0.8467661529779434,0.3281968399882317,0.9439364343881607,0.00029388666152962983,1.0005549945892784,0.0006664186716079934,1.0020346771726703
split_cifar10,heavy_ball,smallcnn,0.01,momentum,10,0.001,0.9,,,,0.2542793571949005,0.9662933975458146,0.14203098043799398,0.9896770507097244,0.25585235357284547,0.9658912003040314,0.14500412642955776,0.9892536699771881,0.0015729963779449463,1.0061860954632635,0.002973145991563786,1.0209330808137438
split_cifar10,heavy_ball,smallcnn,0.01,momentum,10,0.003,0.5,,,,0.24001778662204742,0.9699022620916367,0.1397508431226015,0.9899285584688187,0.24085626378655428,0.969698789715767,0.14101169556379314,0.9897601217031479,0.0008384771645068567,1.0034933959533057,0.0012608524411916455,1.0090221455056663
split_cifar10,heavy_ball,smallcnn,0.01,momentum,10,0.003,0.9,,,,0.10470135658979411,0.99443379342556,0.05898965224623676,0.998243647813797,0.10911133363842959,0.9939710199832916,0.0663387425243854,0.9977811366319657,0.00440997704863548,1.0421195788886783,0.007349090278148646,1.1245827021910861
split_cifar10,heavy_ball,smallcnn,0.01,momentum,10,0.01,0.5,,,,0.08997448235750194,0.9959094285964966,0.05296373106539244,0.998583659529686,0.09206548705697057,0.9957130998373032,0.05632110498845572,0.9984004467725753,0.0020910046994686293,1.0232399747648482,0.0033573739230632754,1.0633900568469778
split_cifar10,heavy_ball,smallcnn,0.01,momentum,10,0.01,0.9,,,,0.04075090363621708,0.9991593897342682,0.02504016337916251,0.9996835082769394,0.0509748542681336,0.9986909568309784,0.03925872771069402,0.9992111444473266,0.010223950631916522,1.2508889305421453,0.014218564331531507,1.5678303338613064
split_cifar10,heavy_ball,smallcnn,0.01,momentum,10,0.03,0.5,,,,0.039239153824746575,0.9992161601781845,0.024790695868432466,0.9996865123510361,0.04369290973991151,0.9990279406309128,0.0311325090937316,0.9995055437088013,0.004453755915164934,1.1135028531720306,0.006341813225299135,1.2558142481742338
split_cifar10,heavy_ball,smallcnn,0.01,momentum,10,0.03,0.9,,,,0.01964831426739689,0.9998051017522812,0.014530948037281577,0.9998920321464538,0.035599069576710426,0.9993485659360886,0.0328690405003726,0.9994350343942642,0.015950755309313537,1.811812916479108,0.018338092463091024,2.2620024802264505
split_cifar10,heavy_ball,smallcnn,0.01,momentum,10,0.1,0.5,,,,0.01891070669516916,0.999818766117096,0.014156436035409514,0.9998983293771744,0.026540281716734122,0.9996375650167465,0.023325297050177992,0.9997176259756089,0.007629575021564961,1.403452665442375,0.009168861014768478,1.6476814497543304
split_cifar10,heavy_ball,smallcnn,0.01,momentum,10,0.1,0.9,,,,0.012403260217979505,0.9999211519956589,0.010659923218190625,0.9999404102563858,0.031914784200489474,0.9994646042585373,0.031238651555031492,0.9994838982820511,0.01951152398250997,2.57309639881831,0.020578728336840865,2.930476225356323
split_cifar10,heavy_ball,smallcnn,0.01,momentum,20,0.0001,0.5,,,,0.9905521452426911,0.13499743305146691,0.9637094050645828,0.26274182125926016,0.9906067550182343,0.13467186912894244,0.9640696674585343,0.26140760630369186,5.460977554316848e-05,1.00005513064184,0.00036026239395148263,1.000373828865899
split_cifar10,heavy_ball,smallcnn,0.01,momentum,20,0.0001,0.9,,,,0.9322890400886535,0.35660193860530853,0.8182474613189697,0.5699553325772285,0.9355957508087158,0.3488795682787895,0.828376618027687,0.5567217528820038,0.003306710720062278,1.0035468728879917,0.01012915670871728,1.0123790872413947
split_cifar10,heavy_ball,smallcnn,0.01,momentum,20,0.0003,0.5,,,,0.9304023057222366,0.3607562996447086,0.8069677412509918,0.5866325929760933,0.9308776170015335,0.35960223600268365,0.8090076953172683,0.5838718384504318,0.0004753112792968972,1.000510866403032,0.0020399540662765503,1.0025279251722183
split_cifar10,heavy_ball,smallcnn,0.01,momentum,20,0.0003,0.9,,,,0.6992445677518845,0.7118138194084167,0.4751406341791153,0.8782621383666992,0.7219287008047104,0.6916116863489151,0.5181438162922859,0.8552831470966339,0.022684133052825906,1.0324409142365694,0.04300318211317061,1.0905062186219157
split_cifar10,heavy_ball,smallcnn,0.01,momentum,20,0.001,0.5,,,,0.6557779014110565,0.7528233468532562,0.43301110714673996,0.8995662957429886,0.6587120175361634,0.7503237187862396,0.4396936193108559,0.8964696645736694,0.002934116125106856,1.0044742528206476,0.006682512164115917,1.0154326576243027
split_cifar10,heavy_ball,smallcnn,0.01,momentum,20,0.001,0.9,,,,0.3438668832182884,0.9378862768411637,0.1918837524950504,0.9811454981565475,0.40952403992414477,0.9135705769062042,0.2947539262473583,0.95599285364151,0.06565715670585637,1.1909377143020106,0.10287017375230789,1.5361067438732803
split_cifar10,heavy_ball,smallcnn,0.01,momentum,20,0.003,0.5,,,,0.3210602641105652,0.9451268166303635,0.19273557364940644,0.9808696299791336,0.3297966867685318,0.9423410922288895,0.20707484409213062,0.9781099796295166,0.008736422657966592,1.0272111613754793,0.014339270442724178,1.0743986705267388
split_cifar10,heavy_ball,smallcnn,0.01,momentum,20,0.003,0.9,,,,0.14349594376981253,0.9895276427268982,0.08095530457794661,0.9966831684112549,0.2694809414446354,0.9634282469749451,0.23965076133608817,0.9705529004335404,0.12598499767482288,1.8779690517030945,0.15869545675814156,2.9602848458848547
split_cifar10,heavy_ball,smallcnn,0.01,momentum,20,0.01,0.5,,,,0.1223084088414907,0.9923845082521439,0.06978836935013528,0.9975398153066635,0.14371857605874536,0.9894375920295715,0.10234129577875135,0.9946156471967698,0.021410167217254653,1.1750506561245664,0.03255292642861607,1.4664520282068028
split_cifar10,heavy_ball,smallcnn,0.01,momentum,20,0.01,0.9,,,,0.056555725447833494,0.998383104801178,0.03662587860599155,0.9993233740329742,0.23207463547587395,0.9722961455583572,0.22724178172647952,0.973247018456459,0.17551891002804046,4.10346845767079,0.19061590312048798,6.204404928304041
split_cifar10,heavy_ball,smallcnn,0.01,momentum,20,0.03,0.5,,,,0.05285635013133283,0.9985778748989105,0.03434378374367949,0.9993991911411285,0.09137886278331275,0.9956313133239746,0.08133241459727283,0.9964821249246597,0.03852251265197992,1.7288152238333248,0.046988630853593345,2.368184449456329
split_cifar10,heavy_ball,smallcnn,0.01,momentum,20,0.03,0.9,,,,0.030226406175643157,0.9995370179414749,0.023727225791662875,0.9997143566608429,0.22570766247808932,0.9735854208469391,0.22471088357269764,0.9737716794013977,0.19548125630244617,7.4672344825422075,0.20098365778103477,9.470592371218347
split_cifar10,heavy_ball,smallcnn,0.01,momentum,20,0.1,0.5,,,,0.027565923053771212,0.9996159046888351,0.021739890147000507,0.9997608751058579,0.07829028442502017,0.996707758307457,0.07637674082070585,0.9968482434749604,0.05072436137124896,2.840111113721966,0.05463685067370534,3.513207302532929
split_cifar10,heavy_ball,smallcnn,0.01,momentum,20,0.1,0.9,,,,0.021291218604892453,0.9997695684432983,0.019038610300049157,0.9998144924640655,0.22421940341591834,0.9738659173250198,0.22393950298428536,0.9739165931940079,0.2029281848110259,10.531074222515171,0.2049008926842362,11.76238703639557
split_cifar10,heavy_ball,smallcnn,0.01,momentum,40,0.0001,0.5,,,,0.995908311009407,0.08924964852631088,0.983501848578453,0.1789682831615209,0.9990263909101487,0.07223204253241416,0.9969801187515259,0.14083286412060259,0.0031180799007416438,1.0031308905310583,0.013478270173072904,1.0137043668932135
split_cifar10,heavy_ball,smallcnn,0.01,momentum,40,0.0001,0.9,,,,0.9708256781101227,0.2334062397480011,0.9076567947864532,0.41217073500156404,4.274083977937698,0.02895425865717697,7.08894914984703,0.045349273562896954,3.3032582998275752,4.402524649181024,6.181292355060577,7.810164800798815
split_cifar10,heavy_ball,smallcnn,0.01,momentum,40,0.0003,0.5,,,,0.9657112210988998,0.256781343370676,0.8947753638029099,0.44408811777830126,0.9880370736122132,0.2132722701877355,0.9688572853803634,0.3602577567100525,0.022325852513313316,1.0231185596952144,0.07408192157745352,1.082793877183426
split_cifar10,heavy_ball,smallcnn,0.01,momentum,40,0.0003,0.9,,,,0.8301505386829376,0.5519301190972328,0.6191670954227447,0.7808574438095093,9.424252367019653,0.051827245065942364,12.879546892642974,0.08073588008992369,8.594101828336715,11.3524619064532,12.26037979722023,20.801407225700984
split_cifar10,heavy_ball,smallcnn,0.01,momentum,40,0.001,0.5,,,,0.7666132748126984,0.6406374126672745,0.5524995744228363,0.8319117337465286,0.9339289903640747,0.51885177642107,0.8611760437488556,0.6761352866888046,0.16731571555137636,1.218253089332761,0.30867646932601933,1.5586908725648803
split_cifar10,heavy_ball,smallcnn,0.01,momentum,40,0.001,0.9,,,,0.47482199519872664,0.876469510793686,0.2819911926984787,0.9580740720033646,14.439654994010926,0.09216289687901731,15.595449757575988,0.10205117017030711,13.964832998812199,30.41066997742494,15.313458564877509,55.30474057837524
split_cifar10,heavy_ball,smallcnn,0.01,momentum,40,0.003,0.5,,,,0.416619186103344,0.906929886341095,0.2581130117177963,0.965641850233078,0.8117166489362717,0.7413452386856079,0.7544169679284096,0.7925042331218719,0.39509746283292774,1.948341977546186,0.4963039562106133,2.922816493859051
split_cifar10,heavy_ball,smallcnn,0.01,momentum,40,0.003,0.9,,,,0.20506988316774363,0.9782258033752441,0.11762525737285612,0.992846530675888,15.92049515247345,0.09971646070480342,16.12593674659729,0.10233931206166738,15.715425269305706,77.63448687124261,16.008311489224432,137.09586790089017
split_cifar10,heavy_ball,smallcnn,0.01,momentum,40,0.01,0.5,,,,0.16547560840845105,0.9860043615102768,0.09635124467313286,0.9953018158674241,0.7321063041687011,0.8072866827249527,0.7209715366363525,0.8156964272260666,0.56663069576025,4.42425509844091,0.6246202919632197,7.482742325563256
split_cifar10,heavy_ball,smallcnn,0.01,momentum,40,0.01,0.9,,,,0.08359163217246528,0.9964106410741806,0.05968804415315385,0.9981589764356613,16.170709753036498,0.10390590410679575,16.19650101661682,0.10407267641276116,16.087118120864034,193.44890550376238,16.136812972463666,271.352517014264
split_cifar10,heavy_ball,smallcnn,0.01,momentum,40,0.03,0.5,,,,0.07183865197002884,0.997366750240326,0.048969620093703224,0.9987785547971726,0.7178048774600029,0.8175424307584762,0.7161267250776291,0.8187680631875992,0.6459662254899741,9.991903491722978,0.6671571049839259,14.62389791277373
split_cifar10,heavy_ball,smallcnn,0.01,momentum,40,0.03,0.9,,,,0.04939722958952184,0.9987555682659149,0.041160358302295155,0.9991361349821091,16.20373387336731,0.10489073190838091,16.209653735160828,0.1049590796232223,16.154336643777786,328.02920341922277,16.16849337685853,393.81711928044507
split_cifar10,heavy_ball,smallcnn,0.01,momentum,40,0.1,0.5,,,,0.03897080905735488,0.9992298245429992,0.03164465865120286,0.9994923561811447,0.7148976266384125,0.8193896293640137,0.7148400790989399,0.8194990485906601,0.6759268175810577,18.344438925716666,0.6831954204477371,22.589596777709836
split_cifar10,heavy_ball,smallcnn,0.01,momentum,40,0.1,0.9,,,,0.03752659792080516,0.9992864072322846,0.03522279420867558,0.9993703693151474,16.211078119277953,0.10507267154753204,16.21214978694916,0.10517607722431417,16.173551521357147,431.98901625692935,16.176926992740484,460.2743805872168
split_cifar10,heavy_ball,smallcnn,0.03,momentum,1,0.0001,0.5,,,,0.024036468006670426,0.9997111201286316,0.012016158364713144,0.9999277740716934,0.024036468006670426,0.9997111201286316,0.012016158364713144,0.9999277740716934,0.0,1.0,0.0,1.0
split_cifar10,heavy_ball,smallcnn,0.03,momentum,1,0.0001,0.9,,,,0.01333718583919102,0.9999110400676727,0.006671038013882885,0.9999777555465699,0.01333718583919102,0.9999110400676727,0.006671038013882885,0.9999777555465699,0.0,1.0,0.0,1.0
split_cifar10,heavy_ball,smallcnn,0.03,momentum,1,0.0003,0.5,,,,0.008013374777510709,0.9999679088592529,0.0040098322089761,0.9999919533729553,0.008013374777510709,0.9999679088592529,0.0040098322089761,0.9999919533729553,0.0,1.0,0.0,1.0
split_cifar10,heavy_ball,smallcnn,0.03,momentum,1,0.0003,0.9,,,,0.00444520225282753,0.9999901264905929,0.0022235916694625696,0.9999975234270095,0.00444520225282753,0.9999901264905929,0.0022235916694625696,0.9999975234270095,0.0,1.0,0.0,1.0
split_cifar10,heavy_ball,smallcnn,0.03,momentum,1,0.001,0.5,,,,0.00240180838154624,0.9999971270561219,0.00119820696418169,0.9999992668628692,0.00240180838154624,0.9999971270561219,0.00119820696418169,0.9999992668628692,0.0,1.0,0.0,1.0
split_cifar10,heavy_ball,smallcnn,0.03,momentum,1,0.001,0.9,,,,0.0013349312648642348,0.9999990701675415,0.0006663936132098901,0.999999788403511,0.0013349312648642348,0.9999990701675415,0.0006663936132098901,0.999999788403511,0.0,1.0,0.0,1.0
split_cifar10,heavy_ball,smallcnn,0.03,momentum,1,0.003,0.5,,,,0.000801999538089105,0.9999997109174726,0.00039990641089383507,0.9999999165534973,0.000801999538089105,0.9999997109174726,0.00039990641089383507,0.9999999165534973,0.0,1.0,0.0,1.0
split_cifar10,heavy_ball,smallcnn,0.03,momentum,1,0.003,0.9,,,,0.00044506229605753496,0.9999998956918716,0.000222644588939105,0.9999999970197677,0.00044506229605753496,0.9999998956918716,0.000222644588939105,0.9999999970197677,0.0,1.0,0.0,1.0
split_cifar10,heavy_ball,smallcnn,0.03,momentum,1,0.01,0.5,,,,0.000239890028751635,0.9999999850988388,0.000120041573609305,0.9999999880790711,0.000239890028751635,0.9999999850988388,0.000120041573609305,0.9999999880790711,0.0,1.0,0.0,1.0
split_cifar10,heavy_ball,smallcnn,0.03,momentum,1,0.01,0.9,,,,0.00013349392029336,1.0000000059604646,6.679396392428316e-05,1.0000000327825547,0.00013349392029336,1.0000000059604646,6.679396392428316e-05,1.0000000327825547,0.0,1.0,0.0,1.0
split_cifar10,heavy_ball,smallcnn,0.03,momentum,1,0.03,0.5,,,,8.02426082373131e-05,1.0000000059604646,4.0059852472040804e-05,1.000000011920929,8.02426082373131e-05,1.0000000059604646,4.0059852472040804e-05,1.000000011920929,0.0,1.0,0.0,1.0
split_cifar10,heavy_ball,smallcnn,0.03,momentum,1,0.03,0.9,,,,4.457117138372269e-05,1.0000000029802323,2.2255926160141827e-05,1.0000000208616258,4.457117138372269e-05,1.0000000029802323,2.2255926160141827e-05,1.0000000208616258,0.0,1.0,0.0,1.0
split_cifar10,heavy_ball,smallcnn,0.03,momentum,1,0.1,0.5,,,,2.4061141266429333e-05,1.0000000327825547,1.1995111253781943e-05,0.9999999940395355,2.4061141266429333e-05,1.0000000327825547,1.1995111253781943e-05,0.9999999940395355,0.0,1.0,0.0,1.0
split_cifar10,heavy_ball,smallcnn,0.03,momentum,1,0.1,0.9,,,,1.3340725035959623e-05,0.9999999582767487,6.682291177639854e-06,1.0000000208616258,1.3340725035959623e-05,0.9999999582767487,6.682291177639854e-06,1.0000000208616258,0.0,1.0,0.0,1.0
split_cifar10,heavy_ball,smallcnn,0.03,momentum,5,0.0001,0.5,,,,0.92081238925457,0.3843937650322914,0.7952268302440644,0.599248206615448,0.9207853466272354,0.3844763919711113,0.7952406436204911,0.5992307305335999,-2.7042627334550318e-05,0.9999706317729321,1.3813376426696777e-05,1.0000173703601305
split_cifar10,heavy_ball,smallcnn,0.03,momentum,5,0.0001,0.9,,,,0.6783667027950286,0.7317780047655106,0.4800359636545181,0.8743274360895157,0.6786121249198913,0.7315523773431778,0.48066501766443254,0.8739997535943985,0.0002454221248626709,1.0003617838609287,0.0006290540099144204,1.001310431004222
split_cifar10,heavy_ball,smallcnn,0.03,momentum,5,0.0003,0.5,,,,0.6750325113534927,0.7337192744016647,0.47370040863752366,0.8783542394638062,0.6753203272819519,0.7334551692008973,0.4742954432964325,0.8780509650707244,0.0002878159284591675,1.0004263734318248,0.0005950346589088107,1.0012561413248942
split_cifar10,heavy_ball,smallcnn,0.03,momentum,5,0.0003,0.9,,,,0.3890726253390312,0.9199227541685104,0.237153160572052,0.9711351901292801,0.3896156206727028,0.9196947574615478,0.23825315684080123,0.9708677023649216,0.0005429953336715809,1.0013956143360083,0.001099996268749237,1.0046383369553071
split_cifar10,heavy_ball,smallcnn,0.03,momentum,5,0.001,0.5,,,,0.3290186494588852,0.9432132750749588,0.20303869619965548,0.9786764144897461,0.32961041629314425,0.9430082350969314,0.20408811122179027,0.9784606456756592,0.0005917668342590443,1.0017985814337038,0.001049415022134792,1.0051685468916864
split_cifar10,heavy_ball,smallcnn,0.03,momentum,5,0.001,0.9,,,,0.1548609353601932,0.9878208637237549,0.08757840469479555,0.9961307674646378,0.1566571399569511,0.9875325798988343,0.0908724896609783,0.9958293110132217,0.0017962045967578888,1.0115988231155912,0.0032940849661827476,1.037612982077744
split_cifar10,heavy_ball,smallcnn,0.03,momentum,5,0.003,0.5,,,,0.1375139862298965,0.9904651492834091,0.08319910056889054,0.996512097120285,0.139284186810255,0.9902162820100784,0.08589077740907666,0.9962831258773803,0.0017702005803585108,1.012872876635247,0.002691676840186119,1.0323522348412573
split_cifar10,heavy_ball,smallcnn,0.03,momentum,5,0.003,0.9,,,,0.06572298463433976,0.9977599263191224,0.0401496877893805,0.9991617113351822,0.06973254866898054,0.9974894374608994,0.04638311136513944,0.9988938212394715,0.0040095640346407835,1.0610070290774016,0.006233423575758935,1.1552545964605896
split_cifar10,heavy_ball,smallcnn,0.03,momentum,5,0.01,0.5,,,,0.05416822396218772,0.9985215574502945,0.03331453306600447,0.9994416236877441,0.058137792907655195,0.9982980906963348,0.03957833703607315,0.9992130786180496,0.003969568945467475,1.0732822428927786,0.0062638039700686765,1.1880201639824428
split_cifar10,heavy_ball,smallcnn,0.03,momentum,5,0.01,0.9,,,,0.026927213557064494,0.9996294945478439,0.017858059424906925,0.9998390674591064,0.03538259565830225,0.9993581712245941,0.028831313736736735,0.9995661944150924,0.008455382101237755,1.3140088031507233,0.01097325431182981,1.6144707020363722
split_cifar10,heavy_ball,smallcnn,0.03,momentum,5,0.03,0.5,,,,0.025326485466211975,0.9996780604124069,0.017387337097898074,0.999847748875618,0.032962506823241665,0.9994534224271774,0.027231938764452884,0.9996249586343765,0.00763602135702969,1.3015033952190838,0.00984460166655481,1.5661937541744047
split_cifar10,heavy_ball,smallcnn,0.03,momentum,5,0.03,0.9,,,,0.01478143623098728,0.9998886108398437,0.010804587230086276,0.9999408781528473,0.02693644715473051,0.9996162235736847,0.024827238731086203,0.9996666103601456,0.012155010923743229,1.8223159599513,0.014022651500999928,2.2978424073390498
split_cifar10,heavy_ball,smallcnn,0.03,momentum,5,0.1,0.5,,,,0.014119025785475905,0.9998990893363953,0.01094019324518735,0.999939477443695,0.025309138465672683,0.999675652384758,0.02362238951027388,0.9997162044048309,0.011190112680196778,1.7925555806908384,0.012682196265086529,2.15922963889742
split_cifar10,heavy_ball,smallcnn,0.03,momentum,5,0.1,0.9,,,,0.009633451863191965,0.999951434135437,0.008280799537897055,0.9999635577201843,0.02440916141495105,0.9996755748987198,0.023881387151777695,0.9996868222951889,0.014775709551759086,2.5337918081279827,0.01560058761388064,2.883947020149998
split_cifar10,heavy_ball,smallcnn,0.03,momentum,10,0.0001,0.5,,,,0.9724505394697189,0.2303018696606159,0.9158692240715027,0.3945737682282925,0.9725596457719803,0.2296753324568271,0.9166716367006302,0.39270832389593124,0.00010910630226135254,1.0001121972767075,0.0008024126291275024,1.00087612140253
split_cifar10,heavy_ball,smallcnn,0.03,momentum,10,0.0001,0.9,,,,0.8254222244024276,0.559941141307354,0.6416187137365341,0.7633639395236969,0.8300050348043442,0.553391332924366,0.6516840308904648,0.7552831709384918,0.004582810401916548,1.0055520802159577,0.010065317153930664,1.0156873808984066
split_cifar10,heavy_ball,smallcnn,0.03,momentum,10,0.0003,0.5,,,,0.8288659751415253,0.5552178993821144,0.6518387287855149,0.753273469209671,0.8311155021190644,0.5518842458724975,0.657071316242218,0.748934093117714,0.002249526977539107,1.0027139815663866,0.005232587456703186,1.0080274264563145
split_cifar10,heavy_ball,smallcnn,0.03,momentum,10,0.0003,0.9,,,,0.540134234726429,0.8399577379226685,0.337647856771946,0.9406153321266174,0.5554538890719414,0.8299195826053619,0.3670057475566864,0.9297841429710388,0.015319654345512412,1.0283626797943508,0.029357890784740437,1.08694825154649
split_cifar10,heavy_ball,smallcnn,0.03,momentum,10,0.001,0.5,,,,0.46561268270015715,0.883909061551094,0.302760698646307,0.9519158333539963,0.4744297131896019,0.8793724775314331,0.3177666932344437,0.9471923798322678,0.008817030489444766,1.0189364053365417,0.015005994588136673,1.0495638788496358
split_cifar10,heavy_ball,smallcnn,0.03,momentum,10,0.001,0.9,,,,0.22203418985009188,0.9747960865497589,0.12558687068521973,0.9920092761516571,0.2662822984158993,0.9632006049156189,0.19391592666506763,0.9802574276924133,0.04424810856580741,1.1992851127823236,0.0683290559798479,1.5440780203140256
split_cifar10,heavy_ball,smallcnn,0.03,momentum,10,0.003,0.5,,,,0.20386808738112444,0.9788643300533295,0.12073586285114284,0.9926149755716324,0.22780734673142433,0.9735996335744858,0.15826972573995585,0.987318342924118,0.02393925935029989,1.1174252412813697,0.03753386288881301,1.3108758408849002
split_cifar10,heavy_ball,smallcnn,0.03,momentum,10,0.003,0.9,,,,0.09257674515247341,0.9956268548965455,0.05877681095153089,0.998228645324707,0.1733177825808525,0.9839578211307526,0.15660313144326204,0.9866304159164428,0.0807410374283791,1.8721524751750458,0.09782632049173115,2.664369313476392
split_cifar10,heavy_ball,smallcnn,0.03,momentum,10,0.01,0.5,,,,0.07879614047706121,0.9968708276748657,0.04968211185187095,0.9987593650817871,0.12892893441021439,0.9914933413267135,0.11385052576661106,0.9933106452226639,0.050132793933153175,1.6362341306265833,0.06416841391474011,2.29157983674407
split_cifar10,heavy_ball,smallcnn,0.03,momentum,10,0.01,0.9,,,,0.03994274828582997,0.9991951137781143,0.02787686241790648,0.9996086984872818,0.14951019436120982,0.9875858873128891,0.14626400507986542,0.9880220383405686,0.10956744607537985,3.7431123489880096,0.11838714266195895,5.246788640959605
split_cifar10,heavy_ball,smallcnn,0.03,momentum,10,0.03,0.5,,,,0.03853760473430153,0.999253299832344,0.027787799853831473,0.9996108561754227,0.10855865105986591,0.993880671262741,0.10497476756572718,0.994257140159607,0.07002104632556438,2.816953773030945,0.0771869677118957,3.777728647748732
split_cifar10,heavy_ball,smallcnn,0.03,momentum,10,0.03,0.9,,,,0.024188034795224612,0.9996988296508789,0.018644511280581304,0.9998227506875992,0.145651564002037,0.9881001591682435,0.14470404870808123,0.9882163614034652,0.12146352920681239,6.0216369471567255,0.12605953742749992,7.761214361182741
split_cifar10,heavy_ball,smallcnn,0.03,momentum,10,0.1,0.5,,,,0.023431033082306353,0.9997207522392273,0.019417518842965314,0.9998071521520615,0.10380474217236038,0.9943782240152359,0.10295550823211667,0.9944622129201889,0.08037370909005404,4.430224728364505,0.08353798938915136,5.3021969008886
split_cifar10,heavy_ball,smallcnn,0.03,momentum,10,0.1,0.9,,,,0.017975009977817476,0.9998306423425675,0.01581351524218913,0.9998691409826279,0.14456685781478879,0.9882245659828186,0.1443600781261921,0.9882525622844696,0.1265918478369713,8.042658000924352,0.12854656288400296,9.128904985088422
split_cifar10,heavy_ball,smallcnn,0.03,momentum,20,0.0001,0.5,,,,0.9896795302629471,0.1415659356862306,0.9649682760238647,0.2578867241740227,1.05773868560791,0.08496599439531559,1.1206921339035034,0.15627359841018912,0.06805915534496298,1.0687688825158184,0.15572385787963872,1.161377178658449
split_cifar10,heavy_ball,smallcnn,0.03,momentum,20,0.0001,0.9,,,,0.9279566705226898,0.3622149541974068,0.8078205972909928,0.5796413868665695,2.862155830860138,0.09320538202300664,4.234301191568375,0.14959353413432833,1.9341991603374482,3.0843636581091363,3.426480594277382,5.241635588109543
split_cifar10,heavy_ball,smallcnn,0.03,momentum,20,0.0003,0.5,,,,0.9193699300289154,0.3886286035180092,0.7995632290840149,0.5941283434629441,1.2675190359354018,0.2229849265422672,1.427936878800392,0.35422825887799264,0.3481491059064864,1.3786822850466043,0.6283736497163772,1.785896132862746
split_cifar10,heavy_ball,smallcnn,0.03,momentum,20,0.0003,0.9,,,,0.7167983084917069,0.6891016304492951,0.48681750446558,0.8700358152389527,4.8248004674911495,0.1695410280488431,6.0388425350189205,0.2130782462656498,4.108002158999443,6.731043321856514,5.552025030553341,12.404735819120267
split_cifar10,heavy_ball,smallcnn,0.03,momentum,20,0.001,0.5,,,,0.6237589865922928,0.7788647711277008,0.42617224603891374,0.9019392400979995,1.6999190151691437,0.4583956588059664,1.8081676363945007,0.531817852333188,1.076160028576851,2.725281802280888,1.381995390355587,4.242809458383634
split_cifar10,heavy_ball,smallcnn,0.03,momentum,20,0.001,0.9,,,,0.33745077848434446,0.9387538254261016,0.19668099656701088,0.9792569547891616,6.45778688788414,0.22890768200159073,6.723984730243683,0.23542942777276038,6.120336109399796,19.13697433708466,6.527303733676672,34.18726184841536
split_cifar10,heavy_ball,smallcnn,0.03,momentum,20,0.003,0.5,,,,0.29729320406913756,0.954371201992035,0.16981280073523516,0.985247153043747,1.852220782637596,0.5627131834626198,1.890547624230385,0.5805651880800724,1.5549275785684584,6.230282957315262,1.7207348234951498,11.13312786812842
split_cifar10,heavy_ball,smallcnn,0.03,momentum,20,0.003,0.9,,,,0.13915608115494246,0.9899765849113464,0.0937879372388124,0.9954560548067093,6.7927384078502655,0.2389948908239603,6.830124074220658,0.24070265777409078,6.653582326695323,48.81380929581463,6.736336136981845,72.82518706887753
split_cifar10,heavy_ball,smallcnn,0.03,momentum,20,0.01,0.5,,,,0.11475266441702839,0.9932902187108994,0.07229237202554936,0.9973556607961654,1.8952166080474853,0.5863360330462456,1.8999646171927451,0.5881032627075911,1.7804639436304568,16.51566538934542,1.8276722451671958,26.281674870500378
split_cifar10,heavy_ball,smallcnn,0.03,momentum,20,0.01,0.9,,,,0.06707862820476287,0.9976727962493896,0.05162043850868936,0.9986128598451615,6.841310679912567,0.24189745746552943,6.847498959302902,0.24192022942006589,6.774232051707804,101.98942439652939,6.795878520794212,132.65092581788608
split_cifar10,heavy_ball,smallcnn,0.03,momentum,20,0.03,0.5,,,,0.05643271338194604,0.9983907550573349,0.041110225394368115,0.9991468161344528,1.9007576406002045,0.5890874445438385,1.9012375622987747,0.5895792439579963,1.8443249272182585,33.68184031371235,1.8601273369044067,46.247315456441996
split_cifar10,heavy_ball,smallcnn,0.03,momentum,20,0.03,0.9,,,,0.045840810611844016,0.9989107698202133,0.04037234662100667,0.9991248786449433,6.849794000387192,0.24202121309936048,6.850883972644806,0.24186819493770595,6.803953189775347,149.4256735202102,6.810511626023799,169.69248869670932
split_cifar10,heavy_ball,smallcnn,0.03,momentum,20,0.1,0.5,,,,0.035795649792998985,0.9993495553731918,0.030397832486778454,0.9995281636714936,1.9014942616224288,0.5896820586174727,1.901757600903511,0.5896950144320726,1.8656986118294299,53.12081978169114,1.8713597684167327,62.56227649555873
split_cifar10,heavy_ball,smallcnn,0.03,momentum,20,0.1,0.9,,,,0.03831534152850504,0.9992345571517944,0.03589888410642737,0.9993166446685791,6.850710129737854,0.24197099432349206,6.851547926664352,0.2417848937213421,6.812394788209349,178.79809643980875,6.815649042557925,190.8568496544895
split_cifar10,heavy_ball,smallcnn,0.03,momentum,40,0.0001,0.5,,,,0.9972110658884048,0.07345379628241058,0.9899096429347992,0.13852317705750464,205.79945569038392,0.017246437879657597,337.9513188123703,0.020170474605401972,204.80224462449553,206.3750220291021,336.9614091694355,341.39612764094426
split_cifar10,heavy_ball,smallcnn,0.03,momentum,40,0.0001,0.9,,,,0.9920862793922425,0.11367170130833978,0.9699982792139054,0.22461373247206207,9548.850290679931,-0.00533529529420774,17124.637997436523,0.0014078048610826949,9547.85820440054,9625.020009882215,17123.667999157307,17654.29729557301
split_cifar10,heavy_ball,smallcnn,0.03,momentum,40,0.0003,0.5,,,,0.9754925101995469,0.21694240346550936,0.9210375130176545,0.3841535821557045,627.1456420660019,0.0053510186495259356,1100.3000226974486,0.011907350260298684,626.1701495558024,642.9015451258697,1099.378985184431,1194.63106241185
split_cifar10,heavy_ball,smallcnn,0.03,momentum,40,0.0003,0.9,,,,0.9446170210838318,0.30690649021416905,0.8255209863185883,0.5459751203656197,23709.50034484863,-0.00523516855319032,37761.993151855466,0.004545375844463674,23708.55572782755,25099.590432580706,37761.167630869146,45743.2261295441
split_cifar10,heavy_ball,smallcnn,0.03,momentum,40,0.001,0.5,,,,0.8243212133646012,0.5625580102205276,0.6254456222057343,0.7726805716753006,1650.8995294570923,0.018256267462857044,2301.1490226745605,0.01647527153836561,1650.0752082437277,2002.7381349543064,2300.5235770523545,3679.215172310567
split_cifar10,heavy_ball,smallcnn,0.03,momentum,40,0.001,0.9,,,,0.6987567514181137,0.678366157412529,0.48532336503267287,0.8378492534160614,47731.95692749023,0.0022715318453265104,55907.73966064453,0.006555777390894926,47731.258170738816,68309.83290053245,55907.2543372795,115196.88456969452
split_cifar10,heavy_ball,smallcnn,0.03,momentum,40,0.003,0.5,,,,0.4772862732410431,0.8767910480499268,0.28329277187585833,0.9581484079360962,2523.4697481155395,0.021248366660438438,2796.140176200867,0.020944667774472202,2522.9924618422983,5287.119889243317,2795.856883428991,9870.143024426203
split_cifar10,heavy_ball,smallcnn,0.03,momentum,40,0.003,0.9,,,,0.40136558264493943,0.8880584597587585,0.27065816298127177,0.9500270485877991,58949.85184326172,0.007913468746846718,61292.2474609375,0.009029387817645302,58949.45047767908,146873.2108388342,61291.976802774516,226456.3048304537
split_cifar10,heavy_ball,smallcnn,0.03,momentum,40,0.01,0.5,,,,0.18920375853776927,0.9815572261810303,0.11673243269324299,0.9930358856916428,2861.288524055481,0.022484668563220064,2887.2165022850036,0.02099625349892445,2861.0993202969435,15122.789030030312,2887.09976985231,24733.627456151942
split_cifar10,heavy_ball,smallcnn,0.03,momentum,40,0.01,0.9,,,,0.20447371564805508,0.9740393072366714,0.16913946755230422,0.9811151951551438,62983.53713378906,0.009233621379826164,63250.345715332034,0.009230451221810605,62983.332660073414,308027.54737532034,63250.17657586448,373953.79464448575
split_cifar10,heavy_ball,smallcnn,0.03,momentum,40,0.03,0.5,,,,0.09227348901331421,0.9956670284271241,0.06588945668190713,0.9977973401546478,2900.9655259132387,0.02262861167837395,2906.340126991272,0.022224610934790653,2900.8732524242255,31438.775719152185,2906.27423753459,44109.335140250696
split_cifar10,heavy_ball,smallcnn,0.03,momentum,40,0.03,0.9,,,,0.14431485682725903,0.9872233450412751,0.12171582207083695,0.991498127579689,63737.34930419922,0.0105219929828308,63777.29965820313,0.01029437326942565,63737.20498934239,441654.8005205805,63777.17794238106,523985.28451860277
split_cifar10,heavy_ball,smallcnn,0.03,momentum,40,0.1,0.5,,,,0.056517566367983774,0.998369836807251,0.048964268900454,0.9987735599279404,2907.8792835235595,0.022155855297933114,2908.6683362960816,0.021934252801292988,2907.8227659571917,51450.89341940991,2908.6193720271813,59403.895975849286
split_cifar10,heavy_ball,smallcnn,0.03,momentum,40,0.1,0.9,,,,0.13169932328164574,0.987858334183693,0.10452919453382488,0.9940396785736084,63478.38725585937,0.00991477293428029,63875.57553710938,0.009787663689348785,63478.25555653609,481994.7868684761,63875.47100791484,611078.8074277154
split_tinyimagenet,adam,resnet18,1e-05,m,1,1e-06,,0.9,0.999,full_coupled,0.9971363097429276,0.07558527700603003,0.9942672848701477,0.10686425268650053,0.9971363097429276,0.07558527700603003,0.9942672848701477,0.10686425268650053,0.0,1.0,0.0,1.0
split_tinyimagenet,adam,resnet18,1e-05,m,1,3e-06,,0.9,0.999,full_coupled,0.9913807600736618,0.13093363642692563,0.9826950341463089,0.18512170612812043,0.9913807600736618,0.13093363642692563,0.9826950341463089,0.18512170612812043,0.0,1.0,0.0,1.0
split_tinyimagenet,adam,resnet18,1e-05,m,1,1e-05,,0.9,0.999,full_coupled,0.971013879776001,0.2388778142631054,0.9414926171302795,0.3368220716714859,0.971013879776001,0.2388778142631054,0.9414926171302795,0.3368220716714859,0.0,1.0,0.0,1.0
split_tinyimagenet,adam,resnet18,1e-05,m,1,3e-05,,0.9,0.999,full_coupled,0.9116678684949875,0.4106677308678627,0.8228297919034958,0.5679202973842621,0.9116678684949875,0.4106677308678627,0.8228297919034958,0.5679202973842621,0.0,1.0,0.0,1.0
split_tinyimagenet,adam,resnet18,1e-05,m,1,0.0001,,0.9,0.999,full_coupled,0.7130484700202941,0.7006876677274704,0.507582588493824,0.8612610340118408,0.7130484700202941,0.7006876677274704,0.507582588493824,0.8612610340118408,0.0,1.0,0.0,1.0
split_tinyimagenet,adam,resnet18,1e-05,m,1,0.0003,,0.9,0.999,full_coupled,0.3834268406033516,0.9233469933271408,0.21553789451718325,0.9764130145311356,0.3834268406033516,0.9233469933271408,0.21553789451718325,0.9764130145311356,0.0,1.0,0.0,1.0
split_tinyimagenet,adam,resnet18,1e-05,m,1,0.001,,0.9,0.999,full_coupled,0.13533820174634453,0.9907655984163284,0.0702903280034661,0.9975171148777008,0.13533820174634453,0.9907655984163284,0.0702903280034661,0.9975171148777008,0.0,1.0,0.0,1.0
split_tinyimagenet,adam,resnet18,1e-05,m,1,0.003,,0.9,0.999,full_coupled,0.047746173478662925,0.9988551706075668,0.02468875944614406,0.9996940910816192,0.047746173478662925,0.9988551706075668,0.02468875944614406,0.9996940910816192,0.0,1.0,0.0,1.0
split_tinyimagenet,adam,resnet18,1e-05,m,1,0.01,,0.9,0.999,full_coupled,0.01530357077717776,0.9998824656009674,0.008031600806862068,0.9999676555395126,0.01530357077717776,0.9998824656009674,0.008031600806862068,0.9999676555395126,0.0,1.0,0.0,1.0
split_tinyimagenet,adam,resnet18,1e-05,m,5,1e-06,,0.9,0.999,full_coupled,0.9999995619058609,0.00091503739531612,0.9999980390071869,0.001966928475303535,0.9999995708465577,0.000911524621187665,0.9999980390071869,0.00196367145399558,8.940696738513054e-09,1.0000000089407006,0.0,1.0
split_tinyimagenet,adam,resnet18,1e-05,m,5,3e-06,,0.9,0.999,full_coupled,0.9999965369701386,0.00262122608837667,0.9999854415655136,0.0053744127042591,0.999996542930603,0.0026191514800302197,0.9999854654073715,0.00537265453021969,5.960464455334602e-09,1.000000005960485,2.384185793236071e-08,1.000000023842205
split_tinyimagenet,adam,resnet18,1e-05,m,5,1e-05,,0.9,0.999,full_coupled,0.9999635964632034,0.008484049816615826,0.9998615324497223,0.016573384450748508,0.9999636650085449,0.008479328639805276,0.9998617440462112,0.016565446089953122,6.854534151390368e-08,1.000000068547837,2.1159648888602334e-07,1.0000002116257922
split_tinyimagenet,adam,resnet18,1e-05,m,5,3e-05,,0.9,0.999,full_coupled,0.9997218251228333,0.023464861791580867,0.9989729642868042,0.04518694709986443,0.999722295999527,0.02345254095271225,0.9989744544029235,0.04516716543585057,4.708766937477904e-07,1.0000004710077162,1.4901161193847656e-06,1.0000014916480953
split_tinyimagenet,adam,resnet18,1e-05,m,5,0.0001,,0.9,0.999,full_coupled,0.9974638998508454,0.07086288165301079,0.9905857920646668,0.1364336632192135,0.997467890381813,0.07083001323044295,0.9905995011329651,0.13637333773076535,3.990530967667993e-06,1.0000040006770854,1.3709068298339844e-05,1.0000138393548628
split_tinyimagenet,adam,resnet18,1e-05,m,5,0.0003,,0.9,0.999,full_coupled,0.9796771675348281,0.20014321282505984,0.9279007911682129,0.3717789351940155,0.9797063827514648,0.20005616322159764,0.9280061036348343,0.37161980122327803,2.921521663667992e-05,1.0000298212692964,0.00010531246662137672,1.0001134953947919
split_tinyimagenet,adam,resnet18,1e-05,m,5,0.001,,0.9,0.999,full_coupled,0.8393723368644714,0.5426041960716248,0.6168525695800782,0.7863455325365066,0.8396239817142487,0.5423703670501709,0.6175629675388337,0.7860101938247681,0.0002516448497772439,1.0002998012189885,0.0007103979587554932,1.0011516495087944
split_tinyimagenet,adam,resnet18,1e-05,m,5,0.003,,0.9,0.999,full_coupled,0.46485490798950196,0.8848841458559036,0.25925352722406386,0.9656420737504959,0.4660519927740097,0.8845059514045716,0.2617898926138878,0.965230193734169,0.0011970847845077515,1.0025751794031499,0.0025363653898239358,1.0097833399490523
split_tinyimagenet,adam,resnet18,1e-05,m,5,0.01,,0.9,0.999,full_coupled,0.15983926281332966,0.987079307436943,0.08189950995147223,0.9966215014457702,0.1640986822545528,0.9866579860448838,0.09007220193743701,0.9961964070796967,0.004259419441223128,1.0266481424291698,0.008172691985964778,1.0997892660262232
split_tinyimagenet,adam,resnet18,1e-05,m,10,1e-06,,0.9,0.999,full_coupled,0.9999998778104782,0.0004925629590274572,0.9999994039535522,0.00108346065389918,0.999999874830246,0.00048029972261924813,0.9999994188547134,0.001074681816680775,-2.9802321721561498e-09,0.9999999970197675,1.4901161193847656e-08,1.00000001490117
split_tinyimagenet,adam,resnet18,1e-05,m,10,3e-06,,0.9,0.999,full_coupled,0.9999990105628968,0.0014115903904893753,0.9999955624341965,0.00297571204137051,0.999999025464058,0.0014052705577341398,0.9999955713748931,0.0029736750992014603,1.4901161193847656e-08,1.0000000149011758,8.940696627490752e-09,1.0000000089407364
split_tinyimagenet,adam,resnet18,1e-05,m,10,1e-05,,0.9,0.999,full_coupled,0.9999882876873016,0.004817011149134435,0.9999532908201217,0.009628045652061655,0.9999883651733399,0.004810248780995566,0.9999534159898757,0.009621833777055085,7.748603825241673e-08,1.0000000774869457,1.2516975400611585e-07,1.0000001251756008
split_tinyimagenet,adam,resnet18,1e-05,m,10,3e-05,,0.9,0.999,full_coupled,0.9999010294675827,0.014016873156651805,0.9996168613433838,0.027605028636753504,0.9999014854431152,0.013998181372880886,0.9996182292699813,0.027577691338956305,4.5597553244292044e-07,1.000000456020665,1.367926597550806e-06,1.000001368450904
split_tinyimagenet,adam,resnet18,1e-05,m,10,0.0001,,0.9,0.999,full_coupled,0.9990044414997101,0.04444885458797211,0.9961541324853898,0.08733473531901832,0.9990081042051315,0.04440460354089733,0.9961667269468307,0.08725487627089021,3.662705421403345e-06,1.0000036663554928,1.2594461440973426e-05,1.000012643085071
split_tinyimagenet,adam,resnet18,1e-05,m,10,0.0003,,0.9,0.999,full_coupled,0.9915188878774643,0.12963098958134647,0.9679199546575546,0.25052929669618607,0.9915463894605636,0.12951609194278715,0.9680226147174835,0.25031391307711603,2.7501583099276417e-05,1.0000277368221984,0.00010266005992887184,1.0001060625513865
split_tinyimagenet,adam,resnet18,1e-05,m,10,0.001,,0.9,0.999,full_coupled,0.920627698302269,0.3895083338022232,0.7663744240999222,0.6413287848234177,0.9208949089050293,0.38916607946157455,0.7672325968742371,0.6407731533050537,0.00026721060276035935,1.0002902482765326,0.0008581727743148804,1.0011197826380007
split_tinyimagenet,adam,resnet18,1e-05,m,10,0.003,,0.9,0.999,full_coupled,0.6225436419248581,0.7817717730998993,0.3764055460691452,0.9260805279016495,0.6241184741258621,0.7810929626226425,0.3800272583961487,0.9252806156873703,0.0015748322010039617,1.0025296735761926,0.003621712327003479,1.0096218357163584
split_tinyimagenet,adam,resnet18,1e-05,m,10,0.01,,0.9,0.999,full_coupled,0.2366279974579811,0.971448078751564,0.12231439091265199,0.9924471080303192,0.24291355535387993,0.9706077575683594,0.13454400002956385,0.9915894150733948,0.0062855578958988245,1.0265630354963173,0.012229609116911858,1.0999850387649426
split_tinyimagenet,adam,resnet18,1e-05,m,20,1e-06,,0.9,0.999,full_coupled,0.9999999344348908,0.000389326919685079,0.9999996960163117,0.00077087180543453,0.9999999403953552,0.000364806544166595,0.999999713897705,0.0007558390414487273,5.960464455334602e-09,1.0000000059604648,1.7881393366003806e-08,1.0000000178813988
split_tinyimagenet,adam,resnet18,1e-05,m,20,3e-06,,0.9,0.999,full_coupled,0.9999995172023773,0.00098053705005436,0.9999979257583618,0.00202042258461002,0.999999538064003,0.0009677742214989401,0.9999979615211487,0.0020140248409006296,2.0861625649182258e-08,1.0000000208616358,3.576278695405222e-08,1.0000000357628611
split_tinyimagenet,adam,resnet18,1e-05,m,20,1e-05,,0.9,0.999,full_coupled,0.9999942392110824,0.0033774421433917594,0.9999773889780045,0.0067006832687183686,0.999994307756424,0.00336217300500716,0.9999775260686874,0.0066862442297860505,6.854534151390368e-08,1.0000000685457364,1.3709068291678506e-07,1.0000001370937828
split_tinyimagenet,adam,resnet18,1e-05,m,20,3e-05,,0.9,0.999,full_coupled,0.9999511390924454,0.009844509791582764,0.9998086512088775,0.0194979601539671,0.9999516010284424,0.009812568314373446,0.9998098969459533,0.019462052918970536,4.6193599700927734e-07,1.0000004619585687,1.2457370758278685e-06,1.0000012459754917
split_tinyimagenet,adam,resnet18,1e-05,m,20,0.0001,,0.9,0.999,full_coupled,0.9994958937168121,0.03163564056158061,0.9980371773242951,0.06240165755152697,0.999499237537384,0.03157734181731934,0.9980483293533325,0.06230550408363339,3.3438205718772096e-06,1.000003345507063,1.1152029037453381e-05,1.0000111739615425
split_tinyimagenet,adam,resnet18,1e-05,m,20,0.0003,,0.9,0.999,full_coupled,0.9956245452165604,0.09316746294498439,0.9831025123596191,0.18244154304265975,0.9956492602825164,0.09302418343722817,0.9831949472427368,0.1821801885962486,2.4715065956026905e-05,1.000024823680849,9.243488311772019e-05,1.0000940236465228
split_tinyimagenet,adam,resnet18,1e-05,m,20,0.001,,0.9,0.999,full_coupled,0.9561483949422837,0.2920346647500992,0.855104586482048,0.5170860663056374,0.9564053267240524,0.2915815755724907,0.8559889554977417,0.5163076967000961,0.0002569317817687766,1.0002687153825995,0.0008843690156936646,1.0010342232162874
split_tinyimagenet,adam,resnet18,1e-05,m,20,0.003,,0.9,0.999,full_coupled,0.7395992606878281,0.6720980048179627,0.48863390535116197,0.8718202263116837,0.7413234621286392,0.671087771654129,0.4929885894060135,0.870520606637001,0.0017242014408110906,1.0023312644190687,0.00435468405485151,1.0089119563893585
split_tinyimagenet,adam,resnet18,1e-05,m,20,0.01,,0.9,0.999,full_coupled,0.31749695986509324,0.9479458779096603,0.16634680479764935,0.985971188545227,0.32535120099782944,0.9465311765670776,0.18200412392616266,0.9845013320446014,0.007854241132736195,1.0247380042192327,0.015657319128513314,1.0941245559093213
split_tinyimagenet,adam,resnet18,1e-05,rms_global,1,0.001,,0.9,0.999,full_coupled,0.20327629446983334,0.979118800163269,0.10738494247198101,0.9942165613174438,0.20327629446983334,0.979118800163269,0.10738494247198101,0.9942165613174438,0.0,1.0,0.0,1.0
split_tinyimagenet,adam,resnet18,1e-05,rms_global,1,0.003,,0.9,0.999,full_coupled,0.07405143380165095,0.9972543239593505,0.038620401173829984,0.99925377368927,0.07405143380165095,0.9972543239593505,0.038620401173829984,0.99925377368927,0.0,1.0,0.0,1.0
split_tinyimagenet,adam,resnet18,1e-05,rms_global,1,0.01,,0.9,0.999,full_coupled,0.023352694138884477,0.9997314929962158,0.0115742882713675,0.9999330282211304,0.023352694138884477,0.9997314929962158,0.0115742882713675,0.9999330282211304,0.0,1.0,0.0,1.0
split_tinyimagenet,adam,resnet18,1e-05,rms_global,1,0.03,,0.9,0.999,full_coupled,0.012995732389390419,0.9999546527862548,0.0038799741305410194,0.9999924540519715,0.012995732389390419,0.9999546527862548,0.0038799741305410194,0.9999924540519715,0.0,1.0,0.0,1.0
split_tinyimagenet,adam,resnet18,1e-05,rms_global,1,0.1,,0.9,0.999,full_coupled,0.03517842888832088,0.999838650226593,0.0017098433105274201,0.9999985575675965,0.03517842888832088,0.999838650226593,0.0017098433105274201,0.9999985575675965,0.0,1.0,0.0,1.0
split_tinyimagenet,adam,resnet18,1e-05,rms_global,5,0.001,,0.9,0.999,full_coupled,0.8041183948516846,0.5947344183921814,0.5805244684219361,0.8141676306724548,0.8626853942871093,0.531428587436676,0.7221756935119629,0.7283351421356201,0.05856699943542476,1.0728338013536267,0.1416512250900268,1.244005606645803
split_tinyimagenet,adam,resnet18,1e-05,rms_global,5,0.003,,0.9,0.999,full_coupled,0.4495579183101654,0.8932183384895325,0.29412907361984253,0.955799686908722,0.6561191082000732,0.7946781873703003,0.5880072951316834,0.852083170413971,0.20656118988990785,1.4594762576229259,0.29387822151184084,1.9991471359668243
split_tinyimagenet,adam,resnet18,1e-05,rms_global,5,0.01,,0.9,0.999,full_coupled,0.21971799731254568,0.9755554676055909,0.15909406840801235,0.9872590065002441,0.5630658388137817,0.8709567546844482,0.5486713647842407,0.8813935875892639,0.343347841501236,2.5626750912572205,0.3895772963762284,3.4487229490990146
split_tinyimagenet,adam,resnet18,1e-05,rms_global,5,0.03,,0.9,0.999,full_coupled,0.13415310978889464,0.9909514427185059,0.1075710996985435,0.9941959977149963,0.5417817592620849,0.8856475830078125,0.5399439215660096,0.8880547642707824,0.40762864947319033,4.038532987529256,0.43237282186746606,5.019414350872536
split_tinyimagenet,adam,resnet18,1e-05,rms_global,5,0.1,,0.9,0.999,full_coupled,0.09474116861820217,0.9955656051635742,0.08110300153493878,0.9966997742652893,0.5308645009994507,0.8910542726516724,0.5364093065261841,0.8897081732749939,0.43612333238124856,5.603313836446158,0.45530630499124536,6.613926690433296
split_tinyimagenet,adam,resnet18,1e-05,rms_global,10,0.001,,0.9,0.999,full_coupled,0.8674807071685791,0.49797863364219663,0.7029472470283509,0.7122721076011658,0.935441517829895,0.3650515913963318,0.8635955214500427,0.5197634279727936,0.06796081066131598,1.0783427344259184,0.16064827442169183,1.2285353205390854
split_tinyimagenet,adam,resnet18,1e-05,rms_global,10,0.003,,0.9,0.999,full_coupled,0.5926368236541748,0.8056697607040405,0.4394609689712524,0.8987518787384033,0.8246286511421204,0.5849994778633117,0.7747881174087524,0.6537958860397339,0.23199182748794556,1.39145699056885,0.3353271484375,1.763041935720657
split_tinyimagenet,adam,resnet18,1e-05,rms_global,10,0.01,,0.9,0.999,full_coupled,0.3501405596733093,0.9371994376182556,0.2714037865400314,0.963025176525116,0.7516251325607299,0.6822684049606323,0.7364673614501953,0.6993244171142579,0.4014845728874206,2.1466382908110293,0.4650635749101639,2.7135485869191003
split_tinyimagenet,adam,resnet18,1e-05,rms_global,10,0.03,,0.9,0.999,full_coupled,0.2389432281255722,0.9717570781707764,0.20246512293815608,0.9798821568489074,0.7286071538925171,0.708196485042572,0.7249478101730347,0.7124499559402466,0.48966392576694484,3.0492898233952506,0.5224826872348786,3.5806058823991793
split_tinyimagenet,adam,resnet18,1e-05,rms_global,10,0.1,,0.9,0.999,full_coupled,0.18501757085323334,0.9837203860282898,0.16855709850788117,0.9863566994667053,0.7171626567840577,0.7203736424446106,0.7207420468330383,0.7166166424751281,0.5321450859308243,3.876186750678684,0.5521849483251572,4.275951907177252
split_tinyimagenet,adam,resnet18,1e-05,rms_global,20,0.001,,0.9,0.999,full_coupled,0.9129027962684632,0.4119855880737305,0.7994514107704163,0.6074045538902283,1.006328558921814,0.1409987151622772,1.011745285987854,0.21298491656780238,0.0934257626533509,1.1023392227904587,0.2122938752174377,1.2655494409758488
split_tinyimagenet,adam,resnet18,1e-05,rms_global,20,0.003,,0.9,0.999,full_coupled,0.7172479629516602,0.702067244052887,0.5836199998855591,0.818800175189972,1.0129965662956237,0.24506503939628602,1.0149139761924744,0.2918425858020782,0.2957486033439636,1.4123380178409735,0.43129397630691524,1.738997937684601
split_tinyimagenet,adam,resnet18,1e-05,rms_global,20,0.01,,0.9,0.999,full_coupled,0.4884373486042023,0.8795322895050048,0.40451632738113397,0.9223270058631897,1.0130096793174743,0.31873480081558225,1.018124032020569,0.3302323162555695,0.524572330713272,2.073980792444173,0.6136077046394349,2.5168923059594963
split_tinyimagenet,adam,resnet18,1e-05,rms_global,20,0.03,,0.9,0.999,full_coupled,0.3658853530883789,0.9384001970291138,0.32494212985038756,0.953692364692688,1.0183326601982117,0.33598011136054995,1.0207895398139955,0.3391221523284912,0.6524473071098328,2.783201490856715,0.6958474099636078,3.141450264648648
split_tinyimagenet,adam,resnet18,1e-05,rms_global,20,0.1,,0.9,0.999,full_coupled,0.30165199041366575,0.9617682814598083,0.2881925880908966,0.9656517624855041,1.0188753604888916,0.3463339745998383,1.0214871644973755,0.3433903455734253,0.7172233700752259,3.3776517074913803,0.7332945764064789,3.5444602210768728
split_tinyimagenet,adam,resnet18,1e-05,rms_layerwise,1,0.001,,0.9,0.999,full_coupled,0.4322393966572625,0.8459982591015953,0.28726336615426196,0.9161033340862819,0.4322393949542727,0.8459982556956156,0.28726336615426196,0.9161033323832921,-1.7029898047304926e-09,0.9999999960600773,0.0,1.0
split_tinyimagenet,adam,resnet18,1e-05,rms_layerwise,1,0.003,,0.9,0.999,full_coupled,0.22288851780550822,0.9430363212312971,0.13616237044334412,0.9752984438623701,0.22288851780550822,0.943036333152226,0.1361623698047229,0.9752984421593801,0.0,1.0,-6.386212114684042e-10,0.9999999953098554
split_tinyimagenet,adam,resnet18,1e-05,rms_layerwise,1,0.01,,0.9,0.999,full_coupled,0.08942571974226403,0.9886479037148612,0.04603304655424181,0.9969487343515668,0.08942571974226403,0.988647905417851,0.04603304644780495,0.9969487360545568,0.0,1.0,-1.0643686626510274e-10,0.9999999976878161
split_tinyimagenet,adam,resnet18,1e-05,rms_layerwise,1,0.03,,0.9,0.999,full_coupled,0.03446022940001312,0.9986303431647163,0.015259189810603807,0.9996628539902822,0.03446022908070253,0.9986303448677063,0.015259189650948506,0.9996628522872923,-3.193105918564143e-10,0.9999999907339389,-1.5965530113237758e-10,0.999999989537105
split_tinyimagenet,adam,resnet18,1e-05,rms_layerwise,1,0.1,,0.9,0.999,full_coupled,0.03956234066614078,0.999758129460471,0.005087385383168457,0.9999663352966308,0.0395623400275196,0.9997581226485115,0.005087384831027214,0.9999663369996208,-6.386211837128286e-10,0.9999999838578514,-5.521412424491778e-10,0.9999998914685637
split_tinyimagenet,adam,resnet18,1e-05,rms_layerwise,5,0.001,,0.9,0.999,full_coupled,0.9400684935706003,0.21729626630299856,0.8654644199780055,0.32979264010542203,0.9571047289030892,0.1951253417313897,0.9089691741125925,0.29393817373285336,0.01703623533248888,1.0181223341160826,0.04350475413458699,1.050267524730471
split_tinyimagenet,adam,resnet18,1e-05,rms_layerwise,5,0.003,,0.9,0.999,full_coupled,0.8137373464448112,0.3921081210885729,0.7205715796777181,0.49370049632021357,0.8768774560519628,0.3488486402401967,0.8263244424547468,0.43500832561403513,0.06314010960715155,1.0775927390859081,0.10575286277702867,1.1467624671296743
split_tinyimagenet,adam,resnet18,1e-05,rms_layerwise,5,0.01,,0.9,0.999,full_coupled,0.6526746671114648,0.5645126082003117,0.5628811023065022,0.6525127233139105,0.7904533539499555,0.4958916883915663,0.7480395572526114,0.5690450650240695,0.1377786868384907,1.211098566837681,0.18515845494610916,1.3289477194871004
split_tinyimagenet,adam,resnet18,1e-05,rms_layerwise,5,0.03,,0.9,0.999,full_coupled,0.508515050049339,0.7015564790793827,0.42206010935561994,0.7772998907736369,0.7231601859842027,0.6101388652409827,0.6880072849137442,0.6735947319439479,0.21464513593486378,1.4221018353616826,0.26594717555812425,1.6301168237959256
split_tinyimagenet,adam,resnet18,1e-05,rms_layerwise,5,0.1,,0.9,0.999,full_coupled,0.37073246304477964,0.8249137231281825,0.29202063009142876,0.892098583493914,0.6630939551762172,0.7152991188423974,0.6335294204098838,0.7725063119615827,0.29236149213143753,1.7886050488546616,0.34150879031845505,2.1694680276921945
split_tinyimagenet,adam,resnet18,1e-05,rms_layerwise,10,0.001,,0.9,0.999,full_coupled,0.9601516485214233,0.18302577352650196,0.9008633204868861,0.2913558973065976,0.9774940746171135,0.1431606454004525,0.9471819162368774,0.22504835294093936,0.017342426095690144,1.018062173951788,0.04631859574999131,1.051415786053935
split_tinyimagenet,adam,resnet18,1e-05,rms_layerwise,10,0.003,,0.9,0.999,full_coupled,0.8527887114456723,0.3564252092636057,0.767377564736775,0.457478163178478,0.9239615440368653,0.27624233180124846,0.8878391640526907,0.35064715186932255,0.071172832591193,1.0834589290828425,0.12046159931591571,1.1569782657865901
split_tinyimagenet,adam,resnet18,1e-05,rms_layerwise,10,0.01,,0.9,0.999,full_coupled,0.703841313294002,0.5286196266966207,0.6229847744107246,0.6155805268457957,0.8629408206258502,0.4026060798338481,0.8351959960801262,0.4627383176769529,0.1590995073318482,1.2260445704547478,0.21221122166940154,1.3406362890170633
split_tinyimagenet,adam,resnet18,1e-05,rms_layerwise,10,0.03,,0.9,0.999,full_coupled,0.5725083721535547,0.6676358095237187,0.48619631230831145,0.7514742919376918,0.818304261139461,0.49985803812742235,0.7934694085802352,0.5579393561397279,0.24579588898590632,1.4293315188759903,0.30727309627192373,1.6319938849661055
split_tinyimagenet,adam,resnet18,1e-05,rms_layerwise,10,0.1,,0.9,0.999,full_coupled,0.4312724713768278,0.8027391280446734,0.35365650036505286,0.8710430068629129,0.7760718464851379,0.5969167002609799,0.7559268270220075,0.6458825298718044,0.34479937510831016,1.7994931232395748,0.40227032665695467,2.1374605761288747
split_tinyimagenet,adam,resnet18,1e-05,rms_layerwise,20,0.001,,0.9,0.999,full_coupled,0.9696636353220258,0.16110940600878423,0.9230619158063614,0.2587391268262373,0.9917772037642342,0.09834226331108112,0.9814936195101056,0.15565136259953888,0.022113568442208353,1.0228054014161978,0.058431703703744176,1.063302041502492
split_tinyimagenet,adam,resnet18,1e-05,rms_layerwise,20,0.003,,0.9,0.999,full_coupled,0.8798386199133736,0.325590691609042,0.806760642358235,0.4243546970986894,0.9744321482522146,0.19603025052430373,0.9652762515204294,0.25209665021726063,0.09459352833884094,1.1075123621513163,0.15851560916219443,1.1964840633509821
split_tinyimagenet,adam,resnet18,1e-05,rms_layerwise,20,0.01,,0.9,0.999,full_coupled,0.7498436800071171,0.497088825436575,0.6757757161344801,0.5857475115784576,0.9576151830809456,0.2918483263679913,0.9497182318142482,0.3379336836082595,0.20777150307382852,1.2770864229619918,0.27394251567976813,1.4053749034468905
split_tinyimagenet,adam,resnet18,1e-05,rms_layerwise,20,0.03,,0.9,0.999,full_coupled,0.6263387820550373,0.6411665213959558,0.5416048162749837,0.7263946260724748,0.9443704639162336,0.36775092663509507,0.9387665152549743,0.4116366160767419,0.31803168186119624,1.5077630365115253,0.39716169897999065,1.733305330834325
split_tinyimagenet,adam,resnet18,1e-05,rms_layerwise,20,0.1,,0.9,0.999,full_coupled,0.48855347526924947,0.7763351640530995,0.4170433789491653,0.8433898644787924,0.9359531879425049,0.44051875472068786,0.9337076715060644,0.47750556468963634,0.44739971267325546,1.915764057203127,0.516664292556899,2.238874224208405
split_tinyimagenet,adam,resnet18,1e-05,rms_random_layerwise,1,0.001,,0.9,0.999,full_coupled,0.5020523980259896,0.8453334331512451,0.3191257745027542,0.936143085360527,0.5020523980259896,0.8453334331512451,0.3191257745027542,0.936143085360527,0.0,1.0,0.0,1.0
split_tinyimagenet,adam,resnet18,1e-05,rms_random_layerwise,1,0.003,,0.9,0.999,full_coupled,0.2326708696782589,0.9655561029911042,0.12753288820385927,0.9895449191331863,0.2326708696782589,0.9655561029911042,0.12753288820385927,0.9895449191331863,0.0,1.0,0.0,1.0
split_tinyimagenet,adam,resnet18,1e-05,rms_random_layerwise,1,0.01,,0.9,0.999,full_coupled,0.07971882522106169,0.9959175497293472,0.04149631876498457,0.9988853931427002,0.07971882522106169,0.9959175497293472,0.04149631876498457,0.9988853931427002,0.0,1.0,0.0,1.0
split_tinyimagenet,adam,resnet18,1e-05,rms_random_layerwise,1,0.03,,0.9,0.999,full_coupled,0.028738852497190187,0.9994781851768494,0.0144382312893867,0.999862077832222,0.028738852497190187,0.9994781851768494,0.0144382312893867,0.999862077832222,0.0,1.0,0.0,1.0
split_tinyimagenet,adam,resnet18,1e-05,rms_random_layerwise,1,0.1,,0.9,0.999,full_coupled,0.018956875614821855,0.9998788595199585,0.004418768815230525,0.9999870628118515,0.018956875614821855,0.9998788595199585,0.004418768815230525,0.9999870628118515,0.0,1.0,0.0,1.0
split_tinyimagenet,adam,resnet18,1e-05,rms_random_layerwise,5,0.001,,0.9,0.999,full_coupled,0.9543488562107086,0.275876372680068,0.8632705926895141,0.46882142648100855,0.9670935064554215,0.24529291391372682,0.9022361427545548,0.41986681073904036,0.01274465024471283,1.0133542888030653,0.038965550065040655,1.045137122004404
split_tinyimagenet,adam,resnet18,1e-05,rms_random_layerwise,5,0.003,,0.9,0.999,full_coupled,0.7701684087514877,0.601101316511631,0.5669956743717194,0.7925598934292793,0.8398502558469773,0.5373020187020302,0.7134121835231781,0.7113955453038215,0.06968184709548952,1.0904761170462056,0.14641650915145876,1.2582321449166274
split_tinyimagenet,adam,resnet18,1e-05,rms_random_layerwise,5,0.01,,0.9,0.999,full_coupled,0.42241438627243044,0.8879344373941421,0.27125811129808425,0.9548949122428894,0.6371069818735122,0.7959763973951339,0.5677176058292389,0.8574245899915696,0.21469259560108178,1.5082511452690408,0.29645949453115467,2.092905547091186
split_tinyimagenet,adam,resnet18,1e-05,rms_random_layerwise,5,0.03,,0.9,0.999,full_coupled,0.21152606159448623,0.9729432791471482,0.1431462779641151,0.9879597812891007,0.5475306957960129,0.87267564535141,0.527545802295208,0.8867322742938996,0.33600463420152665,2.588478656808146,0.38439952433109287,3.685361644034201
split_tinyimagenet,adam,resnet18,1e-05,rms_random_layerwise,5,0.1,,0.9,0.999,full_coupled,0.11233948674052949,0.9927273154258728,0.08410099353641268,0.995965650677681,0.521549278497696,0.8908050209283829,0.5162806004285813,0.8941464394330978,0.40920979175716643,4.642617601612497,0.4321796068921686,6.138816900005474
split_tinyimagenet,adam,resnet18,1e-05,rms_random_layerwise,10,0.001,,0.9,0.999,full_coupled,0.9646019697189331,0.24381975941359996,0.8907189160585404,0.42224505767226217,0.980473330616951,0.18726050816476345,0.9395888715982437,0.3288245517760515,0.015871360898017883,1.016453792752095,0.0488699555397033,1.054865743455808
split_tinyimagenet,adam,resnet18,1e-05,rms_random_layerwise,10,0.003,,0.9,0.999,full_coupled,0.8145335018634796,0.5454384699463845,0.6345185399055481,0.7429451674222947,0.9003377974033355,0.42468680888414384,0.8124089509248733,0.5845582231879234,0.08580429553985591,1.1053416407594703,0.17789041101932523,1.2803549460442958
split_tinyimagenet,adam,resnet18,1e-05,rms_random_layerwise,10,0.01,,0.9,0.999,full_coupled,0.5047104150056839,0.8422152698040009,0.3559106305241585,0.9243429094552994,0.7584553807973862,0.6619551330804825,0.7032481700181961,0.7287573993206025,0.25374496579170225,1.5027535756099755,0.34733753949403756,1.9759122366828574
split_tinyimagenet,adam,resnet18,1e-05,rms_random_layerwise,10,0.03,,0.9,0.999,full_coupled,0.2946516424417496,0.9488184571266174,0.21850143037736416,0.9724640369415283,0.6862119615077973,0.7463968455791473,0.666469183564186,0.7660473495721817,0.3915603190660477,2.3288923687009695,0.4479677531868219,3.050182245549407
split_tinyimagenet,adam,resnet18,1e-05,rms_random_layerwise,10,0.1,,0.9,0.999,full_coupled,0.17994184456765647,0.9814651548862457,0.1466535028070211,0.9878521621227264,0.6585634469985961,0.7733822673559189,0.6522208154201508,0.779200354218483,0.47862160243093965,3.659868267889087,0.5055673126131297,4.447359271591332
split_tinyimagenet,adam,resnet18,1e-05,rms_random_layerwise,20,0.001,,0.9,0.999,full_coupled,0.972596499323845,0.21357544045895333,0.912639445066452,0.37946068570017816,0.9941229432821274,0.124821076542139,0.9795488566160202,0.22648290768265725,0.021526443958282404,1.0221329646705986,0.0669094115495682,1.0733141789030347
split_tinyimagenet,adam,resnet18,1e-05,rms_random_layerwise,20,0.003,,0.9,0.999,full_coupled,0.8499586433172226,0.49416014105081557,0.6962337851524353,0.6891947865486145,0.9684628814458847,0.29294191747903825,0.937475648522377,0.4147310830652714,0.11850423812866206,1.1394235343806414,0.2412418633699417,1.3464954854454867
split_tinyimagenet,adam,resnet18,1e-05,rms_random_layerwise,20,0.01,,0.9,0.999,full_coupled,0.5820983946323395,0.7902051329612731,0.4421225361526012,0.8842603117227554,0.9179342597723007,0.47703693211078646,0.8962832957506179,0.5357564643025399,0.3358358651399612,1.576940029790117,0.4541607595980167,2.0272282511318545
split_tinyimagenet,adam,resnet18,1e-05,rms_random_layerwise,20,0.03,,0.9,0.999,full_coupled,0.3809707581996918,0.9152957379817963,0.3000761106610298,0.9489032715559006,0.892870518565178,0.5517963200807572,0.8843591123819351,0.5727220371365547,0.5118997603654862,2.3436720518511973,0.5842830017209053,2.947116018112217
split_tinyimagenet,adam,resnet18,1e-05,rms_random_layerwise,20,0.1,,0.9,0.999,full_coupled,0.25740201584994793,0.9628866463899612,0.2209193907678127,0.9731703966856002,0.8809027910232544,0.5810793876647949,0.8775485217571258,0.5880012139678001,0.6235007751733065,3.4222839635287676,0.6566291309893131,3.9722566620665427
split_tinyimagenet,adam,resnet18,0.0001,m,1,1e-06,,0.9,0.999,full_coupled,0.9710666179656983,0.2386737018823623,0.9416002690792084,0.33653444647789,0.9710666179656983,0.2386737018823623,0.9416002690792084,0.33653444647789,0.0,1.0,0.0,1.0
split_tinyimagenet,adam,resnet18,0.0001,m,1,3e-06,,0.9,0.999,full_coupled,0.9118580669164658,0.4102638840675354,0.8231993764638901,0.5674002856016159,0.9118580669164658,0.4102638840675354,0.8231993764638901,0.5674002856016159,0.0,1.0,0.0,1.0
split_tinyimagenet,adam,resnet18,0.0001,m,1,1e-05,,0.9,0.999,full_coupled,0.7132946163415909,0.7004634499549866,0.5080504342913628,0.8610014349222184,0.7132946163415909,0.7004634499549866,0.5080504342913628,0.8610014349222184,0.0,1.0,0.0,1.0
split_tinyimagenet,adam,resnet18,0.0001,m,1,3e-05,,0.9,0.999,full_coupled,0.3836382806301117,0.9232667297124862,0.21588317751884456,0.9763392329216003,0.3836382806301117,0.9232667297124862,0.21588317751884456,0.9763392329216003,0.0,1.0,0.0,1.0
split_tinyimagenet,adam,resnet18,0.0001,m,1,0.0001,,0.9,0.999,full_coupled,0.13541245311498637,0.9907564729452133,0.07040794081985949,0.9975091099739075,0.13541245311498637,0.9907564729452133,0.07040794081985949,0.9975091099739075,0.0,1.0,0.0,1.0
split_tinyimagenet,adam,resnet18,0.0001,m,1,0.0003,,0.9,0.999,full_coupled,0.04779548645019527,0.9988530248403549,0.024735479243099635,0.9996929377317428,0.04779548645019527,0.9988530248403549,0.024735479243099635,0.9996929377317428,0.0,1.0,0.0,1.0
split_tinyimagenet,adam,resnet18,0.0001,m,1,0.001,,0.9,0.999,full_coupled,0.015295791532844258,0.9998826295137405,0.008032674179412372,0.9999676287174225,0.015295791532844258,0.9998826295137405,0.008032674179412372,0.9999676287174225,0.0,1.0,0.0,1.0
split_tinyimagenet,adam,resnet18,0.0001,m,1,0.003,,0.9,0.999,full_coupled,0.005485063767991916,0.9999849021434783,0.00279970031697298,0.9999960601329804,0.005485063767991916,0.9999849021434783,0.00279970031697298,0.9999960601329804,0.0,1.0,0.0,1.0
split_tinyimagenet,adam,resnet18,0.0001,m,1,0.01,,0.9,0.999,full_coupled,0.0016870671068317702,0.999998590350151,0.000845223243231825,0.9999996393918991,0.0016870671068317702,0.999998590350151,0.000845223243231825,0.9999996393918991,0.0,1.0,0.0,1.0
split_tinyimagenet,adam,resnet18,0.0001,m,5,1e-06,,0.9,0.999,full_coupled,0.9999990850687027,0.00132300283876243,0.9999968469142914,0.002481870719930105,0.9999991029500961,0.00131836694781663,0.9999968916177749,0.00247138342820103,1.7881393366003806e-08,1.0000000178814097,4.470348358154297e-08,1.0000000447036246
split_tinyimagenet,adam,resnet18,0.0001,m,5,3e-06,,0.9,0.999,full_coupled,0.999993497133255,0.00356274032965297,0.9999767929315567,0.00674002955202008,0.9999934792518616,0.0035650043049826746,0.9999767899513244,0.006739915814250661,-1.788139347702611e-08,0.9999999821184903,-2.9802322831784522e-09,0.9999999970196985
split_tinyimagenet,adam,resnet18,0.0001,m,5,1e-05,,0.9,0.999,full_coupled,0.9999409079551697,0.010802958835847625,0.9997894048690796,0.020379989687353318,0.9999409139156341,0.010804057726636479,0.9997895002365113,0.02038009893149133,5.960464455334602e-09,1.0000000059608167,9.536743161842054e-08,1.0000000953875197
split_tinyimagenet,adam,resnet18,0.0001,m,5,3e-05,,0.9,0.999,full_coupled,0.9995233297348023,0.03064903430640692,0.9982840597629548,0.058212801627814725,0.9995239794254303,0.03063098732382054,0.9982873350381851,0.05816427748650307,6.4969062796294e-07,1.000000650000464,3.275275230363306e-06,1.0000032809050674
split_tinyimagenet,adam,resnet18,0.0001,m,5,0.0001,,0.9,0.999,full_coupled,0.9955493330955505,0.09379013553261753,0.983471342921257,0.1803068190813064,0.9955555230379105,0.09373559691011903,0.9834969937801361,0.18019050583243368,6.189942360013134e-06,1.000006217614893,2.565085887906715e-05,1.0000260819586293
split_tinyimagenet,adam,resnet18,0.0001,m,5,0.0003,,0.9,0.999,full_coupled,0.9643315970897675,0.2632684148848057,0.8791605234146118,0.4748534694314003,0.9643858402967453,0.2631040312349796,0.8793596535921097,0.4745472282171249,5.424320697788865e-05,1.0000562495381689,0.00019913017749784157,1.0002265003627828
split_tinyimagenet,adam,resnet18,0.0001,m,5,0.001,,0.9,0.999,full_coupled,0.7495998114347457,0.6600958168506622,0.49995010644197463,0.86499804854393,0.7500459909439087,0.6596752375364303,0.5010928839445115,0.8644521504640579,0.00044617950916292504,1.0005952236144628,0.0011427775025368292,1.0022857830967768
split_tinyimagenet,adam,resnet18,0.0001,m,5,0.003,,0.9,0.999,full_coupled,0.3628236472606659,0.9312276303768158,0.19321495294570923,0.9809558540582657,0.364633147418499,0.9306434214115142,0.19694027006626125,0.9803423643112182,0.0018095001578330994,1.0049872718371442,0.0037253171205520186,1.0192806874610723
split_tinyimagenet,adam,resnet18,0.0001,m,5,0.01,,0.9,0.999,full_coupled,0.11927737332880492,0.992802619934082,0.06210345979779954,0.9980507105588913,0.12534441947937008,0.9921827852725983,0.07313525229692455,0.9974273085594177,0.006067046150565164,1.0508650214306823,0.01103179249912501,1.1776357152249333
split_tinyimagenet,adam,resnet18,0.0001,m,10,1e-06,,0.9,0.999,full_coupled,0.9999996274709702,0.0008516644267728656,0.999998614192009,0.0016428792238002102,0.9999996423721313,0.0008371075684407949,0.9999986708164215,0.00162343019328541,1.4901161193847656e-08,1.0000000149011667,5.662441249221217e-08,1.0000000566244909
split_tinyimagenet,adam,resnet18,0.0001,m,10,3e-06,,0.9,0.999,full_coupled,0.9999969393014908,0.00244838430662635,0.9999887526035309,0.0047002234263345145,0.9999969393014908,0.00245207266416395,0.9999887406826019,0.0047001985716633,0.0,1.0,-1.1920929021691506e-08,0.9999999880789369
split_tinyimagenet,adam,resnet18,0.0001,m,10,1e-05,,0.9,0.999,full_coupled,0.9999709218740463,0.007578560058027451,0.9998940497636795,0.014451629528775767,0.9999709218740463,0.0075758840888737996,0.9998939871788025,0.01445997860282654,0.0,1.0,-6.258487694754677e-08,0.9999999374084915
split_tinyimagenet,adam,resnet18,0.0001,m,10,3e-05,,0.9,0.999,full_coupled,0.9997601807117462,0.021730553824454508,0.9991259545087814,0.04153723679482931,0.9997608810663223,0.021703535784035877,0.9991299420595169,0.04145289100706573,7.003545761108398e-07,1.0000007005225748,3.987550735495837e-06,1.0000039910390852
split_tinyimagenet,adam,resnet18,0.0001,m,10,0.0001,,0.9,0.999,full_coupled,0.9976473540067673,0.06816247329115863,0.9912489265203476,0.13138038776814934,0.9976543396711349,0.0680752987042069,0.9912771701812744,0.13119806610047818,6.985664367631372e-06,1.0000070021379193,2.8243660926796643e-05,1.0000284930053098
split_tinyimagenet,adam,resnet18,0.0001,m,10,0.0003,,0.9,0.999,full_coupled,0.9807922393083572,0.1936767645180225,0.9289453804492951,0.36840673834085463,0.9808580785989761,0.19339644163846967,0.9292064726352691,0.3678517073392868,6.583929061887428e-05,1.0000671286822838,0.0002610921859740323,1.0002810630113126
split_tinyimagenet,adam,resnet18,0.0001,m,10,0.001,,0.9,0.999,full_coupled,0.8409493446350098,0.5388808250427246,0.622394523024559,0.7810658156871796,0.8415270298719406,0.5381218239665031,0.6240067273378372,0.7799894124269485,0.0005776852369308028,1.0006869441549795,0.0016122043132782427,1.002590325354156
split_tinyimagenet,adam,resnet18,0.0001,m,10,0.003,,0.9,0.999,full_coupled,0.46987726241350175,0.8816778123378753,0.2602554000914097,0.9651500463485718,0.4725428238511086,0.8804867744445801,0.26594105288386344,0.9638522863388062,0.0026655614376068226,1.0056728887537891,0.005685652792453755,1.021846435426342
split_tinyimagenet,adam,resnet18,0.0001,m,10,0.01,,0.9,0.999,full_coupled,0.161569219827652,0.9867284953594208,0.08515825420618053,0.9963260948657989,0.1709623113274574,0.9854017823934555,0.1020693991333246,0.9949863374233245,0.009393091499805412,1.058136639576679,0.016911144927144073,1.198584917983402
split_tinyimagenet,adam,resnet18,0.0001,m,20,1e-06,,0.9,0.999,full_coupled,0.9999998420476913,0.0005172563680389084,0.999999389052391,0.00112494601926296,1.0000000536441802,0.00019760232946736396,0.9999994814395905,0.0010474445596628077,2.1159648888602334e-07,1.0000002115965223,9.238719944626439e-08,1.0000000923872558
split_tinyimagenet,adam,resnet18,0.0001,m,20,3e-06,,0.9,0.999,full_coupled,0.9999987095594406,0.0015832339966436349,0.999994558095932,0.00325918374583119,0.9999987572431565,0.001519327712958285,0.9999933540821075,0.0035907256969948754,4.768371586472142e-08,1.0000000476837774,-1.2040138244184817e-06,0.9999987959796234
split_tinyimagenet,adam,resnet18,0.0001,m,20,1e-05,,0.9,0.999,full_coupled,0.9999862670898437,0.00519247148185964,0.9999480098485947,0.010111568216234396,0.9999875456094742,0.005033631599508185,0.9999454259872437,0.01038363208062942,1.2785196304987423e-06,1.0000012785371886,-2.583861350990979e-06,0.9999974160043067
split_tinyimagenet,adam,resnet18,0.0001,m,20,3e-05,,0.9,0.999,full_coupled,0.9998856127262116,0.015036144061014006,0.9995781511068345,0.028862877003848507,0.9998902261257172,0.014747524866834224,0.9995957016944885,0.02827415997162457,4.613399505637439e-06,1.0000046139272802,1.755058765406936e-05,1.0000175579944746
split_tinyimagenet,adam,resnet18,0.0001,m,20,0.0001,,0.9,0.999,full_coupled,0.9988383829593659,0.04787590019404884,0.9956313043832778,0.09291168041527267,0.9988599181175232,0.047473439760506095,0.9957387238740921,0.09187347181141373,2.153515815728202e-05,1.0000215602028564,0.0001074194908142756,1.0001078908330236
split_tinyimagenet,adam,resnet18,0.0001,m,20,0.0003,,0.9,0.999,full_coupled,0.9902992159128189,0.13736797794699668,0.9623477846384049,0.26977290362119677,0.9905056565999985,0.1360548365861177,0.963251331448555,0.2669510044157505,0.00020644068717956543,1.000208462941162,0.0009035468101501465,1.000938898415493
split_tinyimagenet,adam,resnet18,0.0001,m,20,0.001,,0.9,0.999,full_coupled,0.9117620855569839,0.4075226500630379,0.7497708618640899,0.6586159497499466,0.9139546930789948,0.4031440317630768,0.756295707821846,0.6519866019487381,0.002192607522010892,1.0024048022578955,0.0065248459577560425,1.008702453362263
split_tinyimagenet,adam,resnet18,0.0001,m,20,0.003,,0.9,0.999,full_coupled,0.5924844920635224,0.8043832212686539,0.3551116302609444,0.9339882463216782,0.6041002362966538,0.7966451734304428,0.3803695604205132,0.9250174075365066,0.011615744233131386,1.019605144756913,0.025257930159568787,1.0711267331374326
split_tinyimagenet,adam,resnet18,0.0001,m,20,0.01,,0.9,0.999,full_coupled,0.2240689970552921,0.9742254167795181,0.11788199022412296,0.9929473638534546,0.26547026038169863,0.9647739112377167,0.18495501130819317,0.9833689421415329,0.041401263326406534,1.184770155043762,0.0670730210840702,1.5689844645186912
split_tinyimagenet,adam,resnet18,0.0001,rms_global,1,0.001,,0.9,0.999,full_coupled,0.02358126603066918,0.9997209787368775,0.01184864807873958,0.9999296069145203,0.02358126603066918,0.9997209787368775,0.01184864807873958,0.9999296069145203,0.0,1.0,0.0,1.0
split_tinyimagenet,adam,resnet18,0.0001,rms_global,1,0.003,,0.9,0.999,full_coupled,0.00799640100449318,0.9999683022499084,0.00396267892792816,0.9999921560287476,0.00799640100449318,0.9999683022499084,0.00396267892792816,0.9999921560287476,0.0,1.0,0.0,1.0
split_tinyimagenet,adam,resnet18,0.0001,rms_global,1,0.01,,0.9,0.999,full_coupled,0.00422897590324278,0.999995481967926,0.0011897406307979802,0.9999992966651916,0.00422897590324278,0.999995481967926,0.0011897406307979802,0.9999992966651916,0.0,1.0,0.0,1.0
split_tinyimagenet,adam,resnet18,0.0001,rms_global,1,0.03,,0.9,0.999,full_coupled,0.010549008101224859,0.999985146522522,0.00041126128053288,0.9999999880790711,0.010549008101224859,0.999985146522522,0.00041126128053288,0.9999999880790711,0.0,1.0,0.0,1.0
split_tinyimagenet,adam,resnet18,0.0001,rms_global,1,0.1,,0.9,0.999,full_coupled,0.03551204055547711,0.9998456597328186,0.0012599181849509001,0.9999992251396179,0.03551204055547711,0.9998456597328186,0.0012599181849509001,0.9999992251396179,0.0,1.0,0.0,1.0
split_tinyimagenet,adam,resnet18,0.0001,rms_global,5,0.001,,0.9,0.999,full_coupled,0.9121186852455139,0.41220539808273315,0.8219801306724548,0.5728284358978272,0.9976163983345032,0.1851906955242157,0.9894713640213013,0.267218679189682,0.08549771308898935,1.0937352939611977,0.16749123334884652,1.2037655499188569
split_tinyimagenet,adam,resnet18,0.0001,rms_global,5,0.003,,0.9,0.999,full_coupled,0.7546302914619446,0.6585308313369751,0.6354636788368225,0.775549054145813,0.9887949705123902,0.30030158162117004,0.9807128667831421,0.3575024664402008,0.23416467905044558,1.310303842424346,0.34524918794631954,1.5433027873100114
split_tinyimagenet,adam,resnet18,0.0001,rms_global,5,0.01,,0.9,0.999,full_coupled,0.5461798310279846,0.8406993389129639,0.4537683308124542,0.8948134660720826,0.9794796943664551,0.3818443119525909,0.976618492603302,0.4062675654888153,0.4332998633384705,1.7933282020373058,0.5228501617908479,2.1522403091787066
split_tinyimagenet,adam,resnet18,0.0001,rms_global,5,0.03,,0.9,0.999,full_coupled,0.412258917093277,0.9161768913269043,0.3625746011734009,0.936868679523468,0.9784420132637024,0.41629391312599184,0.9770635366439819,0.4243992567062378,0.5661830961704254,2.3733677373492004,0.614488935470581,2.6947931087337866
split_tinyimagenet,adam,resnet18,0.0001,rms_global,5,0.1,,0.9,0.999,full_coupled,0.34084790349006655,0.9475668787956237,0.31526330709457395,0.9540277361869812,0.9802104830741882,0.4321792185306549,0.97491295337677,0.4334073901176453,0.6393625795841217,2.875800241214495,0.659649646282196,3.0923768527376123
split_tinyimagenet,adam,resnet18,0.0001,rms_global,10,0.001,,0.9,0.999,full_coupled,0.9528189659118652,0.3118372201919556,0.895632803440094,0.4556488931179047,1.2316848516464234,0.034841380128636926,1.4245509147644042,0.05762386023998254,0.27886588573455817,1.2926745748261617,0.5289181113243102,1.5905524108683318
split_tinyimagenet,adam,resnet18,0.0001,rms_global,10,0.003,,0.9,0.999,full_coupled,0.8526295304298401,0.5351521849632264,0.7571177124977112,0.6681890368461609,1.5592548608779908,0.06481933631002898,1.7773327350616455,0.08326426148414609,0.7066253304481507,1.8287600947763518,1.0202150225639341,2.3474985536902473
split_tinyimagenet,adam,resnet18,0.0001,rms_global,10,0.01,,0.9,0.999,full_coupled,0.6806106567382812,0.7490108489990235,0.5911343693733215,0.8246204495429993,1.9262556314468384,0.0848311465233564,2.064022254943848,0.0936348848044872,1.2456449747085572,2.8301872919212188,1.4728878855705263,3.4916295886026334
split_tinyimagenet,adam,resnet18,0.0001,rms_global,10,0.03,,0.9,0.999,full_coupled,0.5521493434906006,0.855749535560608,0.5001463770866394,0.8879379987716675,2.146894907951355,0.09819693677127354,2.2021218061447145,0.1013049747794866,1.5947455644607544,3.8882504041008645,1.701975429058075,4.402954628947048
split_tinyimagenet,adam,resnet18,0.0001,rms_global,10,0.1,,0.9,0.999,full_coupled,0.47841363549232485,0.906014621257782,0.45025634765625,0.9160285949707031,2.2721545696258545,0.10625068470835682,2.2586113691329954,0.10442004613578315,1.7937409341335298,4.749351609277672,1.8083550214767454,5.016278795157245
split_tinyimagenet,adam,resnet18,0.0001,rms_global,20,0.001,,0.9,0.999,full_coupled,0.9739946484565735,0.23874769508838653,0.9413321971893313,0.3570427238941193,16.64173469543457,-0.0133296305313706,24.923497200012207,-0.013708664756268219,15.667740046977999,17.086063790807945,23.982165002822875,26.476834930781948
split_tinyimagenet,adam,resnet18,0.0001,rms_global,20,0.003,,0.9,0.999,full_coupled,0.914352548122406,0.42929609417915343,0.8471623063087463,0.5631680846214294,30.23598289489746,-0.019644004013389317,39.4596508026123,-0.02313963547348974,29.321630346775056,33.06818902291692,38.612488496303556,46.57861959716527
split_tinyimagenet,adam,resnet18,0.0001,rms_global,20,0.01,,0.9,0.999,full_coupled,0.7873328924179077,0.6515991687774658,0.7091904163360596,0.743969464302063,45.23145217895508,-0.03709894577041264,51.405905151367186,-0.04147347435355182,44.44411928653717,57.44895534600213,50.69671473503113,72.4853353447007
split_tinyimagenet,adam,resnet18,0.0001,rms_global,20,0.03,,0.9,0.999,full_coupled,0.6831899881362915,0.7756975650787353,0.6305322051048279,0.82345130443573,54.581538391113284,-0.0445540158078074,57.66913833618164,-0.04741751402616496,53.89834840297699,79.89218129499969,57.03860613107681,91.46105126635676
split_tinyimagenet,adam,resnet18,0.0001,rms_global,20,0.1,,0.9,0.999,full_coupled,0.6095299482345581,0.8506703615188599,0.5801316142082215,0.8659669518470764,60.73506965637207,-0.047669620439410185,60.762044525146486,-0.05131135843694205,60.12553970813751,99.64247012355186,60.181912910938266,104.73837839035214
split_tinyimagenet,adam,resnet18,0.0001,rms_layerwise,1,0.001,,0.9,0.999,full_coupled,0.09177065550216604,0.9873134630067006,0.049508586020341895,0.9962086507252284,0.09177065486354483,0.9873134561947413,0.049508585913905036,0.9962086422102792,-6.386212114684042e-10,0.9999999930411174,-1.0643685932620883e-10,0.9999999978501333
split_tinyimagenet,adam,resnet18,0.0001,rms_layerwise,1,0.003,,0.9,0.999,full_coupled,0.032089180978281104,0.9984501719474792,0.01598863342244705,0.9996198262487137,0.03208918087184424,0.9984501821654183,0.01598863387480373,0.9996198279517037,-1.0643686626510274e-10,0.9999999966830918,4.5235667989196315e-10,1.0000000282923918
split_tinyimagenet,adam,resnet18,0.0001,rms_layerwise,1,0.01,,0.9,0.999,full_coupled,0.0110238579035337,0.9998548337391444,0.004944394319318186,0.9999624133110047,0.01102385777048762,0.9998548320361547,0.00494439457210574,0.9999624082020352,-1.3304608109665494e-10,0.999999987931078,2.5278755391017205e-10,1.000000051126091
split_tinyimagenet,adam,resnet18,0.0001,rms_layerwise,1,0.03,,0.9,0.999,full_coupled,0.012049696754131952,0.9999717933791024,0.0015765988417634428,0.9999963113239835,0.012049696514649004,0.9999718035970415,0.0015765980634438598,0.9999963147299631,-2.394829473617577e-10,0.9999999801253964,-7.783195830456807e-10,0.9999995063299791
split_tinyimagenet,adam,resnet18,0.0001,rms_layerwise,1,0.1,,0.9,0.999,full_coupled,0.036840569015060096,0.9998744709151131,0.001479940332605317,0.9999989867210388,0.036840568908623236,0.9998744709151131,0.0014799402660822772,0.9999989833150591,-1.0643685932620883e-10,0.9999999971108791,-6.652303989780617e-11,0.9999999550501879
split_tinyimagenet,adam,resnet18,0.0001,rms_layerwise,5,0.001,,0.9,0.999,full_coupled,0.9540615388325282,0.19126354018725186,0.9094333035605295,0.27489111950354916,0.9802598084722247,0.1366634147324865,0.9658569369997299,0.1961699082482872,0.026198269639696514,1.0274597272538153,0.056423633439200316,1.062042629424605
split_tinyimagenet,adam,resnet18,0.0001,rms_layerwise,5,0.003,,0.9,0.999,full_coupled,0.8763849888529096,0.32930479732209017,0.8199404980455126,0.41835481508501937,0.9577331372669764,0.23130358903269682,0.9474979502814156,0.2929706034915788,0.08134814841406679,1.09282238907417,0.12755745223590298,1.1555691572009932
split_tinyimagenet,adam,resnet18,0.0001,rms_layerwise,5,0.01,,0.9,0.999,full_coupled,0.7721451256956373,0.4904368358531169,0.692090364439147,0.5878815181553364,0.9405376178877696,0.34168179647198743,0.9258200509207588,0.4073530662272658,0.16839249219213226,1.2180839930063987,0.23372968648161185,1.3377155621448662
split_tinyimagenet,adam,resnet18,0.0001,rms_layerwise,5,0.03,,0.9,0.999,full_coupled,0.6452139100858143,0.63629890446152,0.5577294822250093,0.7148153505155019,0.9203167183058601,0.44050373541457316,0.9061464939798627,0.4941306007759912,0.27510280822004585,1.4263745773606413,0.3484170117548534,1.6247061036918409
split_tinyimagenet,adam,resnet18,0.0001,rms_layerwise,5,0.1,,0.9,0.999,full_coupled,0.502618112734386,0.7620271508182799,0.4355713556919779,0.8265427078519549,0.9088342513356891,0.525520925436701,0.8956755638122559,0.5712421442781176,0.4062161386013031,1.8082003579046753,0.46010420812027797,2.0563233833164385
split_tinyimagenet,adam,resnet18,0.0001,rms_layerwise,10,0.001,,0.9,0.999,full_coupled,0.9729052475520543,0.1493745608785892,0.9384703142302377,0.22828698129659247,1.095278194972447,0.06998233821276308,1.198506772518158,0.10623722667473232,0.12237294742039273,1.1257809511545935,0.2600364582879202,1.2770854382338244
split_tinyimagenet,adam,resnet18,0.0001,rms_layerwise,10,0.003,,0.9,0.999,full_coupled,0.9111744574138096,0.27934679338442425,0.8618864468165807,0.36507608414228476,1.2716151356697083,0.12816819031390228,1.4148947511400496,0.16433133719921375,0.36044067825589865,1.395578119341645,0.5530083043234689,1.64162547904777
split_tinyimagenet,adam,resnet18,0.0001,rms_layerwise,10,0.01,,0.9,0.999,full_coupled,0.8220688896519798,0.43174482631896216,0.7550532264368874,0.5287710698587554,1.5301178182874409,0.19204483267718125,1.685114766870226,0.23123099758688886,0.7080489286354611,1.8613012091179018,0.9300615404333386,2.2317827510284527
split_tinyimagenet,adam,resnet18,0.0001,rms_layerwise,10,0.03,,0.9,0.999,full_coupled,0.7120579391717909,0.5804528499288218,0.6290401995182038,0.6666916745049613,1.7863795263426643,0.24831594782216207,1.9199109980038234,0.2832462952605316,1.0743215871708733,2.5087558582949563,1.2908707984856196,3.0521276692242036
split_tinyimagenet,adam,resnet18,0.0001,rms_layerwise,10,0.1,,0.9,0.999,full_coupled,0.576356760944639,0.7162932259695871,0.5129758455923626,0.7804363174097878,2.0354565654482157,0.30347911289760043,2.1037888390677315,0.33253542269979197,1.4590998045035768,3.5315913742594724,1.5908129934753688,4.1011460035479175
split_tinyimagenet,adam,resnet18,0.0001,rms_layerwise,20,0.001,,0.9,0.999,full_coupled,0.9852212820734296,0.11320856131247374,0.9623185430254255,0.18273639940058012,7.409058441434587,0.023806533024513278,12.070173011507306,0.037956165485749274,6.423837159361157,7.520197316324701,11.10785446848188,12.5428041462861
split_tinyimagenet,adam,resnet18,0.0001,rms_layerwise,20,0.003,,0.9,0.999,full_coupled,0.9419207760265895,0.22873430532137196,0.8988016877855574,0.31299112396580825,15.070863492148263,0.04836348785153988,20.731498636518204,0.06342429441075571,14.128942716121673,16.000139157906023,19.832696948732647,23.065709508841593
split_tinyimagenet,adam,resnet18,0.0001,rms_layerwise,20,0.01,,0.9,0.999,full_coupled,0.8642500494207654,0.3754828383880002,0.8077512502670288,0.4682715754956007,25.020364972523282,0.07306046147194653,30.772501618521556,0.08638945055925949,24.156114923102518,28.950377254004604,29.964750368254528,38.096507567581845
split_tinyimagenet,adam,resnet18,0.0001,rms_layerwise,20,0.03,,0.9,0.999,full_coupled,0.7714712934834617,0.5198381281324795,0.6979101521628244,0.6115180868123259,34.23816268103463,0.08764985337121675,38.92194778578622,0.09531685905032124,33.466691387551165,44.380345672276924,38.2240376336234,55.76928156893414
split_tinyimagenet,adam,resnet18,0.0001,rms_layerwise,20,0.1,,0.9,0.999,full_coupled,0.6546782097646169,0.6612538516521453,0.5961141509669168,0.7270405845982688,42.18393495764052,0.09980741681398023,44.55005837849208,0.10414555504518956,41.5292567478759,64.434609749433,43.95394422752516,74.7341063892384
split_tinyimagenet,adam,resnet18,0.0001,rms_random_layerwise,1,0.001,,0.9,0.999,full_coupled,0.07990325335413212,0.9959487318992615,0.041534092463552906,0.9988982915878296,0.07990325335413212,0.9959487318992615,0.041534092463552906,0.9988982915878296,0.0,1.0,0.0,1.0
split_tinyimagenet,adam,resnet18,0.0001,rms_random_layerwise,1,0.003,,0.9,0.999,full_coupled,0.02816562852822238,0.9994894862174988,0.014474483951926177,0.9998633354902268,0.02816562852822238,0.9994894862174988,0.014474483951926177,0.9998633354902268,0.0,1.0,0.0,1.0
split_tinyimagenet,adam,resnet18,0.0001,rms_random_layerwise,1,0.01,,0.9,0.999,full_coupled,0.008954761782661035,0.9999494761228561,0.00438638965133573,0.9999873161315918,0.008954761829227161,0.9999494761228561,0.00438638965133573,0.9999873161315918,4.6566125955216364e-11,1.0000000052001523,0.0,1.0
split_tinyimagenet,adam,resnet18,0.0001,rms_random_layerwise,1,0.03,,0.9,0.999,full_coupled,0.005908906366676055,0.9999882847070694,0.00146989643690171,0.9999985754489898,0.0059089063433929905,0.9999882847070694,0.00146989643690171,0.9999985754489898,-2.3283064712331658e-11,0.9999999960596659,0.0,1.0
split_tinyimagenet,adam,resnet18,0.0001,rms_random_layerwise,1,0.1,,0.9,0.999,full_coupled,0.01583286426030094,0.9999318242073059,0.000626741259475175,0.99999980032444,0.01583286426030094,0.9999318242073059,0.00062674125365441,0.99999980032444,0.0,1.0,-5.820764985460525e-12,0.9999999907126507
split_tinyimagenet,adam,resnet18,0.0001,rms_random_layerwise,5,0.001,,0.9,0.999,full_coupled,0.968546736240387,0.23075038455426694,0.9089061915874481,0.39207301288843155,0.9901770949363708,0.16119325757026667,0.9704684466123581,0.2752364456653595,0.021630358695983842,1.02233279808463,0.06156225502490997,1.067732242991313
split_tinyimagenet,adam,resnet18,0.0001,rms_random_layerwise,5,0.003,,0.9,0.999,full_coupled,0.8558374613523483,0.49028661102056503,0.7319151580333709,0.6578127965331078,0.9540368735790252,0.3459276832640171,0.9193670272827148,0.46341944187879563,0.09819941222667694,1.11474072666965,0.18745186924934387,1.25611147301966
split_tinyimagenet,adam,resnet18,0.0001,rms_random_layerwise,5,0.01,,0.9,0.999,full_coupled,0.6361872643232346,0.7515129417181015,0.5107887268066407,0.8462525963783264,0.8949772119522095,0.528611247241497,0.8683805197477341,0.5951072812080384,0.2587899476289749,1.4067826599834112,0.35759179294109344,1.7000776919582643
split_tinyimagenet,adam,resnet18,0.0001,rms_random_layerwise,5,0.03,,0.9,0.999,full_coupled,0.4471379093825817,0.8840748846530915,0.35584861487150193,0.9279445946216583,0.8562485009431839,0.6214244902133942,0.8419174879789353,0.6522124454379081,0.40911059156060225,1.9149539392119794,0.48606887310743335,2.3659428554554145
split_tinyimagenet,adam,resnet18,0.0001,rms_random_layerwise,5,0.1,,0.9,0.999,full_coupled,0.3036176927387714,0.948252609372139,0.2547460485249758,0.9639601200819016,0.8353903979063034,0.6662762507796287,0.8282749056816101,0.6778047770261765,0.5317727051675321,2.7514549312679946,0.5735288571566344,3.251374890709657
split_tinyimagenet,adam,resnet18,0.0001,rms_random_layerwise,10,0.001,,0.9,0.999,full_coupled,0.9808085530996322,0.1816390112042427,0.9406302541494369,0.31933203116059306,1.1136487513780593,0.08410977181047197,1.2930869162082672,0.14201679620891808,0.13284019827842708,1.1354394778253254,0.3524566620588303,1.3747026639894107
split_tinyimagenet,adam,resnet18,0.0001,rms_random_layerwise,10,0.003,,0.9,0.999,full_coupled,0.9024458348751068,0.40860584154725077,0.8028820186853409,0.5750295042991638,1.43132903277874,0.18317933976650233,1.720733216404915,0.2537181068211794,0.5288831979036333,1.5860553370239971,0.917851197719574,2.1431956082694272
split_tinyimagenet,adam,resnet18,0.0001,rms_random_layerwise,10,0.01,,0.9,0.999,full_coupled,0.7215024396777153,0.6709456533193588,0.6038014069199562,0.7814240038394928,1.9030895978212357,0.2969780504703522,2.1293241292238236,0.34355376809835436,1.1815871581435204,2.6376759012364785,1.5255227223038674,3.5265305857528424
split_tinyimagenet,adam,resnet18,0.0001,rms_random_layerwise,10,0.03,,0.9,0.999,full_coupled,0.5413908913731575,0.8282587885856628,0.4474316254258156,0.8863163948059082,2.2245051085948946,0.36659061089158057,2.3543273568153382,0.39023539423942566,1.683114217221737,4.1088705850827445,1.9068957313895227,5.261870692700257
split_tinyimagenet,adam,resnet18,0.0001,rms_random_layerwise,10,0.1,,0.9,0.999,full_coupled,0.3911282867193222,0.914757889509201,0.33948305025696757,0.9370727002620697,2.413918223977089,0.40223119631409643,2.462700891494751,0.4125898167490959,2.022789937257767,6.171678975776412,2.1232178412377833,7.254267597839242
split_tinyimagenet,adam,resnet18,0.0001,rms_random_layerwise,20,0.001,,0.9,0.999,full_coupled,0.9897298008203507,0.13467950019985434,0.96484534740448,0.25018005780875685,10.215211284160613,0.029622411727905223,18.385460329055785,0.04668963155709203,9.225481483340262,10.321212189118283,17.420614981651305,19.055344339395234
split_tinyimagenet,adam,resnet18,0.0001,rms_random_layerwise,20,0.003,,0.9,0.999,full_coupled,0.9374945819377899,0.33005734346807003,0.8617749601602555,0.4896904245018959,23.972969627380373,0.06295390839222814,35.47387735843658,0.09069260805845258,23.03547504544258,25.57131538598179,34.61210239827633,41.16373647226866
split_tinyimagenet,adam,resnet18,0.0001,rms_random_layerwise,20,0.01,,0.9,0.999,full_coupled,0.7945886045694351,0.5887096002697945,0.6827436149120331,0.7156216949224472,42.626347827911374,0.1105802456848323,51.98385791778564,0.1324213413521647,41.83175922334194,53.64580813616044,51.30111430287361,76.13964712725056
split_tinyimagenet,adam,resnet18,0.0001,rms_random_layerwise,20,0.03,,0.9,0.999,full_coupled,0.6235835909843445,0.7700012683868408,0.5294979393482209,0.8407490134239197,56.16490154266357,0.14550826530903574,61.48365769386292,0.15743268914520736,55.541317951679225,90.06795937976122,60.9541597545147,116.11689701672019
split_tinyimagenet,adam,resnet18,0.0001,rms_random_layerwise,20,0.1,,0.9,0.999,full_coupled,0.47273493409156797,0.8763230234384537,0.41984370201826093,0.9048709362745285,63.94695734977722,0.16448746100068087,66.1157395362854,0.17095103859901425,63.47422241568565,135.2702174901904,65.69589583426715,157.47703066273394
split_tinyimagenet,adam,smallcnn,1e-05,m,1,1e-06,,0.9,0.999,full_coupled,0.0015599425823892951,0.9999987423419953,0.0013671138469362153,0.9999990344047547,0.0015599425823892951,0.9999987423419953,0.0013671138469362153,0.9999990344047547,0.0,1.0,0.0,1.0
split_tinyimagenet,adam,smallcnn,1e-05,m,1,3e-06,,0.9,0.999,full_coupled,0.000658586333156495,0.9999997735023498,0.000535018638765855,0.999999874830246,0.000658586333156495,0.9999997735023498,0.000535018638765855,0.999999874830246,0.0,1.0,0.0,1.0
split_tinyimagenet,adam,smallcnn,1e-05,m,1,1e-05,,0.9,0.999,full_coupled,0.00028535041565187004,0.9999999672174453,0.000210873399919315,1.0,0.00028535041565187004,0.9999999672174453,0.000210873399919315,1.0,0.0,1.0,0.0,1.0
split_tinyimagenet,adam,smallcnn,1e-05,m,1,3e-05,,0.9,0.999,full_coupled,0.00014088493589948652,1.0000000029802323,9.559177160551055e-05,0.9999999970197677,0.00014088493589948652,1.0000000029802323,9.559177160551055e-05,0.9999999970197677,0.0,1.0,0.0,1.0
split_tinyimagenet,adam,smallcnn,1e-05,m,1,0.0001,,0.9,0.999,full_coupled,6.203525426826673e-05,0.9999999850988388,3.809508489212021e-05,1.0000000059604646,6.203525426826673e-05,0.9999999850988388,3.809508489212021e-05,1.0000000059604646,0.0,1.0,0.0,1.0
split_tinyimagenet,adam,smallcnn,1e-05,m,1,0.0003,,0.9,0.999,full_coupled,2.6125625026907073e-05,1.0,1.4655550057796062e-05,1.0000000178813935,2.6125625026907073e-05,1.0,1.4655550057796062e-05,1.0000000178813935,0.0,1.0,0.0,1.0
split_tinyimagenet,adam,smallcnn,1e-05,m,1,0.001,,0.9,0.999,full_coupled,8.854703219185467e-06,0.9999999880790711,4.670375403748039e-06,1.0000000178813935,8.854703219185467e-06,0.9999999880790711,4.670375403748039e-06,1.0000000178813935,0.0,1.0,0.0,1.0
split_tinyimagenet,adam,smallcnn,1e-05,m,1,0.003,,0.9,0.999,full_coupled,3.0667758380786837e-06,0.9999999880790711,1.5891498662767845e-06,1.0000000238418578,3.0667758380786837e-06,0.9999999880790711,1.5891498662767845e-06,1.0000000238418578,0.0,1.0,0.0,1.0
split_tinyimagenet,adam,smallcnn,1e-05,m,1,0.01,,0.9,0.999,full_coupled,9.34343373160118e-07,0.9999999850988388,4.849864438938312e-07,1.0000000298023224,9.34343373160118e-07,0.9999999850988388,4.849864438938312e-07,1.0000000298023224,0.0,1.0,0.0,1.0
split_tinyimagenet,adam,smallcnn,1e-05,m,5,1e-06,,0.9,0.999,full_coupled,0.000927906576543985,0.9999995559453965,0.000826218712609205,0.9999996542930603,0.0012501084042014052,0.9999989598989487,0.001164622957003255,0.999999025464058,0.0003222018276574202,1.3472352021229015,0.00033840424439404997,1.4095819172690567
split_tinyimagenet,adam,smallcnn,1e-05,m,5,3e-06,,0.9,0.999,full_coupled,0.00038550704193762,0.9999999105930328,0.00030906736355968,0.9999999612569809,0.0008439117998931999,0.9999993473291398,0.000797893709386655,0.9999993473291398,0.0004584047579555799,2.1890956794240757,0.0004888263458269751,2.5816174836350334
split_tinyimagenet,adam,smallcnn,1e-05,m,5,1e-05,,0.9,0.999,full_coupled,0.0001715945079922235,1.0000000208616258,0.0001224451571033212,1.00000002682209,0.000736281041463325,0.9999994188547134,0.0007219003266072351,0.9999994069337845,0.0005646865334711015,4.290819386228216,0.0005994551695039139,5.895703380069854
split_tinyimagenet,adam,smallcnn,1e-05,m,5,3e-05,,0.9,0.999,full_coupled,9.112150710278806e-05,1.0000000506639481,5.832765054947231e-05,1.0000000149011612,0.000715719252184455,0.9999993979930878,0.0007100948176229751,0.9999993860721588,0.000624597745081667,7.85455898328262,0.0006517671670735027,12.174240020531725
split_tinyimagenet,adam,smallcnn,1e-05,m,5,0.0001,,0.9,0.999,full_coupled,3.9733393623464505e-05,0.9999999850988388,2.4219873739639298e-05,1.000000011920929,0.000707558151043435,0.9999993860721588,0.0007063052151351749,0.9999993979930878,0.0006678247574199705,17.807644565894503,0.0006820853413955357,29.162217058927318
split_tinyimagenet,adam,smallcnn,1e-05,m,5,0.0003,,0.9,0.999,full_coupled,1.720180875963706e-05,1.00000002682209,1.56536710619508e-05,1.00000002682209,0.000706055895716385,0.9999994039535522,0.0007064204182824499,0.9999993920326233,0.0006888540869567479,41.04544502163632,0.0006907667472204991,45.128099056555364
split_tinyimagenet,adam,smallcnn,1e-05,m,5,0.001,,0.9,0.999,full_coupled,0.00036611884347620877,0.999999362230301,0.00018538710537540883,0.9999998569488525,0.0006718953241942901,0.99999960064888,0.0006641151732764701,0.9999996691942215,0.0003057764807180813,1.8351836737350322,0.0004787280679010612,3.582315889401461
split_tinyimagenet,adam,smallcnn,1e-05,m,5,0.003,,0.9,0.999,full_coupled,0.007110721373658156,0.9998985260725022,0.014130189517425121,0.999745836853981,0.007310790066549035,0.9998988807201385,0.014370721882733004,0.9997456550598145,0.00020006869289087865,1.0281362019938003,0.0002405323653078828,1.017022585932854
split_tinyimagenet,adam,smallcnn,1e-05,m,5,0.01,,0.9,0.999,full_coupled,0.1269168736755091,0.9908136695623397,0.11353788732085372,0.9939089328050613,0.12687810212664768,0.9908149063587188,0.11344985347241161,0.9939085125923157,-3.8771548861421534e-05,0.9996945122603591,-8.803384844210949e-05,0.9992246302047763
split_tinyimagenet,adam,smallcnn,1e-05,m,10,1e-06,,0.9,0.999,full_coupled,0.0010848463687579551,0.9999993056058883,0.0008816078334347701,0.9999995797872543,0.0020845490158534897,0.9999949336051941,0.0019226212607463202,0.9999951839447021,0.0009997026470955346,1.9215154107397696,0.0010410134273115502,2.1808123610423595
split_tinyimagenet,adam,smallcnn,1e-05,m,10,3e-06,,0.9,0.999,full_coupled,0.000500326595647445,0.9999998688697815,0.0016589148493948748,0.9999827772378922,0.001720795879373275,0.9999954611063003,0.002894502689014135,0.9999783754348754,0.0012204692837258298,3.4393452083963036,0.0012355878396192602,1.744816914545052
split_tinyimagenet,adam,smallcnn,1e-05,m,10,1e-05,,0.9,0.999,full_coupled,0.00023178872870625503,0.9999999612569809,0.0001535123512439467,0.9999999821186065,0.0016098206862806802,0.9999956101179123,0.00159335151547561,0.9999956071376801,0.0013780319575744252,6.945206935928277,0.0014398391642316633,10.379305004218278
split_tinyimagenet,adam,smallcnn,1e-05,m,10,3e-05,,0.9,0.999,full_coupled,0.00012139451337131492,1.0000000089406966,0.00020117648546146257,0.9999998360872269,0.0015886525448876852,0.9999956369400025,0.0016630122117930548,0.9999954283237458,0.0014672580315163702,13.086691488505755,0.0014618357263315922,8.266434359753351
split_tinyimagenet,adam,smallcnn,1e-05,m,10,0.0001,,0.9,0.999,full_coupled,5.47220467524312e-05,1.0000000089406966,7.065579156914699e-05,1.000000011920929,0.00158126183087001,0.999995619058609,0.001592068438185335,0.9999955981969834,0.0015265397841175787,28.896247942329705,0.001521412646616188,22.532737979833744
split_tinyimagenet,adam,smallcnn,1e-05,m,10,0.0003,,0.9,0.999,full_coupled,2.683830884961935e-05,1.0000000029802323,3.719516387263402e-05,1.0000000059604646,0.0015793863247381048,0.9999956309795379,0.00158310001424974,0.9999956250190735,0.0015525480158884854,58.84820588315517,0.001545904850377106,42.56198519976116
split_tinyimagenet,adam,smallcnn,1e-05,m,10,0.001,,0.9,0.999,full_coupled,0.002014524956575757,0.9999898612499237,0.0025238612074531125,0.9999885648488999,0.002414966284413775,0.9999931395053864,0.00319668780139176,0.9999880284070969,0.00040044132783801766,1.1987770499099095,0.0006728265939386475,1.2665862100307856
split_tinyimagenet,adam,smallcnn,1e-05,m,10,0.003,,0.9,0.999,full_coupled,0.038662082250812045,0.9984744668006897,0.041020242284321246,0.9987222731113434,0.03878184527857224,0.9984787195920944,0.04113268827204588,0.9987218171358109,0.00011976302776019188,1.0030976869528976,0.00011244598772463393,1.002741231681306
split_tinyimagenet,adam,smallcnn,1e-05,m,10,0.01,,0.9,0.999,full_coupled,0.2537840731441975,0.974767678976059,0.2216025367379188,0.9832916259765625,0.2535210890695453,0.9747756510972977,0.22133437246084214,0.9832921177148819,-0.000262984074652195,0.9989637487041877,-0.0002681642770766546,0.9987898862484873
split_tinyimagenet,adam,smallcnn,1e-05,m,20,1e-06,,0.9,0.999,full_coupled,0.003919861052418075,0.9999850511550903,0.0026077935443026548,0.9999950945377349,0.005575779068749361,0.999975323677063,0.0043223460670560095,0.9999853372573853,0.0016559180163312854,1.422443039227063,0.0017145525227533548,1.657472492981357
split_tinyimagenet,adam,smallcnn,1e-05,m,20,3e-06,,0.9,0.999,full_coupled,0.0016197778633795148,0.9999984592199326,0.004570371950103391,0.9998657941818238,0.0035655405081342446,0.9999887526035309,0.00670608620857815,0.9998559892177582,0.0019457626447547298,2.201252769744043,0.0021357142584747593,1.4672955028149175
split_tinyimagenet,adam,smallcnn,1e-05,m,20,1e-05,,0.9,0.999,full_coupled,0.0007227472204248799,0.9999996542930603,0.00039645571087017494,0.9999998778104782,0.003067994501907325,0.9999899834394455,0.00296662435866887,0.9999901980161667,0.002345247281482445,4.24490667719725,0.002570168647798695,7.482864484805803
split_tinyimagenet,adam,smallcnn,1e-05,m,20,3e-05,,0.9,0.999,full_coupled,0.00026218489074376005,0.9999999672174453,0.0005070519226137057,0.9999986618757248,0.0029419929836876245,0.9999902248382568,0.0031939669046550543,0.9999889135360718,0.0026798080929438645,11.221062263892655,0.0026869149820413487,6.29909238523558
split_tinyimagenet,adam,smallcnn,1e-05,m,20,0.0001,,0.9,0.999,full_coupled,0.00011562670970302934,0.9999999970197677,0.00017505549913038155,0.9999998837709427,0.002927527984138515,0.9999902367591857,0.0029669642564840045,0.9999901324510574,0.002811901274435486,25.318786564604768,0.002791908757353623,16.948706388676232
split_tinyimagenet,adam,smallcnn,1e-05,m,20,0.0003,,0.9,0.999,full_coupled,0.00017477793635406203,0.9999999076128006,0.00024361816635972935,0.9999998211860657,0.0028609618253539796,0.9999907046556473,0.00294025384355332,0.9999903947114944,0.0026861838889999175,16.369124644876766,0.0026966356771935904,12.069107519722925
split_tinyimagenet,adam,smallcnn,1e-05,m,20,0.001,,0.9,0.999,full_coupled,0.007249525794304615,0.9999223321676254,0.00884474854469767,0.9999034494161606,0.00789884880650784,0.9999283671379089,0.009653603588230855,0.9999023228883743,0.0006493230122032248,1.0895676531992406,0.0008088550435331847,1.0914503153419872
split_tinyimagenet,adam,smallcnn,1e-05,m,20,0.003,,0.9,0.999,full_coupled,0.08039957945147759,0.9955112189054489,0.07378068363759663,0.9968322843313218,0.08033505199709903,0.9955185115337372,0.07362868544878433,0.9968318402767181,-6.452745437855734e-05,0.9991974155235787,-0.00015199818881229954,0.997939864727211
split_tinyimagenet,adam,smallcnn,1e-05,m,20,0.01,,0.9,0.999,full_coupled,0.3645887516438961,0.9576744049787521,0.3226240079849958,0.9712258815765381,0.36403922401368616,0.9576937556266785,0.3220583118498325,0.971235328912735,-0.0005495276302099339,0.9984927466145563,-0.0005656961351632739,0.9982465776843564
split_tinyimagenet,adam,smallcnn,1e-05,rms_global,1,0.001,,0.9,0.999,full_coupled,0.44681965708732607,0.8941027998924256,0.24977272748947144,0.9680860280990601,0.44681965708732607,0.8941027998924256,0.24977272748947144,0.9680860280990601,0.0,1.0,0.0,1.0
split_tinyimagenet,adam,smallcnn,1e-05,rms_global,1,0.003,,0.9,0.999,full_coupled,0.17101226449012752,0.9851706027984619,0.08659540563821785,0.9962160229682923,0.17101226449012752,0.9851706027984619,0.08659540563821785,0.9962160229682923,0.0,1.0,0.0,1.0
split_tinyimagenet,adam,smallcnn,1e-05,rms_global,1,0.01,,0.9,0.999,full_coupled,0.05260320976376529,0.998616623878479,0.02604920566081994,0.9996583223342895,0.05260320976376529,0.998616623878479,0.02604920566081994,0.9996583223342895,0.0,1.0,0.0,1.0
split_tinyimagenet,adam,smallcnn,1e-05,rms_global,1,0.03,,0.9,0.999,full_coupled,0.022657069563865623,0.9998417973518372,0.00867069922387596,0.9999621868133545,0.022657069563865623,0.9998417973518372,0.008670699410140462,0.9999621868133545,0.0,1.0,1.8626450208614198e-10,1.0000000214820624
split_tinyimagenet,adam,smallcnn,1e-05,rms_global,1,0.1,,0.9,0.999,full_coupled,0.04821741357445712,0.9999707698822021,0.002960508223623,0.9999963998794555,0.04821741357445712,0.9999707698822021,0.00296050817705686,0.9999963998794555,0.0,1.0,-4.656613983300417e-11,0.9999999842708966
split_tinyimagenet,adam,smallcnn,1e-05,rms_global,5,0.001,,0.9,0.999,full_coupled,0.20320572257041927,0.9786038398742676,0.11174159198999398,0.9936354637145997,0.603570556640625,0.8450627803802491,0.5905945658683777,0.8554962754249573,0.40036483407020573,2.970243893753841,0.47885297387838366,5.285360225772182
split_tinyimagenet,adam,smallcnn,1e-05,rms_global,5,0.003,,0.9,0.999,full_coupled,0.0840263575315475,0.9964258670806885,0.04573926478624338,0.9989385485649109,0.5888674855232239,0.8578493475914002,0.5857128381729126,0.8601108074188233,0.5048411279916764,7.008128197180688,0.5399735733866693,12.805471205323629
split_tinyimagenet,adam,smallcnn,1e-05,rms_global,5,0.01,,0.9,0.999,full_coupled,0.029978809878230057,0.9995519399642945,0.01901401616632934,0.9998176693916321,0.5843361139297485,0.86061589717865,0.5843439817428588,0.8612648129463196,0.5543573040515184,19.491638137179034,0.5653299655765295,30.732275424149204
split_tinyimagenet,adam,smallcnn,1e-05,rms_global,5,0.03,,0.9,0.999,full_coupled,0.03096233792603012,0.9993136286735534,0.015675603412091697,0.9998106598854065,0.5827612757682801,0.8599883079528808,0.5847160696983338,0.8609286904335022,0.55179893784225,18.821617319742224,0.569040466286242,37.30102467681092
split_tinyimagenet,adam,smallcnn,1e-05,rms_global,5,0.1,,0.9,0.999,full_coupled,0.0436088271439075,0.9998378276824951,0.00799171607941384,0.9999614715576172,0.5745273470878601,0.8606131315231323,0.5845690608024597,0.8611973762512207,0.5309185199439527,13.174565442724276,0.5765773447230459,73.1468754637409
split_tinyimagenet,adam,smallcnn,1e-05,rms_global,10,0.001,,0.9,0.999,full_coupled,0.1954165339469909,0.9804075360298157,0.10996431261301039,0.9938662648200989,0.7377713561058045,0.7546986103057861,0.7310880780220032,0.7641025304794311,0.5423548221588136,3.775378373592144,0.6211237654089927,6.64841220437461
split_tinyimagenet,adam,smallcnn,1e-05,rms_global,10,0.003,,0.9,0.999,full_coupled,0.0860752239823341,0.9962607502937317,0.05150315687060349,0.9986682057380676,0.7303996443748474,0.7662292718887329,0.7284812092781067,0.7686087012290954,0.6443244203925133,8.485596790602056,0.6769780524075032,14.144399169711917
split_tinyimagenet,adam,smallcnn,1e-05,rms_global,10,0.01,,0.9,0.999,full_coupled,0.037590983137488314,0.999312424659729,0.02670853659510608,0.9996513485908508,0.727166223526001,0.7697171330451965,0.7274434208869934,0.7700444340705872,0.6895752403885127,19.34416614927054,0.7007348842918873,27.236363860545097
split_tinyimagenet,adam,smallcnn,1e-05,rms_global,10,0.03,,0.9,0.999,full_coupled,0.03621713221073144,0.9992193698883056,0.0233290866017341,0.9996920943260192,0.7261221289634705,0.7695305824279786,0.7275711059570312,0.7699772119522095,0.6899049967527391,20.0491337839365,0.7042420193552972,31.18729500120889
split_tinyimagenet,adam,smallcnn,1e-05,rms_global,10,0.1,,0.9,0.999,full_coupled,0.042718779295682865,0.9996945023536682,0.01584846097975964,0.9998797655105591,0.7209741115570069,0.7703389406204224,0.7274256348609924,0.770180594921112,0.678255332261324,16.87721707979301,0.7115771738812328,45.89881855342301
split_tinyimagenet,adam,smallcnn,1e-05,rms_global,20,0.001,,0.9,0.999,full_coupled,0.22492767572402955,0.9739555716514587,0.13918021768331523,0.9902575135231018,0.8147806644439697,0.6713045239448547,0.8083755493164062,0.6828753352165222,0.5898529887199402,3.622411790017553,0.669195331633091,5.808121030215298
split_tinyimagenet,adam,smallcnn,1e-05,rms_global,20,0.003,,0.9,0.999,full_coupled,0.11100350767374034,0.9938096642494202,0.07755936682224268,0.9970183372497559,0.8063801050186157,0.6869174122810364,0.8051579236984253,0.6883825063705444,0.6953765973448753,7.264456069160577,0.7275985568761827,10.381182269625233
split_tinyimagenet,adam,smallcnn,1e-05,rms_global,20,0.01,,0.9,0.999,full_coupled,0.0607654526829719,0.9982097983360291,0.0519482217729091,0.9986947298049926,0.8040822386741638,0.6896572113037109,0.8045333981513977,0.6891544103622437,0.743316785991192,13.232555723220822,0.7525851763784885,15.487217284710992
split_tinyimagenet,adam,smallcnn,1e-05,rms_global,20,0.03,,0.9,0.999,full_coupled,0.05834754332900042,0.9983066320419312,0.04975144192576404,0.9987770795822144,0.803599190711975,0.6895140409469604,0.8046115040779114,0.6892580270767212,0.7452516473829747,13.772631114574502,0.7548600621521473,16.172626821118104
split_tinyimagenet,adam,smallcnn,1e-05,rms_global,20,0.1,,0.9,0.999,full_coupled,0.05547337234020226,0.9989471077919007,0.04284419789910314,0.9991269707679749,0.8001489758491516,0.6912874817848206,0.8044129371643066,0.6894769072532654,0.7446756035089493,14.424018985939194,0.7615687392652035,18.77530626337494
split_tinyimagenet,adam,smallcnn,1e-05,rms_layerwise,1,0.001,,0.9,0.999,full_coupled,0.5467047393321992,0.8225732957323393,0.34344932859142624,0.9302174458901087,0.5467047363519669,0.8225732997059823,0.34344932859142624,0.9302174458901087,-2.9802322831784522e-09,0.9999999945487352,0.0,1.0
split_tinyimagenet,adam,smallcnn,1e-05,rms_layerwise,1,0.003,,0.9,0.999,full_coupled,0.2336005885154009,0.967609981695811,0.12136362244685488,0.9911600033442178,0.23360058826704821,0.9676099816958109,0.12136362294356026,0.9911600003639857,-2.4835267176115394e-10,0.9999999989368491,4.967053851556713e-10,1.000000004092704
split_tinyimagenet,adam,smallcnn,1e-05,rms_layerwise,1,0.01,,0.9,0.999,full_coupled,0.07276011829574898,0.996910830338796,0.03754765636598066,0.9991721371809643,0.0727601177990436,0.9969108353058498,0.03754765630389249,0.999172138174375,-4.967053851556713e-10,0.9999999931733841,-6.208816794028849e-11,0.999999998346417
split_tinyimagenet,adam,smallcnn,1e-05,rms_layerwise,1,0.03,,0.9,0.999,full_coupled,0.029394740859667406,0.9996000379323959,0.012591578943344403,0.9999024331569671,0.02939474098384375,0.9996000369389852,0.01259157880364602,0.9999024331569671,1.2417634281947088e-10,1.0000000042244408,-1.3969838306981952e-10,0.9999999889054119
split_tinyimagenet,adam,smallcnn,1e-05,rms_layerwise,1,0.1,,0.9,0.999,full_coupled,0.048393836803734255,0.9999530980984369,0.004124125966336523,0.9999910960594812,0.04839383698999877,0.9999530990918478,0.004124125873204264,0.9999910940726597,1.8626451769865326e-10,1.0000000038489305,-9.313225884932663e-11,0.9999999774176979
split_tinyimagenet,adam,smallcnn,1e-05,rms_layerwise,5,0.001,,0.9,0.999,full_coupled,0.43859766709307835,0.82757971038421,0.3238178420811892,0.8971072619160017,0.7025267352660498,0.7180652144054572,0.6622017020980516,0.7774529685576756,0.26392906817297146,1.6017566621414814,0.33838386001686244,2.044982135147517
split_tinyimagenet,adam,smallcnn,1e-05,rms_layerwise,5,0.003,,0.9,0.999,full_coupled,0.27250230479985477,0.9253432124853134,0.19148667668923736,0.957475968201955,0.6422146901488305,0.8047096997499465,0.6174925009409586,0.8335390741626421,0.3697123853489757,2.356731223321282,0.4260058242517213,3.224728276751514
split_tinyimagenet,adam,smallcnn,1e-05,rms_layerwise,5,0.01,,0.9,0.999,full_coupled,0.13966358353694278,0.9781975716352462,0.09322837445264057,0.9894456545511883,0.602508587638537,0.8498647640148798,0.5926711608966191,0.8602117841442425,0.46284500410159424,4.313999199935793,0.49944278644397855,6.3571971985598905
split_tinyimagenet,adam,smallcnn,1e-05,rms_layerwise,5,0.03,,0.9,0.999,full_coupled,0.07198184964557484,0.9944457749525706,0.042108775450227114,0.9978702962398529,0.5865330780545871,0.8638628562291464,0.5853571648399035,0.8671017706394195,0.5145512284090122,8.148346853304913,0.5432483893896765,13.901073079928436
split_tinyimagenet,adam,smallcnn,1e-05,rms_layerwise,5,0.1,,0.9,0.999,full_coupled,0.05711195946981505,0.9989788919687271,0.018515061590975726,0.9996366123358408,0.5766717046499252,0.8677623470624288,0.5837581694126128,0.8686182012160618,0.5195597451801102,10.097214488932202,0.5652431078216371,31.5288267632411
split_tinyimagenet,adam,smallcnn,1e-05,rms_layerwise,10,0.001,,0.9,0.999,full_coupled,0.517787724112471,0.7487997201581796,0.39883293459812796,0.8416659553845722,0.8283967167139054,0.5807997857530911,0.8008587876955667,0.6511850823958715,0.3106089926014344,1.5998770888858802,0.40202585309743877,2.0080056540529383
split_tinyimagenet,adam,smallcnn,1e-05,rms_layerwise,10,0.003,,0.9,0.999,full_coupled,0.34672590450694163,0.8791484604279202,0.25117784828568496,0.9347190827131271,0.7879326641559601,0.6806670685609182,0.7655574589967727,0.7247086564699808,0.44120675964901845,2.2724943648973457,0.5143796107110878,3.0478701215962407
split_tinyimagenet,adam,smallcnn,1e-05,rms_layerwise,10,0.01,,0.9,0.999,full_coupled,0.17753152918691434,0.9676871816317242,0.11710055959410963,0.9839938322703045,0.7506755987803142,0.7494952072699864,0.7417275299628575,0.763228786488374,0.5731440695933998,4.2284072143036875,0.6246269703687479,6.334107475948969
split_tinyimagenet,adam,smallcnn,1e-05,rms_layerwise,10,0.03,,0.9,0.999,full_coupled,0.08513690686474239,0.9929601569970448,0.0524131012614816,0.9969239234924316,0.7362081090609232,0.7699282735586166,0.7351441731055577,0.7732606107989948,0.6510712021961808,8.647343862639293,0.6827310718440761,14.025962124203007
split_tinyimagenet,adam,smallcnn,1e-05,rms_layerwise,10,0.1,,0.9,0.999,full_coupled,0.056794563991328026,0.9987874696652094,0.023587680891311375,0.9994992305835086,0.7294040918350221,0.7750834013024965,0.733620461821556,0.7753812104463578,0.6726095278436941,12.842850452138252,0.7100327809302447,31.10184783328099
split_tinyimagenet,adam,smallcnn,1e-05,rms_layerwise,20,0.001,,0.9,0.999,full_coupled,0.6601218298077584,0.6061815336346627,0.5368161061157783,0.7326880047718685,0.9101321160793304,0.4216355499501029,0.8851908405621847,0.5079487231870493,0.25001028627157207,1.3787335533872291,0.3483747344464063,1.648964758094032
split_tinyimagenet,adam,smallcnn,1e-05,rms_layerwise,20,0.003,,0.9,0.999,full_coupled,0.4773154717559616,0.7913812575240929,0.33894426301121716,0.8985661387443542,0.8751155495643616,0.5467669223745665,0.8490054468313852,0.6203015513718129,0.39780007780839993,1.8334112371110909,0.5100611838201681,2.504852683708908
split_tinyimagenet,adam,smallcnn,1e-05,rms_layerwise,20,0.01,,0.9,0.999,full_coupled,0.2400709962161879,0.9506457388401032,0.15205971626564857,0.9809098035097122,0.8336722662051518,0.6556364342570306,0.823171826203664,0.6773427034417788,0.5936012699889639,3.4726071843114945,0.6711121099380155,5.413477326010405
split_tinyimagenet,adam,smallcnn,1e-05,rms_layerwise,20,0.03,,0.9,0.999,full_coupled,0.11316133057698603,0.9899193326632181,0.07673533249956863,0.9947554787000021,0.8191026399532954,0.6836526910463968,0.8178741286198298,0.687082160015901,0.7059413093763093,7.238361689252519,0.7411387961202611,10.658377333862827
split_tinyimagenet,adam,smallcnn,1e-05,rms_layerwise,20,0.1,,0.9,0.999,full_coupled,0.0717636053760846,0.9969999214013419,0.039013800715717126,0.9987878551085789,0.8139813105265299,0.6901428833603859,0.8160775363445282,0.6900944774349531,0.7422177051504453,11.342536460658248,0.777063735628811,20.917663015994304
split_tinyimagenet,adam,smallcnn,1e-05,rms_random_layerwise,1,0.001,,0.9,0.999,full_coupled,0.7385269641876221,0.66560497879982,0.5497059866786003,0.827615374326706,0.7385269641876221,0.66560497879982,0.5497059866786003,0.8276153802871704,0.0,1.0,0.0,1.0
split_tinyimagenet,adam,smallcnn,1e-05,rms_random_layerwise,1,0.003,,0.9,0.999,full_coupled,0.4291261613368988,0.8975605607032776,0.2517485283315182,0.965436315536499,0.4291261613368988,0.8975605607032776,0.2517485283315182,0.965436315536499,0.0,1.0,0.0,1.0
split_tinyimagenet,adam,smallcnn,1e-05,rms_random_layerwise,1,0.01,,0.9,0.999,full_coupled,0.16016959883272644,0.9860765874385834,0.08313408643007274,0.9962583035230637,0.16016959883272644,0.9860765874385834,0.08313408643007274,0.9962583035230637,0.0,1.0,0.0,1.0
split_tinyimagenet,adam,smallcnn,1e-05,rms_random_layerwise,1,0.03,,0.9,0.999,full_coupled,0.05644885934889312,0.9982874631881714,0.028298628982156467,0.9995661973953247,0.05644885934889312,0.9982874631881714,0.02829862879589195,0.9995661973953247,0.0,1.0,-1.8626451769865326e-10,0.999999993417896
split_tinyimagenet,adam,smallcnn,1e-05,rms_random_layerwise,1,0.1,,0.9,0.999,full_coupled,0.026688725035637573,0.9997519522905349,0.008561143674887665,0.9999602943658829,0.026688725035637573,0.9997519522905349,0.008561143698170735,0.9999602943658829,0.0,1.0,2.3283069916502086e-11,1.0000000027196214
split_tinyimagenet,adam,smallcnn,1e-05,rms_random_layerwise,5,0.001,,0.9,0.999,full_coupled,0.4371289566159248,0.8916044741868973,0.2757426016032696,0.9577198177576065,0.669953852891922,0.7810471653938293,0.610633060336113,0.8348252773284912,0.23282489627599717,1.5326229085312333,0.3348904587328434,2.2145038771146215
split_tinyimagenet,adam,smallcnn,1e-05,rms_random_layerwise,5,0.003,,0.9,0.999,full_coupled,0.20693151317536826,0.9763494610786438,0.13573763817548748,0.9850887477397918,0.5894031643867492,0.8528631120920181,0.5781727835536004,0.8596906781196594,0.38247165121138094,2.848300654367939,0.4424351453781129,4.259487577101597
split_tinyimagenet,adam,smallcnn,1e-05,rms_random_layerwise,5,0.01,,0.9,0.999,full_coupled,0.09062807820737358,0.993611878156662,0.043578168097883424,0.9989503622055054,0.570189343392849,0.8669327706098556,0.5652350232005119,0.8710738956928253,0.4795612651854754,6.291530778001843,0.5216568551026285,12.97060082771045
split_tinyimagenet,adam,smallcnn,1e-05,rms_random_layerwise,5,0.03,,0.9,0.999,full_coupled,0.036510870512574865,0.9990782380104065,0.020124808885157056,0.9997303426265717,0.5651876971125602,0.8713579535484314,0.5643251985311508,0.8717627465724945,0.5286768265999854,15.479984157537451,0.5442003896459937,28.041269944549178
split_tinyimagenet,adam,smallcnn,1e-05,rms_random_layerwise,5,0.1,,0.9,0.999,full_coupled,0.022526855859905444,0.9998129963874817,0.007800404820591153,0.9999679625034332,0.5652439683675766,0.8717671811580658,0.5641390234231949,0.871932715177536,0.5427171125076712,25.092004489345065,0.5563386186026037,72.321762318541
split_tinyimagenet,adam,smallcnn,1e-05,rms_random_layerwise,10,0.001,,0.9,0.999,full_coupled,0.4693427786231041,0.8682662397623062,0.2783128023147583,0.9543318420648574,0.7850003480911255,0.6860571026802063,0.7382881581783295,0.7489188015460968,0.3156575694680214,1.672552308984184,0.4599753558635712,2.6527279810267634
split_tinyimagenet,adam,smallcnn,1e-05,rms_random_layerwise,10,0.003,,0.9,0.999,full_coupled,0.21616717576980587,0.9741314589977265,0.14603587351739405,0.97748664021492,0.7239087104797364,0.7679819583892822,0.7185911267995835,0.7703757598996163,0.5077415347099306,3.348837342680644,0.5725552532821894,4.920647985263658
split_tinyimagenet,adam,smallcnn,1e-05,rms_random_layerwise,10,0.01,,0.9,0.999,full_coupled,0.1064025921747088,0.9886863380670547,0.04780487902462478,0.9987722545862198,0.713045647740364,0.7791496932506561,0.7083418786525726,0.7856683939695358,0.6066430555656552,6.70139357666749,0.6605369996279478,14.81735532240754
split_tinyimagenet,adam,smallcnn,1e-05,rms_random_layerwise,10,0.03,,0.9,0.999,full_coupled,0.04576928792521352,0.9982162296772004,0.02601386639289553,0.9994757324457169,0.7088360369205475,0.7851372241973877,0.708216381072998,0.7856287091970444,0.663066748995334,15.487154575766555,0.6822025146801025,27.224572094612363
split_tinyimagenet,adam,smallcnn,1e-05,rms_random_layerwise,10,0.1,,0.9,0.999,full_coupled,0.02506074346601958,0.9996993273496628,0.01197370185982431,0.9999239832162857,0.7085843741893768,0.7859294176101684,0.7079620242118836,0.786015972495079,0.6835236307233572,28.274674897421225,0.6959883223520593,59.1264115726255
split_tinyimagenet,adam,smallcnn,1e-05,rms_random_layerwise,20,0.001,,0.9,0.999,full_coupled,0.5312137112021447,0.8283776253461838,0.33845065012574194,0.9253892719745636,0.8531666994094849,0.5965131640434265,0.8154951184988022,0.6589182481169701,0.3219529882073402,1.6060705539372389,0.47704446837306025,2.4094949092159452
split_tinyimagenet,adam,smallcnn,1e-05,rms_random_layerwise,20,0.003,,0.9,0.999,full_coupled,0.24532869458198547,0.9658102691173553,0.16456369087100026,0.9785450458526611,0.7972574681043625,0.6939431011676789,0.7902328699827195,0.7017374157905578,0.551928773522377,3.2497522128946477,0.6256691791117193,4.801988007197618
split_tinyimagenet,adam,smallcnn,1e-05,rms_random_layerwise,20,0.01,,0.9,0.999,full_coupled,0.1252788014709949,0.9886689275503159,0.07045762790367002,0.9970907509326935,0.7859965711832047,0.7100197464227677,0.7828431725502014,0.7149425894021988,0.6607177697122097,6.273979012843462,0.7123855446465314,11.110836340112217
split_tinyimagenet,adam,smallcnn,1e-05,rms_random_layerwise,20,0.03,,0.9,0.999,full_coupled,0.058933915477246024,0.9978695154190064,0.040999495796859214,0.9990340650081635,0.782839658856392,0.7150686830282211,0.7822853744029998,0.7157157242298127,0.7239057433791459,13.283347161256254,0.7412858786061406,19.080365726422595
split_tinyimagenet,adam,smallcnn,1e-05,rms_random_layerwise,20,0.1,,0.9,0.999,full_coupled,0.03422826630994673,0.999407234787941,0.025322680966928558,0.9996452420949936,0.7824662446975708,0.7160296440124512,0.7819655418395997,0.7162585496902466,0.7482379783876241,22.8602359702392,0.7566428608726711,30.880045555241455
split_tinyimagenet,adam,smallcnn,0.0001,m,1,1e-06,,0.9,0.999,full_coupled,0.00028618800133693994,0.9999999523162841,0.00021119263692520002,0.9999999880790711,0.00028618800133693994,0.9999999523162841,0.00021119263692520002,0.9999999880790711,0.0,1.0,0.0,1.0
split_tinyimagenet,adam,smallcnn,0.0001,m,1,3e-06,,0.9,0.999,full_coupled,0.000140471048871359,1.0000000149011612,9.53718103118905e-05,1.0000000208616258,0.000140471048871359,1.0000000149011612,9.53718103118905e-05,1.0000000208616258,0.0,1.0,0.0,1.0
split_tinyimagenet,adam,smallcnn,0.0001,m,1,1e-05,,0.9,0.999,full_coupled,6.204402961884625e-05,1.00000002682209,3.801127686529071e-05,1.000000011920929,6.204402961884625e-05,1.00000002682209,3.801127686529071e-05,1.000000011920929,0.0,1.0,0.0,1.0
split_tinyimagenet,adam,smallcnn,0.0001,m,1,3e-05,,0.9,0.999,full_coupled,2.6129876687264186e-05,1.000000038743019,1.4674427984573412e-05,1.000000038743019,2.6129876687264186e-05,1.000000038743019,1.4674427984573412e-05,1.000000038743019,0.0,1.0,0.0,1.0
split_tinyimagenet,adam,smallcnn,0.0001,m,1,0.0001,,0.9,0.999,full_coupled,8.855402029439574e-06,0.9999999970197677,4.677153890497721e-06,1.0000000238418578,8.855402029439574e-06,0.9999999970197677,4.677153890497721e-06,1.0000000238418578,0.0,1.0,0.0,1.0
split_tinyimagenet,adam,smallcnn,0.0001,m,1,0.0003,,0.9,0.999,full_coupled,3.0675611810693226e-06,0.9999999970197677,1.5863965984408424e-06,1.0000000149011612,3.0675611810693226e-06,0.9999999970197677,1.5863965984408424e-06,1.0000000149011612,0.0,1.0,0.0,1.0
split_tinyimagenet,adam,smallcnn,0.0001,m,1,0.001,,0.9,0.999,full_coupled,9.340758538201043e-07,1.0,4.866677016934773e-07,1.0000000238418578,9.340758538201043e-07,1.0,4.866677016934773e-07,1.0000000238418578,0.0,1.0,0.0,1.0
split_tinyimagenet,adam,smallcnn,0.0001,m,1,0.003,,0.9,0.999,full_coupled,3.216062154365318e-07,1.0000000298023224,1.812628561026486e-07,1.0000000327825547,3.216062154365318e-07,1.0000000298023224,1.812628561026486e-07,1.0000000327825547,0.0,1.0,0.0,1.0
split_tinyimagenet,adam,smallcnn,0.0001,m,1,0.01,,0.9,0.999,full_coupled,1.2067125574333203e-07,1.0000000089406966,9.029966676621371e-08,1.0000000476837159,1.2067125574333203e-07,1.0000000089406966,9.029966676621371e-08,1.0000000476837159,0.0,1.0,0.0,1.0
split_tinyimagenet,adam,smallcnn,0.0001,m,5,1e-06,,0.9,0.999,full_coupled,0.0009348244588181251,0.9999993145465851,0.0005860235327417673,0.9999997943639756,0.002938912113313515,0.9999817550182343,0.002710292657138735,0.9999821871519089,0.00200408765449539,3.143811745179525,0.0021242691243969674,4.62488706632372
split_tinyimagenet,adam,smallcnn,0.0001,m,5,3e-06,,0.9,0.999,full_coupled,0.000550652250967635,0.9999998271465301,0.001301260839682019,0.9999897330999374,0.002643152938981015,0.9999822974205017,0.00329080929368495,0.9999722361564636,0.00209250068801338,4.800040196578381,0.001989548454002931,2.528939005410402
split_tinyimagenet,adam,smallcnn,0.0001,m,5,1e-05,,0.9,0.999,full_coupled,0.00032855396239023026,0.9999998658895493,0.0021682765818695285,0.9999705284833909,0.002591713742003735,0.9999823212623596,0.00430221849528603,0.9999530375003814,0.002263159779613505,7.888243754995424,0.0021339419134165016,1.9841649959511056
split_tinyimagenet,adam,smallcnn,0.0001,m,5,3e-05,,0.9,0.999,full_coupled,0.0001382961036142452,0.9999999940395355,0.0007232554920847097,0.9999968945980072,0.002493871645128775,0.9999824225902557,0.003009059654141255,0.9999793827533722,0.0023555755415145298,18.03284098361173,0.0022858041620565455,4.160438029261209
split_tinyimagenet,adam,smallcnn,0.0001,m,5,0.0001,,0.9,0.999,full_coupled,0.0004971132262653469,0.9999982714653015,0.0011163134233811265,0.9999952882528305,0.00288396424730304,0.9999806642532348,0.002366395456192495,0.9999911099672317,0.002386851021037693,5.801423287345106,0.0012500820328113687,2.1198306914782763
split_tinyimagenet,adam,smallcnn,0.0001,m,5,0.0003,,0.9,0.999,full_coupled,0.008693420804911471,0.9998915076255799,0.013933414815028263,0.9997567057609558,0.010444447639747455,0.9998736381530762,0.01440721061662766,0.9997544825077057,0.0017510268348359843,1.2014197718171788,0.00047379580159939705,1.0340042845123918
split_tinyimagenet,adam,smallcnn,0.0001,m,5,0.001,,0.9,0.999,full_coupled,0.1289432222023606,0.9907461613416672,0.12080958157312123,0.9931573390960693,0.12912503251573068,0.9907313734292984,0.12076485236175354,0.9931600660085678,0.00018181031337008435,1.0014100028699822,-4.472921136769448e-05,0.9996297544384705
split_tinyimagenet,adam,smallcnn,0.0001,m,5,0.003,,0.9,0.999,full_coupled,0.5156639739871025,0.9326006680727005,0.4832976095378399,0.9476186811923981,0.5155916795134544,0.9325767159461975,0.4831654131412506,0.9476167440414429,-7.22944736480935e-05,0.9998598031328636,-0.00013219639658929028,0.9997264699969948
split_tinyimagenet,adam,smallcnn,0.0001,m,5,0.01,,0.9,0.999,full_coupled,1.1953058987855911,0.8454458743333817,1.1716288387775422,0.8721497684717179,1.1950952351093291,0.845438101887703,1.1713962584733963,0.8721508115530014,-0.00021066367626199067,0.9998237575197478,-0.0002325803041458574,0.9998014897752188
split_tinyimagenet,adam,smallcnn,0.0001,m,10,1e-06,,0.9,0.999,full_coupled,0.017223021987592745,0.9983816862106323,0.00960877601173702,0.999573701620102,0.0203434250550344,0.9982808142900467,0.012796355853788511,0.9995010823011399,0.0031204030674416537,1.1811762807763675,0.0031875798420514904,1.3317363042033548
split_tinyimagenet,adam,smallcnn,0.0001,m,10,3e-06,,0.9,0.999,full_coupled,0.00624123953166413,0.9998145252466202,0.015953978046309162,0.9988563835620881,0.009946634084917555,0.9997519552707672,0.01972052557393903,0.998810088634491,0.0037053945532534247,1.5936952963357005,0.003766547527629869,1.2360882982724946
split_tinyimagenet,adam,smallcnn,0.0001,m,10,1e-05,,0.9,0.999,full_coupled,0.002398666205408465,0.9999820530414582,0.00920280220234412,0.9997266560792923,0.0065843741962452905,0.9999334067106247,0.012991218382376202,0.9996837049722671,0.004185707990836826,2.745014784215901,0.0037884161800320823,1.4116589813336533
split_tinyimagenet,adam,smallcnn,0.0001,m,10,3e-05,,0.9,0.999,full_coupled,0.003407241559762005,0.9999296694993973,0.0026836065513634404,0.9999754965305329,0.00798348112439266,0.9998831629753113,0.00692465623433232,0.9999300450086593,0.004576239564630655,2.343092200645235,0.00424104968296888,2.5803544975004478
split_tinyimagenet,adam,smallcnn,0.0001,m,10,0.0001,,0.9,0.999,full_coupled,0.00692092761491946,0.9999038130044937,0.006693909355271863,0.9999256074428559,0.010311989151523388,0.9998643815517425,0.00896054355252995,0.9999041885137558,0.003391061536603928,1.4899721143295601,0.0022666341972580875,1.3386114267401865
split_tinyimagenet,adam,smallcnn,0.0001,m,10,0.0003,,0.9,0.999,full_coupled,0.046945675127062665,0.9981984555721283,0.04765343618346374,0.9984826922416687,0.04794156569987531,0.9981643766164779,0.048087315284647006,0.9984658122062683,0.0009958905728126438,1.0212136809219843,0.0004338791011832682,1.0091048859417577
split_tinyimagenet,adam,smallcnn,0.0001,m,10,0.001,,0.9,0.999,full_coupled,0.265171093121171,0.9737038999795914,0.24732976965606207,0.9805094391107559,0.26515284217894075,0.9736771196126938,0.24722826071083545,0.9805030941963195,-1.825094223023571e-05,0.9999311729569939,-0.00010150894522661935,0.9995895805613381
split_tinyimagenet,adam,smallcnn,0.0001,m,10,0.003,,0.9,0.999,full_coupled,0.7549786835908889,0.8845567405223846,0.725623831152916,0.9064519315958023,0.7548339858651161,0.8845043033361435,0.725409522652626,0.9064290761947632,-0.00014469772577285767,0.9998083419718757,-0.000214308500289917,0.9997046561991364
split_tinyimagenet,adam,smallcnn,0.0001,m,10,0.01,,0.9,0.999,full_coupled,1.5970766484737395,0.7652277290821076,1.5993839383125306,0.8024722754955291,1.59672212600708,0.7651823401451111,1.5989928781986236,0.8024399101734161,-0.0003545224666594571,0.9997780178759746,-0.0003910601139069936,0.9997554932842957
split_tinyimagenet,adam,smallcnn,0.0001,m,20,1e-06,,0.9,0.999,full_coupled,0.09220881136134262,0.9532278791069985,0.07148152061272407,0.965171568095684,0.09631140986457465,0.9528885893523693,0.07731726842466738,0.9648492738604546,0.0041025985032320245,1.0444924779168336,0.0058357478119433065,1.0816399506043037
split_tinyimagenet,adam,smallcnn,0.0001,m,20,3e-06,,0.9,0.999,full_coupled,0.06264073608908799,0.9730335474014282,0.084073414967861,0.977460253238678,0.06892999438568946,0.9727249205112457,0.08914594548987222,0.977174910902977,0.0062892582966014715,1.1004020496766969,0.005072530522011218,1.0603345364756542
split_tinyimagenet,adam,smallcnn,0.0001,m,20,1e-05,,0.9,0.999,full_coupled,0.021318385662743772,0.9990792810916901,0.02982328276557377,0.9981773048639297,0.028040396474534594,0.9989241808652878,0.035678266035392835,0.9980313032865524,0.0067220108117908225,1.3153151893456114,0.005854983269819064,1.196322561665737
split_tinyimagenet,adam,smallcnn,0.0001,m,20,3e-05,,0.9,0.999,full_coupled,0.021892097433737878,0.9989097267389297,0.015669966959103426,0.9996343672275543,0.027907737740315457,0.9987829625606537,0.021741614677011918,0.9995015591382981,0.0060156403065775785,1.2747859278803906,0.0060716477179084925,1.387470358664744
split_tinyimagenet,adam,smallcnn,0.0001,m,20,0.0001,,0.9,0.999,full_coupled,0.029275319213047567,0.999197718501091,0.0217682932503521,0.9995682716369629,0.03381176001857962,0.9990642786026,0.02635080788750197,0.9994625955820083,0.0045364408055320535,1.1549578596400147,0.00458251463714987,1.2105132719615375
split_tinyimagenet,adam,smallcnn,0.0001,m,20,0.0003,,0.9,0.999,full_coupled,0.09869751727674152,0.994188266992569,0.09189935950562353,0.9957007616758347,0.10029063127003605,0.9941079825162887,0.0936048171948641,0.9956252217292786,0.001593113993294537,1.016141378600513,0.0017054576892405748,1.0185578843902194
split_tinyimagenet,adam,smallcnn,0.0001,m,20,0.001,,0.9,0.999,full_coupled,0.37859628573060033,0.9561804473400116,0.3613198459148407,0.9667768329381943,0.3790044739842415,0.9561641126871109,0.36168305203318596,0.9667758285999298,0.00040818825364113964,1.0010781623302338,0.0003632061183452828,1.0010052205060191
split_tinyimagenet,adam,smallcnn,0.0001,m,20,0.003,,0.9,0.999,full_coupled,0.9268604025244713,0.8504513591527939,0.9087204903364181,0.8759980589151383,0.9272516682744026,0.8504480361938477,0.9090114265680314,0.8760564804077149,0.00039126574993131324,1.000422140970599,0.000290936231613248,1.0003201603074952
split_tinyimagenet,adam,smallcnn,0.0001,m,20,0.01,,0.9,0.999,full_coupled,1.883172231912613,0.7171788036823272,1.916760265827179,0.7601647555828095,1.8837605237960815,0.7172054648399353,1.9173220455646516,0.7602808058261872,0.0005882918834685391,1.0003123940941243,0.000561779737472623,1.0002930881589567
split_tinyimagenet,adam,smallcnn,0.0001,rms_global,1,0.001,,0.9,0.999,full_coupled,0.0513038136065006,0.9986777544021607,0.025601530447602217,0.999670934677124,0.0513038136065006,0.9986777544021607,0.025601530447602217,0.999670934677124,0.0,1.0,0.0,1.0
split_tinyimagenet,adam,smallcnn,0.0001,rms_global,1,0.003,,0.9,0.999,full_coupled,0.01718342825770372,0.9998527765274048,0.0085219165310263,0.9999634861946106,0.01718342825770372,0.9998527765274048,0.0085219165310263,0.9999634861946106,0.0,1.0,0.0,1.0
split_tinyimagenet,adam,smallcnn,0.0001,rms_global,1,0.01,,0.9,0.999,full_coupled,0.006967209745198441,0.9999866127967835,0.0025607742369174397,0.9999966502189637,0.006967209745198441,0.9999866127967835,0.0025607741437852,0.9999966502189637,0.0,1.0,-9.31322397673684e-11,0.9999999636312181
split_tinyimagenet,adam,smallcnn,0.0001,rms_global,1,0.03,,0.9,0.999,full_coupled,0.014257611520588362,0.9999971270561219,0.00087206353200594,0.9999995708465577,0.014257611334323841,0.9999971270561219,0.00087206343887368,0.9999995708465577,-1.8626452116810022e-10,0.9999999869357836,-9.313226004194902e-11,0.9999998932047304
split_tinyimagenet,adam,smallcnn,0.0001,rms_global,1,0.1,,0.9,0.999,full_coupled,0.04779700413346287,0.9999850869178772,0.0014248810708522401,0.999999749660492,0.04779700413346287,0.9999850869178772,0.0014248811407014,0.999999749660492,0.0,1.0,6.984915987620632e-11,1.0000000490210454
split_tinyimagenet,adam,smallcnn,0.0001,rms_global,5,0.001,,0.9,0.999,full_coupled,0.27587675452232363,0.9608970284461975,0.19672253727912897,0.9799106240272522,0.6260512709617615,0.8197476863861084,0.6057440757751464,0.834552776813507,0.35017451643943787,2.2693150499242303,0.40902153849601747,3.079179864967165
split_tinyimagenet,adam,smallcnn,0.0001,rms_global,5,0.003,,0.9,0.999,full_coupled,0.1736823052167892,0.9838545918464661,0.11917217522859566,0.992730975151062,0.6005802869796752,0.8385576605796814,0.5911641716957092,0.8459465980529786,0.42689798176288607,3.4579244340984223,0.47199199646711354,4.960588917352059
split_tinyimagenet,adam,smallcnn,0.0001,rms_global,5,0.01,,0.9,0.999,full_coupled,0.11720816344022744,0.9924486517906189,0.07734511345624917,0.9968284726142883,0.5878405451774598,0.8484995603561402,0.5842384576797486,0.8514245629310608,0.4706323817372323,5.015354971219563,0.5068933442234994,7.553657000066686
split_tinyimagenet,adam,smallcnn,0.0001,rms_global,5,0.03,,0.9,0.999,full_coupled,0.06316988766193385,0.9980075240135193,0.048055319488048504,0.9988260626792907,0.5813571214675903,0.8511023402214051,0.5838289141654969,0.8512130498886108,0.5181872338056565,9.20307353685411,0.5357735946774483,12.149100669504378
split_tinyimagenet,adam,smallcnn,0.0001,rms_global,5,0.1,,0.9,0.999,full_coupled,0.06707140281796452,0.9982446789741516,0.04176779203116889,0.9990618109703064,0.5764494061470031,0.8495441555976868,0.5841815948486329,0.8507326602935791,0.5093780033290386,8.594563136118065,0.542413802817464,13.98641312934837
split_tinyimagenet,adam,smallcnn,0.0001,rms_global,10,0.001,,0.9,0.999,full_coupled,0.4381946921348572,0.895911180973053,0.35605222582817075,0.9250329375267029,0.7963483452796936,0.6495191931724549,0.7767269372940063,0.6696331143379212,0.3581536531448364,1.817339095094772,0.42067471146583557,2.181497210099878
split_tinyimagenet,adam,smallcnn,0.0001,rms_global,10,0.003,,0.9,0.999,full_coupled,0.2762171387672424,0.9606062650680542,0.22275219261646267,0.9737900376319886,0.7623032689094543,0.6942663788795471,0.7531912922859192,0.7030991077423095,0.4860861301422119,2.75979713754047,0.5304390996694566,3.3812968727215753
split_tinyimagenet,adam,smallcnn,0.0001,rms_global,10,0.01,,0.9,0.999,full_coupled,0.20644912719726563,0.9769100427627564,0.1736844807863235,0.9839978456497193,0.747669792175293,0.7131008386611939,0.7433343410491944,0.7173914909362793,0.5412206649780273,3.6215691600424247,0.5696498602628709,4.279797122252313
split_tinyimagenet,adam,smallcnn,0.0001,rms_global,10,0.03,,0.9,0.999,full_coupled,0.18358175605535504,0.9763051271438599,0.1456897363066673,0.9879450678825379,0.7469877362251282,0.7106780767440796,0.7418899893760681,0.7180775046348572,0.5634059801697731,4.068964979286343,0.5962002530694008,5.092259813103365
split_tinyimagenet,adam,smallcnn,0.0001,rms_global,10,0.1,,0.9,0.999,full_coupled,0.13126673847436904,0.9915378212928772,0.11181194186210627,0.99368656873703,0.7365365624427795,0.7192236065864563,0.739475667476654,0.7205317735671997,0.6052698239684104,5.61099156574683,0.6276637256145478,6.613566092865316
split_tinyimagenet,adam,smallcnn,0.0001,rms_global,20,0.001,,0.9,0.999,full_coupled,0.7201051115989685,0.6874406576156616,0.644675362110138,0.7515383005142212,0.9477054238319397,0.31155489981174467,0.9364692091941833,0.34545532464981077,0.22760031223297117,1.3160654029070735,0.2917938470840453,1.452621372296518
split_tinyimagenet,adam,smallcnn,0.0001,rms_global,20,0.003,,0.9,0.999,full_coupled,0.4895919859409332,0.873515522480011,0.4723603785037994,0.8763931155204773,0.90624840259552,0.42419750690460206,0.9058016300201416,0.4229839026927948,0.41665641665458675,1.8510278530271005,0.43344125151634216,1.9176071305753173
split_tinyimagenet,adam,smallcnn,0.0001,rms_global,20,0.01,,0.9,0.999,full_coupled,0.46600229740142823,0.8711724162101746,0.42910175323486327,0.8771038293838501,0.9078351378440856,0.4145929753780365,0.9000285387039184,0.4284972548484802,0.4418328404426574,1.9481344682342832,0.47092678546905514,2.0974711287448398
split_tinyimagenet,adam,smallcnn,0.0001,rms_global,20,0.03,,0.9,0.999,full_coupled,0.39505780339241026,0.9085176706314086,0.30070688128471373,0.9557531833648681,0.8981352686882019,0.43549219369888303,0.8886281013488769,0.459215784072876,0.5030774652957917,2.273427485739563,0.5879212200641633,2.955130582819988
split_tinyimagenet,adam,smallcnn,0.0001,rms_global,20,0.1,,0.9,0.999,full_coupled,0.27849261760711663,0.9652642726898193,0.2529193192720413,0.9712363839149475,0.8861498475074768,0.4650889217853546,0.8844524145126342,0.46852233409881594,0.6076572299003602,3.181950944055589,0.6315330952405929,3.496974517637827
split_tinyimagenet,adam,smallcnn,0.0001,rms_layerwise,1,0.001,,0.9,0.999,full_coupled,0.0790861893445253,0.9962716619173685,0.03837620982279375,0.9991441210110983,0.07908618872364358,0.996271655956904,0.03837620951235289,0.9991441200176876,-6.208817210362483e-10,0.9999999921493029,-3.1044086051812414e-10,0.9999999919105909
split_tinyimagenet,adam,smallcnn,0.0001,rms_layerwise,1,0.003,,0.9,0.999,full_coupled,0.025650172245999126,0.9996103584766388,0.013050714228302193,0.9998968402544657,0.02565017178033784,0.9996103574832281,0.013050714585309178,0.9998968402544657,-4.656612873077393e-10,0.9999999818456857,3.5700698473861703e-10,1.00000002735536
split_tinyimagenet,adam,smallcnn,0.0001,rms_layerwise,1,0.01,,0.9,0.999,full_coupled,0.009366698772646438,0.999961856007576,0.00376647742426328,0.9999916315078735,0.00936669840011741,0.9999618550141653,0.00376647684218667,0.999991629521052,-3.725290284584126e-10,0.9999999602283539,-5.820766100020358e-10,0.9999998454586223
split_tinyimagenet,adam,smallcnn,0.0001,rms_layerwise,1,0.03,,0.9,0.999,full_coupled,0.014443268766626664,0.9999950170516968,0.0013267397473100033,0.9999989002943039,0.014443269108111606,0.9999950190385182,0.0013267400364080498,0.9999989002943039,3.414849427535449e-10,1.0000000236431896,2.8909804650027737e-10,1.0000002179010972
split_tinyimagenet,adam,smallcnn,0.0001,rms_layerwise,1,0.1,,0.9,0.999,full_coupled,0.04796071605135993,0.9999891410271328,0.0014533040948056502,0.9999997854232788,0.04796071642388896,0.9999891350666681,0.0014533036951130418,0.999999788403511,3.725290284584126e-10,1.0000000077673783,-3.9969260843750187e-10,0.9999997249766172
split_tinyimagenet,adam,smallcnn,0.0001,rms_layerwise,5,0.001,,0.9,0.999,full_coupled,0.6371857364972432,0.6303616682688395,0.5122105500350396,0.745129941807439,0.79398599366347,0.5420606644203265,0.7365954741835595,0.6420135840773582,0.1568002571662268,1.2460824971195903,0.22438492414851996,1.438071656534935
split_tinyimagenet,adam,smallcnn,0.0001,rms_layerwise,5,0.003,,0.9,0.999,full_coupled,0.44360842568178976,0.8072908043861389,0.3337262686342001,0.8894871632258097,0.7067049513260524,0.6927023087938627,0.6596056948105493,0.7610987588763237,0.2630965256442626,1.593082796477332,0.32587942617634924,1.9764871896660559
split_tinyimagenet,adam,smallcnn,0.0001,rms_layerwise,5,0.01,,0.9,0.999,full_coupled,0.27835864797234533,0.9163648128509522,0.17208736805866162,0.9698072244723639,0.6392872616648673,0.784678179336091,0.6067866976062457,0.8260262330373129,0.36092861369252194,2.2966315805944704,0.43469932954758406,3.5260385724500276
split_tinyimagenet,adam,smallcnn,0.0001,rms_layerwise,5,0.03,,0.9,0.999,full_coupled,0.1494142642865578,0.9722592358787855,0.08940320725863174,0.993334236741066,0.5975832238793373,0.8303821506599585,0.5885609353582064,0.8445962270100912,0.44816895959277947,3.9995058486065806,0.4991577280995747,6.583219477301043
split_tinyimagenet,adam,smallcnn,0.0001,rms_layerwise,5,0.1,,0.9,0.999,full_coupled,0.09043413077791528,0.9925902962684632,0.04424582656162475,0.9984327286481858,0.5802720134456952,0.8446992014845212,0.5841735924283663,0.8484979679187139,0.48983788266777994,6.416515628050933,0.5399277658667415,13.202908337913868
split_tinyimagenet,adam,smallcnn,0.0001,rms_layerwise,10,0.001,,0.9,0.999,full_coupled,0.7876484677195548,0.4605673599988222,0.7094127210477988,0.5606020534721513,0.9104204426209133,0.34273511509721477,0.8860959748427074,0.4131629341811883,0.1227719749013585,1.1558715339811616,0.17668325379490857,1.2490556604820229
split_tinyimagenet,adam,smallcnn,0.0001,rms_layerwise,10,0.003,,0.9,0.999,full_coupled,0.6269892460356156,0.658254695435365,0.5469179913401605,0.7462171180173756,0.859843670328458,0.48446025984982655,0.834682430823644,0.5455337909050285,0.23285442429284242,1.3713850369287122,0.2877644394834835,1.526156469598576
split_tinyimagenet,adam,smallcnn,0.0001,rms_layerwise,10,0.01,,0.9,0.999,full_coupled,0.4121319392075141,0.8568266769250232,0.27384386329601207,0.9431340157985687,0.7963481664657592,0.6254768872012695,0.7645669539769491,0.6808143361161152,0.3842162272582451,1.9322651090741767,0.490723090680937,2.7919813311663986
split_tinyimagenet,adam,smallcnn,0.0001,rms_layerwise,10,0.03,,0.9,0.999,full_coupled,0.2334696838321785,0.9531313618024191,0.17923121666535735,0.9683570524056752,0.7540626833836238,0.6929747122029464,0.749491051832835,0.6990280505269766,0.5205929995514453,3.229809845143129,0.5702598351674777,4.1816992919944855
split_tinyimagenet,adam,smallcnn,0.0001,rms_layerwise,10,0.1,,0.9,0.999,full_coupled,0.13391124407450355,0.9854580283164978,0.09396971288758016,0.991152744491895,0.7385044684012732,0.7127121570209662,0.7405788411696752,0.713479853918155,0.6045932243267695,5.514880199234017,0.646609128282095,7.88103760682615
split_tinyimagenet,adam,smallcnn,0.0001,rms_layerwise,20,0.001,,0.9,0.999,full_coupled,0.8783666943510372,0.32581155911708876,0.823596623291572,0.41114047560840844,0.9609788507223129,0.1979015924448807,0.9505079209804534,0.24350236762935915,0.08261215637127572,1.0940520137006242,0.12691129768888143,1.1540939995378683
split_tinyimagenet,adam,smallcnn,0.0001,rms_layerwise,20,0.003,,0.9,0.999,full_coupled,0.7666591982046763,0.49186879657208926,0.7027746518452962,0.590706556197256,0.9380417267481486,0.2894302510345976,0.9238731612761815,0.3458701128314715,0.17138252854347225,1.2235446061885218,0.22109850943088527,1.3146079740502028
split_tinyimagenet,adam,smallcnn,0.0001,rms_layerwise,20,0.01,,0.9,0.999,full_coupled,0.5828850213438272,0.7244128892819087,0.43934781899054853,0.8623269533117612,0.9029214074214298,0.4173561571942021,0.8774215618769329,0.4883118739351631,0.32003638607760254,1.5490557731948,0.43807374288638434,1.9971000741346765
split_tinyimagenet,adam,smallcnn,0.0001,rms_layerwise,20,0.03,,0.9,0.999,full_coupled,0.41073324220875895,0.8666936442255974,0.3220852143441637,0.9127926555772621,0.8692244390646617,0.4987103497143834,0.8590531319379806,0.5214419713709504,0.4584911968559028,2.1162748707417025,0.5369679175938169,2.6671610296896167
split_tinyimagenet,adam,smallcnn,0.0001,rms_layerwise,20,0.1,,0.9,0.999,full_coupled,0.25875054970383643,0.9436682969331741,0.18220925545319916,0.9689514746268589,0.8533233304818472,0.5362613625203569,0.8472800344228745,0.5467558382079005,0.5945727807780108,3.2978609377199524,0.6650707789696753,4.650038398518675
split_tinyimagenet,adam,smallcnn,0.0001,rms_random_layerwise,1,0.001,,0.9,0.999,full_coupled,0.15823801830410958,0.9864972203969955,0.08216095790266985,0.9963602870702744,0.15823801830410958,0.9864972203969955,0.08216095790266985,0.9963602900505066,0.0,1.0,0.0,1.0
split_tinyimagenet,adam,smallcnn,0.0001,rms_random_layerwise,1,0.003,,0.9,0.999,full_coupled,0.055300660058855956,0.9983490228652954,0.02794944951310748,0.9995775192975997,0.055300660058855956,0.9983490228652954,0.027949449419975226,0.9995775192975997,0.0,1.0,-9.313225537987968e-11,0.9999999966678322
split_tinyimagenet,adam,smallcnn,0.0001,rms_random_layerwise,1,0.01,,0.9,0.999,full_coupled,0.016964672878384535,0.999846002459526,0.008436981658451205,0.9999614745378494,0.016964672738686157,0.999846002459526,0.008436981705017341,0.9999614745378494,-1.396983778656491e-10,0.9999999917653362,4.656613636355722e-11,1.0000000055192886
split_tinyimagenet,adam,smallcnn,0.0001,rms_random_layerwise,1,0.03,,0.9,0.999,full_coupled,0.008408880722708945,0.9999745100736618,0.002827043429715505,0.999995669722557,0.00840888051316136,0.9999745100736618,0.00282704333076247,0.999995669722557,-2.0954758588043187e-10,0.9999999750802048,-9.895303500206953e-11,0.9999999649976955
split_tinyimagenet,adam,smallcnn,0.0001,rms_random_layerwise,1,0.1,,0.9,0.999,full_coupled,0.01975441984832283,0.9999072402715683,0.0009251607232726649,0.999999612569809,0.019754419662058317,0.999907237291336,0.00092516075237649,0.999999612569809,-1.862645142292063e-10,0.9999999905709954,2.910382503572284e-11,1.0000000314581285
split_tinyimagenet,adam,smallcnn,0.0001,rms_random_layerwise,5,0.001,,0.9,0.999,full_coupled,0.5353605300188065,0.8319233000278473,0.3716579765081406,0.9227141737937927,0.7109512656927108,0.7240330785512924,0.6346949160099029,0.8014038950204849,0.17559073567390437,1.3279859568051013,0.2630369395017623,1.7077392552504544
split_tinyimagenet,adam,smallcnn,0.0001,rms_random_layerwise,5,0.003,,0.9,0.999,full_coupled,0.29848972484469416,0.9490861624479294,0.16326325796544547,0.9857052773237228,0.6082430839538574,0.8254558652639389,0.5686699241399765,0.8564103692770004,0.30975335910916324,2.037735417091257,0.405406666174531,3.483146981302646
split_tinyimagenet,adam,smallcnn,0.0001,rms_random_layerwise,5,0.01,,0.9,0.999,full_coupled,0.1287799973040819,0.990813386440277,0.08376887161284681,0.9961415678262711,0.5615473091602325,0.8623030632734299,0.5546835690736771,0.8665666371583939,0.43276731185615064,4.360516546946949,0.4709146974608303,6.621595330032006
split_tinyimagenet,adam,smallcnn,0.0001,rms_random_layerwise,5,0.03,,0.9,0.999,full_coupled,0.08254584725946183,0.9949540674686432,0.05588419502601024,0.9978905767202377,0.5558481261134147,0.865921026468277,0.5522534176707268,0.8681063205003738,0.4733022788539529,6.73381090106505,0.49636922264471656,9.88210382942245
split_tinyimagenet,adam,smallcnn,0.0001,rms_random_layerwise,5,0.1,,0.9,0.999,full_coupled,0.05381909692659968,0.9982158184051514,0.03442709837108847,0.9992907553911209,0.5526328951120376,0.868389219045639,0.5504082322120667,0.869384428858757,0.4988137981854379,10.268342032303835,0.5159811338409782,15.987645147413701
split_tinyimagenet,adam,smallcnn,0.0001,rms_random_layerwise,10,0.001,,0.9,0.999,full_coupled,0.6569840371608734,0.7216932661831379,0.4614275559782982,0.8818623930215835,0.8439122349023819,0.5424837995320558,0.7730703741312027,0.6642204910516739,0.18692819774150848,1.2845247177531287,0.3116428181529045,1.6753883987101144
split_tinyimagenet,adam,smallcnn,0.0001,rms_random_layerwise,10,0.003,,0.9,0.999,full_coupled,0.4227559357881546,0.8824988260865212,0.2630143314599991,0.9567038148641587,0.766549038887024,0.664103601872921,0.7266766965389252,0.7197777718305588,0.34379310309886935,1.8132188669519853,0.4636623650789261,2.7628787089476257
split_tinyimagenet,adam,smallcnn,0.0001,rms_random_layerwise,10,0.01,,0.9,0.999,full_coupled,0.20918996557593345,0.9725506037473679,0.14457723833620545,0.987847876548767,0.7175050765275955,0.7318027645349503,0.706455546617508,0.7440049678087235,0.5083151109516622,3.429921098520138,0.5618783082813026,4.8863538600363166
split_tinyimagenet,adam,smallcnn,0.0001,rms_random_layerwise,10,0.03,,0.9,0.999,full_coupled,0.1395008092746138,0.9871986120939255,0.13643372599035497,0.9640489831566811,0.7062242478132248,0.7440261840820312,0.7145774304866791,0.7257568433880806,0.566723438538611,5.062510041952442,0.5781437044963241,5.237542442674294
split_tinyimagenet,adam,smallcnn,0.0001,rms_random_layerwise,10,0.1,,0.9,0.999,full_coupled,0.08613020218908782,0.9957005590200424,0.101465200074017,0.9862033903598786,0.7007079750299454,0.7504382252693176,0.7060342937707901,0.7432074218988418,0.6145777728408576,8.135450251139906,0.604569093696773,6.958388622461208
split_tinyimagenet,adam,smallcnn,0.0001,rms_random_layerwise,20,0.001,,0.9,0.999,full_coupled,0.767648383975029,0.6140730496495962,0.6189359366893769,0.7524269722402096,0.923085269331932,0.37162935845553874,0.8819938838481903,0.45882201604545114,0.15543688535690303,1.2024844819603753,0.2630579471588135,1.425016437994993
split_tinyimagenet,adam,smallcnn,0.0001,rms_random_layerwise,20,0.003,,0.9,0.999,full_coupled,0.6013964369893074,0.7545003920793534,0.46469877362251283,0.8552934005856514,0.875148805975914,0.46486914083361625,0.847666347026825,0.5227757669985295,0.2737523689866066,1.4551945308440093,0.38296757340431214,1.824120043224833
split_tinyimagenet,adam,smallcnn,0.0001,rms_random_layerwise,20,0.01,,0.9,0.999,full_coupled,0.42366955429315567,0.8372436061501503,0.3383714661002159,0.8921090677380562,0.842862918972969,0.5137617476284504,0.8290315687656402,0.5450733557343483,0.4191933646798134,1.9894347149376588,0.4906601026654243,2.4500634711323586
split_tinyimagenet,adam,smallcnn,0.0001,rms_random_layerwise,20,0.03,,0.9,0.999,full_coupled,0.326274798065424,0.9122769117355347,0.27309635244309904,0.9225189767777919,0.824108150601387,0.5581292390823365,0.8193399637937546,0.5626697897911072,0.497833352535963,2.525810008887473,0.5462436113506556,3.0001864047761972
split_tinyimagenet,adam,smallcnn,0.0001,rms_random_layerwise,20,0.1,,0.9,0.999,full_coupled,0.22925617024302478,0.9611418098211288,0.2204703483730554,0.9568119049072266,0.8107938230037689,0.5850132241845131,0.8109316945075988,0.5825891569256783,0.5815376527607441,3.5366281402340474,0.5904613461345434,3.6781893823446516
split_tinyimagenet,heavy_ball,resnet18,0.003,momentum,1,0.0001,0.5,,,,0.19991433322429653,0.9798128545284271,0.10751687362790104,0.9942029327154159,0.19991433322429653,0.9798128545284271,0.10751687362790104,0.9942029327154159,0.0,1.0,0.0,1.0
split_tinyimagenet,heavy_ball,resnet18,0.003,momentum,1,0.0001,0.9,,,,0.11809089891612526,0.9930025726556778,0.06340905800461764,0.9979876101016998,0.11809089891612526,0.9930025726556778,0.06340905800461764,0.9979876101016998,0.0,1.0,0.0,1.0
split_tinyimagenet,heavy_ball,resnet18,0.003,momentum,1,0.0003,0.5,,,,0.07482508309185501,0.9971966177225113,0.040046068467199755,0.9991977959871292,0.07482508309185501,0.9971966177225113,0.040046068467199755,0.9991977959871292,0.0,1.0,0.0,1.0
split_tinyimagenet,heavy_ball,resnet18,0.003,momentum,1,0.0003,0.9,,,,0.044011575169861275,0.9990310370922089,0.02274240050464863,0.9997413694858551,0.044011575169861275,0.9990310370922089,0.02274240050464863,0.9997413694858551,0.0,1.0,0.0,1.0
split_tinyimagenet,heavy_ball,resnet18,0.003,momentum,1,0.001,0.5,,,,0.024542409367859314,0.9996987968683243,0.012300165649503425,0.9999243319034576,0.024542409367859314,0.9996987968683243,0.012300165649503425,0.9999243319034576,0.0,1.0,0.0,1.0
split_tinyimagenet,heavy_ball,resnet18,0.003,momentum,1,0.001,0.9,,,,0.013671891996636936,0.9999065309762954,0.006833878159522964,0.9999766170978546,0.013671891996636936,0.9999065309762954,0.006833878159522964,0.9999766170978546,0.0,1.0,0.0,1.0
split_tinyimagenet,heavy_ball,resnet18,0.003,momentum,1,0.003,0.5,,,,0.008210102422162852,0.9999662786722183,0.00410247838590289,0.9999916076660156,0.008210102422162852,0.9999662786722183,0.00410247838590289,0.9999916076660156,0.0,1.0,0.0,1.0
split_tinyimagenet,heavy_ball,resnet18,0.003,momentum,1,0.003,0.9,,,,0.004557966673746651,0.999989601969719,0.002278990647755515,0.99999740421772,0.004557966673746651,0.999989601969719,0.002278990647755515,0.99999740421772,0.0,1.0,0.0,1.0
split_tinyimagenet,heavy_ball,resnet18,0.003,momentum,1,0.01,0.5,,,,0.00246647675521668,0.9999969631433487,0.00123112500878047,0.999999263882637,0.00246647675521668,0.9999969631433487,0.00123112500878047,0.999999263882637,0.0,1.0,0.0,1.0
split_tinyimagenet,heavy_ball,resnet18,0.003,momentum,1,0.01,0.9,,,,0.001368232571985525,0.9999990582466125,0.0006841260154032498,0.999999764561653,0.001368232571985525,0.9999990582466125,0.0006841260154032498,0.999999764561653,0.0,1.0,0.0,1.0
split_tinyimagenet,heavy_ball,resnet18,0.003,momentum,1,0.03,0.5,,,,0.00082065380411217,0.9999996781349182,0.00041017742041728,0.9999999195337296,0.00082065380411217,0.9999996781349182,0.00041017742041728,0.9999999195337296,0.0,1.0,0.0,1.0
split_tinyimagenet,heavy_ball,resnet18,0.003,momentum,1,0.03,0.9,,,,0.00045645419304486505,0.9999999135732651,0.000227836306294145,0.9999999880790711,0.00045645419304486505,0.9999999135732651,0.000227836306294145,0.9999999880790711,0.0,1.0,0.0,1.0
split_tinyimagenet,heavy_ball,resnet18,0.003,momentum,1,0.1,0.5,,,,0.00024635008085164997,1.000000011920929,0.000123137037007795,1.0000000029802323,0.00024635008085164997,1.000000011920929,0.000123137037007795,1.0000000029802323,0.0,1.0,0.0,1.0
split_tinyimagenet,heavy_ball,resnet18,0.003,momentum,1,0.1,0.9,,,,0.00013671248379973,0.9999999761581421,6.84294387610862e-05,1.0000000029802323,0.00013671248379973,0.9999999761581421,6.84294387610862e-05,1.0000000029802323,0.0,1.0,0.0,1.0
split_tinyimagenet,heavy_ball,resnet18,0.003,momentum,5,0.0001,0.5,,,,0.9970826983451844,0.07622535824775692,0.9893395453691483,0.14529092200100419,0.9970821917057038,0.07623076327145095,0.9893373101949692,0.1453060775995254,-5.066394805908203e-07,0.9999994918781747,-2.2351741790771484e-06,0.9999977407410938
split_tinyimagenet,heavy_ball,resnet18,0.003,momentum,5,0.0001,0.9,,,,0.9836223989725112,0.17997858151793475,0.9403388530015946,0.3400010958313942,0.9836207181215286,0.17998731732368464,0.9403384536504745,0.3400004118680954,-1.6808509826216067e-06,0.9999982911623563,-3.9935112006173057e-07,0.9999995753114754
split_tinyimagenet,heavy_ball,resnet18,0.003,momentum,5,0.0003,0.5,,,,0.9761433780193329,0.21689023524522782,0.9155331015586853,0.4016947984695435,0.9761489689350128,0.21686338335275646,0.9155435711145401,0.40167182832956316,5.590915679865027e-06,1.0000057275558139,1.0469555854819568e-05,1.0000114354749565
split_tinyimagenet,heavy_ball,resnet18,0.003,momentum,5,0.0003,0.9,,,,0.8769521296024323,0.48005328327417374,0.6878523617982865,0.7253500372171402,0.8769464284181595,0.4800647273659706,0.6878693163394928,0.7253355592489242,-5.701184272788318e-06,0.9999934988648977,1.6954541206315454e-05,1.000024648517833
split_tinyimagenet,heavy_ball,resnet18,0.003,momentum,5,0.001,0.5,,,,0.8053171634674072,0.5920532196760178,0.5721578806638717,0.8195605248212814,0.8053311198949814,0.5920351922512055,0.5721816331148147,0.8195455342531204,1.395642757417992e-05,1.0000173303490938,2.3752450942993164e-05,1.0000415138054473
split_tinyimagenet,heavy_ball,resnet18,0.003,momentum,5,0.001,0.9,,,,0.49075181484222413,0.8711159467697144,0.2748008444905281,0.9614345997571945,0.49076742082834246,0.8711074978113175,0.2748455762863159,0.9614220708608627,1.5605986118327753e-05,1.000031800159768,4.4731795787789075e-05,1.0001627789604166
split_tinyimagenet,heavy_ball,resnet18,0.003,momentum,5,0.003,0.5,,,,0.4173904746770859,0.9084719806909561,0.2325274169445038,0.9724925071001053,0.4174218937754631,0.9084564208984375,0.23257992938160896,0.9724798560142517,3.141909837722778e-05,1.0000752750728237,5.251243710516218e-05,1.000225833313745
split_tinyimagenet,heavy_ball,resnet18,0.003,momentum,5,0.003,0.9,,,,0.18562768846750255,0.9825829684734344,0.09989150464534755,0.9949946939945221,0.18569227457046508,0.9825709670782089,0.10001970417797564,0.994981873035431,6.458610296253275e-05,1.000347933562583,0.00012819953262808992,1.0012833877423635
split_tinyimagenet,heavy_ball,resnet18,0.003,momentum,5,0.01,0.5,,,,0.14163083955645556,0.9898941367864609,0.07450030222535128,0.9972135603427887,0.141721698641777,0.9898809909820556,0.07466169707477087,0.997201481461525,9.085908532144304e-05,1.000641520488094,0.00016139484941958548,1.0021663650293846
split_tinyimagenet,heavy_ball,resnet18,0.003,momentum,5,0.01,0.9,,,,0.06107472460716958,0.9981294125318527,0.03293711403384799,0.999456599354744,0.0612843189388513,0.9981166005134583,0.03331095976755019,0.9994442671537399,0.00020959433168171726,1.003431768755894,0.0003738457337022008,1.0113502881071492
split_tinyimagenet,heavy_ball,resnet18,0.003,momentum,5,0.03,0.5,,,,0.05099451225250954,0.9986936807632446,0.027273143362253855,0.9996270656585693,0.05126071777194733,0.998680117726326,0.027726629748940423,0.9996146827936172,0.0002662055194377899,1.0052202777843942,0.00045348638668656766,1.0166275804978973
split_tinyimagenet,heavy_ball,resnet18,0.003,momentum,5,0.03,0.9,,,,0.02292204238474364,0.9997368633747101,0.012746791448444064,0.9999186128377915,0.023366680648177814,0.9997265964746476,0.01357872751541431,0.9999076753854752,0.00044463826343417445,1.0193978466652742,0.0008319360669702472,1.0652663119448618
split_tinyimagenet,heavy_ball,resnet18,0.003,momentum,5,0.1,0.5,,,,0.01777568468824024,0.9998413741588592,0.01050484380684788,0.9999446779489517,0.018477401044219684,0.9998286545276642,0.01163538191467518,0.9999321758747101,0.0007017163559794454,1.0394761928041891,0.0011305381078272995,1.1076206489705565
split_tinyimagenet,heavy_ball,resnet18,0.003,momentum,5,0.1,0.9,,,,0.008656207239255264,0.9999623745679855,0.0054549790685995804,0.9999850928783417,0.009877187944948618,0.9999510616064071,0.007238744525238816,0.999973687529564,0.0012209807056933544,1.1410526194608992,0.0017837654566392356,1.3269976720730423
split_tinyimagenet,heavy_ball,resnet18,0.003,momentum,10,0.0001,0.5,,,,0.9985277086496354,0.0541520224884152,0.9946577966213226,0.10292307287454601,0.9985194355249405,0.0543007437139749,0.9946524322032928,0.1029735010117292,-8.273124694868628e-06,0.9999917146768956,-5.364418029785156e-06,0.99999460677024
split_tinyimagenet,heavy_ball,resnet18,0.003,momentum,10,0.0001,0.9,,,,0.9903847247362136,0.138084577769041,0.9642270892858505,0.2648082681000233,0.9903808206319809,0.1381112419068813,0.9642173230648041,0.26484886929392815,-3.904104232788086e-06,0.9999960579922779,-9.76622104642555e-06,0.9999898714512847
split_tinyimagenet,heavy_ball,resnet18,0.003,momentum,10,0.0003,0.5,,,,0.9876532793045044,0.15648526027798648,0.9554566115140914,0.29463993161916735,0.9876450449228287,0.15652860105037686,0.9554404467344284,0.2946915730834007,-8.23438167574242e-06,0.9999916626797599,-1.616477966304153e-05,0.9999830816182878
split_tinyimagenet,heavy_ball,resnet18,0.003,momentum,10,0.0003,0.9,,,,0.9221221596002579,0.386277636885643,0.7778902858495712,0.6275825768709182,0.9221186071634293,0.38628860861063,0.7780062347650528,0.6274487555027009,-3.552436828591077e-06,0.9999961475420673,0.00011594891548161179,1.0001490556156707
split_tinyimagenet,heavy_ball,resnet18,0.003,momentum,10,0.001,0.5,,,,0.8855057239532471,0.46352008134126665,0.6999408334493638,0.713375774025917,0.8855707913637161,0.4634064421057701,0.7002102464437485,0.713113260269165,6.506741046896636e-05,1.0000734805080407,0.0002694129943847656,1.0003849082401108
split_tinyimagenet,heavy_ball,resnet18,0.003,momentum,10,0.001,0.9,,,,0.5933237880468368,0.8046286016702652,0.3487824141979218,0.9370327830314636,0.5935216188430786,0.804483962059021,0.3492190808057785,0.9368720024824142,0.00019783079624180466,1.0003334280543394,0.0004366666078567394,1.00125197426843
split_tinyimagenet,heavy_ball,resnet18,0.003,momentum,10,0.003,0.5,,,,0.5404755547642708,0.8409394085407257,0.3199927985668182,0.9472009092569351,0.5405970379710198,0.8408558189868927,0.32038106173276903,0.9470705330371857,0.00012148320674898461,1.0002247709552783,0.00038826316595080845,1.0012133496993987
split_tinyimagenet,heavy_ball,resnet18,0.003,momentum,10,0.003,0.9,,,,0.2388003133237362,0.9709973782300949,0.12996908612549302,0.9915094017982483,0.23983336761593818,0.9707452267408371,0.13187566399574274,0.991258230805397,0.0010330542922019903,1.0043260173231074,0.001906577870249726,1.0146694720035871
split_tinyimagenet,heavy_ball,resnet18,0.003,momentum,10,0.01,0.5,,,,0.19375805705785748,0.9810077100992203,0.10369003452360626,0.9945959329605103,0.19463313296437262,0.9808338582515717,0.1054169829934835,0.9944128066301345,0.0008750759065151437,1.004516332996949,0.0017269484698772403,1.016654912671324
split_tinyimagenet,heavy_ball,resnet18,0.003,momentum,10,0.01,0.9,,,,0.079928271099925,0.996791759133339,0.04314818046987051,0.9990664035081863,0.08321110978722568,0.9965243756771087,0.048748655989766077,0.9988082200288773,0.003282838687300685,1.0410723094860457,0.005600475519895565,1.1297963311293338
split_tinyimagenet,heavy_ball,resnet18,0.003,momentum,10,0.03,0.5,,,,0.06938633881509298,0.9975814014673233,0.0373425809666514,0.9993005514144897,0.07179653123021121,0.997410175204277,0.041805224865674916,0.9991222202777863,0.002410192415118223,1.0347358349824614,0.004462643899023518,1.1195055023917297
split_tinyimagenet,heavy_ball,resnet18,0.003,momentum,10,0.03,0.9,,,,0.030050767492502885,0.9995475441217423,0.01689699389971788,0.9998569786548615,0.0374971646815538,0.9992947965860367,0.027994323801249214,0.9996035248041153,0.007446397189050914,1.2477939104519928,0.011097329901531335,1.6567635620509173
split_tinyimagenet,heavy_ball,resnet18,0.003,momentum,10,0.1,0.5,,,,0.02406269833445545,0.9997096478939056,0.01437259921804066,0.9998964697122574,0.030418153386563014,0.9995321959257126,0.023430820740759327,0.9997190415859223,0.006355455052107564,1.264120630353711,0.009058221522718667,1.630242406770007
split_tinyimagenet,heavy_ball,resnet18,0.003,momentum,10,0.1,0.9,,,,0.01163019211962814,0.9999321520328521,0.007519107614643824,0.9999716967344284,0.025029494799673507,0.9996813595294952,0.0233757190406322,0.9997201234102249,0.013399302680045367,2.152113614480325,0.015856611425988376,3.108842197590956
split_tinyimagenet,heavy_ball,resnet18,0.003,momentum,20,0.0001,0.5,,,,0.999216839671135,0.03947810325771564,0.9971570014953614,0.07496747802942985,0.999728512763977,0.04160229380941014,1.0027477532625197,0.06902734767645594,0.0005116730928420576,1.0005120741289852,0.005590751767158397,1.0056066915829447
split_tinyimagenet,heavy_ball,resnet18,0.003,momentum,20,0.0001,0.9,,,,0.9941573560237884,0.10771314278244967,0.977958807349205,0.208580520004034,0.9990171879529953,0.08327014483511444,0.9950931072235107,0.16422430574893948,0.004859831929206915,1.004888393069528,0.017134299874305703,1.0175204719723818
split_tinyimagenet,heavy_ball,resnet18,0.003,momentum,20,0.0003,0.5,,,,0.993232610821724,0.11598732955753802,0.9753579795360565,0.21997319981455798,1.0043796241283416,0.10937751363962885,1.0192492991685866,0.1979957789182663,0.011147013306617604,1.01122296346814,0.043891319632530124,1.0450002158729532
split_tinyimagenet,heavy_ball,resnet18,0.003,momentum,20,0.0003,0.9,,,,0.9504559576511383,0.31018445789814,0.8450210213661193,0.5336794525384903,0.991276228427887,0.24322147518396378,0.9704785138368607,0.4156374968588352,0.04082027077674866,1.0429480929107202,0.12545749247074134,1.1484667118315213
split_tinyimagenet,heavy_ball,resnet18,0.003,momentum,20,0.001,0.5,,,,0.9338467478752136,0.35637048780918124,0.8026197582483292,0.5951900035142899,1.0376905918121337,0.31707283295691013,1.049768227338791,0.5173074834048748,0.10384384393692014,1.1112000916351603,0.24714846909046173,1.3079272177772558
split_tinyimagenet,heavy_ball,resnet18,0.003,momentum,20,0.001,0.9,,,,0.6875957757234573,0.72549087703228,0.428945928812027,0.9029938101768493,0.9353753864765167,0.5677355229854584,0.8708203822374344,0.7084951937198639,0.24777961075305943,1.3603565052335536,0.44187445342540743,2.0301402198854905
split_tinyimagenet,heavy_ball,resnet18,0.003,momentum,20,0.003,0.5,,,,0.6622356295585632,0.7487161934375763,0.41918788105249405,0.9072691649198532,1.0158253014087677,0.6545989468693734,0.9259915456175805,0.7890278548002243,0.3535896718502045,1.5339333253420724,0.5068036645650864,2.209013159666275
split_tinyimagenet,heavy_ball,resnet18,0.003,momentum,20,0.003,0.9,,,,0.29947070181369784,0.9539678275585175,0.16563410237431522,0.9861694931983948,0.8494468465447426,0.7436953544616699,0.8228998079895973,0.7699408262968064,0.5499761447310447,2.8364939922342973,0.6572657056152821,4.968178631052272
split_tinyimagenet,heavy_ball,resnet18,0.003,momentum,20,0.01,0.5,,,,0.25887001752853395,0.9657252728939056,0.14011715613305564,0.9900744527578353,0.8426811173558235,0.8396408498287201,0.7879683427512646,0.8603090479969978,0.5838110998272896,3.2552287259877013,0.647851186618209,5.6236392779982465
split_tinyimagenet,heavy_ball,resnet18,0.003,momentum,20,0.01,0.9,,,,0.10260115936398502,0.9947048544883728,0.0553944051265716,0.9984594523906708,0.8179966174066067,0.775422739982605,0.8136420764029026,0.7786730378866196,0.7153954580426216,7.9725864939274675,0.7582476712763311,14.688163444373096
split_tinyimagenet,heavy_ball,resnet18,0.003,momentum,20,0.03,0.5,,,,0.09222999326884743,0.9957196295261384,0.04961395300924773,0.9987620025873184,0.7697013881057501,0.865971551835537,0.7591150682419538,0.8680768549442291,0.6774713948369027,8.345456405511118,0.7095011152327061,15.300435103416564
split_tinyimagenet,heavy_ball,resnet18,0.003,momentum,20,0.03,0.9,,,,0.03862970564514392,0.9992515325546265,0.022043745405971954,0.9997565537691117,0.8125700563192367,0.7795354276895523,0.8119905650615692,0.7799431651830673,0.7739403506740928,21.03484980661207,0.7899468196555972,36.835417489515635
split_tinyimagenet,heavy_ball,resnet18,0.003,momentum,20,0.1,0.5,,,,0.031538059376180136,0.9995014071464539,0.018896506074815946,0.9998205959796905,0.7552010666579008,0.8690421871840954,0.7541618067771196,0.8691017352044582,0.7236630072817206,23.94570501786436,0.7352653007023037,39.910119034238726
split_tinyimagenet,heavy_ball,resnet18,0.003,momentum,20,0.1,0.9,,,,0.015494897542521303,0.9998796343803406,0.010339354025199955,0.9999464899301529,0.8117099367082119,0.7801726400852204,0.8116911329329014,0.7801908910274505,0.7962150391656906,52.38562788044947,0.8013517789077015,78.50501404193903
split_tinyimagenet,heavy_ball,resnet18,0.003,momentum,40,0.0001,0.5,,,,0.9995645821094513,0.02940008873119946,0.9984508782625199,0.05521918963640925,851.7359863579273,0.012621884641703215,1705.024521535635,0.005007321946322919,850.7364217758179,852.1070089943054,1704.0260706573724,1707.6699101138329
split_tinyimagenet,heavy_ball,resnet18,0.003,momentum,40,0.0001,0.9,,,,0.9970145910978317,0.07692994512617583,0.9883311033248902,0.15203530117869374,568.6193079948425,-0.00409921134123578,1089.4195140838624,-0.006571300077484914,567.6222934037447,570.3219522281264,1088.4311829805374,1102.281928008636
split_tinyimagenet,heavy_ball,resnet18,0.003,momentum,40,0.0003,0.5,,,,0.996193864941597,0.08687728084623811,0.9858792245388031,0.16673365980386728,2453.7922621190546,0.004652397549944005,4795.321612715721,0.0053590454277582245,2452.796068254113,2463.167409952792,4794.3357334911825,4864.005137098802
split_tinyimagenet,heavy_ball,resnet18,0.003,momentum,40,0.0003,0.9,,,,0.9736233919858932,0.2274702630937099,0.9087004065513611,0.4161152094602585,1682.5455858230591,0.00336569742503342,3020.7112152099608,0.003040392167167745,1681.5719624310732,1728.1277336519022,3019.8025148034094,3324.2102605345603
split_tinyimagenet,heavy_ball,resnet18,0.003,momentum,40,0.001,0.5,,,,0.9625873982906341,0.26943314224481585,0.8751826375722885,0.48180982917547227,8027.214153456688,0.00979612304363399,14910.678056454659,0.011717647616751481,8026.251566058398,8339.205528465718,14909.802873817087,17037.218765920803
split_tinyimagenet,heavy_ball,resnet18,0.003,momentum,40,0.001,0.9,,,,0.8006994932889938,0.5978182822465896,0.547928287088871,0.8356860995292663,4402.879431915283,0.004792954336153315,6065.879824066162,0.00744798622326924,4402.078732421994,5498.791330352655,6065.3318957790725,11070.572494612437
split_tinyimagenet,heavy_ball,resnet18,0.003,momentum,40,0.003,0.5,,,,0.7683864057064056,0.6385651260614396,0.5263345956802368,0.8488510251045227,19171.43392765522,0.021560324029996962,26372.876322364806,0.024096688786084966,19170.665541249513,24950.251312723605,26372.349987769125,50106.67461119557
split_tinyimagenet,heavy_ball,resnet18,0.003,momentum,40,0.003,0.9,,,,0.3998706519603729,0.9160099565982819,0.2246917679905891,0.9743329882621765,6624.766223144531,-0.00014800886792728203,7020.376777648926,0.0022821791033493253,6624.3663524925705,16567.27291854628,7020.152085880935,31244.47700257076
split_tinyimagenet,heavy_ball,resnet18,0.003,momentum,40,0.01,0.5,,,,0.3412009537220001,0.9395150393247604,0.1853651106357574,0.982510295510292,28548.945520830155,0.018219670566031684,29861.633008384706,0.01967546230298466,28548.604319876435,83671.93939349579,29861.44764327407,161096.29749614987
split_tinyimagenet,heavy_ball,resnet18,0.003,momentum,40,0.01,0.9,,,,0.14206396527588364,0.9897982954978943,0.07550928704440592,0.9971281468868256,7133.327745056153,0.0006422724094591149,7183.1619972229,0.0011903663591510715,7133.185681090877,50212.083910254514,7183.086487935856,95129.51688973817
split_tinyimagenet,heavy_ball,resnet18,0.003,momentum,40,0.03,0.5,,,,0.12202526777982707,0.9924855470657349,0.0651402853429317,0.9978525459766387,30227.34385790825,0.023461286048404827,30407.179599905015,0.0227931430970784,30227.22183264047,247713.80885185293,30407.114459619672,466795.30861472443
split_tinyimagenet,heavy_ball,resnet18,0.003,momentum,40,0.03,0.9,,,,0.05353742744773621,0.998553004860878,0.030446004401892386,0.9995342075824738,7193.207295227051,0.001505594708214595,7199.905160522461,0.0015247800743963653,7193.153757799603,134358.47851018122,7199.87471451806,236481.11803054682
split_tinyimagenet,heavy_ball,resnet18,0.003,momentum,40,0.1,0.5,,,,0.04081879928708073,0.9991636753082276,0.024246775172650753,0.9997042655944824,30443.61176133156,0.023561640791012858,30460.883876371383,0.023253398755861056,30443.57094253227,745823.3042873226,30460.85962959621,1256285.98687754
split_tinyimagenet,heavy_ball,resnet18,0.003,momentum,40,0.1,0.9,,,,0.021742990612983664,0.9997621536254883,0.014784227591007889,0.9998902320861817,7201.45484008789,0.0016714644712919452,7202.317002105713,0.001605708392889891,7201.433097097277,331208.1106169266,7202.302217878122,487162.21106379136
split_tinyimagenet,heavy_ball,resnet18,0.01,momentum,1,0.0001,0.5,,,,0.06779860816895956,0.9976989716291428,0.036114963144063914,0.9993476420640945,0.06779860816895956,0.9976989716291428,0.036114963144063914,0.9993476420640945,0.0,1.0,0.0,1.0
split_tinyimagenet,heavy_ball,resnet18,0.01,momentum,1,0.0001,0.9,,,,0.04000657275319096,0.9991994261741638,0.0205344120971858,0.999789121747017,0.04000657275319096,0.9991994261741638,0.0205344120971858,0.999789121747017,0.0,1.0,0.0,1.0
split_tinyimagenet,heavy_ball,resnet18,0.01,momentum,1,0.0003,0.5,,,,0.02452107165008778,0.9996992915868759,0.0123144277837127,0.999924173951149,0.02452107165008778,0.9996992915868759,0.0123144277837127,0.999924173951149,0.0,1.0,0.0,1.0
split_tinyimagenet,heavy_ball,resnet18,0.01,momentum,1,0.0003,0.9,,,,0.013709352817386337,0.9999060332775116,0.006836912105791225,0.9999766319990158,0.013709352817386337,0.9999060332775116,0.006836912105791225,0.9999766319990158,0.0,1.0,0.0,1.0
split_tinyimagenet,heavy_ball,resnet18,0.01,momentum,1,0.001,0.5,,,,0.007369975047185964,0.999972864985466,0.0036899271071888008,0.9999932020902633,0.007369975047185964,0.999972864985466,0.0036899271071888008,0.9999932020902633,0.0,1.0,0.0,1.0
split_tinyimagenet,heavy_ball,resnet18,0.01,momentum,1,0.001,0.9,,,,0.004105344065464976,0.9999915897846222,0.00205035682301963,0.9999978899955749,0.004105344065464976,0.9999915897846222,0.00205035682301963,0.9999978899955749,0.0,1.0,0.0,1.0
split_tinyimagenet,heavy_ball,resnet18,0.01,momentum,1,0.003,0.5,,,,0.00246047533582892,0.9999969720840454,0.001231136108981405,0.999999263882637,0.00246047533582892,0.9999969720840454,0.001231136108981405,0.999999263882637,0.0,1.0,0.0,1.0
split_tinyimagenet,heavy_ball,resnet18,0.01,momentum,1,0.003,0.9,,,,0.00137055916129607,0.999999076128006,0.0006847574084530999,0.9999997764825821,0.00137055916129607,0.999999076128006,0.0006847574084530999,0.9999997764825821,0.0,1.0,0.0,1.0
split_tinyimagenet,heavy_ball,resnet18,0.01,momentum,1,0.01,0.5,,,,0.0007387410703813149,0.9999997347593308,0.00036947547050653995,0.9999999701976776,0.0007387410703813149,0.9999997347593308,0.00036947547050653995,0.9999999701976776,0.0,1.0,0.0,1.0
split_tinyimagenet,heavy_ball,resnet18,0.01,momentum,1,0.01,0.9,,,,0.00041052525193657996,0.9999999403953552,0.00020510327594814998,1.0,0.00041052525193657996,0.9999999403953552,0.00020510327594814998,1.0,0.0,1.0,0.0,1.0
split_tinyimagenet,heavy_ball,resnet18,0.01,momentum,1,0.03,0.5,,,,0.00024564252817067003,0.9999999523162841,0.00012299216177775,1.0000000238418578,0.00024564252817067003,0.9999999523162841,0.00012299216177775,1.0000000238418578,0.0,1.0,0.0,1.0
split_tinyimagenet,heavy_ball,resnet18,0.01,momentum,1,0.03,0.9,,,,0.00013694063309226497,0.9999999463558197,6.840783571533393e-05,1.0000000298023224,0.00013694063309226497,0.9999999463558197,6.840783571533393e-05,1.0000000298023224,0.0,1.0,0.0,1.0
split_tinyimagenet,heavy_ball,resnet18,0.01,momentum,1,0.1,0.5,,,,7.372685868176632e-05,0.9999999910593033,3.6950769390386996e-05,1.000000038743019,7.372685868176632e-05,0.9999999910593033,3.6950769390386996e-05,1.000000038743019,0.0,1.0,0.0,1.0
split_tinyimagenet,heavy_ball,resnet18,0.01,momentum,1,0.1,0.9,,,,4.1073864122154194e-05,1.0000000149011612,2.0526368825812823e-05,1.0000000298023224,4.1073864122154194e-05,1.0000000149011612,2.0526368825812823e-05,1.0000000298023224,0.0,1.0,0.0,1.0
split_tinyimagenet,heavy_ball,resnet18,0.01,momentum,5,0.0001,0.5,,,,0.9919005692005157,0.12645478285849093,0.9685173809528351,0.24787313044071196,0.9951378494501114,0.11503282673656937,0.9795992016792298,0.22642352953553196,0.0032372802495956865,1.003263714479169,0.011081820726394631,1.011442046311541
split_tinyimagenet,heavy_ball,resnet18,0.01,momentum,5,0.0001,0.9,,,,0.9472935885190964,0.31942754685878755,0.8308942437171936,0.5552525579929352,0.9512572020292283,0.30881815403699875,0.8419751137495041,0.5403198361396789,0.003963613510131858,1.0041841447658568,0.011080870032310508,1.0133360775045663
split_tinyimagenet,heavy_ball,resnet18,0.01,momentum,5,0.0003,0.5,,,,0.932886266708374,0.3590667277574539,0.7867689192295074,0.6156200170516968,0.9601584553718567,0.31930515691637995,0.8665881514549255,0.5487118721008301,0.027272188663482688,1.0292342053224888,0.07981923222541809,1.1014519387771267
split_tinyimagenet,heavy_ball,resnet18,0.01,momentum,5,0.0003,0.9,,,,0.7111429572105408,0.7020696789026261,0.45803871303796767,0.8884853750467301,0.7302833676338196,0.6838243335485459,0.49914887696504595,0.8675899863243103,0.019140410423278853,1.0269149968078952,0.04111016392707828,1.08975259679343
split_tinyimagenet,heavy_ball,resnet18,0.01,momentum,5,0.001,0.5,,,,0.6236361801624298,0.7800550073385238,0.37500165551900866,0.9263132274150848,0.7585624545812607,0.6998442769050598,0.5977100223302841,0.8348620042204857,0.13492627441883087,1.2163541479964946,0.22270836681127548,1.5938863563229964
split_tinyimagenet,heavy_ball,resnet18,0.01,momentum,5,0.001,0.9,,,,0.29818926602602003,0.9542979329824448,0.15685473978519437,0.9875748962163925,0.3652177557349205,0.9310117363929749,0.25786219984292985,0.9642509520053864,0.06702848970890046,1.22478505213213,0.10100746005773548,1.64395542140493
split_tinyimagenet,heavy_ball,resnet18,0.01,momentum,5,0.003,0.5,,,,0.2641629703342915,0.9641430467367172,0.14147685281932348,0.9898520082235336,0.529873713850975,0.8709948405623436,0.46702621355652807,0.8963081866502762,0.26571074351668356,2.00585916027683,0.3255493607372046,3.301078616393563
split_tinyimagenet,heavy_ball,resnet18,0.01,momentum,5,0.003,0.9,,,,0.10853982269763943,0.9940645635128021,0.057248375751078086,0.9983526736497879,0.2281909804791212,0.9704256057739258,0.2027748331427574,0.974843081831932,0.11965115778148178,2.102371045093701,0.14552645739167933,3.5420189740306967
split_tinyimagenet,heavy_ball,resnet18,0.01,momentum,5,0.01,0.5,,,,0.08943611383438108,0.9959570437669754,0.04800328128039833,0.9988356590270996,0.45056466199457645,0.9006499335169792,0.43977589830756186,0.9040285244584083,0.36112854816019535,5.037838102278659,0.39177261702716354,9.161371609968255
split_tinyimagenet,heavy_ball,resnet18,0.01,momentum,5,0.01,0.9,,,,0.03799496218562122,0.9992683321237564,0.020943354628980098,0.9997791469097137,0.19676780998706817,0.9756421685218811,0.19255144540220498,0.9761035174131394,0.15877284780144696,5.17878683562772,0.1716080907732249,9.193916104336235
split_tinyimagenet,heavy_ball,resnet18,0.01,momentum,5,0.03,0.5,,,,0.03412752607837315,0.999409681558609,0.01961927730590101,0.9998046338558197,0.43786987438797953,0.9042357191443443,0.43640042915940286,0.904595635831356,0.40374234830960637,12.830401869224875,0.41678115185350184,22.243450783385587
split_tinyimagenet,heavy_ball,resnet18,0.01,momentum,5,0.03,0.9,,,,0.01546510867774481,0.9998795211315155,0.009719390142708974,0.9999525815248489,0.19156702049076557,0.9762204021215439,0.19078276585787532,0.9763175338506699,0.17610191181302076,12.387046511120976,0.18106337571516634,19.629088148189165
split_tinyimagenet,heavy_ball,resnet18,0.01,momentum,5,0.1,0.5,,,,0.01433951659128065,0.99989452958107,0.009393957722932061,0.9999550074338913,0.43627847619354726,0.9046840101480484,0.4360989112406969,0.9047112092375755,0.42193895960226663,30.424908218930664,0.42670495351776483,46.423341907970695
split_tinyimagenet,heavy_ball,resnet18,0.01,momentum,5,0.1,0.9,,,,0.007301119901239819,0.9999732285737991,0.00516305745113636,0.999986645579338,0.19078641384840012,0.9763022810220718,0.19058831371366977,0.9763334065675735,0.1834852939471603,26.131116380653094,0.18542525626253342,36.91384717629326
split_tinyimagenet,heavy_ball,resnet18,0.01,momentum,10,0.0001,0.5,,,,0.9964764237403869,0.08351096995174881,0.9856282651424408,0.16824040785431857,1746.4653743743897,-0.008348480216227461,3516.6220754623414,-0.0030071026412769944,1745.4688979506493,1752.6409383764792,3515.636447197199,3567.898973508158
split_tinyimagenet,heavy_ball,resnet18,0.01,momentum,10,0.0001,0.9,,,,0.9756514191627502,0.21841849461197854,0.9129841536283493,0.4065542250871658,662.0263835430145,0.00818687326973303,1224.3019543647765,0.005162041657604281,661.0507321238517,678.5480659794753,1223.3889702111483,1340.9892707329027
split_tinyimagenet,heavy_ball,resnet18,0.01,momentum,10,0.0003,0.5,,,,0.9687486737966537,0.2471058890223503,0.8871500164270401,0.4600979834794998,5092.875067520142,-0.005637040804140267,9336.013718032837,0.0021214975509792648,5091.906318846345,5257.168557000954,9335.126568016409,10523.602034786907
split_tinyimagenet,heavy_ball,resnet18,0.01,momentum,10,0.0003,0.9,,,,0.8341882288455963,0.5497489839792251,0.613221886754036,0.7885193586349487,1639.4441020965576,0.0055309806019067514,2334.8964124679565,0.0004397272947244353,1638.609913867712,1965.3167539481185,2334.2831905812022,3807.588187739434
split_tinyimagenet,heavy_ball,resnet18,0.01,momentum,10,0.001,0.5,,,,0.7678471475839614,0.6389285922050476,0.5202160507440567,0.8529811084270478,12875.678219604491,0.00014064963907003958,16645.268397521973,0.00528962933458386,12874.910372456907,16768.543401011437,16644.74818147123,31996.837417289433
split_tinyimagenet,heavy_ball,resnet18,0.01,momentum,10,0.001,0.9,,,,0.4247999176383018,0.9047059744596482,0.22867102697491642,0.9733755379915238,2648.86222782135,0.004611664341064153,2833.360758781433,-0.001026278003701,2648.437427903712,6235.552592730816,2833.132087754458,12390.554222211249
split_tinyimagenet,heavy_ball,resnet18,0.01,momentum,10,0.003,0.5,,,,0.37614870220422747,0.9262071788311005,0.20581040084362026,0.97847960293293,17716.627319335938,0.004205436042684572,18528.838626098634,0.003976199366661582,17716.25117063373,47100.0623304472,18528.63281569779,90028.67955238713
split_tinyimagenet,heavy_ball,resnet18,0.01,momentum,10,0.003,0.9,,,,0.16240917146205897,0.9865875869989396,0.08471410758793349,0.9963772028684617,2868.9889181137087,0.00242971190455136,2895.2947639465333,0.00154029061759503,2868.8265089422466,17665.19028627607,2895.2100498389455,34177.244456493965
split_tinyimagenet,heavy_ball,resnet18,0.01,momentum,10,0.01,0.5,,,,0.12999224252998826,0.9914666622877121,0.06837498079985375,0.997642657160759,18744.973135375978,-0.0004401678044814599,18847.63585357666,0.0002660276259120908,18744.843143133447,144200.70590790562,18847.567478595858,275651.05880975944
split_tinyimagenet,heavy_ball,resnet18,0.01,momentum,10,0.01,0.9,,,,0.056632979027926876,0.9983643293380737,0.03093124991282816,0.9995184719562531,2900.701893615723,0.00292510495492024,2903.6058490753176,0.00252586499482275,2900.6452606366947,51219.30619587092,2903.5749178254046,93872.8909196489
split_tinyimagenet,heavy_ball,resnet18,0.01,momentum,10,0.03,0.5,,,,0.04911737591028208,0.9987850368022919,0.027775515802204564,0.9996113985776901,18864.128381347655,-0.00046904372429708004,18877.01868286133,0.0002933273157850624,18864.079263971744,384062.2189549564,18876.990907345527,679628.0154539217
split_tinyimagenet,heavy_ball,resnet18,0.01,momentum,10,0.03,0.9,,,,0.022986999712884374,0.9997338235378266,0.014775932719930964,0.9998904585838317,2904.187406158447,0.002408678549318193,2904.616645240784,0.002264378031031795,2904.1644191587343,126340.42904392738,2904.6018693080637,196577.54947156762
split_tinyimagenet,heavy_ball,resnet18,0.01,momentum,10,0.1,0.5,,,,0.020154338423162645,0.999794465303421,0.013030110299587205,0.9999144226312637,18879.71746826172,0.0002745435940596483,18881.768397521973,0.00063114429322013,18879.697313923294,936756.9935495352,18881.755367411675,1449087.3801828178
split_tinyimagenet,heavy_ball,resnet18,0.01,momentum,10,0.1,0.9,,,,0.011411290569230851,0.9999346375465393,0.00828193414490665,0.9999656319618225,2904.734750175476,0.0024571692905737603,2904.8289222717285,0.002384622828867571,2904.7233388849068,254549.18815298053,2904.8206403375834,350742.8182169481
split_tinyimagenet,heavy_ball,resnet18,0.01,momentum,20,0.0001,0.5,,,,0.9984979510307312,0.05436102673411365,0.9936838954687118,0.11171065643429752,6212302485316.0,0.005250994465313847,12948876652655.2,-0.0023301121022086648,6212302485315.002,6221647704838.205,12948876652654.205,13031182966437.56
split_tinyimagenet,heavy_ball,resnet18,0.01,momentum,20,0.0001,0.9,,,,0.9909567296504974,0.1335398197174072,0.9653580576181412,0.25954201743006705,322573367524.0,0.005431876899092446,607604144304.0,0.0006084649299736951,322573367523.00903,325517106723.4884,607604144303.0347,629408062126.8767
split_tinyimagenet,heavy_ball,resnet18,0.01,momentum,20,0.0003,0.5,,,,0.9861139804124832,0.16476679481565953,0.9454956352710724,0.32420639842748644,18973991565125.6,0.006855483434628685,35983282128611.2,0.004247650266188415,18973991565124.617,19241174896627.0,35983282128610.26,38057586715664.58
split_tinyimagenet,heavy_ball,resnet18,0.01,momentum,20,0.0003,0.9,,,,0.9258826494216919,0.37578471153974535,0.784603625535965,0.6177549302577973,885763048568.0,0.004578916073660355,1460853260172.8,0.0010834149463335053,885763048567.0741,956668805837.5966,1460853260172.0154,1861899706587.37
split_tinyimagenet,heavy_ball,resnet18,0.01,momentum,20,0.001,0.5,,,,0.8738402754068375,0.4833489149808884,0.6849434316158295,0.7259360313415527,54884583873875.2,-0.0018467907153535649,78664373186406.4,-0.003479401819640765,54884583873874.33,62808485049882.09,78664373186405.72,114847985330455.17
split_tinyimagenet,heavy_ball,resnet18,0.01,momentum,20,0.001,0.9,,,,0.6088027089834214,0.7916828691959381,0.3539472967386246,0.9349245816469193,1837165718704.0,0.004198334332613737,2141816350160.0,-0.00249825371429324,1837165718703.391,3017670078656.0215,2141816350159.646,6051229575406.653
split_tinyimagenet,heavy_ball,resnet18,0.01,momentum,20,0.003,0.5,,,,0.5221021607518196,0.8518751829862594,0.2966277949512005,0.9546966522932052,88529602680480.0,0.005803880968596786,96731774742963.2,0.00106912994524462,88529602680479.48,169563754635680.22,96731774742962.9,326104891009546.0
split_tinyimagenet,heavy_ball,resnet18,0.01,momentum,20,0.003,0.9,,,,0.2585480287671089,0.9655118137598038,0.1335816759616136,0.9908949285745621,2211492781555.2,0.0005818133399657117,2261581993574.4,-0.0008294511804706349,2211492781554.9414,8553508576726.517,2261581993574.266,16930331030015.63
split_tinyimagenet,heavy_ball,resnet18,0.01,momentum,20,0.01,0.5,,,,0.19026913717389102,0.9815619647502899,0.09775146581232545,0.995174765586853,99214552394048.0,-0.000525029214986722,100361597702496.0,-0.00048050521472760364,99214552394047.81,521443224412027.0,100361597702495.9,1026701716117298.8
split_tinyimagenet,heavy_ball,resnet18,0.01,momentum,20,0.01,0.9,,,,0.09026029966771598,0.9958286672830582,0.04809809215366838,0.9988346010446548,2270746991532.8,0.000237872951765902,2276990805270.4,-0.0002610167602739302,2270746991532.7095,25157760387372.094,2276990805270.3516,47340563904190.88
split_tinyimagenet,heavy_ball,resnet18,0.01,momentum,20,0.03,0.5,,,,0.07057293783873315,0.9974929809570312,0.03889745809137817,0.9992385327816009,100536494267424.0,-0.000853584369906445,100676911805798.4,-0.0006689168263164618,100536494267423.92,1424575727556656.8,100676911805798.38,2588264548528789.0
split_tinyimagenet,heavy_ball,resnet18,0.01,momentum,20,0.03,0.9,,,,0.03545636599883433,0.999366381764412,0.022913176380097815,0.9997363418340683,2278223068217.6,-0.00039876361106506596,2278999891350.4,-0.0005155083766112212,2278223068217.5645,64254274346460.08,2278999891350.377,99462416451780.97
split_tinyimagenet,heavy_ball,resnet18,0.01,momentum,20,0.1,0.5,,,,0.027660375181585505,0.999615278840065,0.01740009170025582,0.9998481899499894,100705388260012.8,-0.00010300811263732434,100724102577049.6,-6.962752959225939e-05,100705388260012.77,3640781717489355.0,100724102577049.58,5788711020159090.0
split_tinyimagenet,heavy_ball,resnet18,0.01,momentum,20,0.1,0.9,,,,0.018383536301553198,0.9998302578926086,0.013476933166384642,0.9999089121818543,2279182927977.6,-0.00025804382703423944,2279373121116.8,-0.0003438497843034938,2279182927977.5815,123979570121393.64,2279373121116.786,169131440586365.28
split_tinyimagenet,heavy_ball,resnet18,0.01,momentum,40,0.0001,0.5,,,,0.9994594722986221,0.03243666719645257,0.9976421356201172,0.06813054829835888,inf,0.0,inf,0.0,inf,inf,inf,inf
split_tinyimagenet,heavy_ball,resnet18,0.01,momentum,40,0.0001,0.9,,,,0.9978211611509323,0.0652220038697123,0.9920814305543899,0.12401207573711867,inf,0.0,inf,0.0,inf,inf,inf,inf
split_tinyimagenet,heavy_ball,resnet18,0.01,momentum,40,0.0003,0.5,,,,0.9949813604354858,0.0987423103302717,0.9785090267658234,0.20456996634602548,inf,0.0,inf,0.0,inf,inf,inf,inf
split_tinyimagenet,heavy_ball,resnet18,0.01,momentum,40,0.0003,0.9,,,,0.9805756360292435,0.1940206609666347,0.933919170498848,0.35346079990267754,inf,0.0,inf,0.0,inf,inf,inf,inf
split_tinyimagenet,heavy_ball,resnet18,0.01,momentum,40,0.001,0.5,,,,0.9487455755472183,0.31289687752723694,0.8407676368951797,0.536877615749836,inf,0.0,inf,0.0,inf,inf,inf,inf
split_tinyimagenet,heavy_ball,resnet18,0.01,momentum,40,0.001,0.9,,,,0.8418580442667007,0.536646531522274,0.6140719652175903,0.7862629175186158,inf,0.0,inf,0.0,inf,inf,inf,inf
split_tinyimagenet,heavy_ball,resnet18,0.01,momentum,40,0.003,0.5,,,,0.7153040051460267,0.6960752695798874,0.45374243557453153,0.8898601025342942,inf,0.0,inf,0.0,inf,inf,inf,inf
split_tinyimagenet,heavy_ball,resnet18,0.01,momentum,40,0.003,0.9,,,,0.4870357498526573,0.8704805731773376,0.26142961382865904,0.9639834433794021,inf,0.0,inf,0.0,inf,inf,inf,inf
split_tinyimagenet,heavy_ball,resnet18,0.01,momentum,40,0.01,0.5,,,,0.30909769535064696,0.9500939607620239,0.15724075287580488,0.9873788356781006,inf,0.0,inf,0.0,inf,inf,inf,inf
split_tinyimagenet,heavy_ball,resnet18,0.01,momentum,40,0.01,0.9,,,,0.1848123133182525,0.9822183221578598,0.09416519775986668,0.9954784154891968,inf,0.0,inf,0.0,inf,inf,inf,inf
split_tinyimagenet,heavy_ball,resnet18,0.01,momentum,40,0.03,0.5,,,,0.11253570988774297,0.9935694843530655,0.06128573305904862,0.9980935513973236,inf,0.0,inf,0.0,inf,inf,inf,inf
split_tinyimagenet,heavy_ball,resnet18,0.01,momentum,40,0.03,0.9,,,,0.06921775266528124,0.99756019115448,0.043345293588936296,0.9990455865859985,inf,0.0,inf,0.0,inf,inf,inf,inf
split_tinyimagenet,heavy_ball,resnet18,0.01,momentum,40,0.1,0.5,,,,0.04141763560473915,0.9991339057683944,0.025064706522971353,0.9996838510036469,inf,0.0,inf,0.0,inf,inf,inf,inf
split_tinyimagenet,heavy_ball,resnet18,0.01,momentum,40,0.1,0.9,,,,0.03495388459414239,0.9993750989437103,0.025034019071608737,0.9996811389923096,inf,0.0,inf,0.0,inf,inf,inf,inf
split_tinyimagenet,heavy_ball,smallcnn,0.003,momentum,1,0.0001,0.5,,,,0.2292616724967956,0.9733641475439072,0.11849463693797586,0.9929544448852539,0.2292616724967956,0.9733641475439072,0.11849463693797586,0.9929544448852539,0.0,1.0,0.0,1.0
split_tinyimagenet,heavy_ball,smallcnn,0.003,momentum,1,0.0001,0.9,,,,0.13109988495707509,0.9913689732551575,0.06639820188283915,0.99779312312603,0.13109988495707509,0.9913689732551575,0.06639820188283915,0.99779312312603,0.0,1.0,0.0,1.0
split_tinyimagenet,heavy_ball,smallcnn,0.003,momentum,1,0.0003,0.5,,,,0.07935023233294483,0.9968466848134995,0.03979410175234075,0.9992078751325607,0.07935023233294483,0.9968466848134995,0.03979410175234075,0.9992078751325607,0.0,1.0,0.0,1.0
split_tinyimagenet,heavy_ball,smallcnn,0.003,momentum,1,0.0003,0.9,,,,0.044243622757494404,0.9990207374095916,0.022154543641954606,0.9997545570135117,0.044243622757494404,0.9990207374095916,0.022154543641954606,0.9997545570135117,0.0,1.0,0.0,1.0
split_tinyimagenet,heavy_ball,smallcnn,0.003,momentum,1,0.001,0.5,,,,0.02386597106233235,0.9997151404619217,0.011959267593920174,0.9999284893274307,0.02386597106233235,0.9997151404619217,0.011959267593920174,0.9999284893274307,0.0,1.0,0.0,1.0
split_tinyimagenet,heavy_ball,smallcnn,0.003,momentum,1,0.001,0.9,,,,0.01324664284475143,0.9999122679233551,0.006650219066068474,0.9999778866767883,0.01324664284475143,0.9999122679233551,0.006650219066068474,0.9999778866767883,0.0,1.0,0.0,1.0
split_tinyimagenet,heavy_ball,smallcnn,0.003,momentum,1,0.003,0.5,,,,0.007959131523966744,0.9999683290719986,0.003984972997568495,0.9999920487403869,0.007959131523966744,0.9999683290719986,0.003984972997568495,0.9999920487403869,0.0,1.0,0.0,1.0
split_tinyimagenet,heavy_ball,smallcnn,0.003,momentum,1,0.003,0.9,,,,0.004424836207181175,0.9999902427196503,0.0022164073074235945,0.9999975472688675,0.004424836207181175,0.9999902427196503,0.0022164073074235945,0.9999975472688675,0.0,1.0,0.0,1.0
split_tinyimagenet,heavy_ball,smallcnn,0.003,momentum,1,0.01,0.5,,,,0.002390383963938765,0.9999971389770508,0.00119663334335195,0.9999992787837982,0.002390383963938765,0.9999971389770508,0.00119663334335195,0.9999992787837982,0.0,1.0,0.0,1.0
split_tinyimagenet,heavy_ball,smallcnn,0.003,momentum,1,0.01,0.9,,,,0.00132771391072307,0.999999126791954,0.000663030773284795,0.9999998211860657,0.00132771391072307,0.999999126791954,0.000663030773284795,0.9999998211860657,0.0,1.0,0.0,1.0
split_tinyimagenet,heavy_ball,smallcnn,0.003,momentum,1,0.03,0.5,,,,0.0007957167108542751,0.9999996811151505,0.000398830838093955,0.999999925494194,0.0007957167108542751,0.9999996811151505,0.000398830838093955,0.999999925494194,0.0,1.0,0.0,1.0
split_tinyimagenet,heavy_ball,smallcnn,0.003,momentum,1,0.03,0.9,,,,0.000441992341075055,0.999999925494194,0.000221868776134175,0.9999999672174453,0.000441992341075055,0.999999925494194,0.000221868776134175,0.9999999672174453,0.0,1.0,0.0,1.0
split_tinyimagenet,heavy_ball,smallcnn,0.003,momentum,1,0.1,0.5,,,,0.00023895385966165003,1.0000000059604646,0.00011938814641320998,0.9999999791383744,0.00023895385966165003,1.0000000059604646,0.00011938814641320998,0.9999999791383744,0.0,1.0,0.0,1.0
split_tinyimagenet,heavy_ball,smallcnn,0.003,momentum,1,0.1,0.9,,,,0.00013265022716945,0.9999999612569809,6.639300554525107e-05,1.0000000029802323,0.00013265022716945,0.9999999612569809,6.639300554525107e-05,1.0000000029802323,0.0,1.0,0.0,1.0
split_tinyimagenet,heavy_ball,smallcnn,0.003,momentum,5,0.0001,0.5,,,,0.9546614646911621,0.2945625074207783,0.8732523292303085,0.4814699500799179,0.9546407133340835,0.29462622106075287,0.8731996119022369,0.4815583601593971,-2.075135707857445e-05,0.9999782631248395,-5.271732807154983e-05,0.9999396310478575
split_tinyimagenet,heavy_ball,smallcnn,0.003,momentum,5,0.0001,0.9,,,,0.7779500186443329,0.6242472171783447,0.5909042552113533,0.8013042032718658,0.7779543191194535,0.6242394253611565,0.5908608689904213,0.8013337820768356,4.300475120566638e-06,1.0000055279581175,-4.338622093191802e-05,0.9999265765637169
split_tinyimagenet,heavy_ball,smallcnn,0.003,momentum,5,0.0003,0.5,,,,0.7713480800390243,0.6330072194337845,0.5733878999948502,0.8167643338441849,0.7713434278964997,0.6330175071954727,0.5733882889151574,0.8167627394199372,-4.652142524652625e-06,0.9999939688155774,3.889203071816283e-07,1.0000006782848176
split_tinyimagenet,heavy_ball,smallcnn,0.003,momentum,5,0.0003,0.9,,,,0.4583666011691093,0.8867088824510574,0.29075884968042376,0.9560228228569031,0.4583949863910675,0.8866960376501083,0.2907488778233528,0.9560269773006439,2.8385221958193707e-05,1.0000619268984385,-9.97185707096726e-06,0.9999657040290195
split_tinyimagenet,heavy_ball,smallcnn,0.003,momentum,5,0.001,0.5,,,,0.3892603024840355,0.9202769547700882,0.23475335910916328,0.9717327982187272,0.3892325311899185,0.9202883154153824,0.23475470766425133,0.9717321634292603,-2.7771294116962775e-05,0.9999286562386667,1.3485550880432129e-06,1.000005744561412
split_tinyimagenet,heavy_ball,smallcnn,0.003,momentum,5,0.001,0.9,,,,0.18917164281010623,0.9817754626274109,0.10782644040882583,0.9941106468439103,0.18924357667565345,0.9817635595798493,0.10782129913568492,0.9941119849681854,7.193386554721348e-05,1.0003802571277527,-5.141273140912839e-06,0.9999523189941036
split_tinyimagenet,heavy_ball,smallcnn,0.003,momentum,5,0.003,0.5,,,,0.18041658401489252,0.9832252740859986,0.10311723761260502,0.9945705264806748,0.18044956699013706,0.9832184493541718,0.10313502289354796,0.9945684432983398,3.298297524453875e-05,1.000182815650926,1.778528094294185e-05,1.0001724763129298
split_tinyimagenet,heavy_ball,smallcnn,0.003,momentum,5,0.003,0.9,,,,0.07703376859426495,0.9969908922910691,0.04460109751671549,0.9989947766065598,0.07710413560271259,0.9969856292009354,0.04465810097753997,0.9989925026893616,7.03670084476471e-05,1.0009134566532538,5.7003460824482655e-05,1.001278073051972
split_tinyimagenet,heavy_ball,smallcnn,0.003,momentum,5,0.01,0.5,,,,0.06495181657373902,0.9978670477867126,0.03807375673204656,0.9992686688899994,0.06503873523324724,0.9978613406419754,0.03817860577255483,0.9992647498846055,8.69186595082172e-05,1.0013382021334158,0.00010484904050826749,1.0027538401646616
split_tinyimagenet,heavy_ball,smallcnn,0.003,momentum,5,0.01,0.9,,,,0.029375030007213317,0.9995643794536591,0.016869456041604232,0.9998565465211868,0.029526786692440455,0.9995596915483475,0.017070195823907813,0.9998530805110931,0.00015175668522713834,1.0051661797516418,0.00020073978230358142,1.011899600189153
split_tinyimagenet,heavy_ball,smallcnn,0.003,momentum,5,0.03,0.5,,,,0.027377754449844315,0.9996212542057037,0.01578691489994522,0.9998732089996338,0.027487416658550444,0.9996182769536972,0.016033256566151923,0.9998692035675049,0.00010966220870612872,1.0040055223998385,0.00024634166620670153,1.0156041676140002
split_tinyimagenet,heavy_ball,smallcnn,0.003,momentum,5,0.03,0.9,,,,0.01264822101220484,0.9999195545911789,0.007605918101035012,0.9999707579612732,0.013025410985574073,0.9999147266149521,0.008143505896441588,0.9999664843082428,0.00037718997336923243,1.029821583051503,0.0005375877954065765,1.070680197744099
split_tinyimagenet,heavy_ball,smallcnn,0.003,momentum,5,0.1,0.5,,,,0.011317172879353125,0.9999348998069764,0.007069530384615011,0.9999745458364486,0.011602246481925203,0.9999315589666367,0.007515926007181361,0.9999711990356446,0.0002850736025720776,1.0251894713998901,0.00044639562256634964,1.0631436033626525
split_tinyimagenet,heavy_ball,smallcnn,0.003,momentum,5,0.1,0.9,,,,0.005616231914609619,0.9999840021133423,0.0037559996126219153,0.9999928683042526,0.006316795339807816,0.9999797940254211,0.00469280572142448,0.9999888300895691,0.0007005634251981965,1.1247390485025746,0.0009368061088025643,1.2494159226360029
split_tinyimagenet,heavy_ball,smallcnn,0.003,momentum,10,0.0001,0.5,,,,0.9870634019374848,0.15889709293842313,0.956265902519226,0.2902324043214321,0.9870417207479477,0.15902761332690712,0.9562148839235306,0.2903911218047142,-2.168118953704834e-05,0.9999780346536054,-5.1018595695451197e-05,0.9999466481074343
split_tinyimagenet,heavy_ball,smallcnn,0.003,momentum,10,0.0001,0.9,,,,0.906131187081337,0.42080274820327757,0.7723657250404358,0.631697165966034,0.9061892062425614,0.4206822767853737,0.7723298877477646,0.6317438215017319,5.801916122438744e-05,1.0000640295379428,-3.583729267120361e-05,0.9999536006175451
split_tinyimagenet,heavy_ball,smallcnn,0.003,momentum,10,0.0003,0.5,,,,0.9020228922367096,0.42972790747880935,0.758611649274826,0.6495536059141159,0.9020299792289734,0.4297205552458763,0.7586096465587616,0.6495584309101105,7.08699226381615e-06,1.0000078567765018,-2.0027160644309205e-06,0.9999973600246367
split_tinyimagenet,heavy_ball,smallcnn,0.003,momentum,10,0.0003,0.9,,,,0.6442546606063843,0.7625706881284714,0.4275830611586571,0.9032131314277649,0.6444492548704147,0.7624037981033325,0.42773609459400175,0.903140303492546,0.00019459426403045654,1.0003020455666511,0.00015303343534467384,1.000357903409293
split_tinyimagenet,heavy_ball,smallcnn,0.003,momentum,10,0.001,0.5,,,,0.5665321588516236,0.8224307954311371,0.357270185649395,0.9334336936473846,0.5665643334388732,0.8224110722541809,0.35740728080272677,0.9333838760852814,3.2174587249689246e-05,1.0000567921639523,0.0001370951533317677,1.0003837296221139
split_tinyimagenet,heavy_ball,smallcnn,0.003,momentum,10,0.001,0.9,,,,0.28708339631557467,0.9576671957969666,0.16410096660256382,0.9863323986530304,0.2874160803854465,0.9575700044631958,0.1645405955612659,0.9862635999917984,0.00033268406987185806,1.0011588412083092,0.0004396289587020874,1.0026790150466744
split_tinyimagenet,heavy_ball,smallcnn,0.003,momentum,10,0.003,0.5,,,,0.2759937047958374,0.9602818936109543,0.15744653120636937,0.9873684585094452,0.2760968007147312,0.9602550327777862,0.1576763294637203,0.987332421541214,0.00010309591889379188,1.0003735444580886,0.00022979825735092163,1.0014595320429747
split_tinyimagenet,heavy_ball,smallcnn,0.003,momentum,10,0.003,0.9,,,,0.11707126200199122,0.993071660399437,0.06711988076567646,0.9977244347333908,0.11765252202749248,0.9930039912462234,0.06804014258086676,0.9976633578538895,0.000581260025501254,1.0049650103326926,0.0009202618151902958,1.0137107188614212
split_tinyimagenet,heavy_ball,smallcnn,0.003,momentum,10,0.01,0.5,,,,0.09776909463107582,0.9951838403940201,0.05720028001815075,0.9983513653278351,0.0980895563960075,0.9951526552438736,0.05779650397598739,0.9983172744512558,0.00032046176493168155,1.0032777409481075,0.0005962239578366363,1.0104234447392118
split_tinyimagenet,heavy_ball,smallcnn,0.003,momentum,10,0.01,0.9,,,,0.044992802664637524,0.9989816427230835,0.02617900744080538,0.9996560633182525,0.04670023918151851,0.9989028155803681,0.02873339448124166,0.999585485458374,0.001707436516880989,1.0379491033178727,0.002554387040436281,1.0975738689181447
split_tinyimagenet,heavy_ball,smallcnn,0.003,momentum,10,0.03,0.5,,,,0.040507520548999254,0.999174952507019,0.02391936117783184,0.9997109770774841,0.041151030175387814,0.9991486340761184,0.02510893670842046,0.9996818244457245,0.0006435096263885595,1.0158861766325626,0.00118957553058862,1.0497327466960573
split_tinyimagenet,heavy_ball,smallcnn,0.003,momentum,10,0.03,0.9,,,,0.023403371032327362,0.9995943784713746,0.017730119917541694,0.9997604459524154,0.026750839967280587,0.9995213508605957,0.02211007224395866,0.9996900051832199,0.0033474689349532252,1.1430336223926598,0.004379952326416966,1.2470345573965105
split_tinyimagenet,heavy_ball,smallcnn,0.003,momentum,10,0.1,0.5,,,,0.020311599969863845,0.9996828615665436,0.012930732360109623,0.9998915076255799,0.02189659136347468,0.9996539711952209,0.015151868993416372,0.9998625904321671,0.0015849913936108358,1.0780338031451226,0.0022211366333067493,1.17177191294739
split_tinyimagenet,heavy_ball,smallcnn,0.003,momentum,10,0.1,0.9,,,,0.010507507249712899,0.9999342918395996,0.00884554807562377,0.9999538421630859,0.01607606988400216,0.9998637467622757,0.015064776781946362,0.9998838245868683,0.005568562634289263,1.5299603894578722,0.006219228706322593,1.7030913916415547
split_tinyimagenet,heavy_ball,smallcnn,0.003,momentum,20,0.0001,0.5,,,,0.994013324379921,0.10853361822664734,0.9787484496831894,0.20395032986998554,0.9940024703741074,0.10862087607383723,0.9787241995334626,0.20406419485807414,-1.0854005813576428e-05,0.9999890806234208,-2.425014972684547e-05,0.9999752233071381
split_tinyimagenet,heavy_ball,smallcnn,0.003,momentum,20,0.0001,0.9,,,,0.9589527577161789,0.2815038964152336,0.8786011129617691,0.47443016469478605,0.9591230928897858,0.2809434041380882,0.8788678467273712,0.4739448562264442,0.00017033517360687256,1.0001776262409554,0.0002667337656020452,1.000303589150602
split_tinyimagenet,heavy_ball,smallcnn,0.003,momentum,20,0.0003,0.5,,,,0.9522400528192521,0.3034708224236965,0.8559165865182876,0.5141649931669235,0.952229019999504,0.3035127006471157,0.8559434533119201,0.5141400456428528,-1.1032819748013623e-05,0.9999884138251532,2.6866793632507324e-05,1.00003138949993
split_tinyimagenet,heavy_ball,smallcnn,0.003,momentum,20,0.0003,0.9,,,,0.7802798271179199,0.6225169420242309,0.5673673272132873,0.8224074333906174,0.7811115473508835,0.6214548021554946,0.5687289804220199,0.8214815109968185,0.0008317202329636286,1.0010659255872802,0.001361653208732605,1.0023999499855245
split_tinyimagenet,heavy_ball,smallcnn,0.003,momentum,20,0.001,0.5,,,,0.7007876962423325,0.7120352566242218,0.4632282331585884,0.8856200575828552,0.7008738219738007,0.7119488954544068,0.46348472982645034,0.8854891508817673,8.612573146815627e-05,1.000122898464014,0.0002564966678619274,1.00055371553265
split_tinyimagenet,heavy_ball,smallcnn,0.003,momentum,20,0.001,0.9,,,,0.3986791655421257,0.9162627786397934,0.23240800052881236,0.9722855240106583,0.4013145789504051,0.9151390939950943,0.23753416687250137,0.9710946798324585,0.002635413408279441,1.0066103615038318,0.005126166343689009,1.0220567550687805
split_tinyimagenet,heavy_ball,smallcnn,0.003,momentum,20,0.003,0.5,,,,0.36496117860078814,0.9299964427947998,0.2045320533215999,0.9786471992731094,0.3653455555438995,0.9298550248146057,0.20526161417365069,0.9784980952739716,0.00038437694311138637,1.0010531995336738,0.0007295608520507812,1.003566975641239
split_tinyimagenet,heavy_ball,smallcnn,0.003,momentum,20,0.003,0.9,,,,0.16531284973025318,0.9860777378082275,0.09549315087497229,0.9953847020864487,0.17188654392957686,0.9849735468626022,0.10657222047448153,0.9942775398492814,0.0065736941993236875,1.039765173790484,0.011079069599509245,1.1160195207509165
split_tinyimagenet,heavy_ball,smallcnn,0.003,momentum,20,0.01,0.5,,,,0.13120778165757652,0.9912839710712433,0.07521815560758109,0.9971428096294404,0.13272145353257653,0.9910846501588821,0.07779715005308385,0.996948504447937,0.001513671875000011,1.0115364489504926,0.002578994445502761,1.0342868609934757
split_tinyimagenet,heavy_ball,smallcnn,0.003,momentum,20,0.01,0.9,,,,0.06389518231153483,0.9979413986206055,0.03790124859660859,0.9992788136005402,0.07966169342398641,0.9968060493469239,0.06017105486243958,0.9981762528419494,0.015766511112451573,1.2467558670633183,0.022269806265830992,1.587574475523313
split_tinyimagenet,heavy_ball,smallcnn,0.003,momentum,20,0.03,0.5,,,,0.05403489470481868,0.9985269963741302,0.03206850998103615,0.9994818776845932,0.05744133628904815,0.9983361929655075,0.03768116440623994,0.999285152554512,0.0034064415842294665,1.0630415142444183,0.0056126544252037905,1.1750207424206132
split_tinyimagenet,heavy_ball,smallcnn,0.003,momentum,20,0.03,0.9,,,,0.03529274612665172,0.9989625245332718,0.028370803408324673,0.9993460088968277,0.06117853652685875,0.9978395581245423,0.05783470179885621,0.9982269674539566,0.025885790400207033,1.7334592300444165,0.02946389839053154,2.038528869502727
split_tinyimagenet,heavy_ball,smallcnn,0.003,momentum,20,0.1,0.5,,,,0.025869561359286263,0.9995502889156341,0.017265773238614154,0.9998263001441956,0.03287458298727865,0.9993581801652909,0.026185685489326666,0.9996355473995209,0.007005021627992384,1.2707823890287118,0.008919912250712512,1.5166239662387964
split_tinyimagenet,heavy_ball,smallcnn,0.003,momentum,20,0.1,0.9,,,,0.01689691729843612,0.999825382232666,0.014926515985280237,0.9998677194118499,0.05050740856677288,0.9987078219652176,0.04978477880358693,0.9987520635128021,0.03361049126833676,2.9891493030771685,0.03485826281830669,3.335324790639833
split_tinyimagenet,heavy_ball,smallcnn,0.003,momentum,40,0.0001,0.5,,,,0.9972958773374557,0.07063544848933814,0.9895874321460724,0.13964483514428133,0.997264152765274,0.07108934679999943,0.9895535707473755,0.14005665648728605,-3.172457218170166e-05,0.9999681894080757,-3.386139869687721e-05,0.9999657823072556
split_tinyimagenet,heavy_ball,smallcnn,0.003,momentum,40,0.0001,0.9,,,,0.9843862980604172,0.17310800366103649,0.9453130215406418,0.32131737768650054,0.9863394916057586,0.16432774327695365,0.9514190077781677,0.30612787902355193,0.001953193545341403,1.0019841738443434,0.0061059862375258955,1.0064592215471384
split_tinyimagenet,heavy_ball,smallcnn,0.003,momentum,40,0.0003,0.5,,,,0.9743056833744049,0.2226170882582664,0.9149081110954285,0.39467980302870276,0.9744316726922989,0.22209728658199307,0.9151892215013504,0.394051930680871,0.00012598931789398193,1.0001293118987642,0.00028111040592193604,1.0003072553434742
split_tinyimagenet,heavy_ball,smallcnn,0.003,momentum,40,0.0003,0.9,,,,0.8850968807935715,0.4606091514229774,0.714983806014061,0.6952787190675735,0.9002101749181748,0.43549553006887437,0.7544413059949875,0.6590630441904068,0.015113294124603271,1.0170752992723833,0.039457499980926514,1.0551865645753529
split_tinyimagenet,heavy_ball,smallcnn,0.003,momentum,40,0.001,0.5,,,,0.8119841128587723,0.5677675947546958,0.600968123972416,0.7828920751810073,0.812354999780655,0.5672126799821854,0.6025667443871499,0.781699487566948,0.000370886921882696,1.0004567662297934,0.001598620414733909,1.0026600752202413
split_tinyimagenet,heavy_ball,smallcnn,0.003,momentum,40,0.001,0.9,,,,0.5683394581079483,0.8145420551300049,0.35343280583620074,0.932510769367218,0.6361715793609619,0.7710935145616531,0.47966009229421613,0.8821173965930938,0.06783212125301363,1.1193514197990628,0.1262272864580154,1.3571464911395796
split_tinyimagenet,heavy_ball,smallcnn,0.003,momentum,40,0.003,0.5,,,,0.4629434421658516,0.8811893314123154,0.2781516149640083,0.95839763879776,0.4654862076044083,0.8798055976629258,0.2827361591160297,0.957010668516159,0.0025427654385566933,1.0054926049425401,0.004584544152021364,1.0164821770048489
split_tinyimagenet,heavy_ball,smallcnn,0.003,momentum,40,0.003,0.9,,,,0.2519380211830139,0.9661803603172302,0.13993256017565722,0.989949443936348,0.41281134486198423,0.9154103487730026,0.36114559322595596,0.9375166088342667,0.16087332367897034,1.638543253311131,0.22121303305029874,2.5808546114829185
split_tinyimagenet,heavy_ball,smallcnn,0.003,momentum,40,0.01,0.5,,,,0.1670480534434318,0.9854901850223541,0.10797562263905998,0.9934354573488235,0.17554860264062877,0.9840205430984497,0.1207794990390539,0.9919811755418777,0.008500549197196977,1.0508868497535384,0.012803876399993919,1.1185811768161282
split_tinyimagenet,heavy_ball,smallcnn,0.003,momentum,40,0.01,0.9,,,,0.09700201787054533,0.9950861364603043,0.06002174858003852,0.9981326967477798,0.34668356031179426,0.9424254179000855,0.337688709795475,0.9454601645469666,0.24968154244124893,3.5739829739878513,0.2776669612154365,5.626105833040999
split_tinyimagenet,heavy_ball,smallcnn,0.003,momentum,40,0.03,0.5,,,,0.07813407517969603,0.9965772360563279,0.04734614547342056,0.998769786953926,0.0948209777474403,0.9951332360506058,0.07167565971612924,0.9972993165254593,0.01668690256774427,1.213567544369944,0.024329514242708683,1.5138647296297207
split_tinyimagenet,heavy_ball,smallcnn,0.003,momentum,40,0.03,0.9,,,,0.0493853541091084,0.9982352763414383,0.039002256467938375,0.9989269793033599,0.33908771723508835,0.9455476939678192,0.33689548820257187,0.9461770117282867,0.28970236312597997,6.866159478900013,0.2978932317346335,8.63784608153416
split_tinyimagenet,heavy_ball,smallcnn,0.003,momentum,40,0.1,0.5,,,,0.033567268494516564,0.9993365317583084,0.023198645189404447,0.9997087717056274,0.06309331636875863,0.9978802084922791,0.05744848828762765,0.9982660621404648,0.029526047874242067,1.8796082969654009,0.0342498430982232,2.476372556181263
split_tinyimagenet,heavy_ball,smallcnn,0.003,momentum,40,0.1,0.9,,,,0.024581683892756636,0.9996567040681839,0.021043771505355788,0.9997521549463272,0.3338848419487476,0.9468688994646073,0.3335506685078144,0.9469683706760407,0.309303158055991,13.582667623804724,0.3125068970024586,15.850327419822221
split_tinyimagenet,heavy_ball,smallcnn,0.01,momentum,1,0.0001,0.5,,,,0.07158999592065807,0.9974340766668319,0.03590454403311011,0.9993552178144455,0.07158999592065807,0.9974340766668319,0.03590454403311011,0.9993552178144455,0.0,1.0,0.0,1.0
split_tinyimagenet,heavy_ball,smallcnn,0.01,momentum,1,0.0001,0.9,,,,0.039713295362889735,0.9992110669612885,0.0199061587452888,0.999801853299141,0.039713295362889735,0.9992110669612885,0.0199061587452888,0.999801853299141,0.0,1.0,0.0,1.0
split_tinyimagenet,heavy_ball,smallcnn,0.01,momentum,1,0.0003,0.5,,,,0.02390780150890344,0.999714145064354,0.01196249597705895,0.999928456544876,0.02390780150890344,0.999714145064354,0.01196249597705895,0.999928456544876,0.0,1.0,0.0,1.0
split_tinyimagenet,heavy_ball,smallcnn,0.01,momentum,1,0.0003,0.9,,,,0.01328160781413312,0.9999117851257324,0.006643292936496384,0.9999779462814331,0.01328160781413312,0.9999117851257324,0.006643292936496384,0.9999779462814331,0.0,1.0,0.0,1.0
split_tinyimagenet,heavy_ball,smallcnn,0.01,momentum,1,0.001,0.5,,,,0.00717352754436428,0.9999742984771729,0.0035935985157265747,0.9999935567378998,0.00717352754436428,0.9999742984771729,0.0035935985157265747,0.9999935567378998,0.0,1.0,0.0,1.0
split_tinyimagenet,heavy_ball,smallcnn,0.01,momentum,1,0.001,0.9,,,,0.003988231834955465,0.9999920487403869,0.0019969008048064405,0.9999980121850968,0.003988231834955465,0.9999920487403869,0.0019969008048064405,0.9999980121850968,0.0,1.0,0.0,1.0
split_tinyimagenet,heavy_ball,smallcnn,0.01,momentum,1,0.003,0.5,,,,0.00238853034097697,0.9999971628189087,0.001195421727606985,0.9999992728233338,0.00238853034097697,0.9999971628189087,0.001195421727606985,0.9999992728233338,0.0,1.0,0.0,1.0
split_tinyimagenet,heavy_ball,smallcnn,0.01,momentum,1,0.003,0.9,,,,0.0013300994294694998,0.9999991178512573,0.0006644934212089851,0.999999788403511,0.0013300994294694998,0.9999991178512573,0.0006644934212089851,0.999999788403511,0.0,1.0,0.0,1.0
split_tinyimagenet,heavy_ball,smallcnn,0.01,momentum,1,0.01,0.5,,,,0.0007166555587900349,0.9999997437000274,0.00035863892990158997,0.9999999314546585,0.0007166555587900349,0.9999997437000274,0.00035863892990158997,0.9999999314546585,0.0,1.0,0.0,1.0
split_tinyimagenet,heavy_ball,smallcnn,0.01,momentum,1,0.01,0.9,,,,0.00039799718215357497,0.999999925494194,0.00019914808362949502,1.000000011920929,0.00039799718215357497,0.999999925494194,0.00019914808362949502,1.000000011920929,0.0,1.0,0.0,1.0
split_tinyimagenet,heavy_ball,smallcnn,0.01,momentum,1,0.03,0.5,,,,0.000239232259627855,0.9999999701976776,0.00011962449789276,1.0000000059604646,0.000239232259627855,0.9999999701976776,0.00011962449789276,1.0000000059604646,0.0,1.0,0.0,1.0
split_tinyimagenet,heavy_ball,smallcnn,0.01,momentum,1,0.03,0.9,,,,0.00013304945969133498,1.0000000238418578,6.638341801590286e-05,0.9999999791383744,0.00013304945969133498,1.0000000238418578,6.638341801590286e-05,0.9999999791383744,0.0,1.0,0.0,1.0
split_tinyimagenet,heavy_ball,smallcnn,0.01,momentum,1,0.1,0.5,,,,7.198701168817934e-05,0.9999999940395355,3.597747072490165e-05,1.0000000327825547,7.198701168817934e-05,0.9999999940395355,3.597747072490165e-05,1.0000000327825547,0.0,1.0,0.0,1.0
split_tinyimagenet,heavy_ball,smallcnn,0.01,momentum,1,0.1,0.9,,,,3.981731897511054e-05,1.0000000059604646,1.9920047179766698e-05,1.00000002682209,3.981731897511054e-05,1.0000000059604646,1.9920047179766698e-05,1.00000002682209,0.0,1.0,0.0,1.0
split_tinyimagenet,heavy_ball,smallcnn,0.01,momentum,5,0.0001,0.5,,,,0.9572707116603851,0.28431412428617475,0.8831993937492371,0.4627558559179306,0.9572594642639161,0.2843767985701561,0.8831726610660553,0.46280479431152344,-1.1247396469071802e-05,0.9999882505582464,-2.6732683181762695e-05,0.9999697319955483
split_tinyimagenet,heavy_ball,smallcnn,0.01,momentum,5,0.0001,0.9,,,,0.8094303160905838,0.5827974557876587,0.5965478375554085,0.7988268911838532,0.809501776099205,0.5827015981078147,0.5965998128056527,0.7987965673208237,7.146000862123802e-05,1.00008828432442,5.1975250244140625e-05,1.0000871267096654
split_tinyimagenet,heavy_ball,smallcnn,0.01,momentum,5,0.0003,0.5,,,,0.7949654221534729,0.5986166089773178,0.5861160054802894,0.8061799198389054,0.794917106628418,0.598667111992836,0.5859834909439087,0.8062633633613586,-4.8315525054909436e-05,0.999939223111209,-0.00013251453638074562,0.9997739107358582
split_tinyimagenet,heavy_ball,smallcnn,0.01,momentum,5,0.0003,0.9,,,,0.4895305931568146,0.8697034746408463,0.289615286886692,0.9566686451435089,0.4896906927227974,0.8696161866188049,0.28970483839511874,0.9566418558359147,0.0001600995659828408,1.0003270471104786,8.955150842671067e-05,1.0003092084999703
split_tinyimagenet,heavy_ball,smallcnn,0.01,momentum,5,0.001,0.5,,,,0.4250617280602455,0.9020996183156967,0.2398511841893196,0.9702282041311264,0.4250855803489685,0.9020868927240372,0.23998996019363403,0.9701909601688385,2.385228872298084e-05,1.000056114882024,0.00013877600431441706,1.0005785921165387
split_tinyimagenet,heavy_ball,smallcnn,0.01,momentum,5,0.001,0.9,,,,0.1917414471507072,0.9811521112918854,0.10620252937078471,0.9942860692739487,0.19211862087249754,0.9810728579759598,0.10674565881490702,0.9942249476909637,0.0003771737217903304,1.001967095416224,0.0005431294441223117,1.005114091418916
split_tinyimagenet,heavy_ball,smallcnn,0.01,momentum,5,0.003,0.5,,,,0.17839899286627764,0.9836947590112686,0.09742723628878588,0.9951662212610245,0.1786621026694774,0.9836461961269378,0.09796965122222896,0.9951128691434861,0.00026310980319976807,1.0014748390614345,0.0005424149334430778,1.0055673849952522
split_tinyimagenet,heavy_ball,smallcnn,0.01,momentum,5,0.003,0.9,,,,0.07943449988961215,0.9967859953641891,0.044685282371938174,0.9989932626485825,0.08007595892995592,0.996733283996582,0.04581648968160148,0.9989413410425186,0.000641459040343767,1.0080753204367772,0.001131207309663304,1.0253149862688054
split_tinyimagenet,heavy_ball,smallcnn,0.01,momentum,5,0.01,0.5,,,,0.06828934568911785,0.9976222902536392,0.036709102801978546,0.99932159781456,0.06914973948150871,0.9975613981485367,0.038287071418017106,0.9992616981267929,0.0008603937923908622,1.0125992390717542,0.0015779686160385595,1.0429857581796718
split_tinyimagenet,heavy_ball,smallcnn,0.01,momentum,5,0.01,0.9,,,,0.031437797658145375,0.9995002746582031,0.018824682524427715,0.9998211592435837,0.0329740733839571,0.9994513481855393,0.02143620131537311,0.9997682929039001,0.0015362757258117268,1.0488671548343553,0.002611518790945396,1.1387284373883373
split_tinyimagenet,heavy_ball,smallcnn,0.01,momentum,5,0.03,0.5,,,,0.02849759375676509,0.9995907813310623,0.01886262022890146,0.9997842729091644,0.030565311666578016,0.999529841542244,0.021945201884955117,0.9997268676757812,0.0020677179098129266,1.072557631618356,0.0030825816560536567,1.163422770465924
split_tinyimagenet,heavy_ball,smallcnn,0.01,momentum,5,0.03,0.9,,,,0.014260382298380092,0.9998976916074753,0.009765607630833936,0.9999519228935242,0.01762529038824138,0.9998437911272049,0.014300104416906784,0.9998966962099075,0.0033649080898612866,1.2359619833083664,0.004534496786072848,1.4643332967582707
split_tinyimagenet,heavy_ball,smallcnn,0.01,momentum,5,0.1,0.5,,,,0.016123748384416055,0.9998135328292846,0.01076890591066325,0.9999281615018845,0.019872246310114826,0.9997559249401092,0.015567248873412562,0.9998702734708786,0.003748497925698771,1.232483032873533,0.004798342962749311,1.4455738589003777
split_tinyimagenet,heavy_ball,smallcnn,0.01,momentum,5,0.1,0.9,,,,0.008679015375673716,0.9999583125114441,0.007170804985798853,0.999972727894783,0.013466021139174656,0.999905702471733,0.012514353590086064,0.9999205231666565,0.00478700576350094,1.5515609267058528,0.005343548604287211,1.745181135851503
split_tinyimagenet,heavy_ball,smallcnn,0.01,momentum,10,0.0001,0.5,,,,0.9859091967344285,0.16555690914392468,0.9561979502439499,0.2896170526742935,0.9859360307455063,0.16536417827010153,0.956243458390236,0.28940172865986824,2.683401107783645e-05,1.000027217527909,4.550814628601074e-05,1.0000475928088681
split_tinyimagenet,heavy_ball,smallcnn,0.01,momentum,10,0.0001,0.9,,,,0.9157436549663543,0.3954431861639023,0.7539328366518021,0.651170115172863,0.9159908622503281,0.3948618546128273,0.7545470118522644,0.6504777327179909,0.00024720728397376046,1.0002699524944925,0.0006141752004622525,1.0008146285326818
split_tinyimagenet,heavy_ball,smallcnn,0.01,momentum,10,0.0003,0.5,,,,0.903021302819252,0.4246329039335251,0.7529048085212707,0.6551522791385651,0.9030704319477081,0.42446302622556686,0.7531369745731353,0.6548789620399476,4.912912845611572e-05,1.0000544052818054,0.00023216605186460182,1.0003083604318062
split_tinyimagenet,heavy_ball,smallcnn,0.01,momentum,10,0.0003,0.9,,,,0.653679582476616,0.7506227433681488,0.4163330987095833,0.9080935001373291,0.654453894495964,0.7499744743108749,0.4179010882973671,0.9073741763830185,0.0007743120193480779,1.0011845436818056,0.0015679895877838135,1.0037661900834782
split_tinyimagenet,heavy_ball,smallcnn,0.01,momentum,10,0.001,0.5,,,,0.5823836788535118,0.8108041495084762,0.3493794515728951,0.936104017496109,0.5831738263368607,0.810232600569725,0.3507992759346962,0.9355843782424926,0.0007901474833488242,1.0013567472991418,0.001419824361801103,1.0040638462147935
split_tinyimagenet,heavy_ball,smallcnn,0.01,momentum,10,0.001,0.9,,,,0.29054019451141355,0.9552068829536438,0.15534645542502398,0.9876819550991058,0.2930701829493046,0.954433462023735,0.16023485958576197,0.9868973970413208,0.0025299884378910398,1.0087078775525211,0.004888404160737991,1.031467754750911
split_tinyimagenet,heavy_ball,smallcnn,0.01,momentum,10,0.003,0.5,,,,0.26580927446484565,0.9634346216917038,0.14326838105916975,0.9895568162202835,0.26778477504849435,0.9628945618867875,0.1470837444067001,0.9890077471733093,0.001975500583648704,1.0074320227825986,0.003815363347530354,1.026630881980544
split_tinyimagenet,heavy_ball,smallcnn,0.01,momentum,10,0.003,0.9,,,,0.11911142617464063,0.992720314860344,0.06531034726649518,0.99783596098423,0.12531380392611022,0.9919601500034332,0.07609094250947232,0.9970741778612137,0.00620237775146959,1.0520720635346579,0.010780595242977142,1.1650671860461488
split_tinyimagenet,heavy_ball,smallcnn,0.01,momentum,10,0.01,0.5,,,,0.1020674809813499,0.9946693360805512,0.05476718936115499,0.998484018445015,0.10744849145412441,0.9941034406423569,0.06396123524755234,0.9979391694068909,0.005381010472774506,1.0527201261463262,0.009194045886397356,1.1678750725323594
split_tinyimagenet,heavy_ball,smallcnn,0.01,momentum,10,0.01,0.9,,,,0.04726426340639586,0.9988620191812515,0.028683222737163255,0.9995836287736892,0.061271888762712445,0.9981044381856918,0.04832545667886729,0.9988210469484329,0.014007625356316583,1.296368214519155,0.019642233941704036,1.684798710441093
split_tinyimagenet,heavy_ball,smallcnn,0.01,momentum,10,0.03,0.5,,,,0.04142212960869068,0.9991334766149521,0.027393900975584938,0.9995680570602417,0.053228437528014136,0.9985791087150574,0.04362235460430378,0.9990166485309601,0.011806307919323453,1.285024165364168,0.016228453628718845,1.592411195586295
split_tinyimagenet,heavy_ball,smallcnn,0.01,momentum,10,0.03,0.9,,,,0.022681897412985513,0.999740582704544,0.01635478688403959,0.9998647958040238,0.04503472056239839,0.9989757388830185,0.042086854018270906,0.9991033613681793,0.02235282314941288,1.9854917665140202,0.025732067134231314,2.5733660925501196
split_tinyimagenet,heavy_ball,smallcnn,0.01,momentum,10,0.1,0.5,,,,0.023181602731347038,0.999649316072464,0.015994501905515737,0.9998524814844132,0.041413799859583336,0.999102333188057,0.03713549599051471,0.999305248260498,0.0182321971282363,1.7864942445753345,0.021140994084998973,2.3217663300729896
split_tinyimagenet,heavy_ball,smallcnn,0.01,momentum,10,0.1,0.9,,,,0.014534906065091436,0.9998910933732986,0.01241915505379434,0.999922028183937,0.04130682069808239,0.9991363376379013,0.04050601162016388,0.9991693794727325,0.026771914632990956,2.8419048952293684,0.028086856566369542,3.2615754811587085
split_tinyimagenet,heavy_ball,smallcnn,0.01,momentum,20,0.0001,0.5,,,,0.9941300421953201,0.10757757835090156,0.9790010482072831,0.20233113467693328,0.99443778693676,0.10461674183607099,0.9792994588613511,0.20101627036929132,0.00030774474143990815,1.0003095618564755,0.00029841065406799316,1.0003048113734039
split_tinyimagenet,heavy_ball,smallcnn,0.01,momentum,20,0.0001,0.9,,,,0.9688505291938782,0.23892371132969856,0.8926031678915024,0.4382264524698257,0.9708267241716385,0.23197215013206002,0.9006132900714874,0.423862387239933,0.0019761949777603594,1.0020397315356835,0.00801012217998498,1.0089738894820488
split_tinyimagenet,heavy_ball,smallcnn,0.01,momentum,20,0.0003,0.5,,,,0.9510015904903412,0.3060601860284805,0.8539584338665008,0.5172181949019432,0.9523419171571732,0.30174442008137703,0.8567705690860749,0.5129415288567543,0.0013403266668320368,1.001409384253649,0.002812135219574019,1.003293058664274
split_tinyimagenet,heavy_ball,smallcnn,0.01,momentum,20,0.0003,0.9,,,,0.8292487829923629,0.5429856747388839,0.6092901691794396,0.7862182855606079,0.840707516670227,0.5275664255023003,0.6446736782789231,0.7610373765230178,0.011458733677864097,1.013818209821804,0.03538350909948351,1.0580733300639598
split_tinyimagenet,heavy_ball,smallcnn,0.01,momentum,20,0.001,0.5,,,,0.723624449968338,0.6881638139486312,0.4812397465109825,0.87497598528862,0.7307379633188248,0.6809832453727722,0.4951550394296646,0.867594164609909,0.007113513350486822,1.0098303938607907,0.013915292918682098,1.028915510448937
split_tinyimagenet,heavy_ball,smallcnn,0.01,momentum,20,0.001,0.9,,,,0.45344565957784655,0.8850927919149398,0.24899982064962387,0.9670348525047302,0.5093404024839401,0.8574155479669571,0.3527674213051796,0.9364695936441422,0.05589474290609353,1.1232666841670311,0.10376760065555571,1.4167376521992385
split_tinyimagenet,heavy_ball,smallcnn,0.01,momentum,20,0.003,0.5,,,,0.3536769047379494,0.9343212127685547,0.20001984462141986,0.979405301809311,0.3739802375435829,0.9265975177288055,0.23508652076125144,0.9718843221664428,0.02030333280563351,1.0574064422461424,0.03506667613983158,1.175315985302372
split_tinyimagenet,heavy_ball,smallcnn,0.01,momentum,20,0.003,0.9,,,,0.19354185163974758,0.9800803780555725,0.10527974590659137,0.9941774547100067,0.31574314311146734,0.9498529672622681,0.2715687401592731,0.9632267415523529,0.12220129147171976,1.6313946592759752,0.16628899425268176,2.5794965386810524
split_tinyimagenet,heavy_ball,smallcnn,0.01,momentum,20,0.01,0.5,,,,0.1353058416396379,0.9906166702508926,0.07531230226159094,0.9971081197261811,0.18620432466268536,0.9824511528015136,0.1463983867317438,0.989216560125351,0.05089848302304745,1.3761735813196163,0.07108608447015285,1.9438840977565832
split_tinyimagenet,heavy_ball,smallcnn,0.01,momentum,20,0.01,0.9,,,,0.07089107204228637,0.9974208116531372,0.04374199658632274,0.9990143954753876,0.25959289222955706,0.9663976848125457,0.25375563427805903,0.9678202271461487,0.1887018201872707,3.6618559255911727,0.21001363769173628,5.801190025180593
split_tinyimagenet,heavy_ball,smallcnn,0.01,momentum,20,0.03,0.5,,,,0.05534038972109552,0.9984451085329056,0.03663105871528382,0.9992563158273697,0.13741064555943008,0.9904941469430923,0.13087999112904067,0.9913454800844193,0.08207025583833456,2.4830082739198662,0.09424893241375684,3.5729240627826226
split_tinyimagenet,heavy_ball,smallcnn,0.01,momentum,20,0.03,0.9,,,,0.03760842382907863,0.9992732733488083,0.02969599533826108,0.9995069563388824,0.25272776260972024,0.9680844336748123,0.2516994424164295,0.968343585729599,0.2151193387806416,6.719977517757937,0.2220034470781684,8.475871562793973
split_tinyimagenet,heavy_ball,smallcnn,0.01,momentum,20,0.1,0.5,,,,0.030786918662488415,0.9994188219308853,0.02161439619958397,0.9997453212738037,0.129918160662055,0.9914874017238617,0.12700546272099014,0.9918288946151733,0.09913124199956658,4.219914376177915,0.10539106652140617,5.87596625638956
split_tinyimagenet,heavy_ball,smallcnn,0.01,momentum,20,0.1,0.9,,,,0.02662676488980647,0.9996099561452866,0.02311206073500211,0.9997023433446884,0.2512353748083115,0.9684656888246537,0.25086035504937165,0.968554225564003,0.224608609918505,9.435444968550874,0.22774829431436955,10.854088604459905
split_tinyimagenet,heavy_ball,smallcnn,0.01,momentum,40,0.0001,0.5,,,,0.997205501794815,0.07399339713156218,0.9896662592887878,0.14178150109946724,1.0151693403720856,0.019150424690451424,1.0486430495977401,0.06793301528086881,0.017963838577270574,1.0180141791686252,0.05897679030895231,1.0595926048356294
split_tinyimagenet,heavy_ball,smallcnn,0.01,momentum,40,0.0001,0.9,,,,0.9937889695167541,0.09453939069062467,0.9727438896894455,0.18655762737616893,2.9577018201351164,0.015932731320208376,5.522609430551529,0.014802519982913511,1.9639128506183623,2.97618700836793,4.549865540862084,5.677351961896832
split_tinyimagenet,heavy_ball,smallcnn,0.01,momentum,40,0.0003,0.5,,,,0.9765890389680862,0.21289886012673373,0.9238235712051391,0.3781901836395264,1.1055677980184555,0.0826777116162702,1.2821873605251313,0.17585574220865965,0.12897875905036926,1.132070660128087,0.35836378931999213,1.3879136671653682
split_tinyimagenet,heavy_ball,smallcnn,0.01,momentum,40,0.0003,0.9,,,,0.9697767168283462,0.21962758824229237,0.8832838863134385,0.4275470063090324,6.314358699321747,0.030334106055670385,11.821341514587402,0.0349848872312577,5.3445819824934,6.5111469369700385,10.938057628273963,13.383399943959274
split_tinyimagenet,heavy_ball,smallcnn,0.01,momentum,40,0.001,0.5,,,,0.8338817834854126,0.5487503737211228,0.6195625185966491,0.7821249186992645,1.5071422457695007,0.2600775845348835,1.8114262342453002,0.38942036405205727,0.6732604622840881,1.8073811847406374,1.1918637156486511,2.9237182364554632
split_tinyimagenet,heavy_ball,smallcnn,0.01,momentum,40,0.001,0.9,,,,0.7950771942734718,0.5409941032528878,0.5420687049627304,0.78692876547575,15.275361955165863,0.05230587453115727,21.19233683347702,0.06432081139646466,14.480284760892392,19.212426246390116,20.65026812851429,39.095296665270666
split_tinyimagenet,heavy_ball,smallcnn,0.01,momentum,40,0.003,0.5,,,,0.47230642288923264,0.8784798324108124,0.271383436024189,0.9617329716682435,1.929254686832428,0.4382650308310986,2.052563267946243,0.4808679684996605,1.4569482639431954,4.084752172182264,1.7811798319220542,7.563332891707118
split_tinyimagenet,heavy_ball,smallcnn,0.01,momentum,40,0.003,0.9,,,,0.5041568465530872,0.7850285321474075,0.27769819684326646,0.9411548644304275,22.427873837947846,0.06867364952340718,24.608790636062622,0.07805224913172419,21.92371699139476,44.48590550993581,24.331092439219354,88.61703430487842
split_tinyimagenet,heavy_ball,smallcnn,0.01,momentum,40,0.01,0.5,,,,0.18411887213587758,0.9824828118085861,0.10367292389273641,0.9945380628108978,2.0813206493854524,0.49113773107528685,2.0962820917367937,0.49875941276550295,1.8972017772495748,11.304222240995818,1.9926091678440572,20.220150189896057
split_tinyimagenet,heavy_ball,smallcnn,0.01,momentum,40,0.01,0.9,,,,0.1935206528753042,0.9715273082256317,0.0999995650723576,0.9933506995439529,25.303239631652833,0.08222587192431087,25.61343183517456,0.08240362368524069,25.10971897877753,130.75214069248244,25.5134322701022,256.1354323555429
split_tinyimagenet,heavy_ball,smallcnn,0.01,momentum,40,0.03,0.5,,,,0.07341896463185546,0.9972477793693543,0.047799115814268545,0.998775091767311,2.0998376071453095,0.500535997748375,2.1018934100866318,0.5014446958899498,2.026418642513454,28.60075210369038,2.054094294272363,43.973478887222306
split_tinyimagenet,heavy_ball,smallcnn,0.01,momentum,40,0.03,0.9,,,,0.11912661641836161,0.9904201179742813,0.07551405467092989,0.9960536688566208,25.608132815361024,0.0813692894764244,25.68009009361267,0.08166337311267849,25.48900619894266,214.96566917864635,25.60457603894174,340.07033797244304
split_tinyimagenet,heavy_ball,smallcnn,0.01,momentum,40,0.1,0.5,,,,0.04029571795836087,0.9990262538194656,0.028683582134544815,0.9995658189058304,2.1024259716272353,0.501568266749382,2.1023766666650774,0.5021417140960693,2.0621302536688746,52.17492274985033,2.0736930845305324,73.2954711445576
split_tinyimagenet,heavy_ball,smallcnn,0.01,momentum,40,0.1,0.9,,,,0.06523332716897128,0.9971176892518997,0.055963622126728244,0.9976694017648697,25.69450240135193,0.08217506483197207,25.70737361907959,0.0819203013554215,25.629269074182957,393.88612410948303,25.65140999695286,459.3586448151243
