learning_rate,memory_component,tangent_model,horizon,radius_scale,endpoint_error,endpoint_error_lo,endpoint_error_hi,centered_error,centered_error_lo,centered_error_hi,endpoint_cosine,endpoint_cosine_lo,endpoint_cosine_hi,centered_cosine,centered_cosine_lo,centered_cosine_hi,tangent_norm,tangent_norm_lo,tangent_norm_hi,true_endpoint_norm,true_endpoint_norm_lo,true_endpoint_norm_hi,centered_fd_norm,centered_fd_norm_lo,centered_fd_norm_hi,n
0.0003,joint,full_coupled,1,1e-06,0.005872391862794757,0.00586171595405475,0.005883067771534764,0.0038299078587442636,0.0038042925406257906,0.0038555231768627367,0.9999827444553375,0.9999825801802071,0.9999829087304679,0.9999926090240479,0.9999924995072942,0.9999927185408015,54.34373664855957,54.23382088193126,54.45365241518788,5.434466129372595e-05,5.423509275169595e-05,5.445422983575595e-05,54.344183921813965,54.2345169006295,54.45385094299843,4
0.0003,joint,full_coupled,1,3e-06,0.0023694646661169827,0.002353139273470731,0.0023857900587632343,0.0014324149524327368,0.0014252458015704863,0.0014395841032949872,0.9999971836805344,0.9999971362583889,0.9999972311026798,0.999998927116394,0.999998927116394,0.999998927116394,54.34373664855957,54.23382088193126,54.45365241518788,0.00016303159281960689,0.00016270263319831922,0.00016336055244089455,54.34385395050049,54.234202944596916,54.45350495640406,4
0.0003,joint,full_coupled,1,1e-05,0.0008090592600638047,0.0008069091741483033,0.0008112093459793061,0.0004579407686833292,0.0004560226338754476,0.00045985890349121083,0.9999997019767761,0.9999995678466937,0.9999998361068585,0.9999998956918716,0.9999997534254355,1.0000000379583078,54.34373664855957,54.23382088193126,54.45365241518788,0.0005434373451862484,0.0005423385057963387,0.0005445361845761582,54.34372901916504,54.23382068895548,54.453637349374596,4
0.0003,joint,full_coupled,1,3e-05,0.00028278338868403807,0.0002812744970712383,0.00028429228029683783,0.00015617411918356083,0.000155714959094459,0.00015663327927266266,0.9999999552965164,0.999999907874371,1.0000000027186617,1.0000000298023224,0.9999999349580316,1.0000001246466133,54.34373664855957,54.23382088193126,54.45365241518788,0.0016303123265970498,0.0016270153642113613,0.0016336092889827384,54.34374237060547,54.233841249285746,54.45364349192519,4
0.0003,joint,full_coupled,1,0.0001,8.700857324583922e-05,8.653947427491518e-05,8.747767221676325e-05,4.760623323818436e-05,4.7502960683006426e-05,4.770950579336229e-05,1.0000000298023224,0.9999998481893324,1.0000002114153124,0.9999999850988388,0.9999998428324026,1.000000127365275,54.34373664855957,54.23382088193126,54.45365241518788,0.005434373393654823,0.005423383079844049,0.005445363707465597,54.34373664855957,54.23383187683482,54.45364142028432,4
0.0003,joint,full_coupled,1,0.0003,2.941467482742155e-05,2.9302549163433005e-05,2.9526800491410095e-05,1.5996626643755008e-05,1.5913438858757045e-05,1.607981442875297e-05,1.0000000298023224,0.9999998481893324,1.0000002114153124,1.0000000149011612,0.9999998955580458,1.0000001342442766,54.34373664855957,54.23382088193126,54.45365241518788,0.016303121577948332,0.01627014877804632,0.016336094377850344,54.34373664855957,54.233825729681705,54.453647567437436,4
0.0003,joint,full_coupled,1,0.001,8.954948725659051e-06,8.90689536785908e-06,9.003002083459022e-06,4.728012640953239e-06,4.696093055383431e-06,4.759932226523046e-06,1.0000000298023224,0.999999865527192,1.0000001940774528,1.0000000447034836,0.9999999024370474,1.0000001869699198,54.34373664855957,54.23382088193126,54.45365241518788,0.054343738593161106,0.05423382384107113,0.05445365334525108,54.34373950958252,54.23382403181141,54.45365498735363,4
0.0003,joint,full_coupled,1,0.003,4.0930167415353935e-06,4.062681281863036e-06,4.123352201207751e-06,1.538884475849045e-06,1.5350987396060314e-06,1.5426702120920585e-06,1.0000000298023224,0.9999998481893324,1.0000002114153124,0.9999999850988388,0.9999999376766934,1.0000000325209841,54.34373664855957,54.23382088193126,54.45365241518788,0.1630312129855156,0.16270147600050236,0.16336094997052883,54.34373760223389,54.233821546665325,54.45365365780245,4
0.0003,joint,full_coupled,1,0.01,9.437109383725328e-06,9.349117633431358e-06,9.525101134019299e-06,4.6568857214879245e-07,4.632427880800392e-07,4.681343562175457e-07,0.9999999850988388,0.9999997895723244,1.0000001806253531,1.0,0.9999998658699176,1.0000001341300824,54.34373664855957,54.23382088193126,54.45365241518788,0.5434373915195465,0.5423381901223552,0.5445365929167378,54.34373664855957,54.23382088193126,54.45365241518788,4
0.0003,joint,full_coupled,5,1e-06,0.023519019596278667,0.0035099672878745464,0.04352807190468279,0.01366120669990778,0.008908988585043798,0.01841342481477176,0.9996640831232071,0.9992911632404904,1.0000370030059238,0.9999033361673355,0.9998397324622769,0.9999669398723942,222.99573516845703,222.5439613132149,223.44750902369915,0.0002230715508630965,0.00022253848702242837,0.0002236046147037646,223.01802825927734,222.55331956489363,223.48273695366106,4
0.0003,joint,full_coupled,5,3e-06,0.12443418242037296,-0.18711799344498253,0.43598635828572846,0.17615007609128952,0.022600874894499662,0.32969927728807935,0.9768587946891785,0.905393506958232,1.048324082420125,0.9807498753070831,0.9608473967087203,1.000652353905446,222.99573516845703,222.5439613132149,223.44750902369915,0.000686428917106241,0.0006321740803085642,0.0007406837539039178,227.48034286499023,222.42365427736186,232.5370314526186,4
0.0003,joint,full_coupled,5,1e-05,0.08004162413999438,-0.026968614286498174,0.18705186256648693,0.06976112723350525,0.06868879790849076,0.07083345655851973,0.9950777292251587,0.9864815520310848,1.0036739064192326,0.9975635558366776,0.9974883729093643,0.9976387387639908,222.99573516845703,222.5439613132149,223.44750902369915,0.002241447858978063,0.00222391830745641,0.002258977410499716,223.56339645385742,223.12408692973239,224.00270597798246,4
0.0003,joint,full_coupled,5,3e-05,0.048146290821023285,-0.004270543218131029,0.1005631248601776,0.030553461518138647,0.015604582709980797,0.0455023403262965,0.9984318763017654,0.9959088105328998,1.0009549420706312,0.9994999766349792,0.9990005192454652,0.9999994340244933,222.99573516845703,222.5439613132149,223.44750902369915,0.006701130652800202,0.006680097849805122,0.006722163455795282,223.12763595581055,222.71606346576843,223.53920844585267,4
0.0003,joint,full_coupled,5,0.0001,0.019771213876083493,0.010741440044808544,0.028800987707358443,0.01126274699345231,0.00681296655391669,0.01571252743298793,0.9997924864292145,0.9996108172716988,0.9999741555867302,0.9999336153268814,0.9998841672467693,0.9999830634069935,222.99573516845703,222.5439613132149,223.44750902369915,0.02230463782325387,0.022259946968734123,0.022349328677773617,223.01591873168945,222.57132551858913,223.46051194478977,4
0.0003,joint,full_coupled,5,0.0003,0.016072612954303622,-0.00458161819080664,0.03672684409941389,0.00787268893327564,-0.0026289266020645703,0.01837430446861585,0.9998076409101486,0.9993427785247363,1.0002725032955608,0.9999526739120483,0.9998371061534728,1.000068241670624,222.99573516845703,222.5439613132149,223.44750902369915,0.06691284850239754,0.06680796752666998,0.0670177294781251,223.00920867919922,222.5872895981639,223.43112776023455,4
0.0003,joint,full_coupled,5,0.001,0.0064041673904284835,0.00043028626338075405,0.012378048517476214,0.008522680844180286,0.005696787152769455,0.011348574535591117,0.9999742060899734,0.9999309915384184,1.0000174206415287,0.9999625384807587,0.9999369133740553,0.999988163587462,222.99573516845703,222.5439613132149,223.44750902369915,0.2230026051402092,0.22255553876965103,0.22344967151076736,223.01063919067383,222.55681233235578,223.46446604899188,4
0.0003,joint,full_coupled,5,0.003,0.006864761118777096,0.000528255993274193,0.013201266244279999,0.005028230254538357,0.0021158142889858575,0.007940646220090858,0.9999704957008362,0.9999247038793151,1.0000162875223573,0.9999861419200897,0.9999704308457108,1.0000018529944685,222.99573516845703,222.5439613132149,223.44750902369915,0.6689893156290054,0.6675843097682772,0.6703943214897337,222.99745559692383,222.5323792100392,223.46253198380845,4
0.0003,joint,full_coupled,5,0.01,0.00932232872582972,0.0007534774626553348,0.017891179989004108,0.006226700497791171,0.0022148442026687304,0.010238556792913613,0.9999458938837051,0.9998455844174386,1.0000462033499717,0.9999783784151077,0.9999502953879034,1.000006461442312,222.99573516845703,222.5439613132149,223.44750902369915,2.2290170788764954,2.223409445526699,2.234624712226292,222.9006576538086,222.36737175214415,223.43394355547304,4
0.0003,joint,full_coupled,10,1e-06,0.27026017755270004,0.1465244499361577,0.3939959051692424,0.15695106238126755,0.07342045066593442,0.24048167409660068,0.9602825045585632,0.9293651912018567,0.9911998179152698,0.9865337759256363,0.9734321542042702,0.9996353976470024,355.2742004394531,354.5456114871973,356.002789391709,0.00036998066934756935,0.0003573938195200066,0.0003825675191751321,360.10228729248047,355.0410337519541,365.16354083300683,4
0.0003,joint,full_coupled,10,3e-06,0.25593828223645687,-0.1636030957705325,0.6754796602434463,0.3166531194001436,0.06770506594606432,0.565601172854223,0.9339358359575272,0.7490753586597927,1.1187963132552616,0.9382095336914062,0.8762165778577126,1.0002024895251,355.2742004394531,354.5456114871973,356.002789391709,0.0011559749545995146,0.0008960910906969902,0.001415858818502039,378.9399185180664,354.3640875986748,403.515749437458,4
0.0003,joint,full_coupled,10,1e-05,0.23606202006340027,0.022774581405399424,0.4493494587214011,0.1970505677163601,0.07189258422464889,0.3222085512080713,0.9643591344356537,0.9118995397901277,1.0168187290811797,0.9778856784105301,0.9473481826167403,1.00842317420432,355.2742004394531,354.5456114871973,356.002789391709,0.003683454473502934,0.0034987042137928047,0.0038682047332130633,362.9503402709961,353.4232626056037,372.47741793638846,4
0.0003,joint,full_coupled,10,3e-05,0.14595695957541466,0.08128511872034716,0.21062880043048215,0.10786714218556881,0.06539620659101729,0.15033807778012032,0.9886500984430313,0.9785409962101328,0.9987592006759298,0.9938938170671463,0.9893036235548857,0.9984840105794069,355.2742004394531,354.5456114871973,356.002789391709,0.010778087424114347,0.01070839418602062,0.010847780662208073,357.2627258300781,355.8031722123617,358.72227944779456,4
0.0003,joint,full_coupled,10,0.0001,0.06404455006122589,0.04353261320688509,0.08455648691556669,0.048412635922431946,0.04530461243304588,0.051520659411818014,0.9978844374418259,0.9964920366806936,0.9992768382029581,0.9988259822130203,0.9986729230310943,0.9989790413949463,355.2742004394531,354.5456114871973,356.002789391709,0.035594573244452477,0.03554447954963745,0.0356446669392675,355.58558654785156,354.7725257924818,356.3986473032213,4
0.0003,joint,full_coupled,10,0.0003,0.05960697866976261,-0.001322033902166432,0.12053599124169165,0.036487158853560686,0.01002809542580239,0.06294622228131898,0.9976677149534225,0.9929464828571068,1.0023889470497382,0.9992302060127258,0.9980620294752929,1.0003983825501588,355.2742004394531,354.5456114871973,356.002789391709,0.10682093352079391,0.10654165306686594,0.10710021397472189,355.4644775390625,355.0632835716613,355.8656715064637,4
0.0003,joint,full_coupled,10,0.001,0.028012053575366735,0.013410762493328218,0.04261334465740525,0.022951999213546515,0.015223504396814296,0.030680494030278734,0.9995759874582291,0.9991104343704234,1.0000415405460348,0.999727725982666,0.9995385479553108,0.9999169040100212,355.2742004394531,354.5456114871973,356.002789391709,0.3553466275334358,0.3546617649542977,0.35603149011257396,355.3244323730469,354.5977809915117,356.05108375458207,4
0.0003,joint,full_coupled,10,0.003,0.02412795787677169,0.011269887331050256,0.03698602842249312,0.016833648085594177,0.011074159696600586,0.022593136474587768,0.9996843934059143,0.9993683707204393,1.0000004160913893,0.9998534619808197,0.9997497852257683,0.9999571387358711,355.2742004394531,354.5456114871973,356.002789391709,1.0658996999263763,1.0636821829053047,1.068117216947448,355.2434387207031,354.4846289943271,356.0022484470791,4
0.0003,joint,full_coupled,10,0.01,0.03351952927187085,0.027129457852932835,0.03990960069080887,0.022940462455153465,0.01937137410990501,0.02650955080040192,0.9994421899318695,0.9992323489086643,0.9996520309550747,0.9997448623180389,0.9996687637564017,0.9998209608796762,355.2742004394531,354.5456114871973,356.002789391709,3.5389919877052307,3.5312828097721636,3.546701165638298,353.81199645996094,353.0526413088808,354.57135161104105,4
0.0003,joint,full_coupled,20,1e-06,0.9939069300889969,0.9795752612936617,1.008238598884332,0.9948244690895081,0.9924839971250714,0.9971649410539447,0.09139339905232191,-0.02206611131993788,0.2048529094245817,0.1017293855547905,0.08047051304306332,0.12298825806651767,479.0763397216797,477.7243631037384,480.42831633962095,0.007865276362281293,0.0018337724079696338,0.01389678031659295,4728.3428955078125,3373.3390705806387,6083.346720434986,4
0.0003,joint,full_coupled,20,3e-06,0.968970388174057,0.9171886854046698,1.0207520909434442,0.9604264199733734,0.9394605620383213,0.9813922779084255,0.2263963669538498,0.050849064930115706,0.4019436689775839,0.27573037520051,0.20313090725212263,0.3483298431488974,479.0763397216797,477.7243631037384,480.42831633962095,0.007315068913158029,0.003450487191720213,0.011179650634595846,1763.3267211914062,1234.934068658717,2291.7193737240955,4
0.0003,joint,full_coupled,20,1e-05,0.8946172893047333,0.7975825854363741,0.9916519931730925,0.7986972332000732,0.669467227267333,0.9279272391328135,0.427602082490921,0.20927263580952493,0.6459315291723171,0.5890474617481232,0.4031875925547528,0.7749073309414936,479.0763397216797,477.7243631037384,480.42831633962095,0.012355809565633535,0.004804915074185706,0.019906704057081365,840.0700988769531,563.9254330602871,1116.2147646936191,4
0.0003,joint,full_coupled,20,3e-05,0.6970931440591812,0.5409754080576676,0.8532108800606948,0.557112529873848,0.45440974172417153,0.6598153180235244,0.7069553434848785,0.5517068537507632,0.8622038332189939,0.8277765214443207,0.7610423330829941,0.8945107098056473,479.0763397216797,477.7243631037384,480.42831633962095,0.020762215834110975,0.016287747753038723,0.025236683915183227,581.9356079101562,531.4149863984376,632.4562294218749,4
0.0003,joint,full_coupled,20,0.0001,0.37568289786577225,0.2678049759885274,0.48356081974301707,0.316190205514431,0.2662042365270271,0.3661761745018349,0.9246265888214111,0.8840752446477687,0.9651779329950536,0.948259100317955,0.9307157698008126,0.9658024308350974,479.0763397216797,477.7243631037384,480.42831633962095,0.05194694083184004,0.04969365666651487,0.05420022499716521,506.1071548461914,495.8480925276834,516.3662171646995,4
0.0003,joint,full_coupled,20,0.0003,0.23901689425110817,0.20655354857999603,0.2714802399222203,0.15454835072159767,0.1282452365483704,0.18085146489482495,0.9708472341299057,0.9628959256151265,0.9787985426446849,0.9878790825605392,0.9836903864876179,0.9920677786334606,479.0763397216797,477.7243631037384,480.42831633962095,0.14821913838386536,0.14652617634520798,0.14991210042252273,485.15686798095703,483.17535190396575,487.1383840579483,4
0.0003,joint,full_coupled,20,0.001,0.14247201196849346,0.09392184189947664,0.19102218203751029,0.09207351319491863,0.06539702926744574,0.11874999712239152,0.9894395470619202,0.98253354116212,0.9963455529617203,0.9956455826759338,0.9930734398576861,0.9982177254941815,479.0763397216797,477.7243631037384,480.42831633962095,0.4841685891151428,0.4794746335510233,0.4888625446792623,480.99243927001953,478.75756463386466,483.2273139061744,4
0.0003,joint,full_coupled,20,0.003,0.10866235010325909,0.09584034001725719,0.12148436018926098,0.07459753938019276,0.06722569519456986,0.08196938356581565,0.9940549731254578,0.992662551967706,0.9954473942832095,0.9972075819969177,0.9966570158477089,0.9977581481461265,479.0763397216797,477.7243631037384,480.42831633962095,1.4438578486442566,1.43828583197952,1.4494298653089932,479.47286224365234,478.17263632650565,480.77308816079903,4
0.0003,joint,full_coupled,20,0.01,0.11878622695803642,0.10175508164644187,0.13581737226963098,0.08136628940701485,0.06827479488072725,0.09445778393330244,0.9931890070438385,0.9911521974162507,0.9952258166714263,0.9969419538974762,0.9960282216423687,0.9978556861525837,479.0763397216797,477.7243631037384,480.42831633962095,4.706476092338562,4.675395679576724,4.7375565051004,469.4935760498047,466.3782386151711,472.6089134844383,4
0.0003,joint,full_coupled,40,1e-06,0.9995391070842743,0.997177455125012,1.0019007590435367,0.9987465888261795,0.9951446542998633,1.0023485233524956,0.04594834614545107,-0.13220507380772734,0.22410176609862947,0.06198869948275387,-0.0788783895974291,0.20285578856293685,557.6355438232422,510.33097403445987,604.9401136120246,0.04254798777401447,0.03402101029847286,0.051074965249556084,22256.39501953125,20442.354528869935,24070.435510192565,4
0.0003,joint,full_coupled,40,3e-06,0.9963532239198685,0.987190552669724,1.005515895170013,0.9955435544252396,0.9883903440907824,1.0026967647596967,0.11605458613485098,-0.11364698664980874,0.3457561589195107,0.10932114254683256,-0.021505080548229277,0.2401473656418944,557.6355438232422,510.33097403445987,604.9401136120246,0.04626094223931432,0.02655881231269836,0.06596307216593028,8940.673706054688,5597.317436018013,12284.029976091362,4
0.0003,joint,full_coupled,40,1e-05,0.9851574599742889,0.9485988104293163,1.0217161095192617,0.9771218746900558,0.951441467707633,1.0028022816724786,0.16456720046699047,-0.0959995202674081,0.42513392120138904,0.21093679778277874,0.06607668873449396,0.3557969068310635,557.6355438232422,510.33097403445987,604.9401136120246,0.06894008349627256,0.02833968605808164,0.10954048093446349,3711.27001953125,2565.750966089665,4856.789072972835,4
0.0003,joint,full_coupled,40,3e-05,0.9807211011648178,0.9287382627601397,1.032703939569496,0.9305932074785233,0.8708973834618333,0.9902890314952132,0.1848840992897749,-0.10206518224067823,0.471833380820228,0.35701625794172287,0.16116576783718506,0.5528667480462607,557.6355438232422,510.33097403445987,604.9401136120246,0.10762120224535465,0.06043946608438762,0.1548029384063217,1827.4573364257812,839.9042014694221,2815.01047138214,4
0.0003,joint,full_coupled,40,0.0001,0.909918338060379,0.838403738030981,0.981432938089777,0.8644057959318161,0.8457638609689311,0.8830477308947011,0.4083252251148224,0.2557432815429431,0.5609071686867017,0.5050443336367607,0.47022686198367364,0.5398618052898477,557.6355438232422,510.33097403445987,604.9401136120246,0.15592363849282265,0.07689804651923852,0.23494923046640676,1198.2145080566406,1029.4054543076625,1367.0235618056188,4
0.0003,joint,full_coupled,40,0.0003,0.7926296591758728,0.7008491364288327,0.8844101819229129,0.6136731505393982,0.4525570664370595,0.7747892346417369,0.6086613088846207,0.4878350501537553,0.729487567615486,0.7821396440267563,0.659660492611262,0.9046187954422505,557.6355438232422,510.33097403445987,604.9401136120246,0.2886406034231186,0.1770323673568866,0.4002488394893506,732.5722045898438,561.6330632426696,903.511345937018,4
0.0003,joint,full_coupled,40,0.001,0.5624357983469963,0.45081609859139254,0.6740554981026001,0.411706767976284,0.32380580272472514,0.4996077332278429,0.8246011435985565,0.7533106345980838,0.8958916525990293,0.9108126908540726,0.8712055849780227,0.9504197967301224,557.6355438232422,510.33097403445987,604.9401136120246,0.6620226353406906,0.534059673420533,0.7899855972608483,591.2660675048828,544.7399115562218,637.7922234535438,4
0.0003,joint,full_coupled,40,0.003,0.42396217584609985,0.32416033339460437,0.5237640182975953,0.3171099126338959,0.17864294538263795,0.45557687988515383,0.9064442813396454,0.8660722522522131,0.9468163104270777,0.9489157199859619,0.9070271609762665,0.9908042789956574,557.6355438232422,510.33097403445987,604.9401136120246,1.744785338640213,1.6579386768529236,1.8316320004275024,553.9503784179688,541.2109058347656,566.6898510011719,4
0.0003,joint,full_coupled,40,0.01,0.4058169797062874,0.27094013936576083,0.5406938200468139,0.32043056562542915,0.10794759821889541,0.5329135330319629,0.9212033599615097,0.8772678125839479,0.9651389073390715,0.9505289644002914,0.8898889834984974,1.0111689453020856,557.6355438232422,510.33097403445987,604.9401136120246,5.350111365318298,5.280564438500984,5.419658292135613,521.0246124267578,515.8646260643186,526.184598789197,4
0.0003,log_v,full_coupled,1,1e-06,,,,,,,,,,,,,5.4044831813371275e-05,5.35178773230408e-05,5.457178630370175e-05,0.0,0.0,0.0,0.0,0.0,0.0,4
0.0003,log_v,full_coupled,1,3e-06,,,,,,,,,,,,,5.4044831813371275e-05,5.35178773230408e-05,5.457178630370175e-05,0.0,0.0,0.0,0.0,0.0,0.0,4
0.0003,log_v,full_coupled,1,1e-05,1.270882487297058,0.712729885770029,1.8290350888240872,1.751530796289444,-0.06936432529232262,3.5724259178712106,0.014634190903355679,-0.013790971660637646,0.043059353467349,0.01844066404737532,0.006200612892535387,0.030680715202215256,5.4044831813371275e-05,5.35178773230408e-05,5.457178630370175e-05,5.89270715556367e-10,-1.323718438892907e-10,1.3109132750020247e-09,0.00012972197282579145,-5.900688390471259e-05,0.00031845082955629547,4
0.0003,log_v,full_coupled,1,3e-05,0.9987170249223709,0.9981326320605372,0.9993014177842047,0.9969718307256699,0.9966694351826405,0.9972742262686992,0.05232787039130926,0.044032349125161865,0.06062339165745666,0.07883972302079201,0.0749921011035439,0.08268734493804011,5.4044831813371275e-05,5.35178773230408e-05,5.457178630370175e-05,2.570955759395588e-08,1.9972822025367157e-08,3.14462931625446e-08,0.0005971701757516712,0.0005184582273132263,0.0006758821241901161,4
0.0003,log_v,full_coupled,1,0.0001,0.9950674027204514,0.9946132156869054,0.9955215897539973,0.9900529533624649,0.9896129941903435,0.9904929125345863,0.09935661219060421,0.09466247515735024,0.10405074922385818,0.14082805439829826,0.13757525306981055,0.14408085572678597,5.4044831813371275e-05,5.35178773230408e-05,5.457178630370175e-05,5.444621997696686e-08,5.05605316428441e-08,5.833190831108962e-08,0.0003996255327365361,0.0003825266898949047,0.0004167243755781675,4
0.0003,log_v,full_coupled,1,0.0003,0.9855697154998779,0.9845306021167607,0.9866088288829952,0.9707565605640411,0.9692934953556642,0.972219625772418,0.1692797765135765,0.16330251986866837,0.17525703315848465,0.24007413163781166,0.23407370772314418,0.24607455555247915,5.4044831813371275e-05,5.35178773230408e-05,5.457178630370175e-05,9.45300584476172e-08,9.066014169161611e-08,9.839997520361827e-08,0.00022765072571928613,0.00022186973826195718,0.00023343171317661508,4
0.0003,log_v,full_coupled,1,0.001,0.9511563628911972,0.9487132989585657,0.9535994268238287,0.9012987017631531,0.8991258223748494,0.9034715811514568,0.30870479345321655,0.30124852757052195,0.31616105933591115,0.4331950172781944,0.4286730870537983,0.43771694750259055,5.4044831813371275e-05,5.35178773230408e-05,5.457178630370175e-05,1.7398818030756047e-07,1.6844176610123078e-07,1.7953459451389016e-07,0.00012496502313297242,0.0001233183311833598,0.00012661171508258505,4
0.0003,log_v,full_coupled,1,0.003,0.8519702553749084,0.8499542519749881,0.8539862587748288,0.7118808776140213,0.7090083671956059,0.7147533880324367,0.5235928595066071,0.520311478488303,0.5268742405249112,0.7022995799779892,0.6993838382890658,0.7052153216669126,5.4044831813371275e-05,5.35178773230408e-05,5.457178630370175e-05,3.083403470327539e-07,3.0552462324979196e-07,3.111560708157159e-07,7.710770660196431e-05,7.63137032167973e-05,7.790170998713131e-05,4
0.0003,log_v,full_coupled,1,0.01,0.5650295168161392,0.5592477260184493,0.5708113076138291,0.35480550676584244,0.35115482639629636,0.3584561871353885,0.825066015124321,0.8211116483139158,0.8290203819347262,0.934938833117485,0.9335519966261291,0.936325669608841,5.4044831813371275e-05,5.35178773230408e-05,5.457178630370175e-05,6.544391339957656e-07,6.509524537176855e-07,6.579258142738457e-07,5.779015373263974e-05,5.718396515461334e-05,5.8396342310666135e-05,4
0.0003,log_v,full_coupled,5,1e-06,,,,,,,,,,,,,0.0003986254378105514,0.00039620743886136786,0.0004010434367597349,0.0,0.0,0.0,0.0,0.0,0.0,4
0.0003,log_v,full_coupled,5,3e-06,,,,,,,,,,,,,0.0003986254378105514,0.00039620743886136786,0.0004010434367597349,0.0,0.0,0.0,0.0,0.0,0.0,4
0.0003,log_v,full_coupled,5,1e-05,1.6005370020866394,1.0287861075071347,2.172287896666144,2.034315913915634,0.3035983604998471,3.7650334673314214,0.030526097863912582,0.021564018216799416,0.03948817751102575,0.0417848089709878,0.0375126294321613,0.046056988509814295,0.0003986254378105514,0.00039620743886136786,0.0004010434367597349,3.4776784230139413e-09,1.6636927382931402e-09,5.2916641077347425e-09,0.00029213184643595014,8.973577066719772e-05,0.0004945279222047026,4
0.0003,log_v,full_coupled,5,3e-05,0.9954629391431808,0.9885851081863687,1.002340770099993,0.989731103181839,0.9754533529473481,1.0040088534163298,0.08054493137751706,-0.021091837116943513,0.18218169987197763,0.12359669170109555,-0.023135189435033593,0.27032857283722467,0.0003986254378105514,0.00039620743886136786,0.0004010434367597349,3.0693581685170557e-06,-6.34819146504893e-06,1.2486907802083041e-05,0.051398717623669654,-0.10528657472014394,0.20808400996748325,4
0.0003,log_v,full_coupled,5,0.0001,0.995543897151947,0.9816781951639114,1.0094095991399825,0.9997605234384537,0.9992663875272018,1.0002546593497057,0.05571659785346128,-0.08377460967180378,0.19520780537872634,0.018477283767424524,-0.003907322129342111,0.04086188966419116,0.0003986254378105514,0.00039620743886136786,0.0004010434367597349,4.453346701183136e-06,-3.7556596778590782e-06,1.266235308022535e-05,0.0372641496360302,-0.005468980601412793,0.07999727987347319,4
0.0003,log_v,full_coupled,5,0.0003,0.999224066734314,0.9979045927133988,1.000543540755229,0.9997982233762741,0.9995718277115829,1.0000246190409654,0.03287081292364746,-0.0073658819585976365,0.07310750780589256,0.01899869355838746,0.0047071325094668725,0.03329025460730804,0.0003986254378105514,0.00039620743886136786,0.0004010434367597349,7.2207123480438895e-06,-1.922782674102242e-06,1.636420737019002e-05,0.03347822977229953,-0.00984947346931122,0.07680593301391028,4
0.0003,log_v,full_coupled,5,0.001,0.9994895905256271,0.9990898433455805,0.9998893377056738,0.9987246692180634,0.9973056606826636,1.0001436777534631,0.03139348886907101,0.018997946760069037,0.043789030978072976,0.04705920536071062,0.012667230055778168,0.08145118066564308,0.0003986254378105514,0.00039620743886136786,0.0004010434367597349,1.3573119076681905e-05,8.759192187710603e-06,1.8387045965653208e-05,0.011566677130758762,-0.0013824767532797967,0.02451583101479732,4
0.0003,log_v,full_coupled,5,0.003,0.9979827702045441,0.9948172420392896,1.0011482983697986,0.9991131722927094,0.9985910569529581,0.9996352876324606,0.055645967833697796,-0.0006953350183507845,0.11198727068574638,0.0414942498318851,0.02819129025530022,0.05479720940846998,0.0003986254378105514,0.00039620743886136786,0.0004010434367597349,3.123224382761691e-05,-7.658740955590598e-07,6.323036175079288e-05,0.009979312540963292,0.006681656786146328,0.013276968295780256,4
0.0003,log_v,full_coupled,5,0.01,0.9979418367147446,0.9973065455108896,0.9985771279185995,0.9919771254062653,0.9833999129230391,1.0005543378894914,0.06397111061960459,0.05450462921977897,0.0734375920194302,0.12137433141469955,0.05675476464137148,0.18599389818802764,0.0003986254378105514,0.00039620743886136786,0.0004010434367597349,6.113047675171401e-05,5.4515464169029136e-05,6.77454893343989e-05,0.0034683647681958973,0.0018985534872825922,0.005038176049109203,4
0.0003,log_v,full_coupled,10,1e-06,,,,,,,,,,,,,0.0008572794904466718,0.0008522933760031123,0.0008622656048902314,0.0,0.0,0.0,0.0,0.0,0.0,4
0.0003,log_v,full_coupled,10,3e-06,,,,,,,,,,,,,0.0008572794904466718,0.0008522933760031123,0.0008622656048902314,0.0,0.0,0.0,0.0,0.0,0.0,4
0.0003,log_v,full_coupled,10,1e-05,1.8026083409786224,1.241052355577156,2.364164326380089,2.3308434188365936,0.8717530176731945,3.789933819999993,0.03352736821398139,0.02857501201455716,0.03847972441340562,0.047730530612170696,0.038805281211102924,0.05665578001323847,0.0008572794904466718,0.0008522933760031123,0.0008622656048902314,6.222432458180549e-09,2.212766006655107e-09,1.023209890970599e-08,0.0004536941742117051,0.00022079678239018543,0.0006865915660332248,4
0.0003,log_v,full_coupled,10,3e-05,0.9990483522415161,0.9960663080879264,1.0020303963951058,0.9999644607305527,0.9998662580775545,1.000062663383551,0.023573825601488352,-0.045054172225731284,0.09220182342870799,0.007607121825913055,-0.008488968028623603,0.023703211680449712,0.0008572794904466718,0.0008522933760031123,0.0008622656048902314,3.390655859192293e-05,-3.888023282368598e-05,0.00010669335000753184,0.5708201378583908,-0.6336396090492133,1.775279884765995,4
0.0003,log_v,full_coupled,10,0.0001,0.9999995082616806,0.9999943934804632,1.000004623042898,1.0000000298023224,0.9999902497967949,1.0000098098078498,0.0012275087256057304,-0.004326366226778962,0.006781383677990423,0.0006161818746477365,-0.00525521995112609,0.0064875837004215635,0.0008572794904466718,0.0008522933760031123,0.0008622656048902314,8.716950833331794e-05,4.441379816344166e-05,0.00012992521850319422,0.5609332546591759,0.4131405118541969,0.7087259974641549,4
0.0003,log_v,full_coupled,10,0.0003,0.9999933391809464,0.9999734845493649,1.0000131938125278,0.9999963492155075,0.999989647016113,1.0000030514149019,0.004185765952570364,-0.0015679901413507306,0.00993952204649146,0.003301626944448799,0.0020694337464240613,0.0045338201424735365,0.0008572794904466718,0.0008522933760031123,0.0008622656048902314,7.405857195408316e-05,3.799409458878895e-05,0.00011012304931937737,0.19280600175261497,0.10951728119874553,0.2760947223064844,4
0.0003,log_v,full_coupled,10,0.001,0.9999692291021347,0.9999369764298158,1.0000014817744536,0.9999080896377563,0.9998005947459289,1.000015584529584,0.00790259090717882,0.002637222716702247,0.01316795909765539,0.012991525698453188,0.005705007864370453,0.020278043532535924,0.0008572794904466718,0.0008522933760031123,0.0008622656048902314,0.00014280540926847607,9.76517542775322e-05,0.00018795906425941994,0.07193881645798683,0.04105044307792409,0.10282718983804957,4
0.0003,log_v,full_coupled,10,0.003,0.9998074024915695,0.9995671415362248,1.0000476634469142,0.9997296929359436,0.9996352983564519,0.9998240875154353,0.018816234543919563,0.007265706755790776,0.030366762332048353,0.023165504913777113,0.018849684278189675,0.02748132554936455,0.0008572794904466718,0.0008522933760031123,0.0008622656048902314,0.00016668493663019035,8.702625619501358e-05,0.0002463436170653671,0.038845025934278965,0.03289987047673915,0.04479018139181878,4
0.0003,log_v,full_coupled,10,0.01,0.9991969615221024,0.9989086159788152,0.9994853070653895,0.9973606169223785,0.9949133809325404,0.9998078529122166,0.04014585819095373,0.03306722992906174,0.04722448645284572,0.07054546102881432,0.03864985586367242,0.10244106619395621,0.0008572794904466718,0.0008522933760031123,0.0008622656048902314,0.0002158687166229356,0.00018344481372389667,0.0002482926195219746,0.012688372749835253,0.008049583015710772,0.017327162483959734,4
0.0003,log_v,full_coupled,20,1e-06,,,,,,,,,,,,,0.0014027548604644835,0.001394790479844812,0.001410719241084155,0.0,0.0,0.0,0.0,0.0,0.0,4
0.0003,log_v,full_coupled,20,3e-06,,,,,,,,,,,,,0.0014027548604644835,0.001394790479844812,0.001410719241084155,0.0,0.0,0.0,0.0,0.0,0.0,4
0.0003,log_v,full_coupled,20,1e-05,1.6859041452407837,1.1287755619475806,2.243032728533987,2.392347574234009,1.172554832688537,3.6121403157794805,0.04362927842885256,0.037063422796343205,0.05019513406136191,0.05638609267771244,0.046638604855998744,0.06613358049942614,0.0014027548604644835,0.001394790479844812,0.001410719241084155,1.0684081175327265e-08,6.6755915359736375e-09,1.4692570814680891e-08,0.0006965618376852944,0.0003385629607096722,0.0010545607146609168,4
0.0003,log_v,full_coupled,20,3e-05,1.0,1.0,1.0,0.9999999701976776,0.9999997885846876,1.0000001518106676,0.0002732583525357768,-0.001849556814425276,0.0023960735194968295,0.0004697222320828587,-0.0015309886127237524,0.00247043307688947,0.0014027548604644835,0.001394790479844812,0.001410719241084155,0.0018529420049162582,0.00041846046867427046,0.003287423541158246,26.43137538433075,2.027461485912003,50.8352892827495,4
0.0003,log_v,full_coupled,20,0.0001,1.0000000596046448,0.9999999500878911,1.0000001691213984,0.9999999850988388,0.9999998231213758,1.0000001470763018,-0.0009609429762349464,-0.0025061985821677154,0.0005843126296978226,-0.001220055783051066,-0.00365830629938286,0.001218194733280728,0.0014027548604644835,0.001394790479844812,0.001410719241084155,0.003359948837896809,0.0011673901105170303,0.005552507565276588,31.86718225479126,11.281829589993293,52.452534919589226,4
0.0003,log_v,full_coupled,20,0.0003,1.0000000596046448,0.9999998699160633,1.0000002492932263,1.0000001788139343,0.9999998155879544,1.0000005420399143,-0.00031868920632405207,-0.0033014444584218284,0.0026640660457737243,-0.0014438046055147424,-0.003709445842957742,0.000821836631928257,0.0014027548604644835,0.001394790479844812,0.001410719241084155,0.007693570572882891,0.004180835535731763,0.01120630561003402,12.831611156463623,5.778356336666478,19.88486597626077,4
0.0003,log_v,full_coupled,20,0.001,1.0000001341104507,0.9999991595497875,1.000001108671114,1.0000007450580597,0.9999987654083082,1.0000027247078112,0.0004876000039075734,-0.002183244117250269,0.0031584441250654158,-0.0004729572610813193,-0.002992802725142391,0.0020468882029797525,0.0014027548604644835,0.001394790479844812,0.001410719241084155,0.005656012275721878,0.0003272213432826531,0.010984803208161103,2.4168024957180023,-0.004199418787353526,4.837804410223358,4
0.0003,log_v,full_coupled,20,0.003,1.0000004023313522,0.9999985319099178,1.0000022727527866,0.9999952465295792,0.9999803820003024,1.000010111058856,-0.0005093285581097007,-0.004708759273754417,0.003690102157535016,0.002002789289690554,-0.0033127160790483983,0.007318294658429507,0.0014027548604644835,0.001394790479844812,0.001410719241084155,0.010779669973999262,0.008388308770645206,0.013171031177353318,1.3833697363734245,0.16101268369709887,2.60572678904975,4
0.0003,log_v,full_coupled,20,0.01,1.0000019073486328,0.9999938056992024,1.0000100089980632,0.9999499768018723,0.9998093446167308,1.0000906089870136,-6.601226050406694e-05,-0.005033267289147521,0.004901242768139387,0.007455840124748647,-0.005181715925034551,0.020093396174531847,0.0014027548604644835,0.001394790479844812,0.001410719241084155,0.010005701915360987,0.006528270752772389,0.013483133077949586,0.3792302627116442,0.057355962004885186,0.7011045634184032,4
0.0003,log_v,full_coupled,40,1e-06,,,,,,,,,,,,,0.0017936918593477458,0.0017824923149894238,0.0018048914037060678,0.0,0.0,0.0,0.0,0.0,0.0,4
0.0003,log_v,full_coupled,40,3e-06,,,,,,,,,,,,,0.0017936918593477458,0.0017824923149894238,0.0018048914037060678,0.0,0.0,0.0,0.0,0.0,0.0,4
0.0003,log_v,full_coupled,40,1e-05,1.699552595615387,1.3825882921793287,2.016516899051445,2.207547962665558,2.0456546850759434,2.3694412402551723,0.046348944306373596,0.03842592392441703,0.05427196468833016,0.055307247675955296,0.044632289796906296,0.0659822055550043,0.0017936918593477458,0.0017824923149894238,0.0018048914037060678,1.3002966925412807e-08,9.03512291738232e-09,1.6970810933443294e-08,0.0008884948038030416,0.0008096829049878292,0.000967306702618254,4
0.0003,log_v,full_coupled,40,3e-05,0.9999999850988388,0.9999999376766934,1.0000000325209841,0.9999999552965164,0.999999907874371,1.0000000027186617,0.0027222299249842763,-0.01889992641984734,0.02434438626981589,0.006340267136693001,-0.016954763143138447,0.02963529741652445,0.0017936918593477458,0.0017824923149894238,0.0018048914037060678,0.04412907874211669,0.017794433067829574,0.0704637244164038,760.7105407714844,475.15958939248793,1046.2614921504808,4
0.0003,log_v,full_coupled,40,0.0001,0.9999999105930328,0.9999997881495799,1.0000000330364858,1.0000000894069672,0.9999999077939772,1.0000002710199571,0.005038576200604439,-0.0174984385485269,0.027575590949735777,-0.009839442791417241,-0.017425208131685375,-0.002253677451149106,0.0017936918593477458,0.0017824923149894238,0.0018048914037060678,0.034682745579630136,0.02287890096987675,0.046486590189383524,189.7065315246582,152.27765544501105,227.13540760430536,4
0.0003,log_v,full_coupled,40,0.0003,1.0,0.9999995041418085,1.0000004958581916,1.0000004768371582,0.9999998017305487,1.0000011519437677,-0.002521830960176885,-0.0352768766511671,0.030233214730813328,-0.016652357706334442,-0.041328258591959516,0.008023543179290629,0.0017936918593477458,0.0017824923149894238,0.0018048914037060678,0.040902776177972555,0.022269968569564584,0.059535583786380526,71.1476936340332,44.23722070672501,98.0581665613414,4
0.0003,log_v,full_coupled,40,0.001,0.9999996423721313,0.999998729367535,1.0000005553767277,1.000000685453415,0.9999994236321954,1.0000019472746344,0.0068953586160205305,-0.010609768636846175,0.024400485868887236,-0.007039712741971016,-0.020047088853989356,0.005967663370047324,0.0017936918593477458,0.0017824923149894238,0.0018048914037060678,0.037673139944672585,0.0317716522776002,0.04357462761174497,18.5570228099823,14.220372683559422,22.893672936405178,4
0.0003,log_v,full_coupled,40,0.003,1.0000004172325134,0.9999942916324122,1.0000065428326148,1.0000003725290298,0.9999949195321601,1.0000058255258994,-0.0035825740196742117,-0.06173083269385537,0.054565684654506945,-0.00013574922922998667,-0.020397118442323225,0.020125619983863252,0.0017936918593477458,0.0017824923149894238,0.0018048914037060678,0.053687384352087975,0.04425668503252388,0.06311808367165206,7.613908767700195,5.332913477371395,9.894904058028995,4
0.0003,log_v,full_coupled,40,0.01,1.0000015646219254,0.9999870747700764,1.0000160544737742,0.9999762326478958,0.999901544575493,1.0000509207202988,-0.0016272332286462188,-0.033102016526487595,0.029847550069195157,0.016821867204271257,-0.032233403454147505,0.06587713786269002,0.0017936918593477458,0.0017824923149894238,0.0018048914037060678,0.046234567649662495,0.035343867112566665,0.057125268186758324,2.1422364115715027,0.9503770617293934,3.3340957614136117,4
0.0003,m,full_coupled,1,1e-06,0.004833831684663892,0.004772994578264036,0.004894668791063748,0.0030843709246255457,0.0030572763246536332,0.0031114655245974582,0.999988317489624,0.9999880382755921,0.9999885967036559,0.9999952614307404,0.9999951389872874,0.9999953838741933,69.22379875183105,68.97041031597784,69.47718718768427,6.922497414052486e-05,6.897141440599101e-05,6.947853387505872e-05,69.22420120239258,68.97052900534337,69.47787339944179,4
0.0003,m,full_coupled,1,3e-06,0.0019305262248963118,0.0019242742825981744,0.0019367781671944492,0.0011446342105045915,0.0011392108717818415,0.0011500575492273415,0.9999981373548508,0.9999980465483558,0.9999982281613458,0.9999993443489075,0.9999992348321538,0.9999994538656611,69.22379875183105,68.97041031597784,69.47718718768427,0.0002076722084893845,0.00020691164981616791,0.0002084327671626011,69.2238998413086,68.9704170959177,69.47738258669949,4
0.0003,m,full_coupled,1,1e-05,0.0006451785011449829,0.0006416060613707379,0.0006487509409192279,0.00036182157055009156,0.0003598610070244422,0.00036378213407574096,0.9999997019767761,0.9999994570898704,0.9999999468636819,1.0,0.9999998451199217,1.0000001548800783,69.22379875183105,68.97041031597784,69.47718718768427,0.0006922390311956406,0.0006897063127186677,0.0006947717496726134,69.22389602661133,68.97060201672498,69.47719003649767,4
0.0003,m,full_coupled,1,3e-05,0.0002238397537439596,0.0002228548929119731,0.00022482461457594608,0.00012333372797002085,0.00012308043077191198,0.00012358702516812971,0.9999999701976776,0.9999998753533869,1.0000000650419685,1.0000000298023224,0.9999999349580316,1.0000001246466133,69.22379875183105,68.97041031597784,69.47718718768427,0.0020767144160345197,0.002069112647112278,0.0020843161849567614,69.22379493713379,68.97039716726648,69.4771927070011,4
0.0003,m,full_coupled,1,0.0001,6.854776802356355e-05,6.812155661058967e-05,6.897397943653743e-05,3.744784407899715e-05,3.737239393226649e-05,3.752329422572781e-05,1.0000000298023224,0.9999999349580316,1.0000001246466133,0.9999999403953552,0.9999998308786016,1.000000049912109,69.22379875183105,68.97041031597784,69.47718718768427,0.006922380183823407,0.006897041777089951,0.006947718590556862,69.22380065917969,68.97041250219958,69.4771888161598,4
0.0003,m,full_coupled,1,0.0003,2.3215739929582924e-05,2.2990974435517226e-05,2.344050542364862e-05,1.2605484471350792e-05,1.2534456291161951e-05,1.2676512651539633e-05,1.0000000298023224,0.9999999349580316,1.0000001246466133,0.9999999701976776,0.9999997885846876,1.0000001518106676,69.22379875183105,68.97041031597784,69.47718718768427,0.02076714113354683,0.020691124562907098,0.02084315770418656,69.22380065917969,68.97040755634916,69.47719376201022,4
0.0003,m,full_coupled,1,0.001,6.985306299611693e-06,6.9591280040595536e-06,7.011484595163833e-06,3.7790294413753145e-06,3.7663403896304044e-06,3.7917184931202246e-06,1.0000000298023224,0.9999998481893324,1.0000002114153124,0.9999999701976776,0.9999998753533869,1.0000000650419685,69.22379875183105,68.97041031597784,69.47718718768427,0.069223802536726,0.06897041291809411,0.06947719215535789,69.22380256652832,68.97041433580083,69.47719079725582,4
0.0003,m,full_coupled,1,0.003,2.3330896965489956e-06,2.323362702757409e-06,2.3428166903405822e-06,1.256764790014131e-06,1.2530926685947626e-06,1.2604369114334994e-06,1.0000000298023224,0.9999999349580316,1.0000001246466133,0.9999999701976776,0.9999998753533869,1.0000000650419685,69.22379875183105,68.97041031597784,69.47718718768427,0.2076714001595974,0.2069112428345249,0.2084315574846699,69.22380256652832,68.97041433580083,69.47719079725582,4
0.0003,m,full_coupled,1,0.01,7.022994736871624e-07,6.949106485480514e-07,7.096882988262734e-07,3.8300012050740406e-07,3.805358249099648e-07,3.8546441610484335e-07,0.9999999403953552,0.9999998308786016,1.000000049912109,0.9999999701976776,0.9999998753533869,1.0000000650419685,69.22379875183105,68.97041031597784,69.47718718768427,0.6922379732131958,0.6897040684586786,0.694771877967713,69.22379875183105,68.97041031597784,69.47718718768427,4
0.0003,m,full_coupled,5,1e-06,0.022300006123259664,0.0030094368942582585,0.04159057535226107,0.012562341056764126,0.005917575591993773,0.019207106521534477,0.9996961951255798,0.9991719757698855,1.000220414481274,0.9999145567417145,0.999822016397175,1.0000070970862538,284.0539779663086,283.0134445188797,285.0945114137375,0.00028414030384738,0.0002831964591375462,0.00028508414855721374,284.07745361328125,283.0528865253515,285.102020701211,4
0.0003,m,full_coupled,5,3e-06,0.01979905238840729,-0.011862983863473911,0.05146108864028849,0.05644744075834751,-0.0730431995790676,0.18593808109576263,0.9996553659439087,0.9987327430004296,1.0005779888873878,0.9958922863006592,0.9835000238388755,1.0082845487624428,284.0539779663086,283.0134445188797,285.0945114137375,0.000852459532325156,0.0008494424266494012,0.0008554766380009109,285.2492141723633,280.79688550714746,289.7015428375791,4
0.0003,m,full_coupled,5,1e-05,0.09833757567685097,-0.010848396702857255,0.2075235480565592,0.05114052747376263,-0.0005950652655373895,0.10287612021306265,0.9933629631996155,0.9835251321500351,1.0032007942491958,0.998293474316597,0.9957833417392125,1.0008036068939814,284.0539779663086,283.0134445188797,285.0945114137375,0.0028598930803127587,0.002827820076978039,0.0028919660836474784,284.5497055053711,283.5985609256849,285.50085008505727,4
0.0003,m,full_coupled,5,3e-05,0.0253984855953604,0.0033130142225822855,0.04748395696813851,0.017457978567108512,0.009450765292828466,0.025465191841388558,0.9996050894260406,0.9990881201610639,1.0001220586910176,0.9998381435871124,0.9997071110705513,0.9999691761036735,284.0539779663086,283.0134445188797,285.0945114137375,0.008525877259671688,0.00849495746335751,0.008556797055985867,284.1222229003906,283.11511278668235,285.1293330140989,4
0.0003,m,full_coupled,5,0.0001,0.012257971451617777,0.003950822406023513,0.02056512049721204,0.010981628205627203,0.01063418626713986,0.011329070144114547,0.9999146610498428,0.999804088730559,1.0000252333691266,0.9999396651983261,0.9999358138699705,0.9999435165266817,284.0539779663086,283.0134445188797,285.0945114137375,0.02840857347473502,0.028304861850728478,0.028512285098741565,284.07747650146484,283.03239308903716,285.12255991389253,4
0.0003,m,full_coupled,5,0.0003,0.01801618328318,-0.002956314963773035,0.03898868153013303,0.021799586713314056,0.01242488428208913,0.031174289144538982,0.9997725039720535,0.9993871872510993,1.0001578206930077,0.9997493326663971,0.9995448281333688,0.9999538371994254,284.0539779663086,283.0134445188797,285.0945114137375,0.0852433517575264,0.0849564665679497,0.0855302369471031,284.16222381591797,283.19105125029154,285.1333963815444,4
0.0003,m,full_coupled,5,0.001,0.010400390950962901,0.005695978995674324,0.015104802906251477,0.010010817786678672,0.008082134423107493,0.01193950115024985,0.9999425709247589,0.9998894338236354,0.9999957080258824,0.9999493360519409,0.9999304134076369,0.999968258696245,284.0539779663086,283.0134445188797,285.0945114137375,0.28408339619636536,0.28305791855395174,0.285108873838779,284.08597564697266,283.04889579432944,285.1230554996159,4
0.0003,m,full_coupled,5,0.003,0.00808045663870871,0.002903998122371628,0.013256915155045793,0.006484620040282607,0.004502201922722238,0.008467038157842976,0.9999633729457855,0.9999181202242998,1.0000086256672713,0.9999784082174301,0.9999655188410931,0.9999912975937671,284.0539779663086,283.0134445188797,285.0945114137375,0.8521851599216461,0.8490874597199972,0.855282860123295,284.05418395996094,283.0285442366183,285.0798236833036,4
0.0003,m,full_coupled,5,0.01,0.014879037393257022,0.012466573574309477,0.017291501212204567,0.011549138929694891,0.00732845737062444,0.01576982048876534,0.9998894929885864,0.9998532193765742,0.9999257666005986,0.999931663274765,0.9998809008417912,0.9999824257077389,284.0539779663086,283.0134445188797,285.0945114137375,2.8368064165115356,2.8263444270787534,2.847268405944318,283.66357421875,282.7141507913771,284.6129976461229,4
0.0003,m,full_coupled,10,1e-06,0.3583242576569319,-0.14610886239675858,0.8627573777106223,0.27037670835852623,-0.059021733936257315,0.5997751506533098,0.8757238984107971,0.5609801709881828,1.1904676258334115,0.9430244266986847,0.8072158112542244,1.078833042143145,452.58548736572266,450.92362664492754,454.2473480865178,0.0005445647257147357,0.0002918606483745566,0.0007972688030549147,483.5380325317383,407.29892496827347,559.7771400952031,4
0.0003,m,full_coupled,10,3e-06,0.19321561604738235,-0.03473544951452118,0.4211666816092859,0.17254915088415146,-0.01661647514516934,0.36171477691347226,0.972682312130928,0.9099143717188724,1.0354502525429836,0.9794047623872757,0.9427823667440285,1.016027158030523,452.58548736572266,450.92362664492754,454.2473480865178,0.0013989101571496576,0.0013003791778826465,0.0014974411364166687,462.9537658691406,442.6026724071703,483.30485933111095,4
0.0003,m,full_coupled,10,1e-05,0.2109702154994011,0.1361358046087105,0.2858046263900917,0.11770991049706936,0.06724084942213594,0.1681789715720028,0.976612851023674,0.9623058845371915,0.9909198175101566,0.992663562297821,0.9870437193532682,0.9982834052423739,452.58548736572266,450.92362664492754,454.2473480865178,0.004634361946955323,0.004556086370596476,0.00471263752331417,456.21849822998047,454.3028358761893,458.13416058377163,4
0.0003,m,full_coupled,10,3e-05,0.13780806865543127,0.03138435094539781,0.24423178636546472,0.08912888169288635,0.06930155040192254,0.10895621298385016,0.9887418895959854,0.97648518562513,1.0009985935668408,0.9959613084793091,0.9942769176024087,0.9976456993562095,452.58548736572266,450.92362664492754,454.2473480865178,0.013726186705753207,0.013551581747963287,0.013900791663543128,454.301025390625,452.6040204856972,455.9980302955528,4
0.0003,m,full_coupled,10,0.0001,0.06289133615791798,0.05474072815398231,0.07104194416185364,0.04099704138934612,0.032499156609418725,0.04949492616927352,0.9980105459690094,0.9974986557911009,0.9985224361469179,0.9991486072540283,0.9987869779668944,0.9995102365411622,452.58548736572266,450.92362664492754,454.2473480865178,0.04533923976123333,0.045142066801196166,0.04553641272127049,452.82196044921875,451.02701720698514,454.61690369145236,4
0.0003,m,full_coupled,10,0.0003,0.05228353012353182,0.011787274863647695,0.09277978538341594,0.04883544705808163,0.01946880297508012,0.07820209114108313,0.9983881562948227,0.9959494420765693,1.000826870513076,0.998678669333458,0.9972435468020906,1.0001137918648253,452.58548736572266,450.92362664492754,454.2473480865178,0.13599352166056633,0.13576179449725262,0.13622524882388004,453.16996002197266,452.06527422237735,454.27464582156796,4
0.0003,m,full_coupled,10,0.001,0.03125268453732133,0.014967479235826572,0.047537889838816086,0.024581235833466053,0.0187326118441866,0.030429859822745507,0.9994722455739975,0.9989006938349709,1.000043797313024,0.9996927678585052,0.9995447456750983,0.9998407900419122,452.58548736572266,450.92362664492754,454.2473480865178,0.45279211550951004,0.451372006451714,0.4542122245673061,452.69342041015625,451.09660803335055,454.29023278696195,4
0.0003,m,full_coupled,10,0.003,0.024718320928514004,0.011923525614663,0.03751311624236501,0.017759343376383185,0.013618355705431927,0.021900331047334444,0.9996704608201981,0.9993449405091771,0.999995981131219,0.9998399317264557,0.9997687705453457,0.9999110929075656,452.58548736572266,450.92362664492754,454.2473480865178,1.3571664988994598,1.3520658146786533,1.3622671831202664,452.36822509765625,450.7065170784181,454.0299331168944,4
0.0003,m,full_coupled,10,0.01,0.05275541823357344,0.04639249466461277,0.059118341802534106,0.037252604961395264,0.03288906532913707,0.04161614459365346,0.9986670017242432,0.9983662938157879,0.9989677096326984,0.9993610233068466,0.9992255374186185,0.9994965091950747,452.58548736572266,450.92362664492754,454.2473480865178,4.481423735618591,4.46014063226875,4.502706838968432,448.07887268066406,446.96780237886514,449.189942982463,4
0.0003,m,full_coupled,20,1e-06,0.9677524566650391,0.9126984528111131,1.022806460518965,0.9919307231903076,0.9862459262803419,0.9976155201002733,0.2076011598110199,-0.048924912109223784,0.4641272317312636,0.12461869232356548,0.07837348914424673,0.17086389550288422,610.4585266113281,607.8225574407018,613.0944957819545,0.005209241178818047,-0.0011581248958780566,0.01157660725351415,5168.9794921875,3622.0769938964904,6715.88199047851,4
0.0003,m,full_coupled,20,3e-06,0.9122373312711716,0.7918251906444312,1.032649471897912,0.8527405560016632,0.5684404306100297,1.1370406813932967,0.3716382347047329,0.07844327146019897,0.6648331979492668,0.45074550062417984,0.0575756213291202,0.8439153799192395,610.4585266113281,607.8225574407018,613.0944957819545,0.005895453738048673,0.0013889243597285817,0.010401983116368764,1584.5633697509766,610.6210746766138,2558.5056648253394,4
0.0003,m,full_coupled,20,1e-05,0.7735653221607208,0.5522374982790366,0.9948931460424051,0.6727111637592316,0.6081965356823272,0.7372257918361359,0.6030915305018425,0.32215311825128545,0.8840299427523995,0.7384548336267471,0.6822509416209945,0.7946587256324997,610.4585266113281,607.8225574407018,613.0944957819545,0.01076192082837224,0.005755083939257127,0.015768757717487352,830.2626647949219,757.8919260794856,902.6334035103581,4
0.0003,m,full_coupled,20,3e-05,0.6627744138240814,0.5058651016620819,0.819683725986081,0.5044940412044525,0.3281634268133898,0.6808246555955153,0.7402829080820084,0.604759844790088,0.8758059713739287,0.8560467064380646,0.747586127145219,0.9645072857309102,610.4585266113281,607.8225574407018,613.0944957819545,0.02497443789616227,0.020586793406259917,0.029362082386064626,719.0548553466797,619.1676155780413,818.9420951153181,4
0.0003,m,full_coupled,20,0.0001,0.39383281022310257,0.2881604212990665,0.49950519914713865,0.27457258477807045,0.21653631357036182,0.33260885598577905,0.9170783162117004,0.8728133092119246,0.9613433232114763,0.9610089659690857,0.9447745688648047,0.9772433630733667,610.4585266113281,607.8225574407018,613.0944957819545,0.06684469990432262,0.06309172183013925,0.070597677978506,636.0452270507812,626.3058271948786,645.7846269066839,4
0.0003,m,full_coupled,20,0.0003,0.20203743502497673,0.1212681140142273,0.28280675603572614,0.1583833023905754,0.11750749964451455,0.19925910513663625,0.9783551245927811,0.9624133657366098,0.9942968834489523,0.9871243387460709,0.9805963102453782,0.9936523672467635,610.4585266113281,607.8225574407018,613.0944957819545,0.18712598085403442,0.1845000246492526,0.18975193705881624,617.8886871337891,613.8691044607759,621.9082698068022,4
0.0003,m,full_coupled,20,0.001,0.12770825810730457,0.06402030695766633,0.1913962092569428,0.10692479275166988,0.07797308388749531,0.13587650161584447,0.9911939352750778,0.9816800245618453,1.0007078459883103,0.9941419363021851,0.990918463034998,0.9973654095693721,610.4585266113281,607.8225574407018,613.0944957819545,0.6152717024087906,0.6101342339618137,0.6204091708557675,613.4183502197266,610.796929198566,616.0397712408871,4
0.0003,m,full_coupled,20,0.003,0.09992482513189316,0.07004547280370757,0.12980417746007875,0.07526354119181633,0.060297164440753594,0.09022991794287907,0.9948699176311493,0.9917957245663354,0.9979441106959632,0.9971385449171066,0.9960142984774977,0.9982627913567156,610.4585266113281,607.8225574407018,613.0944957819545,1.8337991833686829,1.8276311830809864,1.8399671836563793,609.7990875244141,608.2115889361131,611.386586112715,4
0.0003,m,full_coupled,20,0.01,0.13172012008726597,0.10226169628592557,0.16117854388860636,0.09627297148108482,0.08214631665075245,0.1103996263114172,0.9919991344213486,0.9886592241429328,0.9953390446997643,0.9961155503988266,0.9951011955070452,0.997129905290608,610.4585266113281,607.8225574407018,613.0944957819545,5.917844533920288,5.831896583913557,6.003792483927019,589.5493927001953,585.7513850481101,593.3474003522805,4
0.0003,m,full_coupled,40,1e-06,0.9998955428600311,0.9994606270350365,1.0003304586850257,1.000147134065628,0.9979186390663183,1.002375629064938,0.015735977445729077,-0.0042413072029382735,0.03571326209439643,0.01052344823256135,-0.06662942029116124,0.08767631675628394,714.875732421875,636.0122463693998,793.7392184743502,0.042136536445468664,0.01830333909260007,0.06596973379833726,26926.7314453125,24622.881603302532,29230.581287322468,4
0.0003,m,full_coupled,40,3e-06,0.9964711964130402,0.9903200221043457,1.0026223707217348,0.9971614629030228,0.9925519239081654,1.0017710018978803,0.08909639343619347,-0.006754139000256967,0.18494692587264389,0.07359391404315829,0.018972939448507302,0.12821488863780928,714.875732421875,636.0122463693998,793.7392184743502,0.04016253724694252,0.022918575210648336,0.057406499283236705,7949.8013916015625,6078.3630839802645,9821.23969922286,4
0.0003,m,full_coupled,40,1e-05,0.9825537204742432,0.9626249415619286,1.0024824993865578,0.9638953655958176,0.949035466234888,0.9787552649567471,0.19467942044138908,0.05150688398477113,0.33785195689800707,0.26745742186903954,0.2070957650384913,0.32781907869958776,714.875732421875,636.0122463693998,793.7392184743502,0.04939529579132795,0.038051830600427036,0.06073876098222887,2973.8004760742188,2370.051571920297,3577.5493802281403,4
0.0003,m,full_coupled,40,3e-05,0.9602504670619965,0.9176886543392836,1.0028122797847092,0.9620179384946823,0.9295923400924764,0.9944435368968882,0.25760884396731853,0.05502391027923123,0.4601937776554058,0.26553184539079666,0.14055215405018165,0.3905115367314117,714.875732421875,636.0122463693998,793.7392184743502,0.10945873148739338,-0.014596637704005391,0.23351410067879214,2927.661376953125,1405.260728363747,4450.062025542503,4
0.0003,m,full_coupled,40,0.0001,0.8781081438064575,0.8246399008224664,0.9315763867904486,0.8237322419881821,0.7694157354425114,0.8780487485338527,0.4920608252286911,0.4036715231414745,0.5804501273159077,0.5693369358778,0.4768155253203724,0.6618583464352276,714.875732421875,636.0122463693998,793.7392184743502,0.18237365037202835,0.05722681419735448,0.3075204865467022,1373.0419006347656,1023.0534693993789,1723.0303318701524,4
0.0003,m,full_coupled,40,0.0003,0.7224999219179153,0.5149349349834949,0.9300649088523358,0.6314237117767334,0.4956211980946752,0.7672262254587916,0.673662394285202,0.46356521733541317,0.8837595712349908,0.7786480039358139,0.6675483695107491,0.8897476383608787,714.875732421875,636.0122463693998,793.7392184743502,0.3265109173953533,0.1948508125998453,0.45817102219086137,874.5930938720703,690.8479649545783,1058.3382227895622,4
0.0003,m,full_coupled,40,0.001,0.5081767141819,0.40301259774876036,0.6133408306150397,0.4383169412612915,0.3433384421511985,0.5332954403713845,0.8599529415369034,0.7936161971481489,0.9262896859256579,0.9009665995836258,0.8627609637552824,0.9391722354119691,714.875732421875,636.0122463693998,793.7392184743502,0.8021918386220932,0.7127650088905697,0.8916186683536167,755.4709625244141,735.1031890209719,775.8387360278563,4
0.0003,m,full_coupled,40,0.003,0.4147939383983612,0.27237983842140534,0.5572080383753171,0.34842948615550995,0.15857212172184465,0.5382868505891752,0.911337673664093,0.8565255305031808,0.9661498168250052,0.9385320395231247,0.8779266072285826,0.9991374718176668,714.875732421875,636.0122463693998,793.7392184743502,2.201241672039032,2.1299655465407663,2.2725177975372977,706.4606018066406,703.2330907709573,709.6881128423239,4
0.0003,m,full_coupled,40,0.01,0.39630281925201416,0.14944271243677962,0.6431629260672487,0.3369656056165695,0.05391291948472082,0.6200182917484183,0.9263117164373398,0.8486766322389114,1.0039468006357681,0.947079136967659,0.868130427062543,1.026027846872775,714.875732421875,636.0122463693998,793.7392184743502,6.645480394363403,6.503368713601995,6.787592075124811,649.5624847412109,645.945269946507,653.1796995359149,4
0.0003,m,restricted_no_dv,1,1e-06,0.004833831684663892,0.004772994578264036,0.004894668791063748,0.0030843709246255457,0.0030572763246536332,0.0031114655245974582,0.999988317489624,0.9999880382755921,0.9999885967036559,0.9999952614307404,0.9999951389872874,0.9999953838741933,69.22379875183105,68.97041031597784,69.47718718768427,6.922497414052486e-05,6.897141440599101e-05,6.947853387505872e-05,69.22420120239258,68.97052900534337,69.47787339944179,4
0.0003,m,restricted_no_dv,1,3e-06,0.0019305262248963118,0.0019242742825981744,0.0019367781671944492,0.0011446342105045915,0.0011392108717818415,0.0011500575492273415,0.9999981373548508,0.9999980465483558,0.9999982281613458,0.9999993443489075,0.9999992348321538,0.9999994538656611,69.22379875183105,68.97041031597784,69.47718718768427,0.0002076722084893845,0.00020691164981616791,0.0002084327671626011,69.2238998413086,68.9704170959177,69.47738258669949,4
0.0003,m,restricted_no_dv,1,1e-05,0.0006451785011449829,0.0006416060613707379,0.0006487509409192279,0.00036182157055009156,0.0003598610070244422,0.00036378213407574096,0.9999997019767761,0.9999994570898704,0.9999999468636819,1.0,0.9999998451199217,1.0000001548800783,69.22379875183105,68.97041031597784,69.47718718768427,0.0006922390311956406,0.0006897063127186677,0.0006947717496726134,69.22389602661133,68.97060201672498,69.47719003649767,4
0.0003,m,restricted_no_dv,1,3e-05,0.0002238397537439596,0.0002228548929119731,0.00022482461457594608,0.00012333372797002085,0.00012308043077191198,0.00012358702516812971,0.9999999701976776,0.9999998753533869,1.0000000650419685,1.0000000298023224,0.9999999349580316,1.0000001246466133,69.22379875183105,68.97041031597784,69.47718718768427,0.0020767144160345197,0.002069112647112278,0.0020843161849567614,69.22379493713379,68.97039716726648,69.4771927070011,4
0.0003,m,restricted_no_dv,1,0.0001,6.854776802356355e-05,6.812155661058967e-05,6.897397943653743e-05,3.744784407899715e-05,3.737239393226649e-05,3.752329422572781e-05,1.0000000298023224,0.9999999349580316,1.0000001246466133,0.9999999403953552,0.9999998308786016,1.000000049912109,69.22379875183105,68.97041031597784,69.47718718768427,0.006922380183823407,0.006897041777089951,0.006947718590556862,69.22380065917969,68.97041250219958,69.4771888161598,4
0.0003,m,restricted_no_dv,1,0.0003,2.3215739929582924e-05,2.2990974435517226e-05,2.344050542364862e-05,1.2605484471350792e-05,1.2534456291161951e-05,1.2676512651539633e-05,1.0000000298023224,0.9999999349580316,1.0000001246466133,0.9999999701976776,0.9999997885846876,1.0000001518106676,69.22379875183105,68.97041031597784,69.47718718768427,0.02076714113354683,0.020691124562907098,0.02084315770418656,69.22380065917969,68.97040755634916,69.47719376201022,4
0.0003,m,restricted_no_dv,1,0.001,6.985306299611693e-06,6.9591280040595536e-06,7.011484595163833e-06,3.7790294413753145e-06,3.7663403896304044e-06,3.7917184931202246e-06,1.0000000298023224,0.9999998481893324,1.0000002114153124,0.9999999701976776,0.9999998753533869,1.0000000650419685,69.22379875183105,68.97041031597784,69.47718718768427,0.069223802536726,0.06897041291809411,0.06947719215535789,69.22380256652832,68.97041433580083,69.47719079725582,4
0.0003,m,restricted_no_dv,1,0.003,2.3330896965489956e-06,2.323362702757409e-06,2.3428166903405822e-06,1.256764790014131e-06,1.2530926685947626e-06,1.2604369114334994e-06,1.0000000298023224,0.9999999349580316,1.0000001246466133,0.9999999701976776,0.9999998753533869,1.0000000650419685,69.22379875183105,68.97041031597784,69.47718718768427,0.2076714001595974,0.2069112428345249,0.2084315574846699,69.22380256652832,68.97041433580083,69.47719079725582,4
0.0003,m,restricted_no_dv,1,0.01,7.022994736871624e-07,6.949106485480514e-07,7.096882988262734e-07,3.8300012050740406e-07,3.805358249099648e-07,3.8546441610484335e-07,0.9999999403953552,0.9999998308786016,1.000000049912109,0.9999999701976776,0.9999998753533869,1.0000000650419685,69.22379875183105,68.97041031597784,69.47718718768427,0.6922379732131958,0.6897040684586786,0.694771877967713,69.22379875183105,68.97041031597784,69.47718718768427,4
0.0003,m,restricted_no_dv,5,1e-06,0.022301810095086694,0.0030112530392439746,0.04159236715092941,0.012564609292894602,0.005919801675470174,0.01920941691031903,0.9996961057186127,0.9991719024904112,1.000220308946814,0.9999145865440369,0.9998221568370016,1.0000070162510721,284.05394744873047,283.01345696711326,285.0944379303477,0.00028414030384738,0.0002831964591375462,0.00028508414855721374,284.07745361328125,283.0528865253515,285.102020701211,4
0.0003,m,restricted_no_dv,5,3e-06,0.019801533548161387,-0.011858876268404692,0.05146194336472747,0.05645160551648587,-0.07304404110227694,0.18594725213524868,0.9996553212404251,0.9987326769567925,1.0005779655240579,0.9958918988704681,0.9834982238979203,1.0082855738430159,284.05394744873047,283.01345696711326,285.0944379303477,0.000852459532325156,0.0008494424266494012,0.0008554766380009109,285.2492141723633,280.79688550714746,289.7015428375791,4
0.0003,m,restricted_no_dv,5,1e-05,0.09833666228223592,-0.010846851584328618,0.20752017614880047,0.05114152608439326,-0.0005932466509015188,0.10287629881968804,0.9933630228042603,0.983525291292525,1.0032007543159955,0.998293474316597,0.9957833898131585,1.0008035588200355,284.05394744873047,283.01345696711326,285.0944379303477,0.0028598930803127587,0.002827820076978039,0.0028919660836474784,284.5497055053711,283.5985609256849,285.50085008505727,4
0.0003,m,restricted_no_dv,5,3e-05,0.025399795966222882,0.0033137339563613886,0.04748585797608437,0.017461712937802076,0.009451055855812959,0.025472370019791194,0.9996050447225571,0.9990879962522381,1.000122093192876,0.9998380392789841,0.999706880417858,0.9999691981401101,284.05394744873047,283.01345696711326,285.0944379303477,0.008525877259671688,0.00849495746335751,0.008556797055985867,284.1222229003906,283.11511278668235,285.1293330140989,4
0.0003,m,restricted_no_dv,5,0.0001,0.012257104506716132,0.003950542458469304,0.02056366655496296,0.010981691302731633,0.010631083240011531,0.011332299365451735,0.9999146461486816,0.9998041588052197,1.0000251334921437,0.9999397397041321,0.9999360105018776,0.9999434689063865,284.05394744873047,283.01345696711326,285.0944379303477,0.02840857347473502,0.028304861850728478,0.028512285098741565,284.07747650146484,283.03239308903716,285.12255991389253,4
0.0003,m,restricted_no_dv,5,0.0003,0.018019452691078186,-0.002960952649659801,0.03899985803181617,0.021801013965159655,0.012415987991320297,0.031186039938999013,0.9997723549604416,0.9993868366642846,1.0001578732565986,0.9997493177652359,0.9995447764792875,0.9999538590511843,284.05394744873047,283.01345696711326,285.0944379303477,0.0852433517575264,0.0849564665679497,0.0855302369471031,284.16222381591797,283.19105125029154,285.1333963815444,4
0.0003,m,restricted_no_dv,5,0.001,0.010402748128399253,0.005696912409309752,0.015108583847488755,0.010012597544118762,0.008090135958737886,0.011935059129499638,0.9999426603317261,0.9998894699600014,0.9999958507034508,0.9999493956565857,0.9999306026008115,0.9999681887123599,284.05394744873047,283.01345696711326,285.0944379303477,0.28408339619636536,0.28305791855395174,0.285108873838779,284.08597564697266,283.04889579432944,285.1230554996159,4
0.0003,m,restricted_no_dv,5,0.003,0.008083215565420687,0.00290487053781093,0.013261560593030445,0.006486733444035053,0.004500239303587738,0.008473227584482369,0.9999633729457855,0.999918093793974,1.000008652097597,0.9999783933162689,0.9999655232337391,0.9999912633987987,284.05394744873047,283.01345696711326,285.0944379303477,0.8521851599216461,0.8490874597199972,0.855282860123295,284.05418395996094,283.0285442366183,285.0798236833036,4
0.0003,m,restricted_no_dv,5,0.01,0.014877476962283254,0.012469293052838382,0.017285660871728125,0.01154642435722053,0.007331883997541845,0.015760964716899216,0.9998895227909088,0.9998534016402606,0.999925643941557,0.9999317973852158,0.9998811697565854,0.9999824250138462,284.05394744873047,283.01345696711326,285.0944379303477,2.8368064165115356,2.8263444270787534,2.847268405944318,283.66357421875,282.7141507913771,284.6129976461229,4
0.0003,m,restricted_no_dv,10,1e-06,0.35832691937685013,-0.14610606830754747,0.8627599070612477,0.27039574459195137,-0.05900084569443076,0.5997923348783335,0.8757218271493912,0.5609687636646128,1.1904748906341696,0.9430190175771713,0.80720607452442,1.0788319606299226,452.58837890625,450.926645034844,454.250112777656,0.0005445647257147357,0.0002918606483745566,0.0007972688030549147,483.5380325317383,407.29892496827347,559.7771400952031,4
0.0003,m,restricted_no_dv,10,3e-06,0.19319605268537998,-0.03470780897926384,0.4210999143500238,0.17253434658050537,-0.016582053653112966,0.3616507468141237,0.9726899564266205,0.9099454355974974,1.0354344772557436,0.9794102907180786,0.942796920947235,1.0160236604889221,452.58837890625,450.926645034844,454.250112777656,0.0013989101571496576,0.0013003791778826465,0.0014974411364166687,462.9537658691406,442.6026724071703,483.30485933111095,4
0.0003,m,restricted_no_dv,10,1e-05,0.21096555888652802,0.13615496667907523,0.2857761510939808,0.11770457960665226,0.06723908127636483,0.1681700779369397,0.9766144007444382,0.9623117464502328,0.9909170550386436,0.9926642626523972,0.9870446307955485,0.9982838945092458,452.58837890625,450.926645034844,454.250112777656,0.004634361946955323,0.004556086370596476,0.00471263752331417,456.21849822998047,454.3028358761893,458.13416058377163,4
0.0003,m,restricted_no_dv,10,3e-05,0.13775607384741306,0.03131050723909887,0.24420164045572726,0.08909756131470203,0.06925750457183942,0.10893761805756465,0.9887485057115555,0.9764944916861172,1.0010025197369938,0.9959640353918076,0.9942785356582003,0.9976495351254148,452.58837890625,450.926645034844,454.250112777656,0.013726186705753207,0.013551581747963287,0.013900791663543128,454.301025390625,452.6040204856972,455.9980302955528,4
0.0003,m,restricted_no_dv,10,0.0001,0.06293788272887468,0.05488245472679644,0.07099331073095293,0.04105071350932121,0.032607064219390566,0.04949436279925186,0.9980078935623169,0.9975014667366212,0.9985143203880126,0.999146580696106,0.9987866709097476,0.9995064904824643,452.58837890625,450.926645034844,454.250112777656,0.04533923976123333,0.045142066801196166,0.04553641272127049,452.82196044921875,451.02701720698514,454.61690369145236,4
0.0003,m,restricted_no_dv,10,0.0003,0.05232461495324969,0.0118216710200209,0.09282755888647848,0.04884492512792349,0.01947328017047282,0.07821657008537417,0.9983859360218048,0.9959469565657297,1.0008249154778799,0.9986781775951385,0.9972426592063068,1.0001136959839703,452.58837890625,450.926645034844,454.250112777656,0.13599352166056633,0.13576179449725262,0.13622524882388004,453.16996002197266,452.06527422237735,454.27464582156796,4
0.0003,m,restricted_no_dv,10,0.001,0.03130793245509267,0.01508154481705528,0.04753432009313006,0.024611203465610743,0.01878061844867456,0.030441788482546923,0.9994708150625229,0.9989000883029084,1.0000415418221373,0.9996920377016068,0.9995443700572865,0.999839705345927,452.58837890625,450.926645034844,454.250112777656,0.45279211550951004,0.451372006451714,0.4542122245673061,452.69342041015625,451.09660803335055,454.29023278696195,4
0.0003,m,restricted_no_dv,10,0.003,0.024749677628278732,0.011945771148006587,0.03755358410855088,0.01777824806049466,0.013616463480625977,0.021940032640363344,0.9996696710586548,0.9993432406253033,0.9999961014920062,0.9998395591974258,0.9997681145023857,0.999911003892466,452.58837890625,450.926645034844,454.250112777656,1.3571664988994598,1.3520658146786533,1.3622671831202664,452.36822509765625,450.7065170784181,454.0299331168944,4
0.0003,m,restricted_no_dv,10,0.01,0.052772944793105125,0.04641568831203781,0.05913020127417244,0.03727145306766033,0.03290193541457626,0.0416409707207444,0.9986661076545715,0.9983658217228658,0.9989663935862773,0.9993604272603989,0.9992246965997049,0.9994961579210928,452.58837890625,450.926645034844,454.250112777656,4.481423735618591,4.46014063226875,4.502706838968432,448.07887268066406,446.96780237886514,449.189942982463,4
0.0003,m,restricted_no_dv,20,1e-06,0.9680488407611847,0.9133771259219765,1.0227205556003929,0.9916713982820511,0.9847204374977394,0.9986223590663628,0.2063175905495882,-0.05015290838569114,0.46278808948486755,0.12627478688955307,0.07027744993563656,0.18227212384346958,611.1768188476562,608.429964148826,613.9236735464865,0.005209241178818047,-0.0011581248958780566,0.01157660725351415,5168.9794921875,3622.0769938964904,6715.88199047851,4
0.0003,m,restricted_no_dv,20,3e-06,0.913231149315834,0.7918971454505443,1.0345651531811237,0.8536229580640793,0.5683586901671864,1.1388872259609721,0.36802447587251663,0.06945159115780636,0.6665973605872269,0.44767311960458755,0.04922169425164913,0.846124544957526,611.1768188476562,608.429964148826,613.9236735464865,0.005895453738048673,0.0013889243597285817,0.010401983116368764,1584.5633697509766,610.6210746766138,2558.5056648253394,4
0.0003,m,restricted_no_dv,20,1e-05,0.7745241224765778,0.5511016213761638,0.9979466235769917,0.6743186712265015,0.6151978676065245,0.7334394748464784,0.6011572480201721,0.31659273429632373,0.8857217617440205,0.7372323125600815,0.6850717511769399,0.7893928739432231,611.1768188476562,608.429964148826,613.9236735464865,0.01076192082837224,0.005755083939257127,0.015768757717487352,830.2626647949219,757.8919260794856,902.6334035103581,4
0.0003,m,restricted_no_dv,20,3e-05,0.6626774966716766,0.5062026349325103,0.819152358410843,0.5038557052612305,0.3278044104641473,0.6799070000583136,0.7404236495494843,0.6053559377092582,0.8754913613897103,0.8564356565475464,0.7479118060932956,0.9649595070017972,611.1768188476562,608.429964148826,613.9236735464865,0.02497443789616227,0.020586793406259917,0.029362082386064626,719.0548553466797,619.1676155780413,818.9420951153181,4
0.0003,m,restricted_no_dv,20,0.0001,0.39369431138038635,0.2887166428618075,0.4986719798989652,0.27401093393564224,0.2143977520049732,0.33362411586631124,0.9171681851148605,0.8734450779224877,0.9608912923072334,0.9611382335424423,0.9444921659460903,0.9777843011387943,611.1768188476562,608.429964148826,613.9236735464865,0.06684469990432262,0.06309172183013925,0.070597677978506,636.0452270507812,626.3058271948786,645.7846269066839,4
0.0003,m,restricted_no_dv,20,0.0003,0.20286354795098305,0.12078463086247031,0.2849424650394958,0.15953832119703293,0.11856608297188555,0.20051055942218032,0.9781545400619507,0.9619977414776323,0.9943113386462691,0.986941009759903,0.9803129964121006,0.9935690231077053,611.1768188476562,608.429964148826,613.9236735464865,0.18712598085403442,0.1845000246492526,0.18975193705881624,617.8886871337891,613.8691044607759,621.9082698068022,4
0.0003,m,restricted_no_dv,20,0.001,0.12976179271936417,0.07147653903219747,0.18804704640653086,0.10819795541465282,0.08584534847136463,0.13055056235794102,0.9910318851470947,0.9823312260820187,0.9997325442121707,0.9940580576658249,0.9915035172827699,0.9966125980488799,611.1768188476562,608.429964148826,613.9236735464865,0.6152717024087906,0.6101342339618137,0.6204091708557675,613.4183502197266,610.796929198566,616.0397712408871,4
0.0003,m,restricted_no_dv,20,0.003,0.1014961525797844,0.07427924487444917,0.1287130602851196,0.07693196274340153,0.06519721917342408,0.08866670631337897,0.9947397410869598,0.991915323124145,0.9975641590497747,0.9970304667949677,0.9961510627415019,0.9979098708484334,611.1768188476562,608.429964148826,613.9236735464865,1.8337991833686829,1.8276311830809864,1.8399671836563793,609.7990875244141,608.2115889361131,611.386586112715,4
0.0003,m,restricted_no_dv,20,0.01,0.13582462817430496,0.1064632923122812,0.16518596403632874,0.10202893614768982,0.0856901172463941,0.11836775504898554,0.9915173053741455,0.9880856331951946,0.9949489775530964,0.9956045746803284,0.994326033583479,0.9968831157771777,611.1768188476562,608.429964148826,613.9236735464865,5.917844533920288,5.831896583913557,6.003792483927019,589.5493927001953,585.7513850481101,593.3474003522805,4
0.0003,m,restricted_no_dv,40,1e-06,1.0003100484609604,0.999423089810695,1.0011970071112257,1.0001160204410553,0.9961437344929945,1.004088306389116,0.0022021367331035435,-0.03956332940711685,0.043967602873323935,0.016627552919089794,-0.10325251338522005,0.13650761922339966,830.7405090332031,621.5243874882676,1039.9566305781386,0.042136536445468664,0.01830333909260007,0.06596973379833726,26926.7314453125,24622.881603302532,29230.581287322468,4
0.0003,m,restricted_no_dv,40,3e-06,0.9974104315042496,0.9877701255932194,1.0070507374152797,1.0007430166006088,0.9920578749146574,1.0094281582865603,0.06871233228594065,-0.05950728980175818,0.19693195437363947,0.042742862831801176,-0.0474927585199679,0.13297848418357025,830.7405090332031,621.5243874882676,1039.9566305781386,0.04016253724694252,0.022918575210648336,0.057406499283236705,7949.8013916015625,6078.3630839802645,9821.23969922286,4
0.0003,m,restricted_no_dv,40,1e-05,0.9861370623111725,0.9517697446234075,1.0205043799989375,0.9756395518779755,0.939483356331044,1.0117957474249069,0.16760714910924435,-0.03832050368358225,0.37353480190207095,0.23578543588519096,0.13149863406055143,0.3400722377098305,830.7405090332031,621.5243874882676,1039.9566305781386,0.04939529579132795,0.038051830600427036,0.06073876098222887,2973.8004760742188,2370.051571920297,3577.5493802281403,4
0.0003,m,restricted_no_dv,40,3e-05,0.970413327217102,0.9384273329571508,1.0023993214770535,0.9675276428461075,0.9313503171026251,1.0037049685895898,0.23885932005941868,0.06508334040094074,0.4126352997178966,0.25627946481108665,0.1295383760075097,0.3830205536146636,830.7405090332031,621.5243874882676,1039.9566305781386,0.10945873148739338,-0.014596637704005391,0.23351410067879214,2927.661376953125,1405.260728363747,4450.062025542503,4
0.0003,m,restricted_no_dv,40,0.0001,0.8902057558298111,0.8429400758541361,0.9374714358054861,0.8527045398950577,0.7595603095460459,0.9458487702440694,0.4808405488729477,0.3855044971996754,0.57617660054622,0.5361813828349113,0.42520090348691153,0.6471618621829112,830.7405090332031,621.5243874882676,1039.9566305781386,0.18237365037202835,0.05722681419735448,0.3075204865467022,1373.0419006347656,1023.0534693993789,1723.0303318701524,4
0.0003,m,restricted_no_dv,40,0.0003,0.7725884467363358,0.5166503162656838,1.0285265772069878,0.7654839903116226,0.4937209795212426,1.0372470011020027,0.6270124316215515,0.35631127749650915,0.8977135857465939,0.7052530199289322,0.5334917752722115,0.8770142645856529,830.7405090332031,621.5243874882676,1039.9566305781386,0.3265109173953533,0.1948508125998453,0.45817102219086137,874.5930938720703,690.8479649545783,1058.3382227895622,4
0.0003,m,restricted_no_dv,40,0.001,0.6722934693098068,0.28361428272740624,1.0609726558922075,0.6511222198605537,0.30368738315833466,0.9985570565627728,0.7702549397945404,0.518155787954645,1.0223540916344358,0.8178838044404984,0.6829822839208235,0.9527853249601732,830.7405090332031,621.5243874882676,1039.9566305781386,0.8021918386220932,0.7127650088905697,0.8916186683536167,755.4709625244141,735.1031890209719,775.8387360278563,4
0.0003,m,restricted_no_dv,40,0.003,0.612134538590908,0.22915894171403217,0.9951101354677839,0.5863199308514595,0.12836586467269995,1.044273997030219,0.841311976313591,0.701833918031656,0.980790034595526,0.862278014421463,0.7115697720339659,1.01298625680896,830.7405090332031,621.5243874882676,1039.9566305781386,2.201241672039032,2.1299655465407663,2.2725177975372977,706.4606018066406,703.2330907709573,709.6881128423239,4
0.0003,m,restricted_no_dv,40,0.01,0.6833535879850388,0.17904074646714496,1.1876664295029324,0.6662236899137497,0.1032929900924987,1.2291543897350006,0.8319037705659866,0.6594207916632925,1.0043867494686807,0.8467857986688614,0.6648532199760939,1.0287183773616289,830.7405090332031,621.5243874882676,1039.9566305781386,6.645480394363403,6.503368713601995,6.787592075124811,649.5624847412109,645.945269946507,653.1796995359149,4
0.001,joint,full_coupled,1,1e-06,0.002165721438359469,0.002149678107437208,0.0021817647692817304,0.0012959196756128222,0.0012847538910707925,0.0013070854601548519,0.9999976754188538,0.9999975659021001,0.9999977849356074,0.999999150633812,0.999998988656349,0.999999312611275,181.1457862854004,180.77941127482774,181.51216129597304,0.00018114634804078378,0.00018077993670072645,0.0001815127593808411,181.1461067199707,180.77908364002658,181.51312979991482,4
0.001,joint,full_coupled,1,3e-06,0.0008097164682112634,0.0008039858854743743,0.0008154470509481526,0.000456266658147797,0.0004544823543471639,0.0004580509619484301,0.9999996721744537,0.9999994747403184,0.9999998696085891,0.9999998807907104,0.9999998807907104,0.9999998807907104,181.1457862854004,180.77941127482774,181.51216129597304,0.000543437447049655,0.0005423385704782122,0.0005445363236210979,181.14582061767578,180.77946101157784,181.51218022377373,4
0.001,joint,full_coupled,1,1e-05,0.00025573572202119976,0.0002543870256485654,0.00025708441839383415,0.000140830161399208,0.00014026090322433033,0.00014139941957408569,0.9999999701976776,0.9999999154393008,1.0000000249560543,1.0000000149011612,0.9999998193746468,1.0000002104276755,181.1457862854004,180.77941127482774,181.51216129597304,0.0018114577687811106,0.001807795133486232,0.0018151204040759894,181.145751953125,180.77944071865568,181.51206318759432,4
0.001,joint,full_coupled,1,3e-05,8.67831568029942e-05,8.629434451256709e-05,8.727196909342131e-05,4.731220360554289e-05,4.72016021885833e-05,4.7422805022502484e-05,0.9999999552965164,0.999999907874371,1.0000000027186617,1.0000000298023224,0.9999999349580316,1.0000001246466133,181.1457862854004,180.77941127482774,181.51216129597304,0.005434373742900789,0.005423384073708566,0.0054453634120930116,181.14579010009766,180.77943852317662,181.5121416770187,4
0.001,joint,full_coupled,1,0.0001,2.6542757041170262e-05,2.6430379388914273e-05,2.665513469342625e-05,1.4340143934532534e-05,1.4303490875969604e-05,1.4376796993095465e-05,1.0000000298023224,0.999999865527192,1.0000001940774528,1.0000000298023224,0.9999998481893324,1.0000002114153124,181.1457862854004,180.77941127482774,181.51216129597304,0.018114578910171986,0.01807794094821696,0.01815121687212701,181.1457862854004,180.77941127482774,181.51216129597304,4
0.001,joint,full_coupled,1,0.0003,8.895164228306385e-06,8.843753044255476e-06,8.946575412357294e-06,4.750870743919222e-06,4.716238652535486e-06,4.785502835302959e-06,1.0000000447034836,0.9999999024370474,1.0000001869699198,1.0000000298023224,0.9999998481893324,1.0000002114153124,181.1457862854004,180.77941127482774,181.51216129597304,0.054343738593161106,0.05423382384107113,0.05445365334525108,181.14579010009766,180.77940683767437,181.51217336252094,4
0.001,joint,full_coupled,1,0.001,2.8341390816422063e-06,2.822381871166167e-06,2.8458962921182456e-06,1.3932032629782043e-06,1.3858373098966755e-06,1.400569216059733e-06,1.0000000298023224,0.9999999349580316,1.0000001246466133,1.0000000298023224,0.9999998481893324,1.0000002114153124,181.1457862854004,180.77941127482774,181.51216129597304,0.1811457984149456,0.18077940243656943,0.18151219439332178,181.14579010009766,180.77940683767437,181.51217336252094,4
0.001,joint,full_coupled,1,0.003,2.9596332637993328e-06,2.9339850173368633e-06,2.9852815102618023e-06,4.6609531523245096e-07,4.6438566429602503e-07,4.678049661688769e-07,0.9999999552965164,0.9999998130300802,1.0000000975629526,1.0000000298023224,0.9999998481893324,1.0000002114153124,181.1457862854004,180.77941127482774,181.51216129597304,0.5434373915195465,0.5423382155955115,0.5445365674435815,181.14579010009766,180.77940683767437,181.51217336252094,4
0.001,joint,full_coupled,1,0.01,9.397774419994676e-06,9.309632632852737e-06,9.485916207136614e-06,1.5958032051344162e-07,1.5875759856107443e-07,1.604030424658088e-07,1.0000000149011612,0.9999998955580458,1.0000001342442766,1.0,0.9999998451199217,1.0000001548800783,181.1457862854004,180.77941127482774,181.51216129597304,1.8114579319953918,1.8077940623003637,1.81512180169042,181.1457862854004,180.77941127482774,181.51216129597304,4
0.001,joint,full_coupled,5,1e-06,0.709676206111908,0.3630006308128597,1.0563517814109562,0.5982069820165634,0.5270427229066,0.6693712411265268,0.6617264449596405,0.3836714521356169,0.9397814377836642,0.7998385280370712,0.7439106272913353,0.8557664287828072,742.8453826904297,741.3253836793465,744.3653817015129,0.0011789459676947445,0.0007808522667723911,0.0015770396686170978,933.9139251708984,859.4247341422633,1008.4031161995335,4
0.001,joint,full_coupled,5,3e-06,0.554712563753128,0.3228014974366396,0.7866236300696166,0.4821629002690315,0.15291850359671272,0.8114072969413504,0.8167677074670792,0.6399814394743069,0.9935539754598515,0.8509055823087692,0.6548718257377337,1.0469393388798047,742.8453826904297,741.3253836793465,744.3653817015129,0.002776334877125919,0.0021103503262794995,0.0034423194279723382,890.7122344970703,655.0995389144445,1126.324930079696,4
0.001,joint,full_coupled,5,1e-05,0.5069026127457619,0.28471672540461634,0.7290885000869074,0.3455803915858269,0.3268455808875169,0.36431520228413683,0.85137939453125,0.741392251718684,0.961366537343816,0.9383274465799332,0.9313625725905003,0.9452923205693661,742.8453826904297,741.3253836793465,744.3653817015129,0.008777847397141159,0.007714203464763838,0.00984149132951848,792.9239196777344,785.2234045378102,800.6244348176585,4
0.001,joint,full_coupled,5,3e-05,0.2131245620548725,0.11577117679213636,0.3104779473176087,0.1404321789741516,0.13040470555671252,0.1504596523915907,0.9755357801914215,0.9570030558487106,0.9940685045341324,0.9900752305984497,0.988621445522078,0.9915290156748214,742.8453826904297,741.3253836793465,744.3653817015129,0.02286615129560232,0.022428174708646293,0.02330412788255835,750.8598175048828,748.6206673964732,753.0989676132924,4
0.001,joint,full_coupled,5,0.0001,0.0912593575194478,0.05285303257532139,0.1296656824635742,0.06495829951018095,0.05462551781018352,0.07529108121017838,0.9956064671278,0.9925515496914583,0.9986613845641417,0.9978720545768738,0.9972019236286976,0.9985421855250499,742.8453826904297,741.3253836793465,744.3653817015129,0.0745978131890297,0.07435549480365622,0.07484013157440317,744.3127593994141,742.26463949899,746.3608792998381,4
0.001,joint,full_coupled,5,0.0003,0.04120094096288085,0.028182915318203203,0.0542189666075585,0.032198278699070215,0.023656969504957652,0.04073958789318278,0.9991257786750793,0.9986234359807807,0.999628121369378,0.9994707256555557,0.9991814052607793,0.9997600460503322,742.8453826904297,741.3253836793465,744.3653817015129,0.22298192232847214,0.22252831255407507,0.2234355321028692,742.9759979248047,741.3948170695639,744.5571787800454,4
0.001,joint,full_coupled,5,0.001,0.028273137286305428,0.02298363151153182,0.033562643061079034,0.01978891296312213,0.015475871732269136,0.024101954193975123,0.999596357345581,0.9994434549935758,0.9997492596975863,0.9998014867305756,0.9997188129148176,0.9998841605463336,742.8453826904297,741.3253836793465,744.3653817015129,0.7427701950073242,0.7414158783454485,0.7441245116691999,742.7025146484375,741.1857179961792,744.2193113006958,4
0.001,joint,full_coupled,5,0.003,0.025542727671563625,0.019848342605264222,0.03123711273786303,0.0186938657425344,0.016677988187090168,0.02070974329797863,0.9996697902679443,0.9995277289487042,0.9998118515871844,0.9998255372047424,0.9997875441239588,0.9998635302855261,742.8453826904297,741.3253836793465,744.3653817015129,2.2263662815093994,2.221191668929582,2.2315408940892167,742.0026702880859,740.3237229118762,743.6816176642957,4
0.001,joint,full_coupled,5,0.01,0.0845990739762783,0.0718569425616052,0.09734120539095141,0.06202169880270958,0.055163507511470616,0.06887989009394854,0.996783047914505,0.9959128071906559,0.9976532886383541,0.9984500706195831,0.9981722028473958,0.9987279383917704,742.8453826904297,741.3253836793465,744.3653817015129,7.251423954963684,7.2002036729861265,7.302644236941242,724.0761566162109,720.2253425166449,727.926970715777,4
0.001,joint,full_coupled,10,1e-06,0.9797479212284088,0.9703569496576013,0.9891388927992163,0.9381056129932404,0.9327465965678983,0.9434646294185824,0.19878140836954117,0.15387743533404644,0.2436853814050359,0.3463187888264656,0.3320345734189563,0.3606030042339749,1171.3197326660156,1168.3068143090147,1174.3326510230165,0.00613334949593991,0.004423889013909709,0.007842809977970112,3415.9915771484375,3170.481249272031,3661.501905024844,4
0.001,joint,full_coupled,10,3e-06,0.9065698385238647,0.8496629587918252,0.9634767182559043,0.8495885580778122,0.7381109663611229,0.9610661497945014,0.41405966132879257,0.27474743357761205,0.553371889079973,0.5165053009986877,0.3544799911408685,0.678530610856507,1171.3197326660156,1168.3068143090147,1174.3326510230165,0.00888524460606277,0.005308717319401555,0.012461771892723985,2313.104461669922,1687.854584124736,2938.3543392151078,4
0.001,joint,full_coupled,10,1e-05,0.8220197707414627,0.7847048979886333,0.8593346434942921,0.6698084026575089,0.6256133141989453,0.7140034911160724,0.5683383196592331,0.5142089968723162,0.6224676424461499,0.7418421059846878,0.7014297793596391,0.7822544326097365,1171.3197326660156,1168.3068143090147,1174.3326510230165,0.02066737599670887,0.018660757784366273,0.022673994209051467,1577.16552734375,1502.3287103898904,1652.0023442976096,4
0.001,joint,full_coupled,10,3e-05,0.6319120079278946,0.5116090463018772,0.752214969553912,0.4814353212714195,0.3910889437995518,0.5717816987432873,0.7702615261077881,0.6678115762016192,0.8727114760139569,0.8746823221445084,0.8245126502383043,0.9248519940507124,1171.3197326660156,1168.3068143090147,1174.3326510230165,0.04568483494222164,0.03956016272493593,0.051809507159507356,1338.1672058105469,1260.7723708284761,1415.5620407926176,4
0.001,joint,full_coupled,10,0.0001,0.3447313532233238,0.27452286988098573,0.4149398365656619,0.23293348401784897,0.19766536487505595,0.268201603160642,0.9378074258565903,0.910500129180915,0.9651147225322655,0.9722925871610641,0.963556742956652,0.9810284313654763,1171.3197326660156,1168.3068143090147,1174.3326510230165,0.12478971295058727,0.12089054121159065,0.1286888846895839,1203.4935607910156,1189.4113002232739,1217.5758213587574,4
0.001,joint,full_coupled,10,0.0003,0.19094859436154366,0.1484858508501266,0.2334113378729607,0.1332598812878132,0.10556589548979933,0.16095386708582704,0.9813172668218613,0.9727233545436854,0.9899111791000371,0.9909644424915314,0.9870429876931389,0.9948858972899238,1171.3197326660156,1168.3068143090147,1174.3326510230165,0.3577999323606491,0.3548867555356742,0.360713109185624,1181.1994934082031,1176.5745869509662,1185.82439986544,4
0.001,joint,full_coupled,10,0.001,0.12028113007545471,0.08238896660853484,0.15817329354237458,0.08922955021262169,0.069362045785605,0.10909705463963838,0.9925238639116287,0.9878263668590842,0.9972213609641732,0.9959524422883987,0.9941158551834116,0.9977890293933859,1171.3197326660156,1168.3068143090147,1174.3326510230165,1.1794759035110474,1.1720974927677401,1.1868543142543546,1174.9377746582031,1171.166227996483,1178.7093213199232,4
0.001,joint,full_coupled,10,0.003,0.13440940156579018,0.10496395974859866,0.1638548433829817,0.08696449548006058,0.0654516839145059,0.10847730704561526,0.9908965229988098,0.9869531808405033,0.9948398651571163,0.9962378293275833,0.9944446032790681,0.9980310553760985,1171.3197326660156,1168.3068143090147,1174.3326510230165,3.496341824531555,3.4795675281582534,3.513116120904857,1160.0032653808594,1155.8652627304066,1164.1412680313122,4
0.001,joint,full_coupled,10,0.01,0.21536842361092567,0.187959678385636,0.24277716883621536,0.16985820978879929,0.1460465278579048,0.19366989171969376,0.9820354580879211,0.9778486834763664,0.9862222326994758,0.9910358488559723,0.9889656640003779,0.9931060337115667,1171.3197326660156,1168.3068143090147,1174.3326510230165,10.782721757888794,10.598003797079935,10.967439718697653,1068.6492919921875,1049.798113647496,1087.500470336879,4
0.001,joint,full_coupled,20,1e-06,0.9980812519788742,0.9955538142305708,1.0006086897271778,0.9956262111663818,0.9937905055513405,0.9974619167814232,0.05935038719326258,0.014077913218842657,0.10462286116768249,0.09982933290302753,0.0630439614473857,0.13661470435866938,1565.4970703125,1559.9223936236679,1571.0717470013321,0.029363894369453192,0.018915767278080576,0.03981202146082581,20201.455078125,8485.821171535466,31917.088984714534,4
0.001,joint,full_coupled,20,3e-06,0.9900887161493301,0.9846778073012153,0.9954996249974449,0.9875054061412811,0.9698177248236425,1.0051930874589199,0.1387045830488205,0.0964195748642458,0.1809895912333952,0.1458411868661642,0.033373768433602,0.2583086052987264,1565.4970703125,1559.9223936236679,1571.0717470013321,0.03501993790268898,0.018948537553203727,0.05109133825217423,12308.838500976562,1131.2951602298472,23486.381841723276,4
0.001,joint,full_coupled,20,1e-05,0.9655279815196991,0.94116511083273,0.9898908522066682,0.9348469227552414,0.8900457308533765,0.9796481146571063,0.2560725696384907,0.1731439689065949,0.33900117037038646,0.3462008386850357,0.20772515734438549,0.48467652002568595,1565.4970703125,1559.9223936236679,1571.0717470013321,0.06321814469993114,0.045765475976298764,0.08067081342356353,4973.745788574219,2010.4669933445484,7937.024583803889,4
0.001,joint,full_coupled,20,3e-05,0.928804486989975,0.8816846201740066,0.9759243538059433,0.8217824399471283,0.7715465993791571,0.8720182805150994,0.36252811551094055,0.225124991511463,0.49993123951041807,0.5680207461118698,0.49622825470166315,0.6398132375220764,1565.4970703125,1559.9223936236679,1571.0717470013321,0.14268417283892632,0.06665804499450353,0.2187103006833491,2806.1858520507812,2567.7648192521237,3044.6068848494388,4
0.001,joint,full_coupled,20,0.0001,0.8121297061443329,0.6544645775463772,0.9697948347422886,0.6292186975479126,0.3863763526708975,0.8720610424249278,0.5569481700658798,0.2784324573184779,0.8354638828132818,0.7541262656450272,0.5075475176646128,1.0007050136254414,1565.4970703125,1559.9223936236679,1571.0717470013321,0.3096366338431835,0.09043906563352999,0.528834202052837,2153.019561767578,1294.7231355288782,3011.315988006278,4
0.001,joint,full_coupled,20,0.0003,0.7094075381755829,0.47526354445170615,0.9435515318994596,0.5369631573557854,0.40255569602833796,0.6713706186832328,0.6829668134450912,0.4643287417475863,0.9016048851425962,0.8392155766487122,0.7553717572557049,0.9230593960417194,1565.4970703125,1559.9223936236679,1571.0717470013321,0.7001646757125854,0.4855291514697222,0.9148001999554487,1859.2638549804688,1669.151130987972,2049.3765789729655,4
0.001,joint,full_coupled,20,0.001,0.38961146771907806,0.2228500327408371,0.556372902697319,0.3148200511932373,0.26837442493179353,0.3612656774546811,0.9157125353813171,0.8406972607419185,0.9907278100207157,0.9488664418458939,0.9331489166684103,0.9645839670233775,1565.4970703125,1559.9223936236679,1571.0717470013321,1.687835454940796,1.559206201267135,1.8164647086144567,1628.1456298828125,1601.3133870449603,1654.9778727206647,4
0.001,joint,full_coupled,20,0.003,0.3808860778808594,0.30276679366924386,0.4590053620924749,0.25433896481990814,0.21134555219033163,0.29733237744948465,0.9253549724817276,0.8952327460046258,0.9554771989588294,0.9682874381542206,0.9575292067399077,0.9790456695685334,1565.4970703125,1559.9223936236679,1571.0717470013321,4.780492305755615,4.693609992378763,4.867374619132468,1533.2091674804688,1523.4091779811263,1543.0091569798112,4
0.001,joint,full_coupled,20,0.01,0.3775544613599777,0.3278586370538211,0.4272502856661343,0.312027245759964,0.2618909344059078,0.36216355711402015,0.9469563364982605,0.9367410548603239,0.9571716181361971,0.970916211605072,0.9643744051804609,0.9774580180296831,1565.4970703125,1559.9223936236679,1571.0717470013321,13.677047729492188,13.173144962522134,14.180950496462241,1337.0061340332031,1294.5051381897156,1379.5071298766907,4
0.001,joint,full_coupled,40,1e-06,0.9999209642410278,0.9997894576241123,1.0000524708579435,0.9997246861457825,0.9990360129749561,1.000413359316609,0.015073205038788728,-0.0050163805420415375,0.035162790619618994,0.027548076352104545,-0.02194330913582341,0.07703946184003249,1768.810302734375,1751.3344759869015,1786.2861294818485,0.3200580105185509,0.20125309965185464,0.4388629213852471,121810.341796875,85892.00744661663,157728.67614713337,4
0.001,joint,full_coupled,40,3e-06,0.9998534172773361,0.9997459575832421,0.9999608769714301,0.9992158114910126,0.9966847298528003,1.0017468931292248,0.017449076054617763,0.009776040796113468,0.02512211131312206,0.031190562527626753,-0.021200209650113058,0.08358133470536656,1768.810302734375,1751.3344759869015,1786.2861294818485,0.4032711982727051,0.3120086725472185,0.4945337239981917,56115.521484375,17743.277036393323,94487.76593235668,4
0.001,joint,full_coupled,40,1e-05,0.998653307557106,0.9975779616237701,0.9997286534904419,0.9949203878641129,0.9898629029528558,0.9999778727753699,0.05106294807046652,0.030430781756106768,0.07169511438482627,0.09733311738818884,0.04696372321174494,0.14770251156463274,1768.810302734375,1751.3344759869015,1786.2861294818485,0.3784705772995949,0.280511445497751,0.4764297091014388,21149.932861328125,6992.978934223469,35306.88678843278,4
0.001,joint,full_coupled,40,3e-05,0.9924019277095795,0.9853649213682851,0.9994389340508738,0.9697799384593964,0.9623954632353594,0.9771644136834333,0.1216325331479311,0.06331314551764172,0.17995192077822048,0.2445901408791542,0.213307415775792,0.2758728659825164,1768.810302734375,1751.3344759869015,1786.2861294818485,0.5353723764419556,0.31762644901497716,0.753118303868934,7758.129638671875,7098.25068042978,8418.00859691397,4
0.001,joint,full_coupled,40,0.0001,0.9695556312799454,0.9422540936407271,0.9968571689191636,0.87947116792202,0.7228694322245063,1.0360729036195335,0.2381916679441929,0.1352524691944812,0.3411308666939046,0.44683800637722015,0.1889484553261409,0.7047275574282994,1768.810302734375,1751.3344759869015,1786.2861294818485,0.7758624106645584,0.42628668798736935,1.1254381333417474,4323.0010986328125,2129.6050168660545,6516.39718039957,4
0.001,joint,full_coupled,40,0.0003,0.9005386978387833,0.8340549640956442,0.9670224315819224,0.7356488704681396,0.5936909031256016,0.8776068378106777,0.42821504175662994,0.30165923148994533,0.5547708520233146,0.6678338646888733,0.5131428710215595,0.822524858356187,1768.810302734375,1751.3344759869015,1786.2861294818485,1.2685931473970413,0.8897132539426134,1.6474730408514693,2672.0643920898438,1998.3820418829587,3345.746742296729,4
0.001,joint,full_coupled,40,0.001,0.6402045041322708,0.5693937080087206,0.711015300255821,0.4878423735499382,0.441921656927868,0.5337630901720084,0.7669802308082581,0.7060817221563208,0.8278787394601953,0.8729464411735535,0.8481152284722812,0.8977776538748258,1768.810302734375,1751.3344759869015,1786.2861294818485,2.2369993329048157,2.0759481236770627,2.3980505421325686,1963.8211669921875,1924.4242872362915,2003.2180467480835,4
0.001,joint,full_coupled,40,0.003,0.5497598871588707,0.477147413889857,0.6223723604278844,0.38518238067626953,0.3540199019071658,0.41634485944537325,0.8389569371938705,0.7968435691341562,0.8810703052535849,0.9267977476119995,0.9148115175492151,0.9387839776747839,1768.810302734375,1751.3344759869015,1786.2861294818485,5.727387189865112,5.587214278756156,5.867560100974068,1745.7841491699219,1724.4362053279983,1767.1320930118454,4
0.001,joint,full_coupled,40,0.01,0.4873015582561493,0.4056628280714388,0.5689402884408599,0.41458237916231155,0.334704278704415,0.4944604796202081,0.9103627055883408,0.8888730529414333,0.9318523582352483,0.9469703882932663,0.9314883855597755,0.9624523910267571,1768.810302734375,1751.3344759869015,1786.2861294818485,15.152208805084229,14.523312516690986,15.781105093477471,1462.8302612304688,1410.014912471829,1515.6456099891086,4
0.001,log_v,full_coupled,1,1e-06,,,,,,,,,,,,,0.00018014943270827644,0.00017839291739277845,0.00018190594802377442,0.0,0.0,0.0,0.0,0.0,0.0,4
0.001,log_v,full_coupled,1,3e-06,,,,,,,,,,,,,0.00018014943270827644,0.00017839291739277845,0.00018190594802377442,0.0,0.0,0.0,0.0,0.0,0.0,4
0.001,log_v,full_coupled,1,1e-05,7.886658430099487,-12.869706516558796,28.64302337675777,2.838584244251251,-1.295422689806446,6.9725911783089485,0.015430366096552461,-0.00566803857329112,0.036528770766396046,0.020693877013400197,-0.0010601146556959255,0.04244786868249632,0.00018014943270827644,0.00017839291739277845,0.00018190594802377442,3.1002315385025847e-09,-2.2399269074057774e-09,8.440389984410948e-09,0.0001716934884825605,-7.452887889592623e-05,0.0004179158558610472,4
0.001,log_v,full_coupled,1,3e-05,0.9950499981641769,0.9944216526530336,0.9956783436753203,0.9900611191987991,0.988692883669018,0.9914293547285803,0.10236841253936291,0.09537392191205721,0.1093629031666686,0.14430559426546097,0.1359274347824304,0.15268375374849152,0.00018014943270827644,0.00017839291739277845,0.00018190594802377442,4.265421527094304e-08,3.901894041235078e-08,4.62894901295353e-08,0.0010189192544203252,0.00099908233096451,0.0010387561778761403,4
0.001,log_v,full_coupled,1,0.0001,0.9829714298248291,0.9811943488259539,0.9847485108237043,0.9661909341812134,0.9642994992529703,0.9680823691094564,0.18395522981882095,0.17418427175534043,0.19372618788230148,0.25808127224445343,0.2505915480516729,0.265570996437234,0.00018014943270827644,0.00017839291739277845,0.00018190594802377442,1.0274556849765304e-07,9.751790703051093e-08,1.0797322996479515e-07,0.0007276027026819065,0.000704654759260121,0.000750550646103692,4
0.001,log_v,full_coupled,1,0.0003,0.9506352245807648,0.9471498864505713,0.9541205627109582,0.9011851996183395,0.8954219511360724,0.9069484481006067,0.31033485382795334,0.299477884244445,0.3211918234114617,0.43345288187265396,0.4213047515895807,0.4456010121557272,0.00018014943270827644,0.00017839291739277845,0.00018190594802377442,1.7621518111354817e-07,1.7286508717028446e-07,1.7956527505681187e-07,0.00041994493221864104,0.0004159987211603675,0.0004238911432769146,4
0.001,log_v,full_coupled,1,0.001,0.8338077664375305,0.8293711791834539,0.8382443536916071,0.6833273023366928,0.6790697825526089,0.6875848221207768,0.5520410686731339,0.5453717843021707,0.558710353044097,0.7301143258810043,0.7261360453022387,0.7340926064597699,0.00018014943270827644,0.00017839291739277845,0.00018190594802377442,3.2583776743422277e-07,3.220184286128649e-07,3.2965710625558064e-07,0.0002475252840667963,0.00024546879252647217,0.00024958177560712043,4
0.001,log_v,full_coupled,1,0.003,0.5656792670488358,0.5593020775064088,0.5720564565912627,0.3549426347017288,0.35070317156657743,0.3591820978368802,0.8246185034513474,0.8202614050590288,0.8289756018436659,0.9348859041929245,0.9332759324498536,0.9364958759359954,0.00018014943270827644,0.00017839291739277845,0.00018190594802377442,6.546109005967082e-07,6.469766958045274e-07,6.62245105388889e-07,0.00019258143220213242,0.0001905331020022141,0.00019462976240205073,4
0.001,log_v,full_coupled,1,0.01,0.23072358965873718,0.22753534736546516,0.2339118319520092,0.12100930139422417,0.12003387605397675,0.12198472673447158,0.9730179756879807,0.9722622207086967,0.9737737306672646,0.9926513433456421,0.9925321390253289,0.9927705476659553,0.00018014943270827644,0.00017839291739277845,0.00018190594802377442,1.8511698840484314e-06,1.8337062628225505e-06,1.8686335052743123e-06,0.00018142524641007185,0.00017966447348985418,0.00018318601933028952,4
0.001,log_v,full_coupled,5,1e-06,,,,,,,,,,,,,0.0011269770620856434,0.0011190833716744567,0.00113487075249683,0.0,0.0,0.0,0.0,0.0,0.0,4
0.001,log_v,full_coupled,5,3e-06,,,,,,,,,,,,,0.0011269770620856434,0.0011190833716744567,0.00113487075249683,0.0,0.0,0.0,0.0,0.0,0.0,4
0.001,log_v,full_coupled,5,1e-05,2.141378402709961,0.35666884305805646,3.9260879623618656,2.5573202073574066,1.2680220559873805,3.846618358727433,0.029933657962828875,0.016757494121277916,0.04310982180437983,0.04185007605701685,0.024914969159726554,0.058785182954307146,0.0011269770620856434,0.0011190833716744567,0.00113487075249683,7.808964974653776e-09,1.9458383956695915e-09,1.367209155363796e-08,0.0005520358608919196,0.0001127791292201099,0.0009912925925637294,4
0.001,log_v,full_coupled,5,3e-05,0.9925349801778793,0.9821566175490847,1.0029133428066739,0.9980705082416534,0.9942771920484007,1.0018638244349063,0.11407664138823748,0.016691479313074617,0.21146180346340032,0.044579713827261,-0.03880981405077688,0.1279692417052989,0.0011269770620856434,0.0011190833716744567,0.00113487075249683,3.0668567418956627e-07,1.9406194970176024e-08,5.939651534089565e-07,8.661803951486945,-7.241050609218481,24.564658512192374,4
0.001,log_v,full_coupled,5,0.0001,0.9999936074018478,0.9999730101892651,1.0000142046144307,0.9999997168779373,0.9999961602170334,1.0000032735388413,0.0016454416618216783,-0.004810219910867074,0.00810110323451043,0.00026872299531532917,-0.0031632615583406802,0.0037007075489713386,0.0011269770620856434,0.0011190833716744567,0.00113487075249683,0.0007899430602265056,-3.720916384635279e-05,0.001617095284299364,2.3103250712156296,-0.9204824275604029,5.541132569991662,4
0.001,log_v,full_coupled,5,0.0003,0.9999982863664627,0.9999930207996961,1.0000035519332293,0.9999916255474091,0.9999743329074998,1.0000089181873184,0.0015616075506841298,-0.00222228334613694,0.0053454984475052,0.003499044309137389,-0.0007935891873360789,0.007791677805610857,0.0011269770620856434,0.0011190833716744567,0.00113487075249683,0.0006539531241287477,-6.383085461538949e-05,0.001371737102872885,0.7622322216629982,-0.36106305379322423,1.8855274971192206,4
0.001,log_v,full_coupled,5,0.001,0.9999856650829315,0.9999602736643467,1.0000110565015163,0.9999341070652008,0.9997917117729307,1.000076502357471,0.004385817461297847,-0.0017837932825124324,0.010555428205108127,0.009787593211513013,-0.001998096281446751,0.021573282704472778,0.0011269770620856434,0.0011190833716744567,0.00113487075249683,0.0006087506644689711,-0.0002086463694019055,0.0014261476983398478,0.19781205989420414,-0.14564705911533765,0.5412711789037459,4
0.001,log_v,full_coupled,5,0.003,0.9999333918094635,0.9997674275883786,1.0000993560305484,0.9998549669981003,0.9996202105449808,1.0000897234512196,0.008910246688174084,-0.005391873305336272,0.02321236668168444,0.014831329928711057,-0.001529521905129845,0.03119218176255196,0.0011269770620856434,0.0011190833716744567,0.00113487075249683,0.0008019646484171972,-0.00023733959761397397,0.0018412688944483683,0.1152007719501853,-0.006793433330013435,0.23719497723038402,4
0.001,log_v,full_coupled,5,0.01,0.9995453655719757,0.9982977334286629,1.0007929977152885,0.9994368851184845,0.9983729177486099,1.0005008524883592,0.022672828985378146,-0.013870875151816127,0.05921653312257242,0.030029078479856253,0.002531754986391105,0.0575264019733214,0.0011269770620856434,0.0011190833716744567,0.00113487075249683,0.0008410619957430754,0.00016292558010211648,0.0015191984113840343,0.04475368047133088,0.018795963499706688,0.07071139744295507,4
0.001,log_v,full_coupled,10,1e-06,,,,,,,,,,,,,0.00205839000409469,0.0020443142996558216,0.0020724657085335585,0.0,0.0,0.0,0.0,0.0,0.0,4
0.001,log_v,full_coupled,10,3e-06,,,,,,,,,,,,,0.00205839000409469,0.0020443142996558216,0.0020724657085335585,0.0,0.0,0.0,0.0,0.0,0.0,4
0.001,log_v,full_coupled,10,1e-05,2.062998801469803,1.4534498022390303,2.6725478007005754,2.6210935711860657,0.8943984541579904,4.347788688214141,0.038315451703965664,0.022416291060047926,0.0542146123478834,0.04513553436845541,0.005464953509872236,0.08480611522703858,0.00205839000409469,0.0020443142996558216,0.0020724657085335585,1.1856474690929986e-08,6.470283041074377e-09,1.7242666340785595e-08,0.002636736579006538,-0.0035918839911251773,0.008865357149138253,4
0.001,log_v,full_coupled,10,3e-05,0.9997939467430115,0.9991379403741302,1.0004499531118927,0.9999999105930328,0.9999995866381068,1.0000002345479588,0.010908117881626822,-0.021997182473098405,0.04381341823635205,0.0009859096171567217,-0.0008556119708326105,0.002827431205146054,0.00205839000409469,0.0020443142996558216,0.0020724657085335585,0.0005708247980180658,-0.0008277166541710095,0.001969366250207141,52.24172270298004,-28.45421103383559,132.93765643979566,4
0.001,log_v,full_coupled,10,0.0001,1.0000000447034836,0.999999834399947,1.0000002550070202,1.0,0.9999996536776167,1.0000003463223834,-0.00044951651943847537,-0.0032305081492240225,0.0023314751103470717,-5.962481372989714e-05,-0.0032198805167708597,0.0031006308893110654,0.00205839000409469,0.0020443142996558216,0.0020724657085335585,0.004926668829284608,0.0020585970440519952,0.0077947406145172215,19.90653157234192,7.658088843146853,32.15497430153698,4
0.001,log_v,full_coupled,10,0.0003,1.0000001937150955,0.9999997331258555,1.0000006543043356,1.000000223517418,0.9999995467472987,1.000000900287537,-0.0015100786258699372,-0.004576697077093015,0.0015565398253531413,-0.0006760487012797967,-0.002900153526823199,0.0015480561242636058,0.00205839000409469,0.0020443142996558216,0.0020724657085335585,0.00481578306062147,0.002793979609210914,0.006837586512032026,8.220091342926025,5.493460305346565,10.946722380505486,4
0.001,log_v,full_coupled,10,0.001,1.0000005513429642,0.9999990115222194,1.0000020911637089,1.0000000447034836,0.9999977719010003,1.000002317505967,-0.0014325728407129645,-0.005232650810696254,0.002367505129270325,0.0002528348413761705,-0.0022548345489116516,0.0027605042316639927,0.00205839000409469,0.0020443142996558216,0.0020724657085335585,0.004864860500674695,0.0033721175806927612,0.006357603420656628,2.276980996131897,1.2365506494948184,3.3174113427689758,4
0.001,log_v,full_coupled,10,0.003,0.9999997019767761,0.9999960188907394,1.000003385062813,0.9999976605176926,0.9999956390879042,0.9999996819474809,0.000353812996763736,-0.0029210232385402705,0.0036286492320677425,0.002232426078990102,0.0011685705007684383,0.0032962816572117653,0.00205839000409469,0.0020443142996558216,0.0020724657085335585,0.005686924792826176,0.0026030384257003597,0.008770811159951993,0.9054853767156601,0.5091908922459047,1.3017798611854154,4
0.001,log_v,full_coupled,10,0.01,0.9999894350767136,0.9999779120158042,1.000000958137623,0.9999576508998871,0.9999242902828912,0.999991011516883,0.0045536289107985795,0.0018536502213505365,0.007253607600246622,0.009160782909020782,0.005171401285589284,0.013150164532452279,0.00205839000409469,0.0020443142996558216,0.0020724657085335585,0.0050490316352806985,0.002795785990065056,0.007302277280496341,0.273688368499279,0.19634661096775935,0.3510301260307987,4
0.001,log_v,full_coupled,20,1e-06,,,,,,,,,,,,,0.0030218817992135882,0.0030044165539059157,0.0030393470445212608,0.0,0.0,0.0,0.0,0.0,0.0,4
0.001,log_v,full_coupled,20,3e-06,,,,,,,,,,,,,0.0030218817992135882,0.0030044165539059157,0.0030393470445212608,0.0,0.0,0.0,0.0,0.0,0.0,4
0.001,log_v,full_coupled,20,1e-05,1.6369717419147491,0.5000371352145383,2.77390634861496,1.8399164378643036,0.2893557988633906,3.3904770768652166,0.027926588343689218,-0.0197184657366909,0.07557164242406933,0.03328532872001233,-0.028907881411757694,0.09547853885178235,0.0030218817992135882,0.0030044165539059157,0.0030393470445212608,1.0125427163387712e-07,-9.283796484479046e-08,2.9534650811254473e-07,4.15552966305404,-9.052162137556932,17.363221463665013,4
0.001,log_v,full_coupled,20,3e-05,1.0000000894069672,0.9999998507207364,1.000000328093198,1.0000000149011612,0.9999998955580458,1.0000001342442766,-0.0019498004403430969,-0.009536388387754838,0.005636787507068644,-0.0023550467885797843,-0.005849817063143642,0.0011397234859840733,0.0030218817992135882,0.0030044165539059157,0.0030393470445212608,0.00900701858336106,0.0003022112691220269,0.017711825897600092,359.5381851196289,-24.01791599102819,743.094286230286,4
0.001,log_v,full_coupled,20,0.0001,0.9999999403953552,0.9999998629553161,1.0000000178353943,0.9999999552965164,0.9999998644900214,1.0000000461030114,0.00037599762436002493,-0.00446229621005638,0.00521429145877643,0.0026337111776228994,-0.006508282999401593,0.011775705354647392,0.0030218817992135882,0.0030044165539059157,0.0030393470445212608,0.029314980376511812,0.012511920402208453,0.04611804035081517,227.13793563842773,121.39550554369656,332.8803657331589,4
0.001,log_v,full_coupled,20,0.0003,1.0000000298023224,0.9999996791776327,1.0000003804270121,0.9999999701976776,0.9999997885846876,1.0000001518106676,0.0005976937827654183,-0.007469978663236775,0.008665366228767611,0.0013353624526644126,-0.0018565981030704308,0.004527323008399256,0.0030218817992135882,0.0030044165539059157,0.0030393470445212608,0.03452156763523817,0.012505104999760677,0.05653803027071566,65.04509544372559,36.634842515062715,93.45534837238846,4
0.001,log_v,full_coupled,20,0.001,1.0,0.9999988103435453,1.0000011896564547,0.9999996721744537,0.9999991441037915,1.0000002002451158,0.0003185851965099573,-0.009095697083800718,0.009732867476820633,0.0013298591584316455,-0.0005559005248895695,0.0032156188417528605,0.0030218817992135882,0.0030044165539059157,0.0030393470445212608,0.02452887874096632,0.019701474583594364,0.029356282898338276,12.783671617507935,8.42366974758256,17.14367348743331,4
0.001,log_v,full_coupled,20,0.003,0.9999995976686478,0.9999977677636364,1.0000014275736593,0.9999993294477463,0.9999973651937092,1.0000012937017833,0.0011502390552777797,-0.004890073879224961,0.0071905519897805205,0.000969580578384921,-0.003746059801242774,0.005685220958012616,0.0030218817992135882,0.0030044165539059157,0.0030393470445212608,0.03227536100894213,0.019068952674895036,0.04548176934298922,6.347633183002472,1.8193401270706717,10.875926238934273,4
0.001,log_v,full_coupled,20,0.01,0.9999989122152328,0.9999899758981106,1.0000078485323551,1.0000007301568985,0.9999882130159721,1.000013247297825,0.001564809528645128,-0.005729855507210549,0.008859474564500805,0.000663311337120831,-0.0047880887773804216,0.006114711451622084,0.0030218817992135882,0.0030044165539059157,0.0030393470445212608,0.026040339842438698,0.02208323170418028,0.029997447980697117,1.332730382680893,1.1080020803238235,1.5574586850379624,4
0.001,log_v,full_coupled,40,1e-06,,,,,,,,,,,,,0.003560525830835104,0.0035361725764739287,0.0035848790851962793,0.0,0.0,0.0,0.0,0.0,0.0,4
0.001,log_v,full_coupled,40,3e-06,,,,,,,,,,,,,0.003560525830835104,0.0035361725764739287,0.0035848790851962793,0.0,0.0,0.0,0.0,0.0,0.0,4
0.001,log_v,full_coupled,40,1e-05,1.6148063838481903,0.4166740235780628,2.812938744118318,1.446894347667694,0.024676829162106673,2.8691118661732817,0.025643928718636744,-0.027531541861151726,0.07881939929842521,0.019143129044095986,-0.038676676655947484,0.07696293474413946,0.003560525830835104,0.0035361725764739287,0.0035848790851962793,0.0009454989505539579,-0.0008282817390378545,0.0027192796401457704,425.51540617024875,-805.4656181430264,1656.496430483524,4
0.001,log_v,full_coupled,40,3e-05,1.0,1.0,1.0,0.9999999552965164,0.9999998644900214,1.0000000461030114,0.0017250210512429476,-0.008191075878008665,0.01164111798049456,0.0002480310504324734,-0.00877233348841398,0.009268395589278926,0.003560525830835104,0.0035361725764739287,0.0035848790851962793,0.11978736333549023,-0.009685050876667628,0.24925977754764808,5771.7900390625,4165.901642906299,7377.678435218701,4
0.001,log_v,full_coupled,40,0.0001,1.0,1.0,1.0,0.9999999850988388,0.9999999376766934,1.0000000325209841,0.0009754622005857527,-0.006954866781568701,0.008905791182740206,0.003972456892370246,-0.01034855849861233,0.018293472283352822,0.003560525830835104,0.0035361725764739287,0.0035848790851962793,0.37799449265003204,0.23897466531349756,0.5170143199865666,1079.3661804199219,207.75289566108916,1950.9794651787547,4
0.001,log_v,full_coupled,40,0.0003,0.9999999552965164,0.9999998644900214,1.0000000461030114,1.0000000298023224,0.9999998481893324,1.0000002114153124,0.0028716849628835917,-0.007857773131229736,0.013601143056996919,-0.0001535889896331355,-0.005696200188977106,0.005389022209710835,0.003560525830835104,0.0035361725764739287,0.0035848790851962793,0.33207445591688156,0.2257103690723167,0.43843854276144645,425.3604049682617,109.25571047410409,741.4650994624194,4
0.001,log_v,full_coupled,40,0.001,1.0,0.9999998658699176,1.0000001341300824,0.9999999850988388,0.9999988046144038,1.000001165583274,0.0005154978716745973,-0.007401276764393047,0.008432272507742242,-0.0008290319237858057,-0.029828868316834182,0.02817080446926257,0.003560525830835104,0.0035361725764739287,0.0035848790851962793,0.3352951928973198,0.3225323132462143,0.3480580725484253,83.97444343566895,71.24323189239408,96.70565497894381,4
0.001,log_v,full_coupled,40,0.003,0.9999999701976776,0.9999996856648053,1.00000025473055,0.9999999403953552,0.9999977364132033,1.0000021443775071,0.0007882150239311159,-0.007522016772775773,0.009098446820638005,0.0008154672977980226,-0.019648844720726893,0.02127977931632294,0.003560525830835104,0.0035361725764739287,0.0035848790851962793,0.3615206927061081,0.28782350092141396,0.43521788449080223,36.593464374542236,13.902540693952922,59.28438805513155,4
0.001,log_v,full_coupled,40,0.01,1.0000001788139343,0.9999987550961373,1.0000016025317313,1.0000018775463104,0.9999957949282368,1.000007960164384,-0.0018761210376396775,-0.01699762047664516,0.013245378401365804,-0.005565374107391108,-0.023923814403146074,0.012793066188363858,0.003560525830835104,0.0035361725764739287,0.0035848790851962793,0.3588292673230171,0.3104210333269628,0.40723750131907144,8.573037981987,5.025658438091401,12.120417525882598,4
0.001,m,full_coupled,1,1e-06,0.0017631790833547711,0.0017480150207163639,0.0017783431459931784,0.0010336134291719645,0.0010248536788586787,0.0010423731794852503,0.9999984502792358,0.9999983728391967,0.999998527719275,0.999999389052391,0.9999992982458961,0.999999479858886,230.74600219726562,229.9013727521913,231.59063164233996,0.00023074658020050265,0.00022990265985818552,0.00023159050054281978,230.74620056152344,229.90222923300342,231.59017189004345,4
0.001,m,full_coupled,1,3e-06,0.0006461755110649392,0.0006407538130369257,0.0006515972090929527,0.0003603491641115397,0.0003568725103814468,0.00036382581784163265,0.9999997615814209,0.9999996067013426,0.9999999164614992,0.999999925494194,0.9999998780720486,0.9999999729163395,230.74600219726562,229.9013727521913,231.59063164233996,0.0006922387256054208,0.0006897069548686581,0.0006947704963421834,230.74631118774414,229.90231723878813,231.59030513670015,4
0.001,m,full_coupled,1,1e-05,0.00020190273062326014,0.00020144867522389447,0.0002023567860226258,0.00011056896073569078,0.00011010075990295863,0.00011103716156842293,0.9999999701976776,0.9999999154393008,1.0000000249560543,1.0000000596046448,0.9999999500878911,1.0000001691213984,230.74600219726562,229.9013727521913,231.59063164233996,0.0023074604105204344,0.002299014166777082,0.0023159066542637868,230.74604034423828,229.9014140720204,231.59066661645616,4
0.001,m,full_coupled,1,3e-05,6.86337225488387e-05,6.822232547120625e-05,6.904511962647116e-05,3.7327642530726735e-05,3.717807977982184e-05,3.7477205281631626e-05,0.9999999850988388,0.9999999376766934,1.0000000325209841,0.9999999850988388,0.9999999376766934,1.0000000325209841,230.74600219726562,229.9013727521913,231.59063164233996,0.006922379718162119,0.006897040565742449,0.00694771887058179,230.74597930908203,229.90133491027174,231.59062370789232,4
0.001,m,full_coupled,1,0.0001,2.0916414996463573e-05,2.0847183056293338e-05,2.0985646936633807e-05,1.1283257208560826e-05,1.1265960719621652e-05,1.13005536975e-05,0.9999999701976776,0.9999998753533869,1.0000000650419685,0.9999999850988388,0.9999999376766934,1.0000000325209841,230.74600219726562,229.9013727521913,231.59063164233996,0.023074599914252758,0.02299013819947189,0.023159061629033625,230.7459945678711,229.90136553308625,231.59062360265594,4
0.001,m,full_coupled,1,0.0003,6.961009717088018e-06,6.909725815936465e-06,7.0122936182395715e-06,3.7671103427783237e-06,3.7416559221385336e-06,3.7925647634181138e-06,0.9999999701976776,0.9999997885846876,1.0000001518106676,1.0000000298023224,0.9999999349580316,1.0000001246466133,230.74600219726562,229.9013727521913,231.59063164233996,0.06922380439937115,0.06897041598851934,0.06947719281022295,230.74600219726562,229.9013727521913,231.59063164233996,4
0.001,m,full_coupled,1,0.001,2.091743454002426e-06,2.0799125524028654e-06,2.1035743556019866e-06,1.1280660032753076e-06,1.1237632354412035e-06,1.1323687711094117e-06,1.0000000447034836,0.9999999024370474,1.0000001869699198,1.0,0.9999998658699176,1.0000001341300824,230.74600219726562,229.9013727521913,231.59063164233996,0.23074601218104362,0.22990140116565505,0.2315906231964322,230.74600982666016,229.9013807918753,231.590638861445,4
0.001,m,full_coupled,1,0.003,7.019737893187994e-07,6.963510536084467e-07,7.075965250291521e-07,3.821554699356966e-07,3.798698426207364e-07,3.844410972506568e-07,1.0,0.9999998658699176,1.0000001341300824,0.9999999850988388,0.9999998428324026,1.000000127365275,230.74600219726562,229.9013727521913,231.59063164233996,0.6922380179166794,0.6897041496231621,0.6947718862101967,230.74600982666016,229.9013807918753,231.590638861445,4
0.001,m,full_coupled,1,0.01,2.245795620581248e-07,2.2351681998419986e-07,2.2564230413204973e-07,1.3757545502812718e-07,1.3684574238544464e-07,1.3830516767080972e-07,1.0000000894069672,0.9999999945626764,1.000000184251258,0.9999999403953552,0.9999998629553161,1.0000000178353943,230.74600219726562,229.9013727521913,231.59063164233996,2.3074598908424377,2.299013476958498,2.3159063047263775,230.74600219726562,229.9013727521913,231.59063164233996,4
0.001,m,full_coupled,5,1e-06,0.8299191892147064,0.7466072759298656,0.9132311024995472,0.5469864904880524,0.430170198156472,0.6638027828196327,0.5526053458452225,0.4386325929533919,0.666578098737053,0.8336316347122192,0.7545627336312378,0.9127005357932007,946.2375793457031,942.8465249739128,949.6286337174935,0.001744079141644761,0.0014238375442872757,0.0020643207390022462,1145.0171203613281,1026.7193836148108,1263.3148571078455,4
0.001,m,full_coupled,5,3e-06,0.5905808806419373,0.24045066519830682,0.9407110960855677,0.4211587682366371,0.15042097894173706,0.6918965575315372,0.7675352394580841,0.47232578478479503,1.0627446941313732,0.8909548223018646,0.7357195467553941,1.0461900978483352,946.2375793457031,942.8465249739128,949.6286337174935,0.0039247864042408764,0.0021281477080830917,0.005721425100398661,1077.0475463867188,861.9756114894882,1292.1194812839494,4
0.001,m,full_coupled,5,1e-05,0.25451082177460194,-0.008858523140494734,0.5178801666896986,0.2728850468993187,0.24759324561690207,0.2981768481817353,0.9550879448652267,0.8634412601388087,1.0467346295916446,0.9619431495666504,0.9548315401167833,0.9690547590165175,946.2375793457031,942.8465249739128,949.6286337174935,0.009952185209840536,0.008957978907019853,0.010946391512661219,985.6792144775391,980.3976215946763,990.9608073604019,4
0.001,m,full_coupled,5,3e-05,0.1271241456270218,0.057852873661171825,0.19639541759287177,0.11008244752883911,0.10581150061132075,0.11435339444635748,0.991157054901123,0.9817398928706824,1.0005742169315637,0.9939201474189758,0.993450556136253,0.9943897387016987,946.2375793457031,942.8465249739128,949.6286337174935,0.02865985920652747,0.02840341548843654,0.028916302924618404,952.6717224121094,949.117735429337,956.2257093948817,4
0.001,m,full_coupled,5,0.0001,0.06227611657232046,0.057047920928111596,0.06750431221652933,0.05886929668486118,0.048001979371253514,0.06973661399846885,0.9980549812316895,0.9977290446808651,0.9983809177825138,0.9982481449842453,0.9976092570705384,0.9988870328979522,946.2375793457031,942.8465249739128,949.6286337174935,0.09482838958501816,0.094462932035131,0.09519384713490532,947.8631286621094,944.3198452468647,951.406412077354,4
0.001,m,full_coupled,5,0.0003,0.03381012473255396,0.028782501995159793,0.03883774746994812,0.029204063583165407,0.027566531587625082,0.030841595578705732,0.9994245916604996,0.9992542263662256,0.9995949569547735,0.999573141336441,0.9995256169642495,0.9996206657086326,946.2375793457031,942.8465249739128,949.6286337174935,0.28397930413484573,0.282861058098127,0.28509755017156446,946.4554748535156,942.9658954278443,949.9450542791869,4
0.001,m,full_coupled,5,0.001,0.023559069726616144,0.018604202266446466,0.028513937186785823,0.018250178080052137,0.01610517943505583,0.020395176725048446,0.9997188895940781,0.9995975949719191,0.999840184216237,0.999832883477211,0.999793794404479,0.999871972549943,946.2375793457031,942.8465249739128,949.6286337174935,0.946181058883667,0.942576076934051,0.949786040833283,946.0611877441406,942.604010928817,949.5183645594642,4
0.001,m,full_coupled,5,0.003,0.03599759843200445,0.0347273486996566,0.0372678481643523,0.025260536465793848,0.02330588441882745,0.027215188512760245,0.999357283115387,0.9993120332763362,0.9994025329544377,0.9996850043535233,0.9996369381393684,0.9997330705676781,946.2375793457031,942.8465249739128,949.6286337174935,2.8310439586639404,2.820887782602935,2.841200134724946,943.6795043945312,940.646504218007,946.7125045710555,4
0.001,m,full_coupled,5,0.01,0.12829326651990414,0.11244920371213904,0.14413732932766923,0.09834280423820019,0.0866078550876436,0.11007775338875678,0.9932824224233627,0.9916553482313367,0.9949094966153887,0.9965264052152634,0.9957461165780989,0.9973066938524279,946.2375793457031,942.8465249739128,949.6286337174935,9.01966142654419,8.932193029349763,9.107129823738616,901.9772033691406,897.0665869216757,906.8878198166055,4
0.001,m,full_coupled,10,1e-06,0.9790571331977844,0.9711580582802304,0.9869562081153385,0.9244586378335953,0.9216423215007816,0.9272749541664089,0.2025788016617298,0.16580486821707605,0.23935273510638358,0.3813168928027153,0.37436971953159576,0.38826406607383485,1492.1021728515625,1485.8895136342135,1498.3148320689115,0.0074677246157079935,0.006242421258879199,0.008693027972536788,3962.9415893554688,3934.9960986331093,3990.887080077828,4
0.001,m,full_coupled,10,3e-06,0.9068349450826645,0.8248133198879918,0.9888565702773372,0.820087656378746,0.7061017757763812,0.9340735369811108,0.4092582240700722,0.24313085740649668,0.5753855907336477,0.5611698925495148,0.3895343636411456,0.732805421457884,1492.1021728515625,1485.8895136342135,1498.3148320689115,0.01140816230326891,0.00726169208191675,0.01555463252462107,2742.9825439453125,1802.0399572958108,3683.925130594814,4
0.001,m,full_coupled,10,1e-05,0.7022936195135117,0.5526752843360697,0.8519119546909536,0.6017966270446777,0.4727759966437024,0.7308172574456531,0.7025147080421448,0.5527614702530915,0.852267945831198,0.7937622368335724,0.6953586973034789,0.8921657763636659,1492.1021728515625,1485.8895136342135,1498.3148320689115,0.021550240460783243,0.016859285588404285,0.0262411953331622,1890.771484375,1671.2458866093355,2110.2970821406643,4
0.001,m,full_coupled,10,3e-05,0.5721128135919571,0.43499740396038583,0.7092282232235283,0.4291312023997307,0.3670975588881363,0.4911648459113251,0.8152726590633392,0.7241068479114374,0.906438470215241,0.9024843871593475,0.8740221227268969,0.9309466515917981,1492.1021728515625,1485.8895136342135,1498.3148320689115,0.055238223634660244,0.04872283225559196,0.06175361501372853,1656.6876220703125,1607.5740974699463,1705.8011466706787,4
0.001,m,full_coupled,10,0.0001,0.3104995861649513,0.271490506617973,0.3495086657119296,0.23717275261878967,0.20698014083799982,0.26736536439957953,0.9503126889467239,0.9373624282561616,0.9632629496372863,0.9713204205036163,0.963652555661466,0.9789882853457667,1492.1021728515625,1485.8895136342135,1498.3148320689115,0.15735098719596863,0.15443124152986476,0.1602707328620725,1537.7665710449219,1522.1477169116213,1553.3854251782225,4
0.001,m,full_coupled,10,0.0003,0.15923405066132545,0.12553759430489925,0.19293050701775166,0.1391132567077875,0.08833879349173135,0.18988771992384368,0.9870656728744507,0.9812635507590528,0.9928677949898486,0.9898829311132431,0.9820515747431267,0.9977142874833596,1492.1021728515625,1485.8895136342135,1498.3148320689115,0.45337948203086853,0.4492749807963072,0.4574839832654299,1507.4740295410156,1496.0149283583385,1518.9331307236928,4
0.001,m,full_coupled,10,0.001,0.12563391588628292,0.08808520250995736,0.1631826292626085,0.0936249140650034,0.07872058548137824,0.10852924264862855,0.9918663501739502,0.9866952617740338,0.9970374385738666,0.9955755323171616,0.9941922464926477,0.9969588181416754,1492.1021728515625,1485.8895136342135,1498.3148320689115,1.5045391619205475,1.4845849829564968,1.5244933408845982,1497.3123779296875,1489.902907639978,1504.721848219397,4
0.001,m,full_coupled,10,0.003,0.13527048379182816,0.10597747868468188,0.16456348889897443,0.09385919757187366,0.08413611045715805,0.10358228468658928,0.9910176396369934,0.9872554608182451,0.9947798184557417,0.995842307806015,0.9950425755027394,0.9966420401092906,1492.1021728515625,1485.8895136342135,1498.3148320689115,4.4077372550964355,4.342258475845581,4.47321603434729,1464.3837890625,1456.088890194309,1472.678687930691,4
0.001,m,full_coupled,10,0.01,0.2792893126606941,0.2577130238213329,0.30086560150005537,0.23098105937242508,0.22260066895355102,0.23936144979129914,0.9742239415645599,0.9725477846012788,0.9759000985278411,0.985858216881752,0.9842941446999147,0.9874222890635893,1492.1021728515625,1485.8895136342135,1498.3148320689115,13.107805252075195,12.77212170288906,13.443488801261331,1303.2991638183594,1294.3146218454888,1312.28370579123,4
0.001,m,full_coupled,20,1e-06,0.9984261840581894,0.9968033787655255,1.0000489893508533,0.9938265830278397,0.9885645959294146,0.9990885701262647,0.05604039691388607,0.028140130781768177,0.08394066304600396,0.10834047757089138,0.05493460303709205,0.1617463521046907,1989.3898010253906,1980.5907261905918,1998.1888758601895,0.039105330128222704,0.020315950678989548,0.05789470957745586,19611.570068359375,12876.679236642834,26346.460900075916,4
0.001,m,full_coupled,20,3e-06,0.9907507002353668,0.9859688650505741,0.9955325354201595,0.9791167229413986,0.9556029194454737,1.0026305264373234,0.13460852019488811,0.09942268673195699,0.16979435365781925,0.19316460378468037,0.07343275068093899,0.3128964568884217,1989.3898010253906,1980.5907261905918,1998.1888758601895,0.04698273912072182,0.030988885969306153,0.06297659227213748,11918.372314453125,4737.574171269348,19099.1704576369,4
0.001,m,full_coupled,20,1e-05,0.9440808445215225,0.8939542002327587,0.9942074888102863,0.9318476617336273,0.8494618633870277,1.014233460080227,0.3201248496770859,0.18342814138221858,0.4568215579719532,0.3451055996119976,0.15505387777986687,0.5351573214441283,1989.3898010253906,1980.5907261905918,1998.1888758601895,0.0665571540594101,0.03888358976135914,0.09423071835746105,6431.498291015625,3124.687162105735,9738.309419925516,4
0.001,m,full_coupled,20,3e-05,0.8914321959018707,0.8048646394307577,0.9779997523729838,0.8066730201244354,0.6562912701902888,0.9570547700585821,0.43608617410063744,0.22402040920901578,0.6481519389922591,0.5726389586925507,0.34787442592749807,0.7974034914576033,1989.3898010253906,1980.5907261905918,1998.1888758601895,0.16096402518451214,0.03424884720268995,0.28767920316633433,3784.0533447265625,1942.69824815055,5625.408441302575,4
0.001,m,full_coupled,20,0.0001,0.707903653383255,0.5069511060700763,0.9088562006964337,0.6838372945785522,0.5133497587121675,0.854324830444937,0.6844392940402031,0.43435191263521505,0.9345266754451911,0.7196176052093506,0.5778992811165562,0.861335929302145,1989.3898010253906,1980.5907261905918,1998.1888758601895,0.31059976667165756,0.15452355683412825,0.4666759765091869,2810.2909545898438,2307.9190840777164,3312.662825101971,4
0.001,m,full_coupled,20,0.0003,0.4845641702413559,0.2546513063817243,0.7144770341009875,0.492976076900959,0.4156711392342952,0.5702810145676228,0.8624109923839569,0.7220558151292291,1.0027661696386847,0.8687725067138672,0.8270251708027216,0.9105198426250127,1989.3898010253906,1980.5907261905918,1998.1888758601895,0.6936629116535187,0.5669567531386649,0.8203690701683725,2270.1574096679688,2152.008219538227,2388.3065997977105,4
0.001,m,full_coupled,20,0.001,0.3609677478671074,0.24477806753484138,0.4771574281993734,0.29640457034111023,0.25296143256733916,0.3398477081148813,0.9302025437355042,0.8892480489157628,0.9711570385552455,0.9548173695802689,0.9412995383458012,0.9683352008147366,1989.3898010253906,1980.5907261905918,1998.1888758601895,2.1249571442604065,2.031495975280351,2.218418313240462,2059.366943359375,2044.1480823328457,2074.5858043859043,4
0.001,m,full_coupled,20,0.003,0.35109376907348633,0.30852216665770416,0.3936653714892685,0.2523917593061924,0.22672674684433902,0.2780567717680458,0.9390553086996078,0.9244458383131989,0.9536647790860168,0.9704490900039673,0.9646355429497561,0.9762626370581785,1989.3898010253906,1980.5907261905918,1998.1888758601895,5.890582323074341,5.770742241892748,6.010422404255934,1902.9425354003906,1883.0208039819433,1922.864266818838,4
0.001,m,full_coupled,20,0.01,0.4383513331413269,0.41655182305154126,0.46015084323111255,0.3720480352640152,0.35734302980156907,0.38675304072646133,0.9393017441034317,0.9349371892954034,0.94366629891146,0.9657166302204132,0.9616224964152362,0.9698107640255902,1989.3898010253906,1980.5907261905918,1998.1888758601895,16.421984672546387,15.935939738428324,16.90802960666445,1614.3326721191406,1603.990657488956,1624.6746867493252,4
0.001,m,full_coupled,40,1e-06,1.000034675002098,0.9999514590452965,1.0001178909588997,0.9999446719884872,0.9997363243393885,1.000153019637586,-0.002542079586419277,-0.01559975454567803,0.010515595372839475,0.012294905493035913,0.0015218848742601827,0.023067926111811642,2240.8621215820312,2229.727282894521,2251.9969602695414,0.36863504350185394,0.3415638270342949,0.395706259969413,119585.54296875,82906.19507336715,156264.89086413285,4
0.001,m,full_coupled,40,3e-06,0.9999081492424011,0.9996894140292006,1.0001268844556017,0.9984379261732101,0.9964269770079184,1.000448875338502,0.014236422255635262,0.002667867573033049,0.025804976938237474,0.053252206183969975,0.014899694096649763,0.09160471827129019,2240.8621215820312,2229.727282894521,2251.9969602695414,0.37411291897296906,0.3259526474245249,0.4222731905214132,48608.29296875,30290.842098772962,66925.74383872704,4
0.001,m,full_coupled,40,1e-05,0.9977675229310989,0.9959048432922855,0.9996302025699124,0.9936320036649704,0.9881572614226005,0.9991067459073403,0.06619686912745237,0.03850120831795725,0.0938925299369475,0.11068499088287354,0.06140568338833899,0.15996429837740808,2240.8621215820312,2229.727282894521,2251.9969602695414,0.36988040804862976,0.3075267650851085,0.432234051012151,23703.97216796875,16399.24616597109,31008.69816996641,4
0.001,m,full_coupled,40,3e-05,0.9896950423717499,0.9834178281083069,0.9959722566351928,0.9676696360111237,0.9478340085567707,0.9875052634654766,0.14099585823714733,0.0929212887020761,0.18907042777221855,0.2481522634625435,0.16447320051346925,0.3318313264116177,2240.8621215820312,2229.727282894521,2251.9969602695414,0.5336079448461533,0.20077524992796447,0.866440639764342,10023.542846679688,4970.25786788344,15076.827825475935,4
0.001,m,full_coupled,40,0.0001,0.9373237043619156,0.8987855948638911,0.9758618138599401,0.9096528738737106,0.866656558444621,0.9526491893028003,0.341978020966053,0.22273095664111536,0.46122508529099066,0.4119209721684456,0.32252047333345685,0.5013214710034343,2240.8621215820312,2229.727282894521,2251.9969602695414,0.6983682364225388,0.3309366134224163,1.0657998594226612,5543.8184814453125,4449.847562696278,6637.789400194347,4
0.001,m,full_coupled,40,0.0003,0.7816169261932373,0.6617836909059155,0.9014501614805591,0.7349128127098083,0.6596468357323464,0.8101787896872703,0.6156516820192337,0.47122403122734946,0.760079332811118,0.6755287349224091,0.5877202066633439,0.7633372631814742,2240.8621215820312,2229.727282894521,2251.9969602695414,1.0770242363214493,0.8276123616382419,1.3264361110046567,3241.542724609375,2810.081275717003,3673.004173501747,4
0.001,m,full_coupled,40,0.001,0.5713616982102394,0.4402514892746664,0.7024719071458124,0.45773492008447647,0.3963755414120532,0.5190942987568997,0.8163182586431503,0.7264748877840838,0.9061616295022169,0.8887435495853424,0.8585327432211833,0.9189543559495015,2240.8621215820312,2229.727282894521,2251.9969602695414,2.6984201073646545,2.395938176683221,3.000902038046088,2447.0684814453125,2383.7158083572044,2510.4211545334206,4
0.001,m,full_coupled,40,0.003,0.5027626752853394,0.4616988377252173,0.5438265128454614,0.3742665871977806,0.3422805993836493,0.4062525750119119,0.8704700320959091,0.8469011569435859,0.8940389072482323,0.9339222460985184,0.9231942107308496,0.9446502814661871,2240.8621215820312,2229.727282894521,2251.9969602695414,6.892318248748779,6.683394904336865,7.101241593160694,2143.0237426757812,2115.267229696562,2170.7802556550005,4
0.001,m,full_coupled,40,0.01,0.5398996472358704,0.508192011898366,0.5716072825733747,0.4645550325512886,0.4402164478485552,0.48889361725402203,0.9060229510068893,0.8926984086401821,0.9193474933735966,0.9451104700565338,0.9363921428452556,0.953828797267812,2240.8621215820312,2229.727282894521,2251.9969602695414,18.060474395751953,17.449746220468914,18.671202571034993,1756.7353515625,1747.8804527102989,1765.5902504147011,4
0.001,m,restricted_no_dv,1,1e-06,0.0017631790833547711,0.0017480150207163639,0.0017783431459931784,0.0010336134291719645,0.0010248536788586787,0.0010423731794852503,0.9999984502792358,0.9999983728391967,0.999998527719275,0.999999389052391,0.9999992982458961,0.999999479858886,230.74600219726562,229.9013727521913,231.59063164233996,0.00023074658020050265,0.00022990265985818552,0.00023159050054281978,230.74620056152344,229.90222923300342,231.59017189004345,4
0.001,m,restricted_no_dv,1,3e-06,0.0006461755110649392,0.0006407538130369257,0.0006515972090929527,0.0003603491641115397,0.0003568725103814468,0.00036382581784163265,0.9999997615814209,0.9999996067013426,0.9999999164614992,0.999999925494194,0.9999998780720486,0.9999999729163395,230.74600219726562,229.9013727521913,231.59063164233996,0.0006922387256054208,0.0006897069548686581,0.0006947704963421834,230.74631118774414,229.90231723878813,231.59030513670015,4
0.001,m,restricted_no_dv,1,1e-05,0.00020190273062326014,0.00020144867522389447,0.0002023567860226258,0.00011056896073569078,0.00011010075990295863,0.00011103716156842293,0.9999999701976776,0.9999999154393008,1.0000000249560543,1.0000000596046448,0.9999999500878911,1.0000001691213984,230.74600219726562,229.9013727521913,231.59063164233996,0.0023074604105204344,0.002299014166777082,0.0023159066542637868,230.74604034423828,229.9014140720204,231.59066661645616,4
0.001,m,restricted_no_dv,1,3e-05,6.86337225488387e-05,6.822232547120625e-05,6.904511962647116e-05,3.7327642530726735e-05,3.717807977982184e-05,3.7477205281631626e-05,0.9999999850988388,0.9999999376766934,1.0000000325209841,0.9999999850988388,0.9999999376766934,1.0000000325209841,230.74600219726562,229.9013727521913,231.59063164233996,0.006922379718162119,0.006897040565742449,0.00694771887058179,230.74597930908203,229.90133491027174,231.59062370789232,4
0.001,m,restricted_no_dv,1,0.0001,2.0916414996463573e-05,2.0847183056293338e-05,2.0985646936633807e-05,1.1283257208560826e-05,1.1265960719621652e-05,1.13005536975e-05,0.9999999701976776,0.9999998753533869,1.0000000650419685,0.9999999850988388,0.9999999376766934,1.0000000325209841,230.74600219726562,229.9013727521913,231.59063164233996,0.023074599914252758,0.02299013819947189,0.023159061629033625,230.7459945678711,229.90136553308625,231.59062360265594,4
0.001,m,restricted_no_dv,1,0.0003,6.961009717088018e-06,6.909725815936465e-06,7.0122936182395715e-06,3.7671103427783237e-06,3.7416559221385336e-06,3.7925647634181138e-06,0.9999999701976776,0.9999997885846876,1.0000001518106676,1.0000000298023224,0.9999999349580316,1.0000001246466133,230.74600219726562,229.9013727521913,231.59063164233996,0.06922380439937115,0.06897041598851934,0.06947719281022295,230.74600219726562,229.9013727521913,231.59063164233996,4
0.001,m,restricted_no_dv,1,0.001,2.091743454002426e-06,2.0799125524028654e-06,2.1035743556019866e-06,1.1280660032753076e-06,1.1237632354412035e-06,1.1323687711094117e-06,1.0000000447034836,0.9999999024370474,1.0000001869699198,1.0,0.9999998658699176,1.0000001341300824,230.74600219726562,229.9013727521913,231.59063164233996,0.23074601218104362,0.22990140116565505,0.2315906231964322,230.74600982666016,229.9013807918753,231.590638861445,4
0.001,m,restricted_no_dv,1,0.003,7.019737893187994e-07,6.963510536084467e-07,7.075965250291521e-07,3.821554699356966e-07,3.798698426207364e-07,3.844410972506568e-07,1.0,0.9999998658699176,1.0000001341300824,0.9999999850988388,0.9999998428324026,1.000000127365275,230.74600219726562,229.9013727521913,231.59063164233996,0.6922380179166794,0.6897041496231621,0.6947718862101967,230.74600982666016,229.9013807918753,231.590638861445,4
0.001,m,restricted_no_dv,1,0.01,2.245795620581248e-07,2.2351681998419986e-07,2.2564230413204973e-07,1.3757545502812718e-07,1.3684574238544464e-07,1.3830516767080972e-07,1.0000000894069672,0.9999999945626764,1.000000184251258,0.9999999403953552,0.9999998629553161,1.0000000178353943,230.74600219726562,229.9013727521913,231.59063164233996,2.3074598908424377,2.299013476958498,2.3159063047263775,230.74600219726562,229.9013727521913,231.59063164233996,4
0.001,m,restricted_no_dv,5,1e-06,0.8298982828855515,0.7466051790416839,0.913191386729419,0.5469841957092285,0.4302155639735516,0.6637528274449055,0.5526397973299026,0.43869825352710934,0.666581341132696,0.8336364179849625,0.7546109915068182,0.9126618444631067,946.2403564453125,942.8471029401226,949.6336099505024,0.001744079141644761,0.0014238375442872757,0.0020643207390022462,1145.0171203613281,1026.7193836148108,1263.3148571078455,4
0.001,m,restricted_no_dv,5,3e-06,0.5905613675713539,0.24040493786535216,0.9407177972773557,0.42114927619695663,0.15037506601638545,0.6919234863775279,0.7675439864397049,0.4723106576750357,1.062777315204374,0.890955924987793,0.7357169170036976,1.0461949329718885,946.2403564453125,942.8471029401226,949.6336099505024,0.0039247864042408764,0.0021281477080830917,0.005721425100398661,1077.0475463867188,861.9756114894882,1292.1194812839494,4
0.001,m,restricted_no_dv,5,1e-05,0.2545006740838289,-0.008869398317639499,0.5178707464852974,0.27287863940000534,0.24756469121094518,0.29819258758906547,0.9550906121730804,0.863443284719783,1.0467379396263778,0.9619447439908981,0.9548261118174666,0.9690633761643297,946.2403564453125,942.8471029401226,949.6336099505024,0.009952185209840536,0.008957978907019853,0.010946391512661219,985.6792144775391,980.3976215946763,990.9608073604019,4
0.001,m,restricted_no_dv,5,3e-05,0.12709604389965534,0.057837598724263806,0.19635448907504688,0.11005200631916523,0.10582387887992736,0.1142801337584031,0.9911608844995499,0.9817447773883129,1.0005769916107867,0.9939235746860504,0.9934587543315783,0.9943883950405226,946.2403564453125,942.8471029401226,949.6336099505024,0.02865985920652747,0.02840341548843654,0.028916302924618404,952.6717224121094,949.117735429337,956.2257093948817,4
0.001,m,restricted_no_dv,5,0.0001,0.062254663556814194,0.05699358691830225,0.06751574019532613,0.058829475194215775,0.04794862413809623,0.06971032625033532,0.9980562329292297,0.9977283970836562,0.9983840687748032,0.998250424861908,0.9976111882124145,0.9988896615114015,946.2403564453125,942.8471029401226,949.6336099505024,0.09482838958501816,0.094462932035131,0.09519384713490532,947.8631286621094,944.3198452468647,951.406412077354,4
0.001,m,restricted_no_dv,5,0.0003,0.033793312497437,0.028832519081729954,0.03875410591314405,0.0291525861248374,0.027543474360344714,0.030761697889330083,0.9994251877069473,0.9992571272031467,0.9995932482107479,0.9995746314525604,0.9995280125168413,0.9996212503882795,946.2403564453125,942.8471029401226,949.6336099505024,0.28397930413484573,0.282861058098127,0.28509755017156446,946.4554748535156,942.9658954278443,949.9450542791869,4
0.001,m,restricted_no_dv,5,0.001,0.02358558215200901,0.01873277883942925,0.02843838546458877,0.018255331553518772,0.016071614658285986,0.020439048448751558,0.9997183978557587,0.9995994306854269,0.9998373650260904,0.9998327642679214,0.9997929957069515,0.9998725328288914,946.2403564453125,942.8471029401226,949.6336099505024,0.946181058883667,0.942576076934051,0.949786040833283,946.0611877441406,942.604010928817,949.5183645594642,4
0.001,m,restricted_no_dv,5,0.003,0.03606210649013519,0.03486727051811851,0.037256942462151874,0.02536035655066371,0.02341672123789153,0.02730399186343589,0.9993549585342407,0.9993125536953239,0.9993973633731575,0.9996824264526367,0.9996344841255832,0.9997303687796902,946.2403564453125,942.8471029401226,949.6336099505024,2.8310439586639404,2.820887782602935,2.841200134724946,943.6795043945312,940.646504218007,946.7125045710555,4
0.001,m,restricted_no_dv,5,0.01,0.1283104605972767,0.1124750487236984,0.14414587247085497,0.09836848452687263,0.08659963908369246,0.11013732997005281,0.9932804554700851,0.9916543493914224,0.9949065615487479,0.9965240806341171,0.9957409711325542,0.99730719013568,946.2403564453125,942.8471029401226,949.6336099505024,9.01966142654419,8.932193029349763,9.107129823738616,901.9772033691406,897.0665869216757,906.8878198166055,4
0.001,m,restricted_no_dv,10,1e-06,0.9790245741605759,0.9714876603794942,0.9865614879416575,0.9245572984218597,0.9220457212566086,0.9270688755871109,0.20280783995985985,0.16753108371687742,0.23808459620284228,0.38106169551610947,0.37489091257513235,0.3872324784570866,1496.87939453125,1489.9277970125595,1503.8309920499405,0.0074677246157079935,0.006242421258879199,0.008693027972536788,3962.9415893554688,3934.9960986331093,3990.887080077828,4
0.001,m,restricted_no_dv,10,3e-06,0.9072166830301285,0.8260317609140222,0.9884016051462348,0.8190138936042786,0.7096229183103053,0.9284048688982518,0.40856628865003586,0.24314919213669275,0.573983385163379,0.5641046017408371,0.40380781735797544,0.7244013861236988,1496.87939453125,1489.9277970125595,1503.8309920499405,0.01140816230326891,0.00726169208191675,0.01555463252462107,2742.9825439453125,1802.0399572958108,3683.925130594814,4
0.001,m,restricted_no_dv,10,1e-05,0.701382115483284,0.5563559251295532,0.8464083058370148,0.5988132059574127,0.4776561711787838,0.7199702407360417,0.7039285600185394,0.5572774825046194,0.8505796375324595,0.7966157495975494,0.7046854900177597,0.8885460091773392,1496.87939453125,1489.9277970125595,1503.8309920499405,0.021550240460783243,0.016859285588404285,0.0262411953331622,1890.771484375,1671.2458866093355,2110.2970821406643,4
0.001,m,restricted_no_dv,10,3e-05,0.5719325393438339,0.4353938186840295,0.7084712600036384,0.4291212260723114,0.3669290596877574,0.4913133924568654,0.8154320418834686,0.7244201150604996,0.9064439687064376,0.9024905115365982,0.873895912260213,0.9310851108129834,1496.87939453125,1489.9277970125595,1503.8309920499405,0.055238223634660244,0.04872283225559196,0.06175361501372853,1656.6876220703125,1607.5740974699463,1705.8011466706787,4
0.001,m,restricted_no_dv,10,0.0001,0.31481198966503143,0.2841090860580606,0.34551489327200224,0.24045531451702118,0.21445994909769342,0.26645067993634897,0.9489960223436356,0.9387602646105232,0.9592317800767479,0.9705549478530884,0.9639440590747668,0.97716583663141,1496.87939453125,1489.9277970125595,1503.8309920499405,0.15735098719596863,0.15443124152986476,0.1602707328620725,1537.7665710449219,1522.1477169116213,1553.3854251782225,4
0.001,m,restricted_no_dv,10,0.0003,0.16896748915314674,0.13011389355851455,0.20782108474777894,0.14141076989471912,0.11305529344349428,0.16976624634594398,0.9854021370410919,0.9784036487375505,0.9924006253446334,0.9898449927568436,0.9859301311612149,0.9937598543524723,1496.87939453125,1489.9277970125595,1503.8309920499405,0.45337948203086853,0.4492749807963072,0.4574839832654299,1507.4740295410156,1496.0149283583385,1518.9331307236928,4
0.001,m,restricted_no_dv,10,0.001,0.13021234050393105,0.10117582943993132,0.15924885156793078,0.09892370365560055,0.08895180217108727,0.10889560514011383,0.9913706928491592,0.9875560249386298,0.9951853607596887,0.9950913190841675,0.9941288593874114,0.9960537787809236,1496.87939453125,1489.9277970125595,1503.8309920499405,1.5045391619205475,1.4845849829564968,1.5244933408845982,1497.3123779296875,1489.902907639978,1504.721848219397,4
0.001,m,restricted_no_dv,10,0.003,0.14570796117186546,0.11359049786756475,0.17782542447616617,0.10884132981300354,0.09297813769403071,0.12470452193197637,0.9896426349878311,0.9852815700077733,0.994003699967889,0.9944154918193817,0.9928543447566822,0.9959766388820812,1496.87939453125,1489.9277970125595,1503.8309920499405,4.4077372550964355,4.342258475845581,4.47321603434729,1464.3837890625,1456.088890194309,1472.678687930691,4
0.001,m,restricted_no_dv,10,0.01,0.29038727283477783,0.2662610200768812,0.3145135255926745,0.24475204199552536,0.23958368007449776,0.24992040391655296,0.9719813466072083,0.9699838929740819,0.9739788002403346,0.9835240095853806,0.982354351362346,0.9846936678084152,1496.87939453125,1489.9277970125595,1503.8309920499405,13.107805252075195,12.77212170288906,13.443488801261331,1303.2991638183594,1294.3146218454888,1312.28370579123,4
0.001,m,restricted_no_dv,20,1e-06,0.9983993470668793,0.997100119173003,0.9996985749607555,0.993636280298233,0.9882610185134645,0.9990115420830016,0.05647580698132515,0.03208783055281799,0.0808637834098323,0.10983619466423988,0.055623050019147816,0.16404933930933197,2034.6535339355469,2007.6863629445725,2061.6207049265213,0.039105330128222704,0.020315950678989548,0.05789470957745586,19611.570068359375,12876.679236642834,26346.460900075916,4
0.001,m,restricted_no_dv,20,3e-06,0.9908302277326584,0.9868063553735187,0.9948541000917981,0.979479655623436,0.957464905420603,1.001494405826269,0.13442828133702278,0.10473560047786903,0.16412096219617653,0.19267083331942558,0.07976843736743558,0.3055732292714156,2034.6535339355469,2007.6863629445725,2061.6207049265213,0.04698273912072182,0.030988885969306153,0.06297659227213748,11918.372314453125,4737.574171269348,19099.1704576369,4
0.001,m,restricted_no_dv,20,1e-05,0.9455816596746445,0.9020532910958836,0.9891100282534053,0.9343999177217484,0.8605206446444879,1.0082791907990087,0.31805888190865517,0.19393325325561608,0.4421845105616943,0.341015562415123,0.16282298913100218,0.5192081356992437,2034.6535339355469,2007.6863629445725,2061.6207049265213,0.0665571540594101,0.03888358976135914,0.09423071835746105,6431.498291015625,3124.687162105735,9738.309419925516,4
0.001,m,restricted_no_dv,20,3e-05,0.895852342247963,0.8119590803764554,0.9797456041194705,0.8174036145210266,0.6811205897718828,0.9536866392701704,0.4278346635401249,0.21998121503336313,0.6356881120468867,0.5598849058151245,0.3477967573115726,0.7719730543186765,2034.6535339355469,2007.6863629445725,2061.6207049265213,0.16096402518451214,0.03424884720268995,0.28767920316633433,3784.0533447265625,1942.69824815055,5625.408441302575,4
0.001,m,restricted_no_dv,20,0.0001,0.7270405739545822,0.5451511813153911,0.9089299665937733,0.701192706823349,0.5451259409136081,0.8572594727330899,0.6678076684474945,0.431414236290228,0.904201100604761,0.7044514566659927,0.5670921821795432,0.8418107311524423,2034.6535339355469,2007.6863629445725,2061.6207049265213,0.31059976667165756,0.15452355683412825,0.4666759765091869,2810.2909545898438,2307.9190840777164,3312.662825101971,4
0.001,m,restricted_no_dv,20,0.0003,0.5158287882804871,0.30518769081898645,0.7264698857419877,0.5183405354619026,0.44272426560747397,0.5939568053163312,0.8464562594890594,0.7042616397599836,0.9886508792181353,0.8549490720033646,0.8110079522858985,0.8988901917208306,2034.6535339355469,2007.6863629445725,2061.6207049265213,0.6936629116535187,0.5669567531386649,0.8203690701683725,2270.1574096679688,2152.008219538227,2388.3065997977105,4
0.001,m,restricted_no_dv,20,0.001,0.39532213658094406,0.30599069517664734,0.4846535779852408,0.3416595980525017,0.30639137076678463,0.3769278253382187,0.9179230034351349,0.8812563457588835,0.9545896611113863,0.9408121109008789,0.9285423287763488,0.953081893025409,2034.6535339355469,2007.6863629445725,2061.6207049265213,2.1249571442604065,2.031495975280351,2.218418313240462,2059.366943359375,2044.1480823328457,2074.5858043859043,4
0.001,m,restricted_no_dv,20,0.003,0.3965548574924469,0.327707876846143,0.4654018381387508,0.3168534189462662,0.26392491354913195,0.3697819243434004,0.9242482632398605,0.8992178253309088,0.9492787011488123,0.9549987018108368,0.9406076340634073,0.9693897695582663,2034.6535339355469,2007.6863629445725,2061.6207049265213,5.890582323074341,5.770742241892748,6.010422404255934,1902.9425354003906,1883.0208039819433,1922.864266818838,4
0.001,m,restricted_no_dv,20,0.01,0.49911750853061676,0.45875991042454917,0.5394751066366844,0.44470153003931046,0.4106106310114574,0.4787924290671635,0.9226321280002594,0.9130367882063533,0.9322274677941655,0.9483518004417419,0.9394869591705496,0.9572166417129343,2034.6535339355469,2007.6863629445725,2061.6207049265213,16.421984672546387,15.935939738428324,16.90802960666445,1614.3326721191406,1603.990657488956,1624.6746867493252,4
0.001,m,restricted_no_dv,40,1e-06,1.0002720952033997,0.9986269068089726,1.0019172835978267,0.9988223314285278,0.9968494900098027,1.0007951728472528,-0.03870869427919388,-0.29136874440748506,0.2139513558490973,0.07379229855723679,-0.04189323878162121,0.1894778358960948,2421.490966796875,2327.5166160087115,2515.4653175850385,0.36863504350185394,0.3415638270342949,0.395706259969413,119585.54296875,82906.19507336715,156264.89086413285,4
0.001,m,restricted_no_dv,40,3e-06,1.0007649809122086,0.9954494220270401,1.0060805397973769,0.9966777116060257,0.9907211676150586,1.002634255596993,-0.03648157906718552,-0.3072978337237061,0.23433467558933507,0.0881773279979825,-0.04589012518991911,0.22224478118588412,2421.490966796875,2327.5166160087115,2515.4653175850385,0.37411291897296906,0.3259526474245249,0.4222731905214132,48608.29296875,30290.842098772962,66925.74383872704,4
0.001,m,restricted_no_dv,40,1e-05,1.0010025203227997,0.9860871631601072,1.015917877485492,0.9981822371482849,0.9849376108944807,1.011426863402089,0.0066254641860723495,-0.21817410799013254,0.23142503636227724,0.06941207638010383,-0.05732071094019106,0.19614486370039871,2421.490966796875,2327.5166160087115,2515.4653175850385,0.36988040804862976,0.3075267650851085,0.432234051012151,23703.97216796875,16399.24616597109,31008.69816996641,4
0.001,m,restricted_no_dv,40,3e-05,1.0006115287542343,0.9788286662081886,1.02239439130028,0.9804208874702454,0.9559464667495317,1.004895308190959,0.06737283151596785,-0.07023030135720892,0.20497596438914462,0.20549633726477623,0.11919795224940234,0.29179472228015013,2421.490966796875,2327.5166160087115,2515.4653175850385,0.5336079448461533,0.20077524992796447,0.866440639764342,10023.542846679688,4970.25786788344,15076.827825475935,4
0.001,m,restricted_no_dv,40,0.0001,0.9590439051389694,0.9117566728342228,1.006331137443716,0.9257280230522156,0.8868385836233275,0.9646174624811037,0.2885299101471901,0.15112085495703495,0.4259389653373452,0.38098128885030746,0.29162692226819864,0.4703356554324163,2421.490966796875,2327.5166160087115,2515.4653175850385,0.6983682364225388,0.3309366134224163,1.0657998594226612,5543.8184814453125,4449.847562696278,6637.789400194347,4
0.001,m,restricted_no_dv,40,0.0003,0.829040989279747,0.6814598724835305,0.9766221060759636,0.7812219709157944,0.7187770190910153,0.8436669227405734,0.5583463087677956,0.3604727148988806,0.7562199026367105,0.6330301761627197,0.5502230477882295,0.71583730453721,2421.490966796875,2327.5166160087115,2515.4653175850385,1.0770242363214493,0.8276123616382419,1.3264361110046567,3241.542724609375,2810.081275717003,3673.004173501747,4
0.001,m,restricted_no_dv,40,0.001,0.6615056544542313,0.5257482858115727,0.7972630230968898,0.578887015581131,0.5119758642630692,0.6457981668991928,0.7579335570335388,0.6446378590602073,0.8712292550068703,0.8304122686386108,0.7920500542364576,0.8687744830407641,2421.490966796875,2327.5166160087115,2515.4653175850385,2.6984201073646545,2.395938176683221,3.000902038046088,2447.0684814453125,2383.7158083572044,2510.4211545334206,4
0.001,m,restricted_no_dv,40,0.003,0.6321067214012146,0.5167516371945728,0.7474618056078564,0.5497997924685478,0.45057190907324823,0.6490276758638474,0.8107907176017761,0.7478017816606211,0.8737796535429312,0.8729798793792725,0.8323879454598664,0.9135718132986785,2421.490966796875,2327.5166160087115,2515.4653175850385,6.892318248748779,6.683394904336865,7.101241593160694,2143.0237426757812,2115.267229696562,2170.7802556550005,4
0.001,m,restricted_no_dv,40,0.01,0.7339706420898438,0.6212218442918669,0.8467194398878206,0.6877060085535049,0.5916063097049468,0.7838057074020631,0.8425727188587189,0.8090092072797335,0.8761362304377043,0.880031406879425,0.8513919513376031,0.908670862421247,2421.490966796875,2327.5166160087115,2515.4653175850385,18.060474395751953,17.449746220468914,18.671202571034993,1756.7353515625,1747.8804527102989,1765.5902504147011,4
